106 2502 894 973 1285 6 2348 1632 1659 1603 2554 2153 84 2751 2152 690 1171 1602 2222 1661 1380 1221 1371 1280 2572 298 285 117 1525 1015 1738 1083 1570 1537 1515 941 1488 2303 844 2162 1927 244 40 2494 1113 327 2179 851 1687 759 2567 2725 2109 1198 96 2448 1702 582 586 420 22 2623 650 1352 366 2043 1090 2386 2726 2060 189 466 1616 1214 1423 2014 2768 1726 1364 744 546 1205 493 2464 2124 938 214 1199 922 1326 1763 2678 1400 1322 2203 2677 1541 2760 2000 1032
2044 2501 85 1934 312 2411 2528 1405 635 1656 987 188 943 556 2832 1644 1484 995 1319 611 1102 1203 547 221 854 1322 2270 413 2790 1700 1835 128 1222 1820 2397 2817 2574 624 2400 2325 1386 1666 2840 518 2378 1162 2214 1881 2107 2011 1206 224 1342 2599 1624 831 1173 463 1582 479 1674 1150 2589 1501 1352 2222 2082 2003 2631 2463 2762 1993 738 817 1074 111 1407 2538 735 2050 1617 703 1092 944 15 1926 1983 769 1782 110 1422 2800 272 1066 2646 409 496 2475 2001 1284
1516 1424 937 1138 1707 610 1731 1204 410 257 605 1783 248 253 2341 1079 811 1871 2843 1747 1133 2582 336 2686 434 2151 2775 749 1498 2377 1800 1634 2219 709 1455 515 648 1645 2609 607 1466 339 535 2838 673 186 568 2788 94 1243 338 1219 1040 742 918 889 1393 365 2763 150 1527 956 404 863 1794 2746 1415 1724 174 725 2741 2319 112 1287 2275 1732 1454 853 385 1575 843 1375 1131 2603 785 2262 2186 1379 406 717 157 1169 1418 1546 1385 830 2719 2102 1772 288
1452 140 627 2583 2286 1185 1777 2315 67 1165 1944 686 1076 1868 1125 1001 1980 657 1721 2302 2772 2393 359 494 1937 2702 1466 1904 1639 2329 2507 948 103 2350 86 2121 1323 1055 1753 2294 2777 1968 2730 876 1243 2290 2248 2382 899 2813 146 1464 2068 1959 1244 993 137 1810 102 435 191 678 1511 1581 1899 1573 2746 1809 2560 1020 2251 1421 12 2563 997 2041 2719 2015 767 79 2435 2598 1463 2657 2830 2509 1557 2151 297 988 2741 83 2580 2478 2161 2385 1401 827 193 414
1801 1631 34 2422 2180 499 2233 2277 2254 2523 457 1091 341 2699 777 1538 1999 1996 1714 757 407 1103 88 47 1169 465 617 210 529 949 2621 2317 1334 683 2202 1178 1914 1224 1734 1626 596 1856 1785 1507 2242 737 1713 55 761 1476 2759 2159 2192 1561 558 2547 2641 1230 1116 926 2745 2737 603 2234 2550 2360 2785 95 1137 576 960 107 395 2247 1898 1732 2368 2604 1450 2542 1805 1087 1028 2838 1838 135 2020 940 545 57 1533 230 1392 2275 2323 520 1683 1620 2114 1945
2817 1644 221 2300 1926 1328 1407 2528 1411 943 2545 1796 1444 562 2707 2309 1658 2411 305 947 1782 1663 987 1381 1624 64 48 817 2439 2836 2584 2790 2034 1405 1544 201 1656 1054 2721 626 2241 1102 1051 2713 2837 1584 1752 1993 547 2826 635 2616 155 1694 100 439 1679 2185 1870 1316 1901 1623 2767 1649 1617 1636 1860 712 1965 1569 169 1948 2832 1045 1934 1218 1545 2352 1386 1148 2189 1737 1840 1360 715 194 348 2433 440 2714 51 188 1096 1261 2538 2063 563 735 85 2023
431 2510 1938 70 767 1443 2 1753 2777 1833 1125 1834 1842 889 2686 2478 2077 18 277 1747 1035 951 2772 1759 2663 1839 601 2818 211 2496 1252 1980 2644 1394 395 2015 1557 2741 2561 2757 2315 315 1593 2532 2624 75 848 1908 1801 1004 1845 1390 529 2700 2577 931 1418 126 2457 2302 1830 1114 1091 2277 1230 2622 522 2242 1847 956 596 1257 39 1224 270 2702 1795 702 571 997 1137 374 2388 291 725 60 2547 369 1231 1463 903 95 2135 2737 1683 1447 2579 1989 284 578
103 1323 688 126 2624 297 1235 1845 990 2601 1391 578 502 1608 1186 2314 768 1908 2276 2471 848 1413 65 1340 903 250 1830 2388 931 1720 284 1512 1821 702 684 1114 767 835 522 277 2478 1310 1107 1975 1165 1767 2329 2772 10 2302 1905 1753 2368 2805 627 1809 2777 1810 1254 993 954 1125 2563 379 1252 693 1959 86 2299 1451 2583 494 1410 2383 1120 1259 2290 2297 800 102 359 529 2695 2161 881 2136 2240 191 1626 2 707 2605 67 149 2730 2113 1257 1372 2637 1944
327 1371 844 1687 2572 1488 1515 1659 40 2494 117 466 1080 1616 244 1738 1641 796 1397 275 1198 98 2457 1400 2768 474 2263 1591 1482 907 2303 1696 2124 20 498 1380 1423 582 1979 167 205 265 1922 1326 2623 851 2573 1426 2751 2620 2014 956 2080 375 1425 196 1765 1077 2086 1747 23 1960 2162 909 420 1083 2351 2132 1263 1066 1049 969 473 732 1502 1184 1205 2222 5 104 2567 2203 22 2114 15 2386 1170 2242 896 2374 2521 2502 479 1144 2363 2503 1973 2453 163 2726
2380 569 2117 536 1431 802 1430 2267 142 743 2778 1233 1553 868 555 427 554 2090 417 1132 292 1888 1793 500 1599 2423 121 1236 1699 1588 437 429 2217 1890 62 1492 886 36 2668 901 1562 733 2078 193 2108 2415 199 1470 878 399 258 975 681 2568 118 887 1209 2658 919 1872 930 73 1851 380 988 302 2730 2163 928 1038 176 2029 819 579 2488 597 2451 828 567 2320 1686 945 568 2304 377 1418 2469 866 2647 1886 361 952 1354 2459 2065 453 967 1065 875 1754
1503 1475 452 2531 2693 653 2059 1024 464 1706 758 1655 2236 726 1062 1274 2765 1127 806 131 2142 1831 495 2232 799 2794 1789 1875 268 2285 1378 1039 484 999 129 295 290 389 2244 501 1262 927 1730 467 52 1275 1813 1568 840 207 89 356 1022 455 1787 241 1303 2565 1465 1481 1932 1967 418 2470 1746 1741 53 2396 1376 1282 602 2091 296 1124 1780 1929 31 363 705 239 61 1843 2193 1827 2173 655 822 1974 1923 2806 1050 1008 1011 125 838 390 225 2137 534 408
897 1044 2823 2555 2125 104 1621 834 1859 474 1321 1170 1093 1098 1879 2749 1727 918 676 2156 856 2263 422 2019 700 2729 2775 1657 1415 127 2086 1906 2374 1277 154 294 1709 2392 183 174 1758 1144 1510 2623 570 2339 2357 333 2310 2660 1765 2838 2750 516 1059 1566 1762 276 785 309 1546 1633 2246 2351 1217 394 1960 2058 30 928 1514 630 2645 548 1665 156 595 2791 1516 1947 1183 1088 666 1200 2734 1367 907 905 2249 955 164 761 2432 957 1676 1996 2572 205 2587 460
1103 291 954 1004 182 1257 1760 1798 1334 2116 1434 1712 1722 2000 2737 424 1394 707 1137 149 1535 395 1867 2700 2677 1836 1447 2016 1529 940 2277 2323 962 1839 832 2656 1795 374 1971 376 898 2497 2777 215 1557 951 2048 1558 2149 364 251 1849 119 2112 737 1298 2324 44 2478 658 1427 1753 2381 39 75 2540 1786 1693 803 1469 2077 1343 19 614 2542 1231 1166 1230 2772 1265 1224 576 1801 270 2546 2566 1847 767 1685 1116 646 101 1125 1161 1590 1999 529 2329 1448 757
2070 655 1506 643 782 1598 1141 216 1692 1018 200 1118 1822 1143 679 1140 1048 329 625 618 654 1248 1356 1780 2611 1262 1648 1223 2669 2690 1187 344 2632 1612 192 2316 1297 471 1008 1730 974 1955 1746 356 1438 858 1972 2061 1781 1647 877 804 1439 2406 2255 430 2105 449 1472 1168 296 27 455 113 1299 209 326 1961 2291 31 574 1216 346 1874 753 504 525 2467 245 721 225 936 805 1127 2183 2248 1500 2025 1293 2301 138 1929 383 2435 418 1037 628 1097 661 2424
1310 1107 1254 284 702 830 1908 903 1450 2080 1104 2605 1669 2754 2254 1523 2733 1482 575 2275 1517 1620 835 1907 1507 95 2630 861 761 603 2523 1732 34 441 1841 65 333 2388 2641 1512 502 1169 768 357 2601 1458 339 1720 931 777 1626 462 2471 1277 55 1372 1340 2780 1845 1830 856 47 1178 309 2239 2550 2058 1805 2317 2422 1224 2383 684 1734 250 848 1821 728 2192 1727 2347 1678 457 969 2695 1476 1999 644 1608 2297 1217 1792 1996 990 736 2211 398 1318 1347 107
1665 210 2125 1792 1859 1861 756 2004 1234 1930 1758 57 570 133 1724 1580 793 2174 2229 548 1392 2461 2749 1947 2374 2418 294 280 422 1358 1365 689 2422 1575 1276 2330 154 1716 2180 1765 34 2838 407 1576 1960 551 2456 603 2141 1838 1375 1034 1894 884 2327 861 1653 1664 462 2523 576 683 82 746 465 1197 2002 1169 2019 783 1633 704 1036 1538 1620 918 2623 1880 490 1057 127 1093 830 43 1714 1116 1059 2662 1348 2468 516 1631 2740 1996 493 275 969 2339 366 1349
2348 2464 744 971 2498 609 1596 2404 2425 2725 270 214 2448 1766 2168 2751 1858 43 1227 2230 2197 1015 1761 2162 2313 785 1199 1251 1610 1364 387 468 2188 2048 644 366 1661 1171 1605 171 476 2476 661 2083 2760 244 829 1602 1556 2591 2841 1283 22 1575 2141 1927 2167 909 1953 565 1960 1139 229 1365 2688 2705 568 2442 2820 1910 45 621 42 1949 1904 1757 669 448 755 1697 1629 1866 759 490 2182 1515 2278 1108 1570 980 1352 2175 882 551 851 2216 1214 2463 106 2507
28 503 2052 152 1680 711 331 2681 1563 633 655 1708 238 2698 1746 159 1780 1335 2764 1532 2250 2592 2500 1955 1715 1852 1827 1647 2193 618 162 671 1117 721 1008 2144 726 968 532 1143 2283 2552 1465 1741 1755 326 2557 2236 390 580 772 587 999 1972 1789 2017 2479 1635 2228 1376 1003 1822 2674 484 1037 1118 696 1706 1885 313 1314 2402 1293 1967 1730 2119 1281 1164 458 1127 2059 1555 92 602 464 467 1655 1111 1506 2819 1274 2610 2061 1097 972 261 1135 2715 2365 1182
1752 1545 1146 4 1316 1926 611 1319 221 547 2389 2790 1656 1386 1636 817 1934 2069 2300 626 1617 1624 2840 2241 1407 312 562 2832 943 1102 2817 1496 433 826 735 59 1202 2367 1437 978 64 2411 188 987 1840 2375 2528 440 1701 439 613 518 1658 1644 1405 2836 305 1422 2439 1029 1054 556 2652 1649 2397 2289 1328 2753 2826 266 2501 1862 1796 563 1993 2050 712 950 2837 1663 1901 155 2724 663 2270 1860 2309 1782 2650 1045 635 675 2538 2725 900 197 1569 1965 1895 2721
2131 352 147 2194 1514 2246 1242 124 1283 1539 1059 1227 958 616 551 2468 2691 476 2004 661 557 2460 1907 969 1286 1837 1520 1181 273 2339 154 1556 2444 2141 2517 1349 591 2268 1330 236 143 1619 2249 1939 385 2167 1546 2725 83 957 1844 2619 1069 1 2013 2791 2442 2529 809 1324 521 255 879 2761 650 1792 1884 1618 787 342 1042 1861 234 372 2710 244 285 398 2842 2623 2313 270 585 685 2094 1217 1098 2048 2473 2749 1360 2067 1696 2425 1812 1580 1925 280 1234 71
341 777 1914 949 2785 230 1093 2202 1856 558 1996 2422 1091 1999 2242 2441 1898 407 2827 926 1631 2111 310 1846 1103 34 1683 2180 2317 2745 1561 2247 1224 617 783 695 1230 2112 564 737 1945 328 2737 2224 88 1269 2489 1818 184 1476 1801 1434 2523 1693 596 2278 683 2080 2114 462 2020 940 766 2718 133 2615 1689 2733 832 1535 1482 520 761 905 2699 2277 2413 55 983 1296 1312 775 853 2281 2472 1448 1714 119 2756 135 1116 198 954 647 960 80 2040 2780 2190 2506
2281 777 1538 230 926 1996 1714 2699 940 1304 1818 683 2495 751 736 2288 2239 1014 1116 1180 1204 830 1467 206 2202 1091 39 1169 1482 2621 2603 2745 603 1748 60 2080 617 949 2275 2114 1713 107 2159 2180 2605 187 469 652 55 1450 2426 1528 861 407 1197 34 2422 1751 88 1745 1601 2641 1985 1459 2752 1914 818 1476 1960 2630 379 2582 960 564 1765 47 198 1028 343 1633 2733 2247 917 333 2020 462 737 1523 1517 1856 2785 2326 2804 499 1177 739 2176 133 2791 2737
1504 2829 850 1023 1903 2122 222 177 2355 1163 2055 1933 612 1628 2074 2679 2342 401 2362 141 1047 1436 2163 981 2201 2722 2750 2098 1155 1872 935 2512 73 437 595 2775 816 2009 1305 1784 453 1599 2218 2587 208 1510 2096 399 174 1688 1790 156 1233 760 2645 1089 172 2577 72 755 629 1038 2642 164 1404 380 2747 1085 1415 460 1717 2469 1160 461 1041 477 1241 2452 2446 1145 2450 1976 2421 731 1736 2691 450 2274 2537 2677 836 1272 2126 1394 889 863 13 303 1575 2686
1752 221 2832 312 943 1146 1102 2790 1405 4 2817 1656 547 556 1545 1319 987 1386 635 2501 1934 2300 611 1926 2044 2069 85 188 626 2411 817 826 1316 1644 1407 2270 283 266 2082 2528 2389 1636 613 518 735 1624 1737 2367 663 2538 1617 2241 2840 155 59 978 950 433 2375 1045 2707 2477 2397 2652 2289 1202 941 2574 440 197 1901 1328 1983 1840 1895 1552 1276 2050 2011 2337 1437 1799 168 2352 1965 1190 1411 977 2544 480 43 2732 1701 2836 2130 947 795 759 1658 2714
754 135 757 545 1448 558 1804 2413 1631 2472 1265 2756 1945 232 1597 1728 2277 634 520 1689 1533 426 1231 2295 2566 596 2615 1312 2785 376 213 1478 2759 1483 2579 1228 967 2430 1469 24 1749 2638 328 499 1383 789 2547 1394 1990 16 1269 119 1984 1087 695 1719 19 1785 2024 2408 2422 1801 576 2354 1296 1137 1178 2238 1898 983 91 2700 44 1334 1535 2523 898 1230 1091 63 34 101 2381 2504 1333 2320 766 1593 2784 1996 714 2143 2317 2111 1928 1849 540 2827 368 572
2669 753 108 346 2690 2398 363 2467 2407 125 2301 52 295 936 1787 654 2806 1275 61 1022 192 1662 1281 2025 2465 2505 1506 2821 49 225 525 1912 758 1481 478 786 1923 455 504 1781 207 2244 2061 1378 456 1262 2070 501 1929 2794 2687 788 129 402 1438 2765 464 1831 1008 1465 927 1730 1220 2396 2634 2137 1706 326 430 418 1048 840 1822 628 1780 2236 782 2429 1097 1395 655 113 245 1124 1293 2059 580 467 31 89 1813 471 806 1692 1018 331 1143 2632 1475 2311
1055 2294 2728 725 2319 2766 686 137 1212 67 1944 2583 494 2719 2286 2558 899 2135 1452 1606 2813 2741 2305 79 1937 146 1463 1777 1899 1076 2068 140 116 2509 948 1810 1120 1001 246 2393 2041 2435 2248 1012 2382 2350 2825 249 876 447 2057 1185 1067 2842 722 2329 97 1959 165 1639 2815 86 2207 2580 804 2708 692 1809 202 647 1825 581 1075 319 2665 2240 2000 1868 1935 204 1134 1905 627 1547 1406 2511 1464 2291 2121 657 2292 693 2436 2704 2598 531 1874 1243 10 2506
2363 2460 2691 557 353 2474 2582 98 551 1819 2264 1204 1077 1864 385 244 1643 879 776 196 147 1724 809 1880 820 910 2468 342 143 1619 701 2494 2524 814 206 2186 2256 1802 1575 2541 2431 2348 233 1180 270 150 1402 859 2048 795 1751 2517 1696 2132 154 651 592 956 1861 909 669 2761 1596 2838 1042 40 2103 2456 2353 133 1792 366 1911 210 796 1170 2619 1580 527 585 937 2271 448 1477 1279 285 934 2536 2710 2030 1837 1541 1025 1080 1539 862 1031 641 2157 1515
464 2715 1706 192 1024 2244 131 2236 1787 1503 2059 31 455 2025 1875 495 452 1475 363 2765 1831 1929 806 2465 2505 1465 1813 927 1843 2669 295 52 418 1822 1062 2285 1378 2531 225 1789 268 1011 241 1655 1974 207 1481 2396 2232 1039 346 61 799 780 2794 2142 129 653 2690 1262 1780 726 290 2301 999 1008 1275 534 1923 1755 296 28 1438 1730 1274 2770 1022 1282 1568 467 2806 1281 2693 484 1932 1127 408 1662 245 2812 2687 501 389 2819 458 2565 53 1647 326 1124
2414 1177 107 2641 2326 2176 187 2604 32 736 397 2159 55 462 2360 333 2550 728 1507 761 861 1669 2733 1104 1028 205 834 2234 465 2180 469 1467 1459 1277 2111 1727 1517 407 1907 1748 2684 2603 2058 1471 575 1014 34 2630 1970 2073 2239 1996 2019 818 1906 2317 2745 183 902 2310 2838 596 457 499 2233 2555 1633 1999 2508 2422 1960 2263 1036 1665 230 2254 2125 47 104 2426 2056 2080 2169 210 2547 777 379 1254 824 1596 2495 683 1720 2605 1224 2036 88 2281 1898 1523
1721 2220 1592 2526 2809 994 1473 2569 368 1056 1876 677 1931 2708 2291 2435 494 274 269 316 2089 2683 1598 1692 608 2161 1725 864 1899 963 246 2813 2825 2766 688 447 682 2552 412 858 722 444 2438 1937 1185 297 1463 216 1299 1972 1441 1980 2051 2315 768 204 1771 1961 2509 2728 1746 1168 2144 2639 1892 625 1942 1810 12 2507 1606 1408 686 2719 249 2665 1410 1555 146 137 1134 1060 1943 561 2296 1330 2802 1172 1677 491 1438 1620 1678 200 2511 637 990 2329 1998 936
2484 1814 661 476 2063 2371 1776 2194 1350 1698 2731 2269 2127 2672 2486 1129 1684 1283 2844 1366 837 267 1622 2223 1122 2092 1887 1221 2797 2158 1238 600 1227 264 262 642 1291 170 1522 2139 1009 2206 428 2412 667 1589 2261 1043 2833 82 2298 669 1421 1494 2385 2215 1826 1571 1 1338 2727 299 352 846 263 829 2100 1549 1520 551 1457 1196 2635 195 720 1615 2338 203 1982 130 2455 557 1286 307 514 1994 6 2529 1432 880 687 801 2473 2403 1345 888 1360 1877 2123 438
1018 525 200 625 782 2061 1598 1048 655 1435 1917 245 326 1248 1612 139 654 679 1692 628 721 2632 2406 1780 1143 402 1647 1187 1921 643 2301 49 580 449 1972 27 138 1781 1822 2311 209 471 1438 1500 1961 2164 2687 113 1008 108 2611 430 2429 2070 478 1141 1037 1918 356 858 31 1050 1555 1439 2137 936 1662 1967 753 331 2316 363 1648 1395 1505 501 2402 296 1282 1262 1220 2407 999 2091 1293 1026 2280 444 1941 2398 390 699 618 2465 2505 2017 1127 533 1680 1465
2572 844 1113 956 22 84 509 1616 2056 2203 1221 2678 2760 546 2751 1866 1525 1371 582 2348 2152 1380 1726 2608 1949 1171 1744 1458 941 2464 1697 2457 244 2494 2448 909 1139 1205 1280 466 1083 1198 398 2386 183 2502 2182 285 181 45 2503 1214 236 1702 1659 40 23 1515 2278 1541 196 270 2115 1364 2048 2522 1570 98 20 1602 2567 1326 2162 353 629 2230 1365 1596 2761 1768 1426 1696 785 2112 1318 2554 1184 1603 2725 1819 1757 2838 2807 851 214 2498 5 298 1283 820
2241 947 2130 1993 1054 712 2050 1045 1444 1544 2439 1649 1623 1381 1679 735 1328 169 2837 2769 1617 1782 2454 1663 2826 51 440 1422 2649 562 155 2840 2011 201 2628 2707 2836 1658 348 663 1860 2538 1796 179 1417 1369 305 645 925 2650 1840 2713 1870 480 1437 900 563 1901 1710 433 2289 2714 2767 1552 161 1788 445 1029 197 2545 2375 2631 835 1123 64 1261 1218 2544 1636 26 2817 439 1752 769 518 4 674 547 550 860 2088 1051 1926 221 1640 1489 168 48 90 1319
84 941 1541 285 1113 2761 986 1603 1949 568 244 1616 1477 2362 950 2302 2355 40 1221 2148 2359 2324 270 1757 2725 2000 598 594 366 581 1602 629 1515 2644 1819 490 2691 2001 1965 2494 2386 1696 1199 940 1738 2391 1320 2719 339 1004 750 910 319 844 2112 2114 820 2593 529 43 2348 1605 2746 755 1380 466 1526 498 1864 2152 2655 956 1451 1208 2134 327 123 2582 1575 1038 150 1537 1423 2541 2051 1462 613 482 2329 863 949 1687 725 909 2726 2421 6 2278 2502 98
574 2291 494 2057 2639 1899 782 1018 647 1874 2683 2435 1223 1439 2424 204 146 1780 1937 1692 430 721 2838 1972 1555 2220 1477 1598 2813 2499 2402 657 1902 1592 1725 531 2719 2278 1612 679 368 655 2183 274 1173 948 2704 677 2051 2526 864 1639 2248 598 643 2319 1677 271 509 2440 1048 2037 1648 682 444 994 853 974 2393 1606 2632 968 1940 383 625 1197 329 1647 608 2311 482 1168 2569 2048 471 804 1438 404 249 1472 1336 1299 306 1127 1771 1208 844 1777 1212 1931
2769 1701 348 1710 2454 860 1417 817 2817 26 433 712 1656 1489 611 2241 626 1319 2375 1045 1782 635 1172 2130 1658 221 1617 2439 1407 925 305 2538 1381 1644 1934 943 900 1405 1624 562 547 1895 1870 1369 2837 2300 2836 2826 1544 2084 1926 1545 735 524 2652 4 2411 179 1386 168 1146 2790 2528 188 1444 2034 2200 1796 1993 197 2840 2650 2397 1437 987 1328 2069 1752 445 2289 169 2574 2052 1202 51 556 440 2050 161 2270 2011 2649 826 977 2714 559 1584 1552 970 947
2171 285 2043 1221 582 2810 1541 1260 807 650 2348 976 344 820 214 1702 2521 2457 1858 2760 334 2216 732 759 1866 1953 922 510 5 2666 1061 1365 2425 2351 687 1319 1738 203 1364 1283 1949 1603 1108 1083 844 2182 956 1502 1629 1397 1477 270 388 1697 2608 2643 1524 2167 2841 1139 546 493 796 611 244 2612 2648 2179 40 2162 2101 1113 396 1618 1575 490 2591 750 1570 2675 1199 708 1227 2726 2440 420 2662 1153 851 785 122 2631 319 2838 188 1540 2751 1761 853 629
2411 1656 943 2790 1102 1405 1644 2528 312 2501 221 1934 2817 2044 2832 635 987 85 1926 556 817 2300 1407 1624 188 518 1386 735 547 1752 2270 611 2069 1782 2082 1617 1319 1545 2454 2367 4 2538 26 283 197 1316 562 2193 925 51 1146 826 675 1983 1796 2836 602 626 2011 1737 1314 155 2397 2439 305 712 2714 1369 2574 440 1422 169 1328 1993 559 2389 433 1870 1045 860 1701 1658 2050 1356 1428 2840 179 2631 947 2241 2375 2477 463 2034 1029 2545 1892 266 1202 168
1612 525 49 1220 1465 2398 2611 753 2061 113 628 936 27 200 1921 478 2465 2505 1048 858 1822 1141 1598 1143 430 1395 654 1008 721 1780 2070 1140 2311 1506 1972 679 1435 1293 449 2407 1918 331 383 444 782 1018 326 1438 245 1781 2402 504 31 655 1248 1026 108 1647 1050 216 1662 625 2467 1317 2632 1097 643 1852 1715 2821 968 2164 2799 2669 1164 1680 471 2794 138 2681 2301 1505 2279 501 1282 1725 1109 1692 2565 2017 618 1787 1500 2091 467 1929 1182 1118 139 316
1442 1466 2680 435 1243 2364 1913 2730 1511 1379 2697 1142 1174 2417 593 2492 730 2243 2788 2005 2196 2299 774 1946 1526 855 1581 1005 1783 1573 2290 2830 1634 1068 1165 678 1969 2151 2746 1966 881 2006 610 749 2251 2519 2516 1968 1936 1731 1325 1094 605 1794 191 1850 717 338 365 1311 2549 151 2302 821 1020 112 1040 1424 1309 2377 2560 2793 870 1498 2843 662 1271 336 2087 535 673 1133 1131 513 544 253 1110 7 2416 800 975 297 248 2095 1138 648 1670 2304 288 257
1702 1083 2643 759 181 6 732 582 1364 45 2056 2760 2182 2678 2386 1797 1221 244 2554 285 644 387 1616 546 661 2448 844 1064 2278 1726 1596 620 690 2313 2572 466 894 1632 2153 2464 2043 2160 298 2171 1013 40 2608 2725 1515 2079 1315 2194 1336 636 1570 1458 1858 42 2442 1283 1251 2720 37 2522 1318 650 1536 1280 851 2688 2705 1696 2048 2562 2168 2807 2612 1113 1697 509 2498 1232 2457 1907 2425 122 498 183 189 236 398 1603 1108 1214 592 2502 1866 2115 956 2751
848 1830 702 931 1908 2601 284 768 903 1845 1114 2471 2624 502 65 2388 578 1720 250 1821 1512 1107 1340 1608 126 1310 835 688 2276 1767 522 1235 990 297 103 1254 1323 684 1413 1975 1391 1186 818 2780 2080 2368 379 2754 2275 2242 601 1397 2020 1626 2605 767 603 1459 2314 2637 1120 1748 2447 357 277 339 1372 736 1482 2586 2033 2667 2299 1943 794 1169 2239 2326 1523 1732 102 575 693 917 830 775 2297 1028 75 1450 1832 2192 2290 1611 55 2036 2615 728 1507 1646
2121 269 993 83 2563 2314 1001 1905 1300 688 2719 1919 2518 2161 2350 1732 2624 1016 2240 1809 2329 514 1980 2302 116 126 1869 2000 614 722 2276 876 2583 359 1959 2275 1120 1165 424 1548 1244 845 2315 1606 2068 2294 86 684 1406 67 1558 1990 2695 2412 804 191 584 2653 1678 1340 603 951 1345 830 1252 2296 2510 1722 960 494 1512 2665 2493 803 2607 881 2436 2388 541 593 2804 646 2533 1391 204 1375 2039 1810 727 10 376 1350 1338 1055 2323 1559 2621 954 693 251
2468 2268 546 459 1911 2623 2167 181 2710 1380 1260 2608 1697 275 236 1797 448 814 298 20 1702 1802 1358 1880 2094 127 147 620 2691 1684 1280 385 2498 1884 661 582 1283 2474 1596 1221 1184 829 1514 2030 2043 969 851 795 2348 510 1080 650 1425 2631 2740 669 1947 167 387 1866 281 1205 2760 475 879 732 2168 2562 45 1659 956 1084 1939 2141 270 386 1196 2448 2517 1525 2298 2048 2014 2444 1025 1761 2197 2115 2791 1792 2688 793 454 285 1234 690 1215 1440 551 2572
2052 28 1741 152 1532 238 1339 2674 1704 2250 1708 1680 503 313 1335 2557 458 1376 2193 1917 1111 696 671 1956 2592 2144 734 972 2764 2479 1262 711 449 2228 1655 2119 847 1991 92 1117 772 705 1543 587 1755 1955 2105 1274 602 2283 1563 968 2059 2099 68 2552 633 1635 2500 31 532 1555 2365 2681 455 245 1896 1746 2610 390 2370 1822 1827 2527 1967 1182 2017 1314 618 1156 2181 2599 2499 1885 782 1875 1831 1003 1026 131 2814 1050 525 200 239 1135 2028 224 1974 999
2457 205 1371 844 244 40 1696 851 2503 1515 1616 956 1960 1380 2141 327 1426 1488 1139 1591 1687 270 2115 167 2114 2494 1183 1458 490 1768 2080 20 2048 1482 275 2056 5 2004 2197 1907 2374 2162 398 2751 796 2691 907 1866 2386 1400 1080 1198 2508 2572 909 236 104 84 1049 2567 969 1113 422 732 2030 509 2348 1221 1144 2263 1973 582 2502 2608 2838 474 45 2620 546 265 1665 1922 1318 2726 1726 785 1987 285 2678 1232 815 1199 22 98 1738 2203 196 1477 1423 183
348 925 2454 1369 179 1870 26 2649 2130 712 2769 1045 480 1489 2050 445 2241 2714 735 1658 1417 663 860 2840 1319 1710 2538 1701 1617 2034 2375 1328 645 550 2011 524 817 64 2650 440 2439 1381 611 463 51 1796 900 2123 2189 635 1782 1422 1656 547 2289 433 1993 1934 559 1545 1624 2826 2721 1926 2574 2545 857 1644 1552 305 562 2300 197 1983 2528 1437 1386 2401 1054 2817 1840 2419 2411 188 1416 1584 1316 1649 1029 685 2610 518 2177 2552 1544 2200 892 2076 626 2272
949 395 940 341 2737 581 2040 1334 1103 1561 1343 2644 695 737 529 2323 2112 617 1856 2020 1434 1914 374 2759 2441 2827 1091 1900 2129 1693 1004 2386 777 95 1626 2542 2699 101 1798 1230 1296 1999 2780 545 2381 364 2114 832 2566 803 2242 2111 1298 693 2202 1176 2413 2190 596 520 2547 1224 75 983 2048 962 989 603 1116 93 2656 2016 135 954 766 1714 424 1169 1535 60 1231 960 1683 1713 1805 2504 794 19 2368 310 1257 558 636 572 1801 2278 1795 1728 1346 279
327 1044 2263 236 1665 275 2749 1960 1450 154 2623 630 2547 2211 2608 1458 546 104 490 133 167 1591 834 1947 1260 2281 676 294 2422 1714 493 851 309 2229 1724 783 2019 683 1224 2180 1200 1116 1859 2523 183 357 2514 2823 2246 1144 147 2141 687 57 34 1088 1792 1713 2013 210 230 40 603 1419 2056 1350 2374 1198 2115 570 1683 2791 1113 830 1696 47 897 1277 333 551 2171 1064 1973 576 1709 1205 1462 1765 2174 2672 853 2197 1365 1324 184 1036 1866 2182 2112 2555
1624 1644 2528 2411 1407 1926 221 943 2790 2817 2300 1102 1405 817 1656 1545 1934 635 987 1386 2832 556 1328 2389 1752 2044 312 547 4 188 837 1146 2501 1417 626 169 2714 2439 1663 1544 611 1870 2767 1411 2707 2486 2837 2045 440 826 2584 2484 2063 2069 860 925 712 1489 2100 59 203 1444 1782 2270 2130 1589 947 1623 1701 1737 2158 305 2836 562 2050 1658 2454 2082 1617 85 1261 1381 2538 1649 345 2241 1218 600 480 1045 1369 1571 1622 1319 1584 795 264 348 1202 1993
2730 1526 1005 1511 1794 338 1442 2290 2516 2364 544 730 336 1379 2519 1966 1243 1913 1466 1142 1969 1094 2417 2492 1783 2788 1498 2299 435 2830 593 1309 2006 870 749 2151 2243 2618 2251 855 1779 2560 1581 513 1165 1131 2746 253 1325 416 1850 1946 1174 774 1731 151 2145 678 923 25 1209 365 2697 2102 2416 1020 1936 191 1634 487 406 2549 1079 2304 662 610 1133 1968 717 631 1871 1311 1573 248 1271 2302 1613 1455 105 648 1040 2377 673 709 1992 1909 875 492 528 2005
1159 706 403 1925 1815 1982 667 2455 1294 1229 2371 1338 1619 1814 2739 1735 264 2776 1009 263 577 2811 1887 1373 1446 262 2139 1530 891 2576 837 428 1863 665 2063 2332 1078 2616 888 885 991 1191 573 2833 641 1509 2731 656 1542 2412 857 472 470 226 1112 2590 2269 2486 2094 438 2403 2356 299 160 2771 2481 1615 600 385 2092 704 1341 2607 1660 801 1350 2039 1816 287 1122 2484 1607 1295 1549 1457 1589 2635 741 90 2692 1807 2158 1270 1694 716 352 2385 2100 1258 2123
1190 2319 116 463 1707 257 1134 1450 1073 1996 811 97 2495 433 446 1656 2736 2281 1934 648 1133 591 1390 538 2375 2538 1960 1894 2140 606 2574 1237 817 575 1331 2037 184 1606 2419 1126 2840 790 1800 1614 2058 1063 1981 559 410 535 2011 2524 85 2239 2454 1673 4 908 2785 396 675 2753 1208 1312 2680 230 1319 1771 2704 742 2296 2289 547 853 2507 1689 830 1473 611 60 2543 246 1678 178 414 1677 576 1983 757 564 201 2506 1489 1895 1212 2650 843 1739 1172 197
2034 2545 1584 2023 1796 2755 2713 2433 747 1320 1569 2045 258 2272 64 439 2815 2309 201 1557 1732 2650 1316 2622 1986 2319 1860 2509 2454 603 26 48 2721 100 269 770 1948 715 1678 2362 2530 1491 1992 1640 2241 722 1646 1416 996 1810 2320 1450 835 535 1498 2818 2080 1849 1134 1502 1636 2665 1390 2302 2289 1051 605 1285 1620 1385 648 2662 575 137 863 1453 811 1212 1490 410 1782 1731 246 2741 1960 1658 830 1617 249 2131 688 1548 1800 2275 1096 2102 562 1724 1707 2702
1221 285 327 1687 2620 2152 2355 1004 546 40 1272 6 1603 1515 1570 1113 106 690 475 2494 5 2502 582 2048 2497 1798 1659 844 182 1882 1180 850 2691 270 2141 244 1080 2197 2706 2421 1232 557 2324 650 1537 1697 796 851 973 2000 1922 1440 820 1436 2838 1541 2149 1184 420 1665 1807 2460 1426 2656 2726 1198 2572 1371 818 1230 879 2741 1400 2210 198 2761 576 2203 1744 364 1575 2672 1394 1616 386 275 2112 1357 922 2768 1364 2391 2115 1760 807 1591 2457 940 39 2524
587 505 2193 2500 1896 458 2283 523 2819 2119 313 1827 175 152 2674 2552 2181 2099 28 849 602 81 1111 1708 1680 2527 1563 68 1135 734 711 2592 238 2534 2681 2370 2365 2479 1314 1532 503 1332 1741 2052 1339 1376 261 671 2236 927 2698 1335 1655 1823 1156 2244 705 696 2144 1117 2610 532 330 872 877 2158 1885 2322 2844 2059 1974 633 1755 2689 2594 1406 2812 1831 2716 1955 2177 2199 1991 495 772 1746 1475 972 1317 552 740 1164 2764 1465 1238 2215 1050 1543 1143 478
2193 505 849 2716 458 587 2500 1111 2819 2119 28 313 2365 2283 81 523 602 152 2099 1827 1680 2370 2181 1332 2681 1475 2592 2191 2812 1896 2228 2552 2479 2052 503 1974 786 711 2527 1563 2236 2597 655 2594 330 1003 2689 1655 464 1317 2367 175 705 2244 1143 671 532 2105 1008 2322 2144 2674 418 1376 1339 890 1955 363 1356 1746 1831 1050 1314 2301 772 1135 2028 501 296 2773 872 740 1741 1532 2610 1118 1335 1262 1813 2053 1124 1461 2534 52 2557 261 1822 2059 1635 390
1726 844 2678 398 1515 1400 1537 2494 2386 2760 690 1371 244 1080 2502 2620 2182 2572 1738 40 1687 2152 956 1198 1364 1922 1083 1251 1488 1659 2751 1397 973 1458 84 2768 2503 466 2048 171 2457 2056 45 2348 298 1113 1570 6 1184 1426 1221 2608 621 420 2197 2688 20 1199 1171 2179 2522 117 2203 2761 1768 22 1797 2118 1884 1064 270 732 582 23 1979 1214 1696 1285 1953 851 2160 2567 941 636 1326 909 2115 183 236 546 1139 1907 2303 300 644 2448 1616 2476 509 448
464 52 418 2059 1481 1706 225 1378 726 2715 1475 207 1262 31 806 1024 129 999 192 484 1503 2025 1465 2244 1274 1932 61 534 1923 1022 346 467 326 455 1127 363 1062 452 1813 2794 296 2470 1875 268 1787 2531 1050 1275 2236 655 389 295 290 653 2765 1789 2429 2669 758 1039 356 2693 501 1438 324 2285 1967 799 495 2806 1655 471 1568 840 1929 2142 2173 2690 2396 108 2301 408 1282 456 1780 49 1281 390 2091 89 314 2316 927 1662 159 1635 2467 580 53 780
546 2623 2141 1221 285 475 1570 2348 956 1697 551 236 2841 650 2608 244 2115 2171 2838 270 851 2474 342 6 1280 2303 459 807 2030 909 557 298 2268 154 150 2749 40 2468 2425 879 84 1525 1916 2498 275 1911 1541 1380 448 1596 1283 196 2197 2194 1371 398 2522 814 1116 1108 396 1882 1365 2174 732 687 1575 1702 630 609 1251 1714 2572 2706 1665 2726 2791 1616 2263 582 385 2460 2761 1603 1184 183 2210 1619 2691 1183 1947 1260 1059 1217 2346 2448 181 1514 1113 785
2792 567 118 1854 1791 998 748 2065 2711 778 1354 1977 887 1667 382 1179 919 819 2575 952 2328 982 930 1583 2793 1769 7 975 945 808 2459 923 517 2491 2304 2682 1470 2252 639 1585 1271 2778 151 1531 1651 875 841 1578 1063 1946 579 1970 1367 2225 2026 2488 2416 513 2723 566 1239 1209 25 1142 2042 311 227 1210 492 114 1154 1579 103 2299 1851 916 1688 2136 2647 1770 1323 662 1920 1244 1581 1742 2560 2426 2097 1268 845 988 1864 2290 2618 678 193 2383 1442 515
525 449 1048 1598 245 2070 679 1248 1018 625 2311 782 2061 1143 1612 27 1822 2611 628 654 643 721 655 49 858 1026 2632 1141 200 1647 239 2465 2505 1435 1972 216 2164 2406 1648 2301 753 2681 383 602 113 1680 1118 1505 1008 1187 1262 1655 1725 455 1335 1692 1220 1781 209 2398 2306 1164 430 1356 1917 1376 2407 1140 31 1780 2316 2199 1921 139 1438 2402 1500 495 2193 1274 471 1506 1746 1741 268 2228 2794 936 1127 1829 618 296 1293 1021 241 1875 1555 1050 890 1755
1175 1951 485 1306 589 658 2113 293 727 2000 614 1115 1451 1361 876 2409 1559 215 251 2072 1786 1869 395 2546 737 86 291 1300 2787 1166 1798 1213 1558 1257 1959 803 1672 2540 1513 581 1795 2178 2054 364 1900 954 714 1106 1427 1161 898 374 376 1244 2701 2784 2066 1230 2329 1389 646 2240 182 1333 962 1535 832 1928 1561 483 436 2759 1004 145 29 191 1773 1809 572 240 2504 529 2656 1137 2320 2149 2040 2323 1597 949 2383 1971 101 1019 149 1165 426 940 1847 789
1212 1810 2135 1937 1056 899 137 165 249 2558 1075 2509 2825 1944 2207 2728 1130 2741 2813 1463 116 2248 1639 2382 1055 202 1606 2766 2842 948 1986 2350 1547 725 1406 2736 1940 246 1935 2393 2294 67 1134 1012 1841 2511 2224 2719 2319 2258 2583 692 1001 1904 777 1498 1126 722 97 204 2041 2121 2292 494 447 1076 404 1464 2809 997 1223 2435 686 739 2286 1383 2507 2305 1899 362 917 1825 693 135 1945 2506 853 603 2020 804 2639 1448 2569 1473 1721 146 1296 2495 1732 2068
747 1747 2686 1212 2135 1860 2815 2741 899 722 246 1800 1724 2506 2838 1646 1636 137 607 2319 889 783 692 1134 1359 603 2019 2080 201 1204 1130 1833 2248 2275 652 1463 275 494 407 339 2582 2729 2665 1527 1801 1765 2644 1547 1316 1665 1947 2309 116 1482 204 2813 439 1450 844 1606 2157 830 1645 1490 1443 1126 1732 1169 1683 2086 79 2511 948 1960 210 863 535 1707 576 447 357 2803 1575 258 2292 1657 1138 2436 2057 2186 956 804 1937 2630 422 725 1091 2825 1365 2766
1628 2163 453 437 401 141 1023 2009 1510 1233 2679 2055 399 380 1163 2722 2469 731 760 2122 1903 1717 2587 612 73 208 2636 595 981 1784 177 2098 1085 1160 2126 1241 1047 460 1089 1599 174 1436 2829 2074 222 172 823 1504 1155 2775 1688 2655 1951 2355 2750 1404 816 1872 72 2577 2362 485 2274 2512 99 1415 461 694 2747 1052 1100 1145 1305 850 2218 477 1175 1808 2282 2537 935 164 2201 599 156 660 1933 1306 2409 569 2452 536 2342 1772 727 2112 901 755 1004 991
2415 1553 1430 878 2217 429 289 1699 62 743 1256 2423 427 1065 2090 555 302 21 2568 554 361 868 199 2029 1398 802 176 1890 142 2668 1793 1431 193 1418 332 988 2743 2451 292 893 569 886 1492 1562 1588 681 1888 121 1132 597 901 417 2108 536 1686 866 2126 979 340 2384 1393 2117 1599 78 1033 2227 1886 56 36 2380 500 571 2786 733 1241 2722 1717 1038 2078 186 2469 1041 437 709 2524 680 1233 1872 568 2074 1268 73 1272 323 370 2335 2428 2098 2578 1374
577 147 273 1539 1514 787 661 1939 2104 2268 1242 1880 30 1638 476 2269 1270 1064 2468 160 352 2570 414 2795 2661 71 2094 685 1549 317 2709 2226 1401 1530 1925 638 1286 2481 557 964 1826 1776 1440 1043 2529 2371 1803 448 1797 827 697 1283 2808 958 1078 1509 879 2096 1338 1811 2444 810 506 716 1764 2182 2197 2194 2576 385 2118 1421 1080 2635 2223 2271 1537 1828 980 1844 957 1502 773 836 1615 2791 1167 1684 667 167 1278 1069 299 1922 1181 1364 2431 2427 2811 2776
2454 925 197 2769 1045 735 179 2130 1870 440 26 480 2050 2538 1369 2649 712 2289 2241 2840 769 348 2375 518 433 2011 1617 2714 445 1658 1417 1489 463 2650 663 1840 1895 860 1381 550 1993 1422 1656 1701 675 1901 2439 635 1405 2544 1782 1218 1029 1934 51 556 547 645 559 1710 2270 1649 64 562 1316 943 1328 1552 161 59 826 1788 1054 1663 2034 817 1544 1752 2826 947 1386 2082 259 2628 2724 2574 2707 2482 1496 260 1569 1261 169 188 305 1319 2069 2836 563 2753
1612 1141 1118 2611 1822 1140 113 383 1692 1143 2070 1297 49 1921 1048 1008 968 27 1598 1852 1647 1026 2061 1680 696 216 316 1972 643 628 2465 2505 1135 936 2017 525 2552 654 1472 449 679 430 1781 2311 478 1774 344 274 858 138 1395 655 1892 1303 28 1505 2199 1465 721 2340 2407 2398 261 2681 1756 331 1376 1216 200 1050 46 1506 2610 2402 927 2052 1780 1010 2698 2215 2814 1335 1293 1182 1330 2467 2799 2365 162 753 2301 2632 1332 2279 1755 1018 2444 625 1164 1789
1453 1490 204 1940 2135 1212 899 2511 40 2309 2374 2842 1841 2258 1547 2665 2351 851 1901 722 2457 2180 1930 2433 2289 2572 1056 1596 2813 2239 137 1738 362 294 804 490 1960 210 2376 2838 2521 1606 1792 47 2004 205 2207 537 2605 2791 592 1358 246 1514 165 1197 2260 1626 969 2030 1116 2826 2741 1859 2248 948 1130 2713 1371 2085 2650 2080 2347 1449 2630 2115 1978 1548 1224 1454 1800 2523 1318 1134 2547 2419 462 474 2627 2073 1463 1937 2131 1986 2088 1057 1488 956 1397 329
2011 645 445 1993 550 1840 563 1860 2826 51 440 2050 1253 1552 1422 2628 319 1307 1437 1617 2840 2241 155 769 197 1029 134 463 2652 559 2650 1636 674 826 433 2088 2069 2815 2735 1649 2001 978 1208 2836 1782 562 2133 1381 260 950 1486 2076 1901 1965 613 1658 489 201 965 1054 1045 735 2606 1544 1123 2439 1895 1218 2337 2391 1496 900 169 1148 168 2837 2358 2769 1623 350 2289 687 947 259 1202 1428 482 2753 480 977 2707 2544 1468 1934 1092 2419 2724 2272 2007 1261
1055 2728 2766 725 1944 2319 1212 2294 494 2558 686 2719 67 2583 137 2305 2135 2741 2286 2041 1452 79 1463 246 2291 1777 116 1120 948 2393 447 1067 2057 2207 1076 692 1606 899 146 1825 876 2580 165 2000 1937 2509 2825 140 1639 1899 647 2436 2068 2813 845 1185 97 1959 319 2292 1810 581 1940 1134 1869 2506 1547 1130 2639 2435 2598 373 2350 2329 1406 202 2383 1935 1001 804 2248 2815 155 2004 1012 86 204 781 134 1646 1951 1809 2382 627 722 1901 1541 2704 485 1175
161 1417 860 2241 1489 169 1679 947 1623 2454 348 1701 2769 1649 1328 221 2837 2707 1054 2289 2130 943 1788 1045 1444 712 2817 1796 2650 1870 1617 433 26 769 1782 1710 1051 2836 51 1544 2790 2714 1644 1656 2050 2411 1381 925 1261 2044 1102 2375 2528 1926 1416 2045 735 1496 1640 547 2300 2439 1369 440 1422 2767 439 179 2501 1386 1663 1752 2367 1948 4 1407 1993 2628 1840 2545 480 2315 2 1319 1934 319 2663 562 445 64 1624 305 59 2128 1895 1658 1218 1316 1437 2011
908 186 1419 519 1894 406 2262 937 1133 156 1705 535 942 1036 1495 1031 2093 918 50 1676 2803 1800 164 257 676 2341 2377 1385 966 2369 791 2660 515 1204 1707 1516 1621 629 2627 2543 2664 1508 747 2503 1454 1920 1331 1739 396 320 1548 2140 355 2609 1527 811 603 2310 1287 1614 410 773 928 1682 1455 1978 2197 709 1779 2763 568 54 2245 2219 2101 288 1784 2145 863 607 392 1731 1415 648 2458 2331 490 1960 434 1119 1152 2791 2102 99 1992 1893 1387 2775 1733 984
1990 376 1483 1178 1749 2437 2700 1224 95 2441 1743 1693 1672 1914 596 2202 2190 1713 2827 44 2523 2381 792 1714 1304 1773 2547 1103 1836 1447 251 2180 16 1300 2745 1476 1394 2296 1999 1469 483 1559 954 983 1116 683 2000 777 1535 1106 1180 2166 1176 182 34 1795 824 695 789 2277 2784 1513 83 1804 646 132 832 1451 1760 39 1838 1900 545 967 1561 739 1971 603 240 215 2695 310 1277 1620 576 2699 1593 1856 1091 1786 2016 88 1732 2621 291 873 2317 2804 2240 47
1909 2049 2064 530 1742 660 921 1290 2782 2257 2696 446 1853 662 1554 1370 2259 337 1613 451 1384 710 1000 360 908 542 487 2282 1105 2664 54 1518 813 631 2087 1604 1058 1739 1681 1301 2140 2596 2369 1673 1981 1142 2006 1913 1396 1893 966 2336 2609 2243 1625 2519 1331 243 2492 2331 253 2093 50 2005 1017 984 118 1695 2843 1638 1495 1850 585 918 2796 1246 2697 2660 2793 937 1614 7 774 678 942 1466 869 1309 2417 435 526 1966 996 708 2530 2416 2338 855 94 2560
2552 2716 2191 2144 1827 2181 326 890 705 2365 2594 1003 2370 726 2500 2681 238 2534 2819 68 1164 2689 2059 31 28 523 877 1746 999 1262 2193 580 849 1955 2119 587 1111 602 456 464 1314 1912 553 1896 296 1475 2789 1885 2105 1135 2527 1156 1563 455 2283 2610 2557 1281 452 458 2674 1050 1543 1302 1974 1481 129 2479 501 159 2592 799 175 2052 655 49 81 418 552 313 52 1655 1706 968 1875 120 1282 363 1024 1650 1330 734 1062 1932 331 2812 806 963 505 1143
2691 2355 879 385 298 629 2512 836 2342 1025 1911 546 2645 2115 1098 1436 690 2362 459 285 2203 2298 1387 1279 859 1221 1790 2672 2201 935 1113 2791 2156 1380 244 99 676 281 1504 2706 2750 2096 2432 2623 2174 275 1616 1180 2071 551 1358 222 448 1479 1682 582 23 1205 2474 150 2468 2318 863 755 1619 1676 466 2725 210 796 1638 1933 557 2761 973 2249 2541 1536 1183 1724 1709 2464 1184 2633 2460 1665 98 2494 2229 144 1514 2186 984 1080 2581 490 398 2327 1664 2710
333 834 761 205 2414 107 104 2641 1183 2791 1727 1906 1471 1177 462 2508 1907 2555 2310 1036 2263 2823 2317 1198 1217 2019 327 423 183 2749 1596 924 1093 2326 1277 1765 1633 34 1044 2249 2503 407 2058 275 2125 2678 2169 1326 2357 957 2640 1080 309 55 466 2603 861 1400 1970 844 1260 918 2086 2180 47 570 2623 1591 1321 465 117 2303 2608 509 1947 473 1057 2351 2030 2281 683 2550 2604 2176 2128 2733 1144 517 2056 1205 236 154 230 2838 1709 856 397 210 592 2392
1384 1290 2458 487 966 1105 1370 1396 392 1017 243 451 1554 568 1681 1495 1518 2596 908 1331 2490 1705 1946 54 2600 942 2664 1794 631 2085 660 2394 360 2204 2453 2064 1742 1893 874 921 50 1673 2282 355 2655 710 542 1739 14 1853 1614 530 434 2369 513 2782 2336 301 410 2696 2257 813 2290 544 1779 2009 416 1301 1604 2416 2488 151 652 1133 7 212 247 2793 1209 2304 1325 975 94 1909 1676 1287 1347 1966 1985 1154 1526 1271 99 336 186 1247 58 2140 12 605
2066 1213 304 1161 1513 1019 2178 2113 1389 2022 1847 1773 1693 436 545 1176 2546 596 1785 1795 1228 215 1900 132 328 1300 2437 1333 572 2190 962 789 364 63 1898 2547 1760 149 2784 2656 983 824 2277 2152 1749 2238 1115 1672 1476 483 2827 1798 1178 1394 695 898 658 766 95 754 1743 240 2497 182 1106 310 2111 1166 2785 2149 2202 1559 2441 374 1288 2502 2759 1224 1836 967 1712 1447 395 2040 949 1561 1631 1353 198 1990 1230 2700 1727 581 1856 1593 1683 1914 1786 88
2510 70 1753 1125 1759 1834 2777 2077 431 951 18 2772 1842 2757 2818 2 2478 2323 601 1252 2561 1035 2015 1557 2663 395 315 1390 2622 1839 767 1230 374 135 558 1728 2413 2566 2579 19 1091 1334 2302 2295 1448 1689 1945 545 737 1231 1801 1257 754 2277 1165 1558 1900 101 2759 1798 2040 2644 757 2504 328 940 581 1980 2242 830 1004 277 2785 835 2238 1867 232 1176 376 2381 603 103 1312 1323 2320 617 1722 529 424 198 695 1732 1683 1296 2756 766 2737 634 75 949
2828 672 377 828 2520 2578 2210 1949 13 1668 1374 1272 2602 640 1764 1337 933 2428 1038 2227 2539 1910 2120 176 1575 2671 2031 2570 2629 2582 1033 323 2083 370 2668 78 2786 868 1070 1329 2047 2384 820 698 244 1279 2264 270 2186 934 1541 448 1754 986 56 568 427 490 2327 1864 1377 743 1041 554 292 1398 2330 1890 196 2740 1441 1249 859 979 1132 123 877 1393 1757 893 2761 1888 1539 2838 955 1128 2423 417 2718 867 2490 2385 358 142 2541 332 1638 2451 2278 1204
767 277 1125 2777 1753 2772 2478 1252 951 1834 1165 2818 2077 2015 2302 1980 2 569 1938 2624 1323 2510 126 103 315 1557 1759 988 18 2315 191 1443 1842 297 513 889 193 1186 2663 1951 2000 1175 1115 2113 2546 70 2757 2314 1442 431 102 688 1391 1004 1513 291 1511 211 1795 876 1161 2741 2276 2437 2290 1836 500 25 2702 1969 1672 1389 2686 121 529 1869 1306 2622 1451 1593 492 614 1833 1793 881 967 1452 2055 601 399 1244 2178 2362 760 1390 376 485 2737 1845 707
431 1938 1443 2510 1833 767 70 889 1747 1842 2686 211 2 1035 1834 277 18 2496 2561 2777 1125 1753 2315 2741 1548 1839 2532 1394 2077 1759 2663 1252 951 2644 2757 2702 2818 601 1418 156 2015 853 2772 2323 164 315 571 1383 395 2457 232 2478 1801 725 1631 341 2242 1945 1980 558 75 400 1296 1722 135 269 2566 1448 5 60 1137 2577 1683 2102 433 2413 2277 529 997 461 739 1334 1908 2507 899 956 1872 1904 2302 1986 1845 1231 1401 1091 39 1460 424 949 2295 1496
1721 368 2708 682 1725 1899 1185 2809 994 2569 2435 1592 2438 677 1473 657 948 2507 1777 146 491 414 1555 2315 1876 1904 2583 2248 627 2702 274 686 608 526 2719 1639 446 864 858 2813 2393 997 1001 412 2350 2382 2509 249 137 1597 1980 722 494 1937 1151 1598 1810 1223 773 2292 67 2280 1874 1390 1466 1969 2564 2665 1868 2144 1941 1942 444 2552 662 2661 1463 1909 1253 2041 881 400 625 1505 1613 655 245 239 2499 1452 147 2089 484 246 1759 2519 1961 255 2825 1438
1365 22 2751 2498 2457 1214 1364 844 509 1171 2841 894 214 1139 510 732 1515 957 45 2612 2810 2567 40 2725 1602 1927 1889 2230 1358 1632 2160 2048 856 1283 785 2448 2464 2188 2554 147 1953 2197 96 181 1907 592 2425 851 2179 244 1738 2089 476 205 1696 2404 2171 2838 2043 744 793 1659 2162 1251 2386 1487 1866 551 609 1217 2216 1575 1858 419 807 2141 759 620 2030 2348 1596 2339 2761 387 2562 956 2094 43 335 2760 1336 669 1616 922 1797 2115 2521 1702 1108 1697
505 2181 2500 587 2193 2819 1896 523 2552 1827 28 849 313 458 1563 2674 602 175 2119 1111 2479 2099 2527 2283 2365 2370 152 1314 1746 2177 2244 705 1543 1376 2681 2592 1955 2236 1356 1655 2144 238 1135 1708 68 1475 1680 927 2059 2689 1532 495 2191 734 81 890 2610 2250 330 2105 1885 2052 1789 2322 2716 1813 1003 1741 1117 503 2228 2597 1831 1164 1991 2698 1332 1050 1335 1143 1008 1281 806 872 2594 711 1465 553 1062 649 1297 467 1974 780 2764 2534 484 726 2429 501
2044 2501 85 1934 1405 2411 635 312 1656 2528 943 556 2832 987 1102 1644 188 221 2790 547 1319 2011 2817 2270 518 1386 735 2050 2574 611 2840 2631 440 1617 1203 1624 2538 1993 854 2397 1983 817 1926 1835 1782 2082 1222 4 51 1322 2454 1324 1422 1045 1206 938 1545 445 197 1407 2419 831 463 2724 1752 1029 995 272 128 769 2544 826 613 411 606 1484 178 562 1700 413 1092 1342 1162 2214 2069 2389 624 2130 2762 2646 2378 2391 2325 925 179 2300 1352 1074 496 433
940 1371 327 844 1113 1801 5 2355 1198 1423 2114 1765 1616 907 2838 1986 2644 1696 1515 1960 676 1687 783 1352 529 1665 2457 1144 2141 2494 796 244 1426 40 2726 1519 949 2263 1641 474 889 2421 1482 1458 2737 1263 2004 2080 2572 422 2686 1724 1152 2152 956 781 98 270 812 2056 490 1477 2374 2605 2506 509 1219 1221 515 1272 1197 2621 198 2691 581 737 1380 2503 1922 183 1036 1267 592 84 2751 1394 2293 1938 1004 2502 1683 946 960 275 909 104 2443 2359 196 2386
197 1054 1617 2840 2011 1649 51 735 1658 1623 2241 712 1679 1381 2050 1437 445 2628 2837 169 1782 1045 645 1328 2836 1993 769 2826 440 1544 1840 1663 155 2439 1422 2130 559 463 1261 1029 2650 319 1860 1218 563 2769 978 2652 480 562 1369 1486 1552 2767 179 1901 433 1417 947 1640 2707 2544 900 2649 1444 2272 1202 2454 1253 550 2337 2815 489 2069 1870 1948 1416 674 2076 1208 2133 305 194 2397 2352 518 2375 1096 1428 925 260 663 2007 2606 259 2713 2556 547 1307 201
6 1882 1221 300 285 546 973 582 690 2706 1570 1603 1537 2474 762 2623 327 1080 2194 2494 2152 1697 1462 2571 1687 2174 2460 2726 1515 2502 1083 2761 1702 551 2399 1180 1251 2541 1440 1198 2666 334 2688 1184 2620 650 879 2529 1525 2705 1502 557 2548 1043 366 2048 342 1659 1536 2203 398 2348 2386 2691 1661 1541 909 991 1726 2043 621 750 1880 2768 2448 386 1380 797 1480 1684 203 1183 1015 2672 1373 2476 2385 5 1400 1884 661 143 2514 644 867 2197 117 1025 636 2115
1570 1364 2464 244 2348 285 2115 1515 45 1221 1426 2612 1064 546 2760 1616 236 690 1251 2448 2608 2386 2179 298 2056 40 844 759 1697 851 270 2572 1199 785 2048 1232 2725 2404 1525 582 2197 475 2706 214 2182 1659 1916 1726 609 1603 1358 2014 2030 973 2678 1537 2303 510 1139 2522 2457 2751 1610 1738 1488 1365 1280 2620 1184 2521 2502 171 323 1541 732 1371 2346 2160 509 1866 1205 956 2141 1015 1953 22 466 959 1080 2791 820 894 1858 1596 1949 807 1477 2494 1840 2761
18 1842 1834 951 1753 2777 1125 601 2 70 2077 1252 2818 1759 2663 2772 2015 2478 2510 2757 431 2561 1557 315 2622 1390 767 522 2315 2242 1035 2644 2702 2302 2579 1900 2509 1839 931 1798 1448 1845 364 395 2504 75 1165 101 2040 67 1230 277 789 1980 2756 2016 903 2323 2615 436 2388 768 1091 1810 2624 1343 2149 1678 1333 2728 1004 737 1804 2759 2746 848 572 1830 529 1323 374 2020 989 1833 754 1783 1908 581 714 766 1867 1535 725 1265 215 2320 2290 1732 881 250
611 188 1319 987 1934 85 2044 1656 2501 556 2411 2528 817 221 2790 635 1405 1926 943 2270 547 2817 1624 1102 1644 1407 2300 2045 1545 312 1386 2397 2832 4 1146 2082 1316 626 2069 2800 1752 2724 2574 2454 1796 2050 2011 463 613 2389 559 826 1983 2375 1782 1701 2344 1737 1422 1993 1617 283 562 1895 1188 2538 1202 266 735 2367 1428 1658 1092 1710 1029 1636 2670 663 1046 2650 2419 1284 197 1489 1924 411 675 2034 2007 616 2840 1788 2424 2631 2836 970 2012 2530 1600 1222
2444 1059 1197 1349 1217 2246 147 551 814 585 400 1907 1792 959 2468 2249 592 873 166 591 442 1638 1976 1449 571 1837 1072 1304 1861 2357 2609 2691 698 1365 448 1724 2431 2524 2614 342 1596 557 2823 1514 1618 2450 476 2156 56 1227 385 43 1761 2101 892 2188 1619 736 871 1575 1556 2595 2570 2027 1540 2838 683 2030 1803 616 856 2460 685 1234 1859 1858 2333 1237 2795 244 729 1633 2094 1910 755 2798 957 301 1930 651 2662 1576 1153 352 2083 2619 2791 1479 665 2071
79 686 1067 2135 2305 2286 2068 1055 137 899 2766 1212 1076 722 2294 2842 246 2741 1547 1944 1463 2041 1452 2511 2665 116 1935 2728 67 1937 1606 2813 494 2319 2583 1134 140 2509 2393 447 1869 2248 1899 1464 2251 1810 1777 948 2580 2825 876 2435 1951 2382 2558 1056 204 725 1639 2736 1868 97 12 804 1175 657 86 1959 1001 2436 646 1185 2719 1126 359 2207 146 1130 1809 291 293 1573 83 350 485 329 165 1672 2309 2350 832 1306 1362 1620 1980 2787 2005 603 1581 2121
2052 1955 1532 2681 152 1741 2144 316 1109 2193 2283 1111 618 2764 1441 1827 1314 2592 1021 200 2814 1302 2265 68 2316 1262 2698 2228 553 771 1543 120 1708 1335 2059 313 525 449 1140 1168 2674 1117 1991 1299 734 1143 2610 1852 2819 968 649 1376 2017 1563 1500 2306 412 49 2191 2552 216 699 972 1598 2500 28 1612 503 1273 1339 2594 643 633 458 655 532 162 455 1885 2557 847 471 484 1127 27 1715 2061 561 238 628 2479 602 92 2365 2199 495 1297 858 1635 1506
1574 254 3 1642 825 2336 1246 2793 1121 652 1534 2487 2434 1157 873 7 1577 2405 2157 1136 2490 1915 2247 58 247 929 212 765 2485 1289 1985 1271 914 1403 874 1493 2489 14 723 719 2582 2536 2146 812 1968 190 1247 2697 1909 1538 2209 151 779 2824 2416 1347 282 2585 1751 2170 206 435 2064 1351 1997 2783 2257 2008 604 764 2426 2155 662 102 2284 1936 343 814 2718 1794 975 2006 2136 2024 1670 1236 921 513 887 1504 1783 2805 2290 522 678 66 153 2018 2243 1094
2797 352 2139 1539 2833 1982 2455 2223 299 667 1735 428 2092 1698 2844 264 2484 2371 147 1814 2269 2063 2717 891 1338 1572 1283 267 2158 2412 234 262 2672 1122 2403 1826 741 2731 1350 1994 2811 2529 1227 472 1159 600 2194 385 1863 1589 1242 1824 2486 2338 226 2633 1291 1366 17 1457 2576 1619 867 2473 1887 2385 90 1925 1238 1807 2100 1844 687 2313 879 1071 214 641 1286 1816 1815 2635 2739 1694 1129 573 2215 195 1009 1514 403 1520 1411 1446 2616 476 1330 1294 2431 913
2789 2316 2191 1314 200 2265 1302 890 1262 1332 1974 553 2105 2812 1111 2715 1240 2610 1135 2774 1955 2237 2285 1885 1003 2681 1941 1500 849 2770 1873 1875 1317 326 1991 314 872 296 1062 2821 602 2594 1655 220 1543 799 507 1532 2592 1481 1143 159 495 2144 1813 786 655 235 290 2365 2283 467 501 618 2193 2597 356 2052 68 455 2716 1050 2306 2819 316 999 1127 1831 464 2693 1376 478 1461 49 1827 670 2398 2552 313 1568 129 972 324 452 1503 643 740 1822 2059 877
2022 304 149 1019 954 2178 2113 1712 727 1213 658 2066 182 1760 1161 1847 63 898 1228 1672 376 1300 1333 1513 1795 1685 1447 1773 1175 2700 614 291 1749 2111 16 1559 1137 1535 1361 1394 2540 2784 2546 240 1483 213 485 789 2408 1785 483 2190 1103 1798 2656 714 596 44 1306 1389 707 2547 1269 1298 2787 1469 2054 1115 695 646 1951 1283 2320 1693 545 589 1590 1898 1176 132 962 1839 119 1836 1434 1451 2615 2000 2327 2354 1427 1448 1166 1928 2430 558 1575 983 1231 824
39 1004 1529 2000 1601 2497 1357 424 1559 751 1103 215 198 2437 2288 1116 1818 737 926 940 1836 2202 2656 1334 1106 1714 707 2381 2542 1693 2390 75 1537 2021 2700 60 1434 1867 2172 379 1900 182 1990 832 2 44 2240 1091 1451 2149 2493 1798 1180 1971 581 2036 1743 954 1760 1849 2621 920 1459 1224 1786 1593 436 1176 364 803 1713 19 1722 739 2494 1257 2190 1014 374 2323 2281 1748 2677 1478 962 541 2116 2699 2695 2495 132 2016 2663 683 1795 286 1361 126 1391 1296
352 2223 2797 2158 891 1814 1698 2338 1283 2139 147 1009 2484 1446 2269 2455 1159 2092 1227 299 600 1338 2717 1994 837 2844 1761 2403 741 2371 1572 223 1735 958 2635 267 2833 2063 2412 1858 2633 1360 476 2481 2372 1366 2607 46 2486 1330 1618 1815 214 1514 273 2194 667 17 1539 1242 2709 2616 234 1826 2672 428 264 2576 2100 1294 1238 1153 385 405 1824 685 1291 2529 661 1828 1286 2661 1982 2313 2811 2731 1589 1807 368 255 1622 1816 195 1295 1684 1071 665 1844 2524 1129
1575 1792 228 493 1930 210 1580 1665 2418 2327 2691 1861 793 1358 1113 2229 1276 1664 242 2039 133 366 704 2186 746 879 570 2468 1377 859 683 1724 421 1116 934 2374 2260 1619 466 814 516 935 294 1348 1716 884 687 756 77 689 2096 509 2332 1714 836 1279 2275 1758 2180 2582 1180 2590 844 2356 280 385 2174 127 1620 1515 2548 1375 603 2838 2071 2461 2048 1751 147 42 557 1859 1594 57 1596 396 40 404 2581 548 1576 2128 2330 1713 5 2694 1732 1195 448 43
463 116 2319 2524 1450 433 1134 184 97 1212 2736 853 1197 135 246 1063 2135 1390 1190 1133 1312 1689 538 2375 1732 60 257 1996 811 603 2574 899 830 843 2275 2224 1208 1894 137 1728 1707 906 757 1073 2753 2295 19 2239 1600 591 2538 47 1172 1895 648 2796 2011 2289 675 1800 2495 2199 742 2424 1516 1934 576 197 12 2340 2281 790 2741 1618 1636 1151 1231 722 1960 414 1606 1319 1673 1656 368 2258 606 1130 535 1552 835 1678 2140 739 2840 1579 44 2785 59 2719
1325 544 605 1634 1783 1040 1498 1966 2697 593 673 1871 1110 1442 1311 821 610 248 1424 2102 1850 1138 2516 336 288 2151 2788 730 1913 1526 2243 2680 253 435 2377 365 2299 1068 338 1309 2364 2763 1142 535 1731 410 855 1466 2843 648 112 2290 1779 2730 881 2145 2830 2196 1968 2095 2519 1969 1511 1670 434 1379 1946 717 811 1094 257 2006 11 406 2417 800 1527 774 749 94 1174 870 446 1079 773 662 2005 1794 678 1131 1243 2560 1581 2603 2492 2793 1992 1403 568 1573
39 751 1357 818 926 737 215 1693 940 2240 2695 379 1818 2202 2497 1559 2699 1180 2621 960 1434 581 1169 2020 469 2605 2114 75 2383 182 1014 1748 1116 2288 1900 1538 1626 2345 2804 1106 541 2281 2542 321 2495 1476 424 198 1091 2656 2701 1459 436 2651 1192 2190 2000 1482 845 2518 1195 2630 949 954 2275 2297 1176 2493 2368 1869 2780 2036 917 1120 1523 777 2737 230 206 1856 564 617 2247 364 2040 1561 14 1372 920 1714 1760 371 2324 1594 339 803 1786 2489 341 1230
364 2504 101 1361 1900 1798 374 2759 436 2381 215 1106 395 766 2040 1451 251 803 1559 2579 989 572 1137 1427 2149 737 1230 962 1166 2656 1091 2238 328 1298 1558 1786 1257 2540 1883 545 589 1207 2072 1004 898 1693 1928 341 1306 93 1971 658 2000 714 2547 2737 182 293 1434 949 789 1590 2323 529 240 727 895 754 1343 2644 695 95 581 1561 1087 1818 376 2190 2114 2784 2409 1178 596 132 2546 2441 777 1334 485 1996 2242 926 407 2320 1389 1176 2699 1683 940 2324
650 2666 2043 2810 1221 1462 750 546 2726 285 475 1515 2502 922 2171 1605 2751 1603 214 1602 454 2567 844 2841 2494 879 2194 582 1884 375 690 2114 2152 37 1188 334 1570 275 2620 1616 270 1927 420 1916 1696 5 1184 1687 1763 2162 163 2457 1922 2048 1283 1400 2737 2179 557 2573 807 482 459 1882 2014 2115 2768 1738 2197 1426 581 2691 40 1171 1494 106 1397 2719 724 2313 1537 529 1661 2554 956 244 924 1487 395 143 1285 1015 2761 1326 537 1315 20 2359 1080 2346
2331 392 355 1105 1419 301 2453 519 1396 2660 630 2067 1859 1614 2204 490 416 1017 2081 2718 1331 2551 1002 1758 908 2744 2125 2725 2369 2452 1036 1546 1495 227 1268 1454 1247 809 2353 243 1471 1006 834 1604 937 2734 2317 865 1487 874 184 1665 815 1197 1633 1978 701 585 871 957 2361 1077 1183 773 294 517 2357 2843 1347 2603 2763 2140 1455 58 2508 1745 94 1960 2374 998 2249 1128 2157 1476 1190 2392 1962 761 96 1063 918 2252 793 2555 1152 2058 538 2211 1930 276
395 558 1230 1631 1683 374 545 2277 2759 1087 1801 1561 737 135 853 949 341 617 2542 898 2323 2381 1558 1091 757 581 2737 529 101 1334 2579 1928 1898 1137 2317 540 1103 766 1798 2547 777 2422 1728 407 328 1996 1714 2523 2174 2504 520 1945 714 60 2242 1394 1365 291 572 1900 2644 2072 1856 940 1590 2111 2413 2838 2699 364 589 2114 754 783 1257 2566 2238 1166 658 1116 95 499 1535 1206 2141 1093 2295 2400 1361 1914 2048 1292 596 1451 1224 1538 2631 215 2536 2211
1631 558 1689 2277 2547 596 1749 135 101 374 545 1945 499 1103 232 2759 395 520 1561 95 1394 1535 634 1801 2566 2413 2504 1265 754 2579 1898 757 1990 1137 1087 1231 1590 1091 2381 2472 2180 1999 1804 576 1178 2523 2295 529 291 2317 376 962 1334 34 898 1798 1597 1839 328 683 1469 2785 1996 1448 1230 1116 1558 2323 1298 2242 1743 1538 47 695 251 2700 766 1914 617 1714 1728 1304 1427 2699 714 1224 737 949 407 2430 1312 1166 2238 215 824 2441 19 983 364 2638
1316 1752 1926 1407 221 1496 1948 1624 2817 1096 943 1862 2528 2790 1656 817 1644 1416 2556 2272 312 987 1658 611 2034 1545 1636 2352 2367 188 2300 2545 1102 547 1796 1386 2270 1934 64 2707 1381 2411 1782 1405 155 1965 1569 2836 2840 2023 1319 562 2389 2714 1146 635 2433 1584 2832 2721 950 642 1202 2069 556 860 433 712 305 675 1663 2501 626 2486 2044 440 518 2538 1261 2241 1701 2713 2063 735 2309 1218 2826 1208 1051 563 439 1649 600 197 2100 1437 2837 2007 2082 2375
1859 2374 2317 2823 1596 793 2838 2710 957 861 1365 2067 104 630 761 210 2457 294 2562 2841 2591 2448 1318 2175 2740 205 509 154 2339 2444 2725 42 2498 2278 43 1758 1907 2573 2523 2048 924 1471 1013 1487 2094 1336 1953 732 1183 2595 2125 2678 183 1170 490 2160 1930 2468 2263 147 1665 592 1276 956 1059 644 1797 2503 1726 34 1999 1277 570 1227 1727 1178 2418 1880 856 851 585 1093 2572 1224 1139 2079 2216 2351 1514 1792 127 959 1476 2508 1113 815 2249 2331 1044 1408
1055 2294 2728 725 1944 2319 2766 686 67 2558 2286 2305 1076 2719 1547 2207 2741 2813 1825 1937 948 2041 1463 2382 2135 165 137 1056 2509 2583 79 2068 2825 1452 202 246 2511 1810 2000 1639 1212 722 1935 2393 447 692 2324 1001 747 1940 494 1464 899 1012 140 2350 1075 249 693 804 1868 1406 2665 2436 116 627 1134 1067 581 75 204 531 1606 339 2329 2292 1130 2001 2248 1120 146 2746 2598 1394 1777 2624 529 12 201 2842 2493 2359 1958 2121 1611 737 1707 896 2701 677
285 1221 475 459 2197 650 546 879 1232 2706 150 2048 275 1536 1184 851 2726 1916 922 40 690 143 2167 669 350 2141 2162 2761 2268 2032 2620 45 894 2088 2631 2179 270 1283 1697 557 2115 1575 551 807 582 973 2303 1556 236 1616 1199 1358 1766 2474 2791 1365 1724 2298 167 1315 1208 2391 298 1684 96 2468 1570 2838 1515 576 620 2672 1458 1436 2513 661 2346 1387 2210 2386 814 2710 2218 1768 1744 2014 1205 2581 1038 2194 2623 2810 2174 2741 2494 2421 1927 2704 953 1188
2771 1619 1295 1925 1373 262 2727 641 879 1982 2187 2271 2298 888 1776 2844 2455 2529 1814 1509 795 299 2468 1807 2185 2659 2833 1816 1694 1887 1432 557 298 2139 667 1086 287 2363 880 1411 1684 891 1766 1520 1043 718 2576 2460 1278 1445 143 1221 787 1440 244 2198 1457 438 2371 1238 307 1129 1191 1193 46 1 2731 2581 448 810 2385 2584 1350 147 1549 195 1291 807 2189 2404 234 600 551 267 2223 273 801 1572 2616 1675 385 2619 1494 2517 285 991 2321 2269 2092 1863
79 2068 1998 1463 722 2665 2305 2041 140 246 1868 2712 2813 899 894 350 1547 2842 204 2319 2135 521 2741 1935 1606 657 1067 2257 419 2393 1937 447 2569 647 1452 1777 790 2005 137 2736 1899 993 442 2511 1370 1330 1927 1134 491 1592 506 2296 1526 1962 2308 2248 1076 692 2286 948 435 116 2292 2440 2427 804 329 2417 2435 1130 1841 1473 2738 217 686 2438 1554 2089 2704 1286 1464 1940 2554 83 1632 1876 165 1212 2598 2825 1703 2766 102 2719 1587 2697 1185 2708 44 1126
2422 230 34 777 462 1507 1727 1093 761 2180 2233 2745 1996 2555 465 2550 2254 2317 2523 1476 88 1091 47 564 2277 1450 2202 1028 2360 2159 1538 457 2192 2733 2019 1734 1517 407 2058 1801 107 341 2684 2641 1714 1999 1178 1683 830 2414 1277 575 1669 1631 926 1177 1224 834 55 603 2495 783 2630 2699 1914 1523 2275 2604 1856 2242 1818 873 2347 187 2326 949 393 469 1180 2426 333 683 2785 576 1713 1841 2547 397 1228 545 1785 2234 2176 1116 2111 1690 558 2190 357 2281
1453 1490 2309 1901 204 2433 645 2650 2376 2289 64 439 1569 1738 537 1940 1056 2207 1547 2135 2826 48 2179 1606 2511 2305 2700 100 2088 2573 155 2547 2034 1212 165 562 2272 2842 563 1825 2239 2713 591 2346 510 715 2230 1860 2825 2841 1397 2665 231 2213 2840 246 2558 201 2051 1232 137 1336 793 804 948 1841 644 1096 969 1208 1365 1636 1999 2813 40 2073 1937 1463 2401 205 2162 2118 1130 2612 1178 1596 2648 1318 1183 214 2815 980 51 44 440 692 362 1922 900 475
593 2697 1466 1142 435 1442 2730 1913 1174 1309 2830 1243 1968 2364 2417 610 2196 2243 2299 1526 1581 2290 1040 2680 1966 2519 2788 1311 2005 2560 1794 2492 717 336 1946 881 1634 365 2151 730 1731 1379 870 749 1573 544 338 1005 2516 2006 1165 1325 605 1936 678 1131 1498 151 662 2843 2251 1783 1020 673 248 855 774 2377 1094 1511 2549 1110 1969 1133 1850 1138 1854 648 2793 7 1271 2102 1871 1068 1424 191 253 112 243 821 2064 811 2763 800 416 535 2304 2087 921 1742
2810 154 1227 551 1629 2666 476 1696 609 2194 650 1858 1524 1188 1365 506 2171 22 2313 2725 1866 1541 2160 342 807 956 759 2261 285 1697 2043 826 2167 744 2425 2631 661 2404 1766 468 1221 1286 1108 335 1844 1603 1171 2751 820 1927 687 2348 2079 2162 1882 1556 214 2710 2498 440 2115 2620 1364 2399 372 922 2841 2591 2595 1596 1837 122 785 732 2230 1324 147 2457 2643 546 1520 2188 829 1889 1916 2448 1744 2197 1201 375 6 270 1251 1139 2444 1807 1509 1059 2740 2749
147 1286 352 557 2372 1283 1844 661 969 577 1330 894 1421 669 2460 476 1939 385 685 879 1540 2635 616 1828 892 1880 1242 2517 2188 1619 1514 2094 2197 1863 1927 2835 1227 1315 814 166 1792 2431 405 644 506 2619 1358 1270 829 2131 2194 511 2266 2529 1278 1858 396 961 1618 2481 2614 1032 1349 1366 1684 2738 1837 96 2425 2153 237 551 1199 2661 1698 255 1181 214 827 2720 1530 1816 665 2468 167 2442 2476 1575 2168 171 2444 400 1539 537 2158 959 2223 1761 46 20
1894 257 2609 1604 538 2843 2357 1981 918 446 843 535 648 2125 1237 1859 2763 1516 811 1634 1567 937 1079 1454 605 708 2392 1301 1197 610 2660 2196 2333 519 1800 908 630 853 1495 2697 2219 1119 1133 1614 773 2786 2543 1331 2252 237 1930 410 1093 2838 1621 2377 1174 2341 2227 1181 2775 717 1455 2140 2682 516 861 1758 1546 2331 2798 2796 2093 1633 689 43 591 288 1002 997 2374 2310 2503 2188 94 2444 336 1960 1260 490 571 1645 2680 2823 1618 2640 1217 979 616 338
2135 2435 1874 1212 899 2813 1937 2558 2207 647 804 137 204 165 1899 1056 1547 447 2766 494 1463 1944 2842 146 329 948 1606 2728 2382 2639 2294 246 2511 2506 2291 1130 2825 1055 1825 1841 1940 2286 1223 116 1464 686 2248 2068 722 1126 2041 725 692 2292 2736 2741 2393 1935 1076 2057 2683 362 2665 1134 2580 2569 2305 1777 657 2258 1861 2719 2319 140 442 2419 2174 97 1639 2708 2732 2004 1208 1592 444 2088 1490 2436 2121 551 1868 57 1453 79 1986 2691 1452 1067 1185 693
2185 1411 2584 1694 2529 2616 386 1440 1295 1129 1814 1684 1445 1366 2298 1776 2455 718 1520 807 1925 143 1807 1221 1887 795 888 2833 2844 2158 787 234 1816 1572 879 2727 1238 2731 1191 2399 2371 1350 2139 913 262 991 1373 810 1432 2484 667 2187 1457 270 1619 2189 1360 2739 562 195 857 1043 557 2271 837 305 2092 1122 1982 285 2269 264 5 600 1589 1009 2672 2460 1291 1 1494 2468 1571 1640 2771 2541 438 638 267 2726 1446 1698 2659 2385 885 1863 551 741 46 2100
1753 18 1842 1834 2777 70 1125 2077 951 1759 2772 2 2510 2478 601 1252 2818 2757 2015 431 2663 2561 767 315 1390 2302 1557 2622 1839 2702 1035 1165 2315 395 1448 277 1908 2323 2615 374 1230 2579 2644 1980 522 545 1728 2566 2624 135 1394 1867 1334 1845 2242 2504 1231 1798 754 2746 572 1558 297 2016 2413 1945 2149 1804 1343 1383 1004 2756 1900 1511 757 1969 19 581 232 1323 2320 1312 1830 2759 558 2601 364 75 2737 101 848 1722 2290 284 1333 67 737 2299 328 596
1055 725 2728 2294 2766 1944 2319 67 1212 2583 2305 246 2558 686 2286 137 2135 494 1452 2719 2741 876 79 1120 1067 1937 1869 146 2041 2393 948 2057 2813 1076 1463 899 86 1810 140 1959 2291 2207 2436 1777 1825 2509 2068 447 647 1175 2825 1134 845 1606 1899 1547 2598 2383 165 2000 2639 116 2350 2506 1130 627 1001 2248 2748 485 2815 2580 202 319 2292 1012 1639 2683 692 2382 204 2329 97 804 1951 2511 2701 1185 373 1406 2435 722 1860 1935 581 1809 2644 2842 2541 1868
453 401 1688 2274 2163 1628 73 1023 437 1085 1233 2055 1808 1599 380 2074 399 141 2122 1404 823 816 2679 2009 121 208 1155 1903 222 2469 1160 1089 981 612 595 2577 1047 1504 1510 536 1436 2636 1132 1872 1100 2587 172 2126 2090 569 731 760 1588 1784 99 2722 451 988 193 2098 1717 156 935 1305 1793 1933 1613 177 1241 2024 461 460 1163 901 1736 1430 1699 1790 2282 2362 72 2829 2750 2775 142 2342 1145 1553 164 2655 1909 174 2747 2143 2568 36 2117 1431 1806 1052
1062 1813 2059 129 501 495 840 927 2429 1475 418 324 52 1503 806 1789 2236 484 2142 1923 1655 1481 2765 241 758 1568 2244 2531 295 1378 467 464 1039 1024 1932 363 268 1050 1465 1008 478 1275 786 2173 1262 822 534 452 314 1967 726 2715 653 2693 1781 1662 2285 2565 2091 389 346 108 1831 799 1127 390 2794 1635 1022 1929 753 2137 2280 89 1730 1048 2470 1706 1875 2301 455 1026 207 356 628 2407 1715 1281 2193 602 131 2228 1843 2465 2505 1827 525 1317 2806 2232
1075 1212 1986 1810 2135 2741 899 2509 202 249 2813 2842 1130 1937 1406 137 165 948 2207 1463 1940 2350 725 2248 2382 1944 1606 1001 116 2728 404 2558 722 2825 1547 1134 67 2511 1935 1055 2258 2393 1639 1841 2583 2766 2319 1056 692 246 2121 2736 204 2719 917 1484 1012 1498 1732 1904 2292 739 2224 253 2507 2020 1365 777 1455 362 1960 1126 1516 648 603 1383 804 937 2744 1197 2275 830 2569 686 535 494 2330 1800 1945 97 1575 2605 693 1825 2294 1453 1459 2506 248 379
1933 1321 2156 2750 1098 2645 897 1709 1790 2342 2201 396 935 2098 2432 2446 2071 957 834 2096 666 755 1638 2627 612 1621 1088 1047 183 856 156 836 595 1858 2823 1145 571 1277 2775 127 1903 1044 2249 2555 1217 1859 2587 1784 385 2351 1976 2313 477 147 1059 2452 1907 189 1415 1013 208 1727 141 630 918 1510 2747 2450 1514 461 1736 511 1939 164 2355 1183 333 2246 1002 2361 516 1023 981 2089 2163 2464 1906 592 2317 167 2140 1093 2642 451 96 2795 99 908 2060 154
1330 616 1724 551 342 255 1618 557 2460 2363 203 2631 2513 1495 143 687 1552 1540 2158 2783 1575 1812 1358 56 2141 451 1684 134 1652 1837 2298 807 2581 2327 2738 157 2758 2032 665 708 591 1600 350 969 385 2741 1619 1803 2187 1421 2013 2466 2184 319 2223 892 1863 1665 1029 879 1286 961 2524 882 1675 2131 2215 1698 641 2197 442 2820 2155 1129 366 2735 147 937 400 2648 1947 527 2339 1034 2517 1766 2138 2541 2642 2628 1253 918 1840 2609 1365 124 1516 2011 2732 756
851 2197 1907 1960 2608 2386 1454 969 1858 1365 957 2425 732 937 40 2688 1596 551 1358 644 468 811 546 1458 1064 2503 476 807 2030 928 971 2498 154 1866 2838 538 648 2761 181 214 396 535 1419 1199 1254 1696 2182 398 830 270 284 1861 1591 257 236 1260 43 1059 1724 2194 603 861 1364 759 1761 1947 2609 2313 1450 1516 1349 537 2174 853 585 1618 519 229 2760 387 1732 2325 1797 1227 385 620 1183 2115 1283 2374 205 342 592 1987 1455 2160 2476 210 814 1540
737 1434 832 101 2040 1103 1693 2381 983 2827 1900 1535 1298 1257 1786 215 364 940 1856 2129 2190 695 2441 251 2656 1004 949 1971 1224 395 1743 341 2323 1091 182 926 2149 1914 374 132 803 424 75 1176 310 436 1561 1230 1798 1427 617 2112 2737 954 962 2504 777 1116 95 1106 119 39 766 2016 60 529 1343 1999 2579 2202 1559 1818 1722 1334 1346 1714 989 2621 1713 683 1867 2542 2566 1795 2759 581 2547 2699 2785 1928 2700 596 1883 2021 960 2281 1748 1361 1558 2020
234 1572 1520 1814 837 1776 913 2092 1 1366 2731 2215 2063 2127 2371 1589 2206 2672 2139 2484 2399 1009 352 2833 1815 2727 879 720 1522 1982 226 1887 1373 46 1350 1238 1816 667 1622 1196 267 600 2529 797 1338 2455 1824 2844 1698 1291 1494 1994 1129 1411 1457 1925 2460 472 1684 1295 264 130 2185 2486 438 2223 2174 170 82 1191 203 1360 1025 557 1227 880 1432 551 573 1571 2100 2797 885 642 1629 1807 1619 2412 991 385 2633 2269 2194 1159 1539 2298 1122 2253 795 17
2819 2500 849 2479 587 2552 2181 175 2283 1827 2099 1532 1896 2119 523 313 330 1708 152 458 2365 2674 2681 505 1135 1543 1111 28 1563 1314 2144 1376 2052 1823 1955 1991 1339 354 2527 726 2698 649 999 734 2193 2592 2594 238 464 2177 1746 2370 1050 2610 2715 2689 972 2025 1680 2764 1885 1741 2236 1117 68 1789 602 705 2794 963 2799 2244 81 296 1774 356 1164 1852 1262 484 2534 2742 2059 1297 1475 503 1182 872 711 1932 2322 740 877 225 806 699 1378 1273 324 1143
1056 2558 2813 2435 1944 1937 2248 948 2382 1899 146 2825 137 2842 686 246 2393 899 1547 1639 2207 1463 1464 165 1212 1055 494 804 2511 1076 2286 2135 2766 1935 2639 647 2294 447 329 2728 2708 693 2569 1185 1134 491 1874 722 725 1592 2580 1606 1825 279 1223 2041 204 2068 2305 2292 1452 1777 1517 2665 1626 2438 116 2719 2780 2586 2297 2291 79 2368 2741 2347 2057 2020 1259 2683 1169 1611 2684 677 2736 1372 682 140 692 2733 2637 1805 1810 775 657 2630 1126 97 2526 2447
2241 2454 1993 2050 947 712 2011 1045 1422 1782 735 2130 2769 2649 1381 925 1369 1658 169 1617 2837 1623 440 2836 1860 2538 51 1679 1405 900 2840 1663 26 563 179 635 2826 562 1544 1870 1054 1649 1444 463 2439 645 445 2707 2397 1328 550 1796 1029 1218 1636 348 201 943 2713 1569 1934 1437 312 2272 155 221 1552 305 1261 826 2832 1416 433 1417 2501 2034 2309 2289 197 1983 1948 1051 1208 559 480 2528 715 2650 2817 85 2724 2628 613 2767 2411 987 1146 1486 2714 259
2210 2520 2578 640 729 2513 1910 1329 56 1065 2795 323 244 2838 448 2828 353 592 2260 1038 1103 196 13 2048 1272 1819 701 934 2671 1197 1864 98 1575 2602 2570 377 2391 672 270 2798 571 1337 1292 1402 1976 1768 2366 2227 669 1221 820 2648 150 853 1184 2839 135 40 2786 388 910 232 2001 2481 2031 585 1764 2249 1070 1236 683 2278 2111 558 2101 2108 865 2279 2691 1232 2353 400 1668 2317 2361 285 147 205 1596 466 2640 1638 1116 698 1168 828 1949 1436 1283 1907
2252 1651 1657 1179 812 2729 1920 2019 1977 1367 1583 2165 1031 2682 1239 930 422 515 2536 2491 639 928 1359 1368 2647 1578 1154 2328 2125 2209 276 2585 1204 998 2333 2462 2551 2838 2582 2310 1566 1347 945 1211 841 2042 2660 1170 1772 2488 2459 937 512 2379 1247 1800 652 2008 764 2157 952 1762 1579 1595 206 2147 607 1546 2097 2603 2353 2453 570 98 1063 2334 1136 118 1769 914 1879 1645 2225 1049 492 1819 873 490 2775 1138 2067 1289 2026 708 923 1851 723 9 1152 2718
1316 1965 1496 2713 1860 201 2272 1490 1752 2309 439 1453 1636 2352 2826 747 563 1617 2556 2650 2433 645 64 978 2815 1569 2241 1901 1747 319 562 2755 1422 1986 2721 48 2001 1948 1840 1940 950 2376 1381 204 2034 1796 1051 956 1218 1552 531 1416 490 2836 2289 2069 715 1993 155 1486 1833 1782 1825 168 2767 161 784 900 1649 2728 2088 1148 2545 2207 1718 1045 440 2375 2050 1658 947 659 2544 1054 1937 285 2051 1663 2148 494 1319 568 1938 613 194 100 725 674 1544 2741
133 493 1792 210 1180 1580 2374 1116 2691 570 1930 1861 1113 548 1758 1947 1575 1765 2174 751 2672 1609 859 242 1665 1080 1169 57 366 294 1748 683 1724 1371 1664 40 1515 2180 466 2605 583 1561 2572 1224 2129 1880 2260 2493 879 2004 2112 2080 404 2211 23 1714 2461 1083 2202 280 1482 851 592 844 676 1392 1626 2621 1358 1713 756 2086 2229 2586 617 275 960 516 2699 1195 228 557 1538 1523 2247 2474 357 2804 949 793 818 1856 814 34 2630 2780 1594 1620 737 2125
1926 221 2300 2817 2790 1624 817 1545 1407 943 2411 2832 1644 2389 987 1656 1102 626 1752 1934 2270 1405 2528 1386 547 4 635 556 2501 85 2367 1146 312 2082 188 2044 59 2069 1316 611 826 1319 2045 2439 283 305 1737 562 1411 1202 837 2241 2538 613 2584 1701 266 860 1328 2692 2486 2707 1617 1796 2063 2837 1710 1636 169 2592 1782 663 715 947 1381 2714 1544 439 2631 1589 2721 2836 2781 712 1658 2130 1101 2477 2023 1201 1261 2725 440 2168 1623 1993 1799 518 264 1417
97 257 811 116 1960 463 2319 1134 1190 2135 2140 2495 1390 1133 538 648 591 853 446 1800 1894 1197 2506 1673 2741 1331 899 246 1747 843 851 1450 1600 2524 1707 742 1212 2011 2482 1981 1516 1727 2281 2543 2088 2058 2538 2239 603 1656 2791 1724 2555 2574 1063 2573 1130 2704 535 830 1312 2732 410 2303 908 2838 870 1208 1895 2275 639 1415 60 40 2089 1073 777 2796 1732 1455 1552 2736 2753 955 2647 433 1614 1454 2224 1771 966 1061 519 2815 2289 184 790 490 2451 1728
1953 2230 2171 2841 335 2043 1108 2425 2348 650 2498 1703 1726 1139 732 1171 759 2666 387 2810 956 924 1283 2643 2346 1214 851 2313 1632 2457 1487 1797 2816 1605 1400 2562 1227 2678 2168 2720 1288 2760 1251 1880 1744 40 22 1702 229 1364 510 214 644 1471 270 2197 342 2162 2751 661 2591 953 1858 1596 2468 2476 511 468 2094 2351 2160 167 546 2612 1916 189 1603 2726 565 1949 2278 1738 396 1802 2109 476 2705 1696 20 1232 2182 1995 2188 244 147 894 971 2079 1083 2710
1562 2029 302 2668 2786 2451 417 597 176 2423 292 199 2384 340 1418 2227 2108 429 868 500 802 62 979 886 21 554 555 1033 142 1890 1686 1888 681 1256 78 2743 1398 743 361 427 1431 2568 1393 893 878 289 1492 901 536 1399 698 2539 332 1065 2078 760 571 1588 1038 2117 866 2038 569 2217 2415 2421 1132 2333 432 56 460 640 1521 1952 981 1717 680 377 1872 1510 2428 955 2578 323 2629 1187 2469 2032 733 1268 1429 1793 2387 1053 1041 595 36 1435 13 2163
2841 1953 2043 335 732 2348 1139 2171 2230 2643 650 956 1866 1171 1702 2810 2666 759 2346 1703 1108 214 22 1487 2816 1083 1288 2498 1214 1916 2760 270 1471 1738 620 2457 1400 1602 2502 167 2313 2591 1221 1283 285 387 2425 2386 2162 2179 40 959 1232 189 820 2751 95 953 1605 1596 1188 1726 2554 1541 1744 2048 1458 1797 894 594 2182 1696 924 2567 1603 922 181 2152 582 2197 1365 851 1227 2203 510 2160 2620 96 229 2678 244 468 1768 1364 1907 475 2726 1858 744 1477
2619 892 814 511 2691 557 879 2094 1939 551 2460 385 1421 2363 1270 1816 2710 732 2517 270 2372 448 2468 1619 1575 1078 2013 1792 40 1530 396 2048 352 147 1596 244 160 2339 2595 2494 1283 1221 1702 2524 2709 388 2260 214 1907 1358 1738 1724 2351 466 537 1618 1113 2168 1540 1861 582 577 891 2431 641 2562 285 690 167 2153 1925 1366 2783 226 2607 1979 2635 1108 1880 398 2266 166 851 2541 2627 1863 2404 961 46 2174 1324 223 1025 2340 1365 969 1349 2648 510 1116
1798 2759 395 572 2504 1230 101 2040 1900 364 766 328 436 962 374 2238 2579 215 2656 737 2737 2149 545 1343 529 1091 989 940 803 2323 581 2242 949 1801 1176 1257 754 1558 1178 1451 1004 1693 695 1334 1106 1683 2547 2114 2381 1561 2441 198 310 2277 2542 2644 1743 2566 1298 2190 1535 596 2699 1856 341 1996 75 182 1559 1361 558 132 2827 824 777 95 1928 617 1087 1394 251 926 2497 1786 1434 1898 1166 135 1333 1971 789 983 1137 1231 757 407 714 589 1180 1207
154 203 2740 1629 551 385 2444 2749 934 226 147 1524 1421 1375 127 1279 1030 1861 1283 814 2468 1377 2541 2094 2278 1675 1059 793 1260 1618 2529 1803 1811 2619 166 476 1129 1234 859 1509 798 1863 1576 1072 1540 1181 1227 892 2548 2709 30 918 342 1238 210 2694 557 810 1078 2339 537 2158 1696 2385 1215 1580 1638 1355 267 2710 958 2187 1744 2431 1196 2327 1295 160 1530 2783 1880 641 2013 2399 1575 1330 2198 1365 2266 1193 2691 2127 366 1724 1 1757 448 1276 1108 1291
918 1894 2331 937 2093 535 700 2310 1879 1676 1978 2660 2110 2125 1859 2392 2543 1119 2640 2019 2227 1906 2609 1800 1036 394 570 154 1645 708 43 1566 1495 2838 2749 516 446 174 1567 1578 2042 1575 2357 908 257 595 1727 1527 2775 2086 451 1002 1237 1170 1368 2377 294 156 1758 2627 1211 127 340 1415 1145 1657 2786 1393 2498 224 519 585 834 2108 1454 979 176 1418 276 2843 1745 512 1136 422 1516 2186 1367 1093 2682 1665 1709 1930 2444 1731 164 1981 2723 1762 515 2374
1795 1773 1513 1847 1693 954 1559 1161 149 1176 132 2437 2190 1685 2113 1672 1743 1434 1019 695 2784 1836 832 2787 2656 182 1213 2827 1483 483 1535 1447 376 2066 1760 1900 1361 310 2178 1224 304 1786 436 2700 293 1451 29 2172 1971 983 2540 789 1298 2546 1106 2547 596 2202 1353 1300 1883 1999 1178 63 286 1257 1856 1476 2408 646 2040 1990 341 2615 215 2441 2149 240 1116 2533 707 803 1115 658 1712 1713 1103 95 1427 251 16 2000 1561 119 291 1296 727 1389 824 2430
1471 1487 2043 924 2554 650 189 2666 96 1171 2841 2567 2751 2502 2060 2230 1605 894 2457 953 2152 1891 22 2153 1488 1953 1632 1032 419 214 475 1723 167 2678 2346 20 2620 335 2313 1288 2768 1702 1198 2160 1214 1315 2816 1738 1602 2162 37 690 586 1364 2571 2203 1363 2171 300 2573 1184 2348 844 1232 762 1703 1400 2705 1927 1916 443 621 2109 2079 171 2494 509 1570 2572 2726 1283 582 957 1726 2179 1199 2810 510 1603 1907 2725 546 1251 922 2442 285 1371 2643 1882 5
1825 2728 725 2558 2207 2813 1055 1944 1463 165 494 447 2825 204 692 1056 2294 2319 2135 2766 1937 2057 1940 2291 1606 1935 2719 2041 2741 137 948 899 1212 1547 116 246 2305 2393 2435 2292 647 1134 2736 2506 2382 1130 1126 1874 574 2511 442 2639 2419 1899 319 693 97 804 1223 2842 203 1986 146 2598 531 1841 790 2704 2683 202 2402 2248 2376 2068 562 1810 1012 67 2652 1639 2580 1453 2286 2509 1421 140 1626 1452 1490 2526 329 155 2780 362 1406 305 1464 1076 722 1208
2455 1009 2139 428 2484 263 1814 2833 2731 1159 1815 2092 2063 837 885 1735 1350 706 1338 1982 2371 1887 857 264 720 1122 2269 2797 1191 2486 2844 299 1925 1622 2739 667 90 2039 573 262 2123 403 2412 1542 2100 1776 1877 1457 2776 2811 741 1994 1229 801 2332 2223 1509 1589 891 2635 1373 704 656 600 846 2659 2576 2616 352 2338 888 2206 2356 1043 641 349 1291 1294 2385 1615 287 2321 1698 1619 1816 1446 577 2403 2703 1807 2529 1295 267 642 1571 472 2189 1129 2672 2717
1305 1933 1688 222 1806 1436 2512 1504 2342 2218 612 1736 2362 141 1023 1052 401 2055 2163 453 2274 73 935 1628 2098 437 399 1808 2096 2201 1599 1085 869 1233 2450 2642 1790 755 1047 2750 669 380 1872 2570 1145 53 2122 2074 1638 325 451 1337 2071 1089 595 1160 2841 1404 1632 1910 2335 1155 850 2009 2452 1556 745 816 1826 2083 2446 208 1303 1764 476 2587 1163 744 2535 813 335 2829 2340 701 2168 1232 953 1249 1625 2795 1554 823 443 2679 1661 2775 1976 217 2285 2571
1112 2399 17 1571 1520 2185 1694 1776 2616 1540 1278 685 1622 46 1129 741 1060 391 573 1338 1445 1332 1286 2158 2269 1994 262 801 2659 1201 287 1509 2189 1814 1360 1071 1446 1618 1295 1258 1698 1615 234 1229 2372 2371 2481 1826 642 892 1710 2255 2486 307 1837 787 2635 2174 2412 2213 1238 344 1684 1409 267 203 577 1572 891 600 1043 665 195 30 1457 1350 2100 2811 1330 2321 261 720 1095 846 421 1291 2776 1629 880 1270 1181 591 2703 2298 2223 996 1807 90 317 180
1371 2623 1280 2572 1525 2740 1596 1380 2791 2464 1113 2386 45 1665 2263 2086 1659 448 2514 1911 1205 905 2582 1198 1616 2448 84 2374 2678 1536 582 1318 196 2247 2115 1570 1183 2554 1758 2203 946 1425 1204 1768 2303 298 2245 546 181 2807 2048 1714 689 1170 1064 490 1960 2222 2761 2317 1702 1184 396 2608 366 1664 2030 407 2195 294 973 275 466 2278 2056 15 474 785 1365 1458 2522 1973 2838 724 150 1352 2468 270 2734 1279 133 2725 1226 1726 43 828 2348 1981 2521 493
537 2004 352 879 2460 1863 2189 1925 2529 1295 2524 226 1807 143 1494 1358 641 428 1221 2139 2094 2502 210 1947 741 885 1445 2797 851 1537 1861 1350 1982 2619 1283 2738 991 1816 2844 1432 40 857 557 1515 1660 2541 1345 1509 1315 1421 704 493 1653 366 2100 1078 2174 1366 2607 385 2709 57 2385 228 814 2616 1215 1341 244 1607 2691 2184 1539 2298 1887 405 1744 1814 147 158 1684 1069 1365 2363 1530 1619 2269 2461 842 1665 1572 797 1792 1724 577 2494 859 1575 1453 2048
2468 2464 1702 2725 2678 2643 2591 759 1364 2168 509 1596 1726 1280 1083 2608 2572 42 1525 2760 2056 2404 957 2457 2079 2182 2554 244 1797 1602 1088 1514 2160 582 236 1318 1426 1336 2751 2498 2230 732 894 1315 1013 2278 181 45 387 2503 2562 814 1217 1616 1251 2448 2153 844 2740 1108 493 2425 2094 2014 959 856 1365 2348 396 1064 2048 2210 1632 1907 2595 189 498 2807 214 2124 1697 2823 1858 1536 644 1889 1371 1078 1283 1659 2339 2030 2522 1232 2476 1716 298 2442 851 147
1631 898 2547 545 2277 1087 395 1137 1561 558 1999 2523 1224 1394 757 1839 1103 2072 596 520 1178 576 1801 714 374 1898 2413 853 1228 47 1257 1230 95 2700 34 1116 1996 1683 2785 213 16 1558 426 2112 1689 2381 824 2180 695 949 2759 683 2317 2441 407 1945 1597 2295 2254 328 2111 63 101 1713 44 2422 1798 1343 658 184 2472 572 1091 529 777 1333 2024 1728 457 341 291 1714 2566 754 1019 232 88 2149 2190 1760 1971 376 1207 614 1176 1483 1447 803 2737 1928
2609 937 1546 918 1800 1301 2125 1516 288 1604 516 2333 1645 2219 1079 446 1454 1204 2310 538 2165 2843 979 257 1347 708 648 928 535 2796 276 2019 2775 2798 607 2603 2227 1894 830 2453 1495 174 2331 570 871 2357 1197 2660 2140 2640 2734 2786 2551 2536 1138 1128 729 1211 969 519 1247 2838 2067 1633 2487 2697 930 490 301 336 1758 422 592 2392 616 442 605 176 2339 1237 874 843 1567 809 1930 2718 812 1498 1133 1583 1794 2252 1981 237 1978 585 676 959 700 709
2790 221 1545 1926 2832 943 1102 1624 1146 1752 2817 312 1407 817 2411 1405 1644 4 2528 987 2300 2501 635 1656 2389 1934 556 188 547 283 1386 626 611 1737 85 266 2270 2082 826 2069 2044 1319 2454 1316 1701 305 2584 1796 1202 1411 1870 925 59 1983 1029 2045 26 860 2375 1489 2649 947 735 1993 562 2538 1369 1782 463 2840 2574 2367 440 1422 2724 1799 2011 1617 2241 2050 2631 2477 613 1496 2769 2836 2439 411 480 197 2625 2486 2707 712 179 1636 1544 1328 433 348
1909 2064 530 1742 2257 660 662 1554 2696 631 1613 921 487 2282 1370 451 2049 908 1384 984 446 813 1058 360 337 2243 1290 2519 869 2782 1681 2697 1105 1142 855 243 2006 1913 1301 1850 1581 1853 2492 1518 1604 2005 2087 2830 1968 1000 2140 593 942 1511 1020 2259 2417 1396 2093 2596 2290 1981 1466 2251 1966 2664 435 881 2796 2560 1673 678 710 1174 800 7 918 151 1969 542 1165 1309 253 1936 54 1978 2843 2609 1094 1688 1311 1625 392 1946 2302 1331 774 1442 191 1258
945 841 1179 1578 639 2682 1920 2647 2252 1977 930 2491 2328 1579 1583 1063 1770 1367 916 2488 2723 952 227 1154 1769 998 512 114 2026 1657 928 515 1368 2042 2459 492 2778 748 2729 919 1651 2575 517 887 2097 1470 819 1239 9 2310 1211 1354 1204 1528 652 566 118 1031 311 982 1152 812 875 1772 2582 778 1347 382 2792 2065 2019 2536 1667 1791 1854 2225 1585 1136 937 2379 2008 579 607 2284 2711 567 923 764 1482 2453 2803 1289 1566 519 2080 1864 1516 873 2333 2487
1749 789 596 962 2784 754 2190 376 483 545 2381 1795 240 1513 2579 1847 2504 1900 1161 2437 1672 364 2202 215 1693 1447 2546 1394 1213 1743 2441 1804 766 1300 95 983 1990 101 1469 436 1559 2277 2547 1361 967 1483 395 44 1898 1106 1389 2656 374 1019 1176 1137 2238 1178 1535 2827 2066 2700 2178 1103 132 1773 2113 824 304 2759 16 310 1230 60 1336 1798 1836 1914 695 407 803 792 1091 1231 572 777 328 949 1353 1760 1427 39 182 1476 2317 341 1996 761 1999 2745
645 1029 155 2011 204 1197 1552 1596 2080 2503 1993 969 1840 853 2631 783 2289 1636 2826 563 134 445 440 2836 1453 1860 2506 1782 1617 2524 2652 965 2840 463 1212 1319 2248 851 1747 611 490 2088 104 2650 2735 1253 562 937 518 978 2729 1833 2683 2741 1901 2263 43 2838 2278 1960 1276 48 568 804 1358 961 1724 2424 396 1874 305 270 2439 714 708 1547 1116 949 2574 1496 2007 735 1482 2639 2665 2135 1575 1683 1446 2224 40 1907 2511 2034 2051 1045 2375 1365 2418 433
2794 1378 655 464 225 192 363 1813 2025 484 2059 1022 356 1706 467 1475 2765 1062 207 129 61 1789 2236 2715 1262 1274 495 2396 296 1127 1787 2091 726 501 1932 1923 1024 295 1730 1050 2232 1655 1780 2173 999 1503 758 1568 2244 31 389 1929 1281 927 2669 1275 1039 2806 2280 1465 331 239 455 456 653 1008 314 1481 52 2687 326 534 1282 1563 580 2301 418 452 1831 131 2465 2505 2105 478 2531 209 2429 430 2137 2698 238 1746 346 1955 1967 408 2500 28 324 1532
2152 1659 941 2502 2572 2498 2494 2203 1371 971 2751 2720 22 466 956 1171 1525 1603 1744 1214 909 1537 84 1198 1953 2768 244 1819 2348 40 1882 2109 1726 1288 2678 270 196 117 582 1113 690 6 844 2230 2567 1596 973 1184 785 498 327 1515 1864 2620 1221 1570 420 1080 2464 1702 353 1139 387 1199 1083 820 644 2303 2386 1616 23 1004 2677 43 1697 1643 2179 2448 1703 1180 1625 285 1471 1541 2623 2554 1605 2841 1364 1488 1251 1326 1738 2188 300 546 2705 2476 98 281
747 1860 1747 1636 2135 1134 1212 246 2815 439 2741 64 201 1948 2034 535 1796 2686 1096 497 2309 2813 1569 1993 1316 137 605 2721 100 1547 2272 1496 562 1527 97 2248 722 2319 1707 715 1463 204 2511 1800 1453 1552 305 2433 1606 725 899 1901 1148 2825 2735 48 603 948 1646 319 607 1724 2713 79 708 1935 1782 1584 811 1833 2241 2506 116 892 645 2545 2393 155 1381 1051 610 1937 937 1490 1731 2377 440 2665 1362 835 1130 258 2628 124 2650 2558 2766 1586 1965 598
575 2550 2080 2254 2754 1482 775 357 1646 2019 2586 1507 1669 1805 457 1626 1104 2630 2780 2733 1691 1169 2503 794 339 2604 863 1611 2447 279 2211 969 1458 1523 1517 2368 441 270 107 2536 2020 818 2297 1907 2234 462 398 693 2197 2383 2684 2621 2605 830 851 1324 2752 1372 1734 2345 2695 2641 379 284 1596 2242 2114 1014 736 956 1177 1866 2275 2263 2136 1147 2176 1192 1244 147 584 2414 104 960 2328 732 2838 43 2688 469 2489 2192 2347 2567 1922 102 2056 1459 728 150
1257 545 182 1228 63 2700 1760 1743 2547 954 1712 1394 2546 1087 2656 1785 1137 634 1224 2277 1798 1535 1685 898 1928 596 1971 1561 395 1166 1558 426 374 2149 1178 291 1999 149 251 2112 1773 1990 962 1333 101 576 695 95 983 757 1434 1116 2381 2504 1847 2542 2827 1176 1019 1786 2113 2430 1631 1298 1597 364 1213 1265 1559 1795 1103 529 646 824 2566 1693 617 2016 1836 132 558 328 1451 310 215 1714 2441 2737 614 714 1900 1590 499 2523 1115 2759 1361 1749 1334 1856
2377 1527 535 1731 248 336 648 1138 2102 257 605 1133 1871 1455 610 1498 434 1419 410 1424 2843 811 1331 1040 1800 870 406 253 1385 1634 2341 1978 1142 1779 1992 2697 1309 1913 2093 966 2613 365 937 94 1131 821 2763 631 1614 2417 1850 2788 678 773 288 2049 2331 392 1894 1325 1174 416 435 2006 2680 742 607 1079 2145 446 1243 1119 243 355 1909 2095 1966 2196 2744 1673 2243 2603 2609 749 2219 1058 50 11 908 396 2796 855 568 1384 338 1783 1134 730 1453 1126
2785 777 558 1683 949 1996 1914 341 407 2242 1898 1091 230 1856 1945 2111 2441 2756 2413 328 1631 1093 1383 754 1846 1230 2489 135 926 2615 2745 2827 2202 1448 783 766 232 2281 88 1231 2472 520 1296 184 1728 2422 34 1818 2523 1689 310 695 596 2238 2295 2566 617 737 1116 1476 1269 187 683 2317 1999 462 119 60 2733 983 1312 2180 2737 1561 1224 564 853 1714 2190 2759 545 2114 1535 1343 2224 2547 540 1265 80 499 572 132 95 2277 2579 940 47 989 1103 2744
1960 592 2374 1987 1616 509 2125 1758 815 474 844 2457 1197 1907 183 2838 1371 2030 244 2056 785 1665 294 1098 1217 676 2791 2101 1986 1144 1365 1454 1263 2115 43 1633 1792 2725 270 333 2195 2263 783 2823 516 2004 959 889 490 1205 2645 2310 2572 1211 1113 515 1352 2503 422 2775 1683 2156 2141 969 585 2605 2086 1198 1724 1415 1765 156 2464 1088 1879 2508 851 1979 1321 1477 1657 1426 40 570 928 861 1930 1093 1546 853 218 133 2386 1280 1423 1696 174 407 2211 940
2317 1898 1996 761 1093 558 2277 1631 1561 407 1914 2111 545 1683 2785 328 34 949 2823 16 1178 1224 1727 1228 2114 1801 1394 1353 230 777 520 2202 2547 617 853 754 540 856 1785 341 824 1945 2523 1476 2422 1230 1999 88 2238 2838 2508 1856 395 2112 2413 2072 2472 1550 1538 488 783 1091 1482 376 572 1044 695 95 2022 1333 596 2759 2536 2441 2254 926 2374 1231 1689 2019 863 898 2080 426 2066 2171 2190 1103 63 1019 1389 2024 766 1087 757 905 2745 213 232 1213
1749 1161 2784 789 483 1847 1213 1513 240 1672 596 962 304 2437 2066 1300 967 2178 376 1804 1795 1019 1483 2546 1447 2190 2656 1559 2113 1469 1773 149 1693 2579 1389 1176 754 2504 16 983 1228 2202 1361 1900 1712 132 1990 1760 695 545 1106 1115 1353 2827 2381 310 2277 364 44 1898 1137 1836 824 954 1178 1535 1743 1336 182 646 1798 436 395 63 215 1166 1785 2759 2547 658 374 1476 572 1883 1971 766 60 1257 1427 792 2441 2054 2409 39 251 1304 407 101 2540 2317
429 555 868 142 2415 21 554 427 2423 2668 802 2029 1888 289 1890 743 2384 176 1256 1492 1431 536 302 901 2217 1562 199 2568 681 1553 2451 292 1430 878 62 1132 1398 417 1033 1588 332 893 361 2743 886 597 1686 1793 2227 1393 1699 36 340 1065 2108 2090 2786 121 2117 1053 979 569 866 2078 1418 2539 193 78 432 2578 500 1429 2629 2031 988 2798 733 2428 2120 323 56 2469 1070 2009 1374 1886 1952 1910 2221 2038 2380 370 680 964 571 1233 1599 1399 2636 437
2305 2135 1547 2842 246 1463 2813 1937 137 2766 686 2041 79 1935 2558 1212 722 165 2068 2286 2665 1606 1130 899 1076 2294 1056 2511 204 725 2728 2248 447 1134 1464 1055 1067 2825 948 1868 2382 1126 2319 2736 804 140 2207 1639 1120 116 2509 2393 1940 1899 1452 2435 993 1825 1944 2166 393 1810 494 83 329 146 97 1841 2436 2296 2802 2748 350 603 1721 2708 2719 67 2741 677 1904 1959 2506 1980 692 1678 1777 2106 1943 1223 1147 2292 1016 830 2239 2569 2136 1185 2297 835
593 1442 2730 1243 1526 1466 1005 2290 749 435 2516 2364 1511 1946 1379 2251 1165 730 2492 2746 2299 2697 2680 1581 2417 1794 2788 678 1573 2830 1969 191 2302 2243 2549 1142 1913 1936 2005 1131 774 1174 1783 513 1731 2416 2151 881 2519 1634 1498 2560 336 1325 1309 2196 610 248 365 338 1133 528 544 717 1966 1020 870 25 673 1094 2793 800 151 811 1968 112 7 975 1850 855 1068 1670 2304 2349 1209 648 1040 1271 937 1138 247 605 875 2618 1871 392 2843 253 652 1079
1810 2509 2350 1075 1944 899 1001 2583 2121 1055 249 202 137 67 1212 1406 2842 2294 1012 2435 2813 2728 2248 116 2766 948 686 2825 693 1937 2329 494 1899 1056 2558 2135 2286 2719 2741 1076 1639 2393 1463 2382 627 2020 725 722 1611 146 2207 1732 447 917 1626 165 804 1259 1935 1223 246 2068 1547 692 1606 2637 2368 2563 2319 1874 1557 279 1809 876 2805 1464 2041 2736 2297 1372 1904 2305 2511 2804 86 1959 1721 1945 1986 1362 2347 2166 2292 1573 794 2809 2704 2057 1558 2525
2716 2789 849 2237 2191 890 418 1240 1332 872 220 740 1481 1111 2770 2193 786 780 561 602 1974 52 2557 2283 505 2812 1317 507 2285 2244 504 175 523 806 2819 2681 2144 81 108 2773 200 1756 1395 495 2228 1302 1008 1099 2365 478 628 2821 2774 1220 48 553 1941 2398 2565 1813 1991 2265 1293 2552 1281 1356 2594 324 2500 412 1873 1461 68 2370 1662 587 2527 235 2105 1503 876 367 1885 1018 1955 2467 2407 2715 501 485 1135 1650 2059 2689 1109 2322 1775 1823 1917 467
2792 567 118 975 2065 1854 2328 887 1271 151 1977 919 1791 819 998 982 1354 2711 808 930 1179 2491 875 748 7 2793 1470 2304 382 952 945 1667 923 2778 579 1769 1583 2575 1651 778 2416 1585 2682 841 1578 2225 311 513 2723 2459 2488 1531 639 25 1851 1142 528 662 1367 1946 517 2252 1209 114 1581 2618 1968 1063 916 1913 928 2151 566 227 2290 1526 1511 2559 1239 749 2697 492 2243 2097 1970 1210 1243 2492 1466 2658 2005 2516 763 1579 1688 2730 1379 2647 2299 2042
2706 619 2705 2197 1286 1520 459 2831 2712 2194 894 1671 2167 1844 685 1703 2427 565 922 2348 2612 1288 2401 334 1363 641 2727 750 521 2476 1232 2162 2308 214 2481 1338 573 2268 1315 2043 506 147 879 1375 1449 2403 2486 2160 1251 1927 285 2468 2721 1199 2425 325 650 1283 1660 2760 2635 2707 1622 217 644 795 1227 48 2811 1814 1514 1258 1757 1735 1364 882 1373 236 621 171 1456 1330 1401 557 472 8 2285 2801 262 1129 1603 2738 350 475 385 2617 1057 1509 2153 2833
1663 1679 169 1369 1328 2649 1782 712 947 735 925 1444 2837 1623 26 1045 1054 1544 2050 1870 1381 348 2454 2130 1658 2836 1649 179 2241 1796 2707 51 1261 860 1617 1218 2439 1417 2769 2714 1489 2767 1993 2721 715 1051 440 2628 1416 2840 1644 1948 305 64 2034 480 1569 2528 562 2826 1840 445 1422 221 1096 2545 943 2011 1407 48 1405 2538 201 2817 2790 1926 1934 663 900 463 1710 2411 1029 1624 194 1640 2300 1146 155 645 550 1860 2309 100 1437 1656 518 1752 817 2501
2034 2545 1569 2309 1860 2713 1796 715 64 2433 439 1316 201 1948 100 1416 1096 2272 1490 2376 2650 2721 48 562 1636 2826 1453 2815 2289 1584 2241 1148 1051 1496 155 1901 2023 2352 204 1381 305 1965 645 1993 1658 2130 2454 712 168 2836 1752 1606 2714 440 348 2556 1489 2649 2755 1617 1386 1649 563 2393 2123 1369 1437 735 2419 2769 2135 51 1840 659 2305 547 2207 179 1045 1663 613 720 2088 1782 1623 231 2045 860 1986 1134 2628 747 925 2707 1701 2553 857 2842 900 1054
1242 2269 352 2797 2223 2139 1982 17 1283 2092 1814 2833 2338 1698 1366 1539 385 2371 2484 867 1338 2266 2576 428 1607 147 1571 2607 1735 299 667 2197 1514 2403 166 2529 1815 2844 1925 2633 2158 264 226 2412 656 1826 1572 71 810 2811 685 2194 1622 741 2672 2717 577 573 958 1816 1129 2100 476 1684 1457 787 557 160 1315 1227 1619 661 600 879 1761 1122 183 273 1549 2063 195 1994 317 1291 1409 1286 1828 2425 1556 1108 2486 244 1589 1520 203 857 2524 2431 2372 2476
1315 1364 2554 1336 2522 96 335 189 1251 1013 2608 2160 2401 2612 2153 45 894 2060 2182 2760 1632 644 1032 236 1953 2230 2043 621 2841 2705 2498 856 1907 1064 2502 2643 2591 2079 1217 861 1702 2751 1726 387 2476 1171 2313 2442 924 181 419 762 759 2056 2562 1927 229 2448 300 2348 171 214 1108 43 1797 2831 744 2567 468 2457 1560 2725 183 2678 22 957 20 1318 2386 793 1283 1288 1866 2425 42 2197 1858 2188 2720 2030 1471 1365 1139 1487 1738 1703 2171 2464 2152 333
1753 2777 1125 2077 1842 18 2772 2478 1834 1252 951 70 601 2015 2 2818 1759 2663 2757 2510 2561 767 1165 1557 297 431 328 2302 1390 2238 572 2242 315 103 1839 2622 1323 1333 2737 1448 766 2546 1230 1343 1798 277 2759 1846 596 395 2022 364 1019 2615 436 2441 1969 2277 2504 2113 545 1558 2149 191 1389 898 881 2702 1035 789 215 67 737 529 2323 75 2579 2016 1511 2756 2489 1394 1804 1900 522 2644 502 2315 310 374 2040 135 119 2413 1235 1213 754 949 2583 1004
818 2202 541 379 2695 2605 917 926 751 920 1482 2240 1014 469 2033 39 2383 1693 2699 2020 1748 1626 2804 1818 1180 1950 2080 75 2754 441 1372 940 2780 902 2297 737 1687 1357 2733 590 2489 230 2630 1523 2347 960 1120 357 2345 1116 2281 2368 581 321 1832 728 1169 845 1459 1943 2497 2242 2114 279 14 32 1192 2637 931 1900 949 993 2073 1538 55 87 794 2275 2651 1856 1476 2190 2621 736 2752 187 1846 2166 2745 2234 1805 777 341 2586 1919 1259 2604 1559 1517 2239
79 1067 2305 686 2068 2135 2286 246 1055 1547 2766 137 1076 2041 1452 2511 899 1212 722 2294 1463 2842 1935 1944 140 2728 2741 1134 2665 1868 1869 2813 725 1937 876 2319 447 1056 2558 1130 2825 67 1606 2509 2580 1951 2436 165 12 1777 2583 1959 116 1672 1940 646 804 2383 494 204 2251 2748 97 1175 86 1899 2248 1809 1810 2207 2435 2736 2393 1464 993 1126 1825 83 1306 2719 1180 2382 1185 1905 293 350 485 359 2174 2598 1639 2166 146 948 1244 551 2506 1178 1209 1980
1649 1054 1679 1623 2837 169 1663 1993 2050 1544 1422 2241 947 2628 1617 2707 2439 1840 1381 440 2011 735 712 1658 1045 1328 1444 645 1782 1860 2130 2840 1029 51 2767 2836 2826 1437 445 2650 562 155 1261 305 900 2769 563 2649 1417 550 1552 201 433 1218 674 769 463 1253 1640 2454 197 1870 179 1369 1901 1636 2001 319 1051 978 1796 2735 480 2069 2352 950 134 826 2688 1948 2713 2397 663 1202 2714 194 1496 2084 2606 2272 1489 489 2544 860 1416 1096 90 2309 1208 1123
2810 1188 922 2043 2171 2666 650 2313 2425 1927 2160 217 894 1603 2167 2216 759 2089 1365 419 1858 285 468 2816 2612 411 2079 1632 744 1763 1703 1524 1844 1108 1315 1456 37 2751 1284 551 609 1364 2179 2401 1602 565 1227 2573 826 122 2427 2554 2162 1199 203 1013 2476 506 147 510 214 807 1330 2444 1171 22 2643 750 2194 1541 2841 1605 1059 594 154 2725 335 475 2567 8 2197 148 1629 2831 1509 1916 1286 2278 1288 334 2255 1671 687 762 1696 732 189 1232 2657 1953
1127 484 1780 1317 2091 580 1465 49 1220 1022 331 430 478 1612 1395 655 628 326 1282 2794 2061 1787 1293 1140 1505 525 2765 1097 159 363 1923 534 467 2301 2407 618 999 200 1274 27 1378 2634 2429 456 699 1921 408 390 858 113 2669 162 2698 1008 758 1438 33 753 2137 296 1024 1135 2687 721 31 1598 471 356 1961 129 61 2017 1050 2059 1781 501 225 1109 1039 2715 1991 1756 1037 2236 679 89 2244 1273 1755 389 1885 1048 1662 1010 643 2316 1715 726 209 108
2000 291 251 1106 589 614 2054 898 2072 1306 1361 2784 1883 658 1451 1798 1559 1137 1786 1166 2540 727 240 2149 1597 395 1087 1928 1558 1971 1773 707 2546 1353 1257 714 646 2113 483 376 832 2409 789 1394 1427 485 1951 44 2504 1175 1561 182 374 293 803 1672 2656 954 2277 426 364 1161 1535 1333 1213 2112 215 962 1207 1230 1115 2579 1447 2324 572 1469 1389 581 2381 101 1300 2024 634 1483 2323 1847 1513 1004 737 149 1749 63 1990 1900 1685 213 949 529 2701 436
1054 1679 2837 169 1623 1381 2241 1649 712 1544 1444 1993 1045 2628 1663 2439 1328 1658 947 1617 2050 2836 2130 51 1782 1051 562 735 2840 64 440 1948 2707 1796 2826 645 305 1416 1261 2650 1422 2011 48 1218 1437 1096 2034 769 439 155 2714 445 161 1640 1417 2767 2769 2352 1840 2454 433 480 194 2272 26 550 2545 197 1029 978 2544 715 259 1552 2721 1860 2358 1752 319 2289 1369 2652 674 900 563 348 1569 1870 1253 201 1319 860 1208 2375 1710 547 2007 1788 168 2069
1088 127 154 1375 934 551 2749 1629 203 1863 687 366 1260 226 1059 798 1665 1524 793 1696 2339 2444 859 1283 2468 147 1267 385 1947 2094 918 1355 30 1596 2740 183 2141 242 957 1724 1653 2198 756 1930 2548 2013 2374 1591 1279 2710 2246 1675 1811 1514 1716 342 2048 1365 1803 1377 2327 133 1034 1576 641 1960 1093 1167 1462 2403 1421 540 270 2725 244 548 2508 1183 2838 2464 2155 814 1196 905 1324 1931 1454 1768 1108 82 1580 1234 807 1861 1227 1575 1859 630 1765 2004
2623 546 275 620 2468 236 1866 1380 2608 1697 167 1911 2631 285 2167 1260 2141 196 181 2474 1458 1514 2115 1702 1221 2710 2691 205 327 2043 281 650 1183 20 1280 459 1665 551 2268 582 1684 1205 1591 796 2013 1947 1084 2749 1882 2514 2725 787 958 2174 270 147 2572 732 1198 1324 2823 2203 2263 150 30 2056 475 127 45 1080 448 2194 210 154 2791 1765 398 1440 2030 2348 298 1907 2374 1387 756 1709 1616 1724 851 2197 2522 661 2503 1283 143 1113 2761 1477 1267 697
1860 439 64 2135 1212 1606 246 899 116 2309 1569 48 494 1899 1636 137 2433 2665 722 1552 2034 2766 2545 2741 447 1316 1096 603 100 1463 2842 1948 201 1547 204 659 2272 2813 1134 2815 1345 715 2289 562 2826 747 514 1724 2511 2207 1747 1234 1993 1639 2305 2393 1095 2825 2248 948 2721 892 2080 2435 155 563 1051 1944 1416 714 2644 146 1558 2558 804 1276 1392 210 1490 835 1801 510 2650 1646 859 148 2298 2755 2686 1684 1540 692 2586 2506 1901 1861 2713 329 1732 260
1453 1490 2376 2289 204 2433 2650 2034 2309 64 1569 645 1901 48 439 2842 2713 100 1606 562 537 2305 591 2826 2840 1547 168 2088 246 1796 2135 197 2272 2700 155 715 2652 1056 1860 510 2482 1212 137 2665 51 1416 2511 1940 1738 2545 2207 2118 1365 231 1208 978 440 722 445 2352 1319 2815 2179 2241 1964 900 804 659 1463 2813 1658 1488 1498 1948 2769 1096 2570 2239 2131 2011 2454 2085 40 2791 205 563 1381 547 1148 2721 1316 2708 396 201 2382 1183 447 2573 1257 2068
1638 957 2071 1933 644 396 1618 1858 2101 42 1515 1790 1283 1907 2627 166 1939 1637 281 2791 2351 582 1349 851 1514 2030 1108 829 448 2261 844 2508 388 537 115 1276 1621 629 2339 1425 1365 2048 2372 2256 466 755 1865 232 2688 217 2464 1088 229 585 1312 2823 2720 2614 2675 2691 490 214 651 38 163 935 2473 122 43 661 1113 520 2249 592 2444 1556 147 301 1059 509 2457 2740 1217 387 2317 1702 809 1610 2807 1911 2750 1153 244 2168 1539 451 5 1697 908 551
2474 928 1546 2761 546 1419 1596 957 1800 1591 1211 1880 1702 937 2608 2609 1183 1454 851 732 551 2310 1947 2048 406 1960 527 807 181 2067 236 2182 620 2678 1583 2498 2843 2734 1234 2386 1458 257 392 270 1080 930 1260 1657 468 387 515 648 908 2174 2487 811 651 2468 616 519 2763 2503 2710 2688 535 490 1882 1364 40 154 1138 1802 1286 976 2425 1837 2256 2194 476 2623 1358 2448 956 2115 1133 1064 2466 1894 1684 2249 1221 2457 210 1866 2551 1645 342 793 761 2197
1394 1631 962 2504 596 1801 545 2566 2323 1749 2759 395 1558 1689 1298 101 1590 1535 1798 2277 135 2547 529 2381 558 737 1743 376 1103 2324 1561 95 2700 2317 1990 499 949 2579 328 374 182 1945 757 1334 1178 754 2785 1804 2737 1091 1230 291 1087 1137 520 2242 2180 1839 766 2827 2000 34 2699 576 2523 695 1448 1265 1999 1434 1867 1231 424 1898 251 1224 2441 983 1683 1714 1996 2149 1914 1228 2413 940 1722 1478 1427 1760 617 1538 634 1785 2016 63 75 1343 2112 1928
1598 1555 27 1630 1435 623 2226 2224 2796 964 471 1438 2495 1564 853 1266 446 123 969 316 245 400 1775 1172 116 2280 157 2221 540 97 986 618 109 137 965 1070 200 1505 1725 2144 1349 1981 906 1540 2646 625 2071 538 237 2140 937 1757 2089 2183 994 904 976 911 1099 708 2719 1600 2708 858 890 2808 368 1721 679 2786 1248 2507 739 30 864 147 358 2337 616 2174 81 1441 1618 2339 754 628 2444 1220 2248 2428 1567 1715 2513 2148 2631 2756 1803 551 1473 2814
2501 1934 312 2411 2832 85 1102 2528 1656 2044 1405 2790 1644 987 943 635 221 2817 188 556 1926 1624 817 1752 547 611 1796 1617 1319 155 2300 1386 562 2419 1782 1545 1407 2069 2034 2270 1983 2574 1636 735 1422 1316 305 518 2545 2397 4 1901 1146 559 2836 2538 1045 626 2082 463 1993 2826 1658 51 2011 2721 2454 2007 995 439 2439 2241 1029 712 440 613 1369 2724 826 1640 64 563 900 1840 259 1328 283 2222 1437 550 1948 2477 1569 134 1965 433 925 663 2050 1663
1050 2301 129 1923 324 1062 1048 2429 1317 1715 628 1395 1635 484 363 408 501 1465 1037 390 2053 1967 1929 2687 1787 1662 1813 1140 1438 131 2407 430 2059 471 840 389 1124 2280 314 2091 1282 1008 782 1648 2634 2806 1505 1730 1039 456 209 52 2244 534 2173 1026 1378 331 1135 2396 61 806 108 2715 2794 618 1018 326 580 31 1275 1024 1568 1875 1755 2465 2505 1756 2236 1921 2137 2765 346 295 1612 1273 2669 2632 1789 225 1781 296 1543 1220 758 525 655 786 1281 245
1702 2468 1083 2725 1726 2591 2678 759 2643 1318 2457 181 582 1596 2278 2608 2823 2807 1525 732 2168 957 42 2464 2230 2572 387 509 1661 1108 1280 2554 1797 2740 1315 2476 2498 236 1217 844 2751 894 1232 1536 2760 924 1364 2425 2841 636 2448 2351 956 2503 1139 644 2688 1697 1260 1336 396 1953 2060 189 2182 2048 2188 122 2710 45 661 1283 2404 167 1514 546 2153 5 1365 2386 1488 205 2562 2030 744 851 2124 2079 270 586 2056 620 1088 2339 1426 466 335 1227 856 2160
879 1675 1724 1665 2187 2460 2581 557 1350 570 1861 1494 756 720 2548 1619 366 143 1375 551 2456 2186 1392 82 2174 859 1776 1925 372 242 2694 1358 1837 2363 2330 2691 2761 1947 842 287 797 2727 1575 158 210 2703 2327 342 798 2517 2198 807 1432 133 57 1792 527 2709 892 2672 1572 2229 2619 1345 1113 2184 1539 270 1653 2141 2461 77 976 880 2541 1863 1025 2844 1684 1664 1193 267 1580 1349 796 2607 857 1234 2732 1880 404 1732 1238 2215 46 1520 704 1086 1552 2127
2059 1503 726 1475 1262 758 455 2236 2794 1789 1024 464 49 1039 363 1127 1655 806 1781 1875 2552 1932 389 52 2244 1050 799 1274 1062 2232 2693 734 2715 2698 2531 1967 1706 1568 1481 501 408 1465 840 484 1563 1273 1282 999 1831 495 452 1827 129 314 2173 225 2470 296 2142 356 131 653 2280 927 2674 1378 2025 239 209 61 418 838 1612 2765 390 28 822 1813 2465 2505 1787 2193 268 2091 207 1635 89 1438 1317 849 649 68 1708 2396 192 313 2137 383 786 2429
1280 1371 490 828 2740 1525 2386 2718 1665 1380 2374 2247 1113 2572 2278 2838 2582 1347 1596 2807 294 2464 592 1726 905 1318 2317 2678 2623 1279 1536 946 2520 398 377 1758 582 2086 1198 2327 1768 84 2734 1064 1170 2210 42 1620 861 636 1664 43 2263 1352 45 1973 1595 2048 2195 448 969 1616 588 603 1077 761 516 2578 196 1575 133 1792 2030 1570 1204 2448 2506 793 1458 2761 1960 2275 2468 851 2067 40 1659 1092 1128 1914 546 2174 2453 2203 1751 2498 2522 270 366 1336
702 848 1908 284 1830 931 903 1107 1845 2601 1310 768 2471 502 835 65 2388 1340 2624 1512 1821 250 1720 1254 1114 990 1608 126 688 578 297 2276 103 1323 684 1235 522 1975 2754 1767 1413 1391 1186 1626 2080 2368 2605 1372 917 2780 603 575 1482 818 2275 2020 2637 1507 830 441 1732 2033 2314 379 1450 279 2447 1691 1397 1400 1120 1611 2695 2192 2242 693 1620 1832 794 2802 1759 1016 2347 2383 512 339 1557 1523 1943 2297 2586 1646 767 590 1459 993 2630 2604 1748 357
714 1333 1207 898 101 1257 395 2540 1900 364 1535 1427 2040 1558 1087 1590 1798 1166 989 572 1137 658 93 2149 2072 251 1743 1451 727 1928 436 1361 2504 695 766 2759 529 374 2579 1786 2329 2242 1434 589 545 1178 426 1334 328 2113 63 2409 1306 954 310 2656 895 1230 1597 1773 341 1513 962 949 789 2320 983 293 291 376 215 1298 803 485 634 1561 581 1795 2546 1847 1106 1693 2323 794 2756 1971 240 1856 737 2754 1611 1228 2368 132 2238 1712 2022 182 2780 1559
2319 2719 2813 79 722 2598 2436 246 447 692 2068 2393 948 1134 2842 790 140 2041 67 2135 1660 2382 2730 1243 1783 2292 2607 385 1067 1554 2665 1810 1452 770 2005 2704 1379 647 1223 2248 1937 204 2741 899 1526 2385 116 1463 1130 44 876 1547 2299 2435 1899 894 1980 2305 804 1131 2582 2290 813 350 1940 2509 1966 435 137 1244 1935 1946 1466 2258 1868 1707 1311 1309 1375 544 494 993 1841 1606 2419 1165 725 797 1126 2286 1384 1120 855 2409 2207 1076 1204 1370 1055 1944
879 143 147 1358 2460 366 1509 557 551 1575 1494 2694 352 2672 1947 2738 2327 687 1863 859 797 661 2298 210 2129 2088 570 1515 1537 2726 476 2691 1401 2174 1196 1861 2761 1215 2330 2710 2139 2581 697 2635 669 2160 894 342 1345 2758 1696 1069 851 1660 2189 2709 1619 2291 2797 1925 592 844 1350 2138 1724 2661 829 1375 1238 690 641 1549 150 2162 1684 2468 2517 244 1927 537 1217 1432 1315 1732 2339 2048 2494 1283 2456 498 957 133 1330 2197 861 2094 1129 2633 1539 43
887 1470 2328 2647 2778 841 819 311 945 1354 749 1667 1579 1770 919 2792 639 2824 515 2146 930 1154 2459 1531 748 2575 579 1585 114 1791 9 952 1977 914 492 673 303 1210 1157 723 2299 982 2723 2491 1179 339 1574 2290 1851 923 875 1534 2582 1289 69 1958 2488 118 2026 2065 1347 1769 1642 2618 2151 513 2682 1351 1578 2559 781 2000 2349 725 998 1368 567 1209 151 2147 615 2209 1236 1819 896 25 1493 863 2730 450 566 1583 1767 1287 112 1466 1783 1854 1526 2793
1726 844 244 2572 1371 2494 1113 23 298 1426 2678 2152 1083 398 84 1515 1198 1702 2203 40 1221 690 1659 582 2502 1864 629 1616 2386 1570 941 2760 1525 973 1080 2677 1537 98 2751 1214 22 1819 1949 270 1280 2503 1205 2608 6 2182 1171 1364 1184 1458 181 353 2048 2348 2620 2115 2056 327 466 509 1199 1380 1738 640 1632 2464 1744 1696 956 2761 1922 117 732 546 851 1139 796 2457 1697 2118 2116 946 281 1251 1285 820 45 2768 5 236 2691 2359 909 2567 1488 420
958 787 273 1514 2460 2691 147 1539 1227 969 1059 551 352 2444 2194 2094 2619 448 1907 154 638 2710 2517 1242 210 810 1696 2174 71 30 1283 957 167 160 476 2013 1366 2529 1217 557 1861 1572 2246 2197 143 1884 1 385 1286 661 879 718 2004 2096 2709 1069 2048 793 1939 1792 1360 1979 1889 894 1880 127 1358 2468 1270 1520 1927 1684 20 1844 2631 2268 836 1196 57 1837 570 892 2761 2608 1324 2797 2758 1234 2623 46 307 2363 2160 685 1025 183 1200 2115 2431 861
2113 1951 1115 1175 485 2546 2178 149 1513 1306 2024 614 2409 1019 589 1795 1685 1559 1773 1213 1161 1847 2784 954 2066 426 2143 2054 1389 1535 215 293 2000 1300 1597 304 634 1672 727 658 63 646 1786 2430 24 376 182 291 1451 1869 1333 2787 483 1760 1106 1361 1743 898 1166 1353 1798 2437 2022 1561 251 1836 2277 1804 1228 2656 240 2072 789 1257 29 1883 967 1178 1469 1087 1434 1693 2540 1959 1558 1846 1971 1483 2202 558 803 962 436 737 2777 1900 145 1176 1447 1856
1588 1132 536 2668 121 1065 332 1431 427 1418 2029 2786 569 142 555 554 193 176 988 802 429 1256 1793 2423 1890 868 2415 2090 1430 866 1268 340 1888 1553 1393 2117 901 878 36 2217 2568 417 1562 1492 21 681 743 2384 62 2743 199 2227 597 500 1910 680 289 1686 1033 1699 733 1398 979 2108 2451 571 886 2539 2428 2629 302 2513 432 361 2430 2249 893 2578 1053 1736 2078 2380 1806 2795 2798 1499 1249 1613 78 2031 323 2335 2098 166 1047 2333 1038 2120 1272 292
1540 1349 1910 2138 961 1618 892 644 591 2339 2340 969 2513 1276 616 36 2094 665 1329 669 685 400 1301 90 1724 147 2327 708 1025 1358 1425 2648 468 1286 2688 537 1575 1242 957 2619 600 1330 1792 861 551 2614 1103 1837 1626 540 1234 899 1327 1728 1861 2197 2048 1828 1365 1994 1070 2610 2842 2212 1630 448 571 1447 385 2343 2758 568 344 2798 391 1034 255 134 115 1768 2709 376 1939 2635 1596 1231 41 1197 1360 2413 2246 1766 1253 565 499 959 2442 891 1181 2783
2113 2784 1175 1300 614 1951 485 376 483 1161 1749 240 1306 291 2178 2409 1469 1019 658 1213 2054 1513 1447 1389 1847 1483 2072 727 789 1898 1672 2546 304 2024 2066 1115 2000 596 646 898 16 545 251 1559 589 1353 1597 1137 1804 44 426 1244 1394 1795 149 1631 1535 1166 2540 967 1087 1990 707 293 1883 1427 761 2437 1230 2277 2381 1836 215 1558 63 1228 2022 2504 558 1773 1333 1106 95 1361 102 395 1928 2547 803 2403 1178 714 328 572 262 2317 1291 2759 1914 1798
196 1525 2623 1371 1170 181 1280 689 2263 1702 1198 2474 1204 2353 2132 2572 2791 1762 1205 2591 387 150 1819 1596 2734 732 353 84 1659 2165 183 265 2374 474 785 2720 2014 117 2361 620 2019 1973 2498 2464 1083 1077 570 956 2386 1318 422 1625 701 1765 1183 2503 43 2582 1665 1864 2554 2125 1953 1184 1113 256 206 2086 45 640 2303 2678 509 1380 2141 2760 2048 844 2203 946 2448 2522 1458 1758 2468 2348 1911 1616 294 133 582 1633 40 1947 1949 862 2608 609 2645 949
1631 558 1898 545 34 853 1945 1801 757 1228 2277 783 328 232 1093 1683 2547 2317 520 576 2838 2233 1785 341 1689 1727 2422 1996 949 1914 2508 407 2111 2413 135 1999 63 1224 1091 1394 2472 1103 2278 540 2180 695 596 2523 1669 88 2785 777 1728 2759 499 1230 1269 1087 754 761 1448 824 2641 1856 1722 95 898 1849 1561 457 1019 1476 2354 683 1665 1178 395 132 2224 2756 1116 1839 2058 617 2254 376 592 1507 1137 47 2737 1334 529 2295 374 856 1365 572 2242 1714
2777 1753 1125 2772 2077 18 951 1842 2478 1834 1252 70 2 601 1759 2818 2015 2757 2663 2561 1165 2510 767 1557 2302 1390 315 2622 1323 297 103 277 1798 1900 1451 67 1235 1839 395 2000 688 191 2320 374 2161 431 876 1230 364 2702 2314 2504 881 1980 1257 1969 1558 572 1678 436 1448 1951 1511 215 2315 2737 2277 581 2546 2579 1004 2759 2624 426 2113 291 2040 714 86 766 545 898 2509 1306 1333 2583 2323 1908 1176 1343 803 102 737 940 727 2072 2746 1175 1296 1391
1453 1490 2309 204 2376 2842 1901 2433 1940 2826 537 64 2511 1569 1606 1547 2207 2135 137 362 1841 2650 1134 201 2665 1212 439 48 1825 1986 2305 1860 2289 1056 562 1964 246 1463 563 2419 2713 2034 493 2736 659 2258 1116 2085 2239 165 1738 722 2080 100 1482 804 715 357 40 2303 2545 1999 683 1126 1792 1488 692 2179 2213 645 559 2741 1449 1096 1636 1596 591 155 2813 433 1993 2841 1626 2131 79 2352 2838 900 1548 168 2572 1965 231 2825 1057 899 686 856 2272 1130
2543 1724 1947 607 2660 2310 1657 1960 2392 1237 1197 1800 2140 104 463 2791 2125 1567 2749 2775 519 2019 1765 1057 2093 2357 2796 1981 2842 154 570 1906 1495 1449 897 585 1516 1894 1321 1415 422 1758 843 1859 899 2258 1211 1031 1976 928 2524 1727 2741 2453 1036 2135 834 1144 2555 918 196 30 1098 1546 2823 708 1365 1454 474 2729 1665 2263 333 246 548 2623 116 1633 1130 1521 156 183 538 571 2067 785 1978 174 257 1058 2374 2838 1907 186 2460 2246 2369 2156 515 2256
851 2627 1449 396 1947 40 2457 2263 167 1200 2030 294 1260 2468 2823 1057 2374 1198 275 957 1591 2351 1044 1170 2572 1280 309 1960 1621 205 38 2608 2086 1709 1144 1514 1858 2749 388 1371 2562 1596 2425 2503 2474 2623 1907 104 1084 509 265 327 2734 844 236 1205 333 1865 2197 1659 1088 2310 2522 1061 592 1098 2056 1525 1387 2791 2195 2573 1199 1880 796 163 2678 519 1036 493 1550 546 570 488 133 1758 630 147 1987 1894 1859 1911 2498 1702 1066 20 2303 861 23 2595
887 819 1470 1667 2792 579 1585 1354 923 2328 1209 875 930 982 118 748 567 919 952 2618 2575 841 513 2416 1977 2065 25 945 2304 311 1769 1854 2778 2459 998 151 2349 1210 1179 1531 1791 2793 2488 1526 566 2723 1154 1579 639 7 2290 492 2730 114 2647 975 2491 2299 2559 2516 1583 2225 1528 2658 1851 1578 528 1271 2746 2682 1511 1442 515 1770 1005 808 910 2711 1642 9 382 2151 1063 2026 1347 2252 921 593 1819 1783 2000 1864 845 2097 749 2490 1367 2824 3 1651
1801 2277 757 1631 545 1999 754 1394 2566 1728 135 576 1945 1914 529 499 1839 949 395 558 2381 1714 232 2413 2323 540 2180 2472 2547 1689 2422 1228 1230 596 1990 1785 1178 341 2295 2785 777 1483 2700 1103 2561 88 1035 2317 1334 2523 1683 47 835 374 376 954 2759 1304 34 1760 1867 1712 1804 1091 1722 1561 1448 761 328 44 1224 70 1116 1476 63 520 1254 1231 1535 1898 824 926 55 182 2644 1727 2111 572 424 1836 19 1743 1383 1996 683 1548 2699 695 1447 792
2769 2130 445 348 2050 2241 1045 2011 550 2840 1840 2649 179 562 2375 480 1617 440 2454 1422 925 2148 2189 712 663 645 2650 1328 1983 1575 2574 2714 518 735 197 977 1870 228 1993 1369 1552 2082 1146 305 1319 2538 433 720 1710 77 366 611 1576 1716 421 2289 892 626 26 1276 2439 1782 1658 2418 704 547 947 1486 2213 2721 2662 1101 2069 59 42 2707 1796 2401 2513 1649 880 4 64 2076 1623 1901 2631 439 1358 185 2826 1234 2836 1279 170 168 2123 1590 51 1208
352 147 385 573 1421 577 1816 1815 814 1366 667 2619 1863 2153 2431 2607 1338 1270 894 891 867 1939 1283 226 1660 2481 1925 1982 2529 2797 665 2633 1530 2844 991 600 2612 1009 1607 166 661 1373 506 1341 223 2138 2425 1199 2635 829 888 2372 1615 244 476 1703 2738 405 2811 2197 1880 1797 2460 644 1069 2013 262 1735 217 1159 1315 641 273 557 2513 403 1286 267 2094 732 2313 1619 2266 1227 2835 1324 1537 1844 537 511 1618 879 1295 2403 1221 1509 1539 2710 669 1
1882 6 1221 690 582 2623 2706 285 1697 546 1080 1726 2152 2678 1603 1198 2502 2494 2048 2474 327 1687 385 2203 1184 1371 973 1537 762 1525 1400 2572 1180 1570 226 2529 1661 1536 1083 23 2726 2386 1925 2348 879 2768 1816 1744 2620 636 1440 2691 2761 270 1515 1015 1659 352 956 1251 1702 1880 1380 300 40 1183 2468 2222 1108 629 814 857 2571 1982 2460 2476 850 196 398 621 2672 2677 557 2174 386 971 776 1768 1462 1480 941 1043 1025 894 1267 2194 2431 1397 2607 117
1175 1951 485 1306 1869 293 727 1672 1300 2787 589 1559 658 876 1115 1959 1786 86 1451 2113 1361 1452 215 1558 1513 1230 614 2000 2546 182 2054 1106 962 2540 803 954 483 376 1795 291 2409 145 2178 1535 2784 737 29 1244 2068 2748 1357 251 845 1180 395 364 2136 529 789 67 1257 1798 1809 1693 2436 2383 2016 1427 1166 572 1055 1019 1161 2656 1928 140 2149 2737 2320 2329 646 2305 926 2240 79 1213 1483 1004 765 1149 940 581 359 949 1900 1016 393 436 2504 2174
222 1933 2342 1790 1504 612 1023 1688 2512 1436 1736 453 401 2450 755 2163 2074 1628 1808 141 2218 2098 2274 1872 2642 1305 73 1047 1806 2071 2055 2201 816 935 2750 1599 437 2362 981 2122 451 399 2775 1233 599 595 2679 2722 1404 2587 2645 1903 208 2009 666 396 1085 2577 1155 1160 2747 823 380 1249 1100 2537 2578 1145 2096 760 56 461 1638 850 1089 172 1241 385 2452 2355 2513 1163 156 2446 536 2431 460 1337 1793 1784 1909 908 1717 2678 1613 694 571 1105 2117 1510
2320 2615 967 1448 1149 29 2756 1804 1265 1597 286 634 2354 1535 426 1867 2172 2533 1558 293 1728 2024 1334 2143 2566 754 291 2323 24 1722 2295 91 2413 1849 2235 376 1798 1689 2673 558 119 1296 2021 2472 1451 1743 707 2430 589 898 1091 1269 1719 2408 213 2579 954 1383 1834 1561 714 1230 1257 1361 1166 2242 135 520 2149 395 251 44 424 1178 101 2277 1483 2129 2296 1928 2324 2016 1224 232 2656 1478 2504 737 1469 1945 695 1836 789 215 727 1346 2759 2787 374 949
2291 2057 482 647 2719 2683 2704 2526 2639 790 1874 2220 2499 574 494 1439 2319 1433 2728 146 2435 2051 939 1592 2292 598 1931 255 864 725 531 1876 692 503 2048 1616 1088 404 150 1477 1696 994 2115 1819 1406 1771 2761 2427 270 217 608 2359 2691 1677 2324 2210 1221 491 128 637 1998 1330 447 2440 1983 1462 2541 2558 202 2838 629 677 2421 1458 972 1139 1555 2419 196 498 368 915 2245 1725 40 509 2725 2494 2183 2424 444 2037 1223 894 1352 1654 627 1680 844 1541
273 2691 557 1907 2460 2468 2444 2749 1234 2524 1349 1217 1059 147 2791 2104 1792 1837 2249 1514 57 2619 1260 154 2517 210 205 2363 1072 551 1242 1861 787 1724 2457 2351 1 30 509 576 958 388 2608 236 2246 879 1080 372 969 2174 448 1696 442 810 1939 1556 166 2058 814 1976 1709 385 2357 638 1200 1286 796 167 275 1088 959 591 1355 2030 2738 2194 473 2339 651 2675 2823 2808 1995 1197 871 244 1025 1227 570 98 1880 1272 127 352 1365 1811 1358 1548 571 856
767 1753 1125 2777 951 1834 277 2478 2077 2818 2510 2772 1938 431 70 2 18 1842 1252 211 1443 1980 1759 2015 889 1557 2663 1035 2757 1833 601 2302 1593 1839 315 2315 1165 2622 369 1845 2561 2532 2741 2624 395 2686 1394 1004 126 1795 2700 2702 1747 596 75 1989 1257 1390 1460 2547 102 1847 1447 2190 2441 997 1178 1224 2577 1463 903 931 461 1343 1186 529 2546 1836 1801 374 1161 2496 95 522 2016 1091 2388 1760 2254 63 848 2661 60 2277 1176 1434 1114 940 1103 1137
2272 1948 2352 1051 1096 1416 64 1496 194 2628 2815 1218 439 1617 1658 319 2721 1381 2556 1636 2412 1261 2034 1965 1862 978 1860 2713 1552 1649 155 1782 562 2836 1796 1054 1569 1316 977 2650 169 2241 2439 48 645 900 685 2755 2545 2826 1544 1640 715 659 305 1623 950 497 201 2707 1345 1901 2837 2131 1486 1840 2767 2626 100 1148 2309 51 168 2001 1897 2045 2652 260 1752 494 965 2811 1208 2004 2735 674 2213 1437 317 2007 1319 2544 2138 2592 1045 1710 2088 591 563 559
1442 1511 2299 1526 2290 1243 2516 593 2746 2151 2730 1783 1466 1325 1165 1379 1005 2788 1581 1794 1966 749 435 2302 1969 1946 2364 730 1871 2251 1068 2680 673 1142 2492 365 2005 2519 678 2243 544 1968 855 1309 191 2697 605 774 513 2830 1731 1131 2560 1573 923 1498 2196 1040 151 336 1311 2618 1913 610 2417 1936 112 2549 1133 1020 253 662 881 1850 2559 410 434 1094 1634 1174 2304 2793 1985 2624 800 25 1209 338 1138 2416 717 1779 1154 1579 2006 1110 2377 297 528 870
333 509 761 2641 2180 493 2374 465 107 419 1217 2317 1714 2508 861 1765 2554 856 957 2326 2623 2422 133 1907 2233 757 34 210 1093 1665 96 2056 2414 2263 1177 1336 57 834 45 1999 844 47 55 407 230 462 2277 1702 1841 2360 576 1277 2464 294 205 783 2522 1727 2791 2457 1205 1013 777 2058 2547 1996 88 1713 183 548 1091 2591 1538 617 546 1801 1044 592 2202 2751 676 275 2159 2493 1960 2838 1064 95 1947 1792 1116 558 2823 588 2572 1198 2555 236 2160 1515
1434 2656 1786 1693 2149 182 737 1743 1971 2040 310 1257 215 1559 1298 1106 1451 101 954 364 962 2016 2737 1900 436 2827 983 940 1535 926 1798 949 581 395 832 529 1685 1343 1361 1856 1004 2190 1818 75 1760 2504 1785 2129 803 1176 2441 1558 2804 695 2000 2699 2323 1561 2114 2566 2759 989 132 2242 617 2381 1178 1712 751 374 1795 1091 766 2368 1773 251 149 2112 1224 95 1230 1334 572 2651 2297 960 1087 341 1357 2546 693 777 2615 2020 1228 2324 2021 2787 371 39
1463 2041 140 2068 2286 1868 1935 2294 2305 79 686 1076 1944 1452 2665 2741 2813 722 2393 2558 2135 246 948 1937 2382 1547 1606 1464 1055 2511 1067 2766 494 1212 899 2436 393 116 204 2580 1639 447 2842 165 137 2248 804 1130 2825 1185 2136 2728 2319 2207 483 599 1134 2469 657 2736 725 97 2166 1998 172 2537 1734 442 1186 1777 647 1126 1488 1899 2292 491 30 1056 863 2055 876 1382 1244 666 1308 1602 146 1901 1082 1825 1646 693 2493 2080 1115 1573 1258 1717 2309 1300
2624 1323 1235 103 297 126 1845 2601 688 502 2471 990 848 768 1908 578 1608 1186 903 65 1391 1830 1340 931 2314 702 2276 284 1413 1114 250 2388 1821 1720 1512 522 684 835 1107 767 1310 1120 1767 1165 1975 1810 277 2368 2695 2329 627 2478 693 2136 2302 2509 800 2805 379 2290 1254 749 707 1259 373 2383 2299 1372 2637 2297 1379 1459 2240 1451 1357 1410 2020 1626 1919 2563 102 1943 1147 818 1106 10 881 954 993 2780 1507 2345 2033 492 2605 2730 1794 1434 2000 1944
969 568 853 2627 2318 396 1960 301 392 2763 2085 244 2101 2132 167 2030 1425 2331 2001 1978 592 2264 1514 2363 809 1077 1200 937 630 1454 1119 1979 2351 918 40 557 1242 20 1477 448 2303 851 2508 375 2494 2391 2543 2795 406 1419 1637 1329 1331 147 237 687 355 2838 519 942 270 214 2186 1659 2688 2124 43 2573 1939 908 1400 2179 2071 1718 1371 1049 1548 490 2262 2473 265 1064 1301 388 2246 2498 909 69 1949 1402 1668 1764 1705 2348 1779 2226 1575 1973 2145 621
1503 1706 464 495 52 2565 2765 418 799 2059 1475 628 1813 2531 241 346 1008 2142 1465 108 1024 1481 89 2429 1843 655 268 2236 1039 1781 2244 363 786 840 2693 1281 2091 927 295 2715 467 1923 806 1789 1262 326 1730 1050 2806 1662 1655 53 2557 2285 49 2821 456 1124 2301 504 31 2228 455 1941 331 1974 1220 602 1500 290 1929 2407 2465 2505 1967 1822 484 1274 2690 200 653 1932 1831 1011 1026 2470 1293 726 1275 2279 296 753 2774 2193 2716 1438 1282 1635 999 1018
179 2649 2130 2769 925 480 1870 2050 1045 735 1369 663 2241 2454 348 2840 712 2375 440 26 2538 2650 704 1901 720 2714 2011 2289 2123 197 1658 433 1328 445 1422 550 64 1840 1417 1649 1617 2039 1934 1663 2439 857 518 1054 1489 1381 645 1993 1609 860 1146 2544 1552 1544 1318 1782 439 1623 1656 851 2418 835 562 2034 1860 421 1276 2612 2501 892 900 1319 463 644 1788 2574 1376 1316 42 1710 1665 2667 270 947 2272 1752 2552 2356 793 2826 51 1203 826 66 1895 2610
729 2798 2578 2520 2539 2210 1337 2629 377 2428 1910 1249 13 1429 828 2786 2602 2227 1038 323 1329 669 640 2570 1272 672 1132 1668 2031 536 1764 176 1588 1374 2468 2839 2450 571 1065 698 36 1598 2513 56 2120 2335 2668 2828 340 1888 78 2795 1736 743 1952 1949 2111 1806 979 370 2071 1070 868 142 147 2740 956 933 193 2671 1431 1793 2083 1033 1393 2783 121 2838 1638 2431 2640 820 2648 2047 1355 679 1236 2117 2808 901 585 1418 964 1514 2249 332 2260 358 1248 432
2510 431 1839 395 1035 737 2644 529 2323 2 1230 1801 940 1394 1842 601 2277 70 558 135 2777 2737 1834 520 374 617 1798 1753 198 1125 2663 101 2566 18 767 1558 581 1557 783 2542 951 1004 2242 949 2077 1759 2112 1257 757 1986 1443 889 1938 19 1833 1683 1945 1312 1091 1298 2699 853 2759 2295 232 1343 75 803 1434 2686 2561 1390 424 116 2772 1561 1728 2320 1103 1231 1252 2757 898 1263 2741 341 2497 315 80 2818 1334 1631 725 2015 2072 72 119 2413 2621 962
2550 2019 1104 761 104 2086 861 2080 2555 1507 1093 834 1906 2536 575 107 1482 2414 2823 1727 2317 34 2125 1669 2254 2310 457 2263 2392 333 1177 700 1170 1879 474 2357 856 1566 174 2249 2729 2775 462 1239 1487 1367 1144 1415 1657 1267 905 998 309 918 1996 1583 2641 2572 1691 127 928 830 1907 897 1044 2114 2452 2754 666 2604 488 1321 2514 2410 2374 1183 1758 812 2252 1517 2230 907 2733 863 1546 1859 2591 2422 2246 154 2156 957 1920 969 2111 1368 394 1596 1762 1550
2487 1128 809 592 1347 1180 2582 2453 58 2174 873 1247 719 2067 153 1583 1758 764 490 2718 2536 2192 2008 2426 570 1861 874 1595 247 2691 1724 147 1734 2103 2824 723 862 1072 2468 1939 2018 210 1136 604 652 2517 812 795 166 1211 1157 38 1484 1178 2254 2211 294 2233 1947 2405 1546 557 1355 2400 413 457 551 1289 585 224 1534 2675 57 1576 2609 2418 1574 761 2129 2339 1751 2284 462 2325 398 2310 869 1709 2761 575 1042 879 1556 1792 284 1324 2754 1204 1295 1349
2502 2152 214 84 1113 2554 2203 2348 270 546 844 2572 1603 582 1371 1171 1602 2623 1198 2464 1283 2725 244 2751 2048 941 1525 1616 2841 1605 1632 690 1184 2448 285 1702 1726 1221 894 661 40 96 1738 1488 2179 2386 1953 5 1280 189 609 1515 22 1591 650 973 785 1541 1364 1139 1365 1083 1080 2567 1661 2678 1205 2761 482 851 1659 1927 2043 466 2060 1768 2115 42 281 1570 2494 1108 2457 2230 2303 1477 2278 509 1214 106 2666 23 475 2153 1251 150 117 1426 2838 2118
2011 645 1840 1253 2735 440 1029 445 319 2840 2133 433 950 2241 134 563 1993 463 2375 769 59 1617 489 155 965 1422 2631 2753 1649 1636 1437 2001 613 2439 305 2515 2084 1486 2646 2289 826 197 674 906 1782 1544 2524 900 2482 2837 2650 178 1307 2337 2628 260 1901 350 2007 161 2815 932 2069 969 1552 568 1658 2076 1496 1123 2424 84 1425 986 622 1983 1381 735 1208 1045 2707 550 1775 2088 2032 1439 2574 1788 169 1172 56 562 2836 2826 2050 1202 51 2688 2348 2197
2011 2631 969 440 1993 2838 197 490 2289 445 2840 645 134 1253 2544 1552 1049 2241 2004 2141 2050 1665 1617 2498 43 1029 2650 1208 563 2482 1197 1679 1054 1758 1365 2506 2461 2317 463 2030 1422 1575 2421 2188 518 735 155 851 1840 562 1113 1636 2707 150 441 147 683 2374 2130 624 644 2167 592 2001 2725 1358 422 732 2076 2718 1683 2278 433 1380 2487 1792 2453 319 2683 956 1034 1623 1437 1901 2375 769 663 2337 329 636 58 2148 1116 2327 853 2418 1596 407 259 1649
1934 2501 2044 85 1656 188 2011 556 1405 987 2528 635 2411 312 1319 611 2840 943 547 2050 735 2270 221 197 2790 2832 1422 1617 1203 2574 518 2397 1386 1102 1428 2688 854 724 1074 562 2082 2454 445 1644 1284 2817 2724 51 2631 995 134 1624 1342 440 2222 2001 1206 1407 224 1322 1545 2538 463 2675 1993 2753 2544 817 413 2439 1501 4 1983 2214 663 2389 2419 831 351 925 1782 1700 2599 1208 645 2649 454 2378 932 1135 1740 769 2069 1752 2130 2007 111 1926 2391 2358
935 2645 2201 1933 1047 2750 2342 2096 2055 1907 1321 595 2452 1098 2537 612 141 1638 836 1183 2098 2775 1790 1474 2071 174 2355 2512 2249 745 325 2446 2642 2587 1006 981 2450 516 156 1163 1415 850 127 2432 1113 1976 2691 814 38 1510 755 2710 2577 2838 8 2122 164 1676 1880 229 1436 1736 2156 385 1277 957 1726 443 222 2535 834 629 2823 666 1632 1709 460 2722 509 761 599 1160 2725 1514 1145 1784 1308 166 700 208 2101 2747 762 2163 2678 1082 918 986 1859 1487
1731 1419 1527 535 257 1138 2377 811 1133 519 410 2093 1385 434 1894 1007 248 648 1331 1800 966 2102 2763 336 1992 406 1978 610 392 1455 937 2262 1614 1779 2843 1705 773 2145 2660 1871 2803 607 2219 1287 942 2341 288 1707 605 1119 1645 709 568 1017 94 2453 2609 2723 1040 1739 2331 2744 1673 253 918 2151 908 1036 870 490 186 1031 512 631 2543 2680 1079 416 355 1498 2392 2675 1204 1634 1424 1495 2196 841 487 218 2085 852 1311 2042 2458 2310 2603 2697 50 791
1702 1083 181 2643 732 2182 759 2386 45 1064 582 1364 2760 1797 6 2678 2153 894 2160 1336 620 387 1013 2056 644 42 2554 1616 844 1726 2612 1251 1596 661 244 2522 57 1318 1632 2079 1315 2278 2464 546 636 2048 183 1221 1515 2448 2442 2401 298 1458 1889 493 2562 2720 285 1858 1696 2608 2807 2725 2043 1113 1536 2591 2457 2115 592 2313 2425 2168 690 509 1866 647 957 1570 40 167 1283 2498 1907 2705 189 851 2094 1227 1999 2489 1280 466 419 2194 1426 236 1560 2263
2039 1665 2180 1930 1758 1224 689 663 704 1792 1713 294 1116 1714 683 2418 2356 1197 793 2229 421 630 2125 2211 404 210 1838 1609 1476 133 2547 1859 2538 1999 88 1580 1960 1716 592 2838 1575 2174 2123 1318 603 830 884 493 490 95 55 2523 47 228 1861 2374 2718 2745 1727 861 280 2508 2386 1247 1576 2555 2202 1551 2159 2004 516 824 2204 1996 480 1626 184 107 77 230 2058 2422 34 1620 2672 2020 1113 66 687 1169 720 2148 1538 785 1177 2275 1748 2375 746 856
1946 1794 593 1731 2364 105 2730 544 2349 1778 2416 2697 749 1526 2290 3 2793 1243 1783 7 2304 975 528 2151 1634 568 1271 151 2549 2618 921 1466 248 605 1966 2516 1005 2788 1384 1642 2064 937 1913 253 2299 1138 1498 730 1379 336 673 1670 513 212 365 25 1864 709 1779 2417 1442 434 1094 1079 1871 875 1819 2219 923 604 1133 406 435 1174 2490 1850 1325 1142 2336 2559 487 2830 811 855 2341 1997 1311 1131 2377 2196 678 1290 2519 631 870 410 610 94 535 1936
2502 2153 6 1632 2554 2152 894 690 2572 582 106 1570 1726 1525 1659 1537 1221 84 285 2494 298 973 1603 1198 1702 2386 2348 546 2678 1364 1280 762 1371 2203 650 1251 1380 2448 2464 1285 1661 40 1113 941 1083 1171 244 2222 96 1080 270 2760 1515 2179 1616 1015 2725 1738 23 420 1687 1605 2677 1205 493 2705 117 1697 327 1502 2162 2726 1315 844 1541 1488 2303 621 1064 2401 2768 2612 1199 42 2623 300 2751 196 586 189 820 1352 1400 2264 2620 1184 171 214 281 1882
126 2624 578 688 848 1845 1235 2601 1323 768 1391 1608 1413 1830 103 2276 702 903 2388 297 1908 2471 1114 65 502 1186 990 931 1340 250 2314 284 684 1720 1512 1767 1821 522 1107 1310 835 601 767 1975 2663 2 277 1254 379 1459 1120 2667 286 2302 2275 2172 1986 1748 2701 2036 1195 1434 2495 2000 725 29 1810 954 1818 39 951 75 2368 2299 1646 818 2020 1406 707 2161 2240 404 1919 1526 1016 1594 1943 339 1106 1783 792 1760 1834 1252 2730 739 993 1732 2015 2324
1506 1780 200 1262 113 1612 455 1140 49 2070 2316 1438 525 1141 655 471 1598 1127 89 1789 356 27 2794 753 618 1282 858 1274 464 192 2061 1039 936 209 643 162 1505 245 296 2467 383 2698 628 1885 2398 877 2765 326 968 484 1941 61 654 1972 679 1248 216 1647 963 1164 2715 1220 1022 2091 1955 225 2669 1465 782 31 699 2632 1018 478 625 1048 999 2690 2017 430 239 1293 2407 1831 1917 1781 1503 241 1680 1026 2142 1273 1135 1787 316 1746 408 1730 771 1143
1795 1513 2113 1559 1672 1161 1773 1693 1847 149 1685 2784 1361 483 1300 293 182 2437 954 1434 1451 2787 1115 1213 658 1900 2190 2178 832 1786 727 1176 376 310 1535 789 2066 1106 1019 29 1836 1743 215 2546 2827 2656 436 132 1483 803 2000 304 1760 2540 1353 240 1389 2441 2172 364 1427 983 962 251 2040 2149 1447 1971 63 589 1883 1149 1257 2202 286 949 695 2022 1856 646 1712 596 2533 2504 1298 2700 989 766 1999 967 2054 95 1914 707 75 1178 291 2024 2615 2408
1163 208 1415 174 2009 595 1436 2655 2775 1145 72 1976 1717 1872 1510 2636 760 222 141 755 1504 1023 1160 460 1806 2055 981 2218 453 612 2786 2163 2227 399 2126 2587 1811 99 1736 2747 2469 147 731 461 2450 1215 1047 2679 1688 1903 451 823 708 1618 2339 2513 156 2274 2668 2631 2444 1933 164 244 1072 2098 2071 437 2798 979 853 2342 172 401 934 2048 1088 571 2524 1803 40 1167 1349 2333 2537 2648 1065 1540 2642 196 2675 2738 1355 1808 2122 1949 1103 698 154 2101
1749 789 2190 962 1106 364 2381 1900 2202 1361 483 1795 2784 1559 1672 2504 1693 596 754 240 2579 436 1513 1161 1137 215 2759 766 101 1091 376 983 824 132 545 1773 1300 374 1743 1213 1898 1176 2437 2547 182 2178 2238 777 407 39 2656 572 1427 2745 2827 395 1178 1451 2441 2040 1483 2546 1004 310 328 149 95 803 1847 1469 1914 695 1535 1230 954 2066 1760 304 967 1389 1996 658 1818 1804 792 926 2113 2149 60 581 44 1394 1304 1971 1447 1798 1476 1019 989 1115
1262 1503 1781 455 1039 464 840 49 1050 758 2091 2279 1924 89 1655 1706 2142 1024 1127 2690 314 822 799 2465 2505 1829 806 2470 1831 2693 1062 2467 726 2531 389 2137 2794 2059 1505 129 501 31 1481 1356 1140 495 418 1475 999 1875 268 2052 346 1932 1274 383 2552 363 484 408 1332 602 968 2285 2592 295 2715 1780 239 2822 241 1921 1955 2301 2812 2698 2280 1216 1789 2610 654 2634 2061 1506 467 2017 936 2402 1143 653 2193 52 2765 1273 782 1967 1568 2669 27 2806
2454 2241 1045 2050 925 735 712 2130 1369 2649 179 1782 1993 51 26 1617 2011 2769 1405 947 2439 1328 1870 2837 169 440 2840 635 1663 1658 1422 943 1544 563 221 1623 1381 2836 1218 348 85 900 445 480 2707 2832 1054 1552 2411 1417 1649 312 2714 2538 2528 1679 987 562 463 550 1934 1796 1444 1489 1644 2790 860 559 1840 2501 2817 645 2826 2300 2044 1029 1261 1701 1656 197 1437 2767 1407 1926 155 556 1710 260 1486 518 305 433 2397 663 1146 626 1860 613 2545 1102
1753 2777 1125 18 1834 2077 1842 951 70 2772 1759 2818 1252 2478 2510 2 2015 601 2757 2663 2561 431 767 1557 2302 1165 1390 2702 315 1448 277 1839 2315 2579 1035 2622 1908 2746 374 2615 1980 1804 2323 297 2290 2504 1511 102 1728 395 1230 1969 1323 44 522 1558 2413 135 2624 1334 19 2441 435 545 426 1904 596 1176 103 2238 2299 1867 1235 1265 1343 990 1798 754 95 2276 544 1231 881 1394 766 328 1535 1178 2566 1749 1945 581 291 2560 2277 67 2737 191 688 1068
1933 2201 935 1790 2645 2342 2098 836 2750 1047 2096 612 2452 396 897 1709 2122 2446 1736 1638 1023 1321 2055 666 2450 141 222 834 755 2355 2512 2156 595 2841 1621 147 924 1183 2313 177 1504 1277 2071 2642 1044 2163 2432 2775 850 1155 1903 1808 461 2679 477 2627 1907 401 1858 2710 599 1305 156 1487 96 1163 1628 2587 1145 189 335 127 2829 476 1085 981 1387 1089 871 1688 856 1113 761 1098 73 1676 957 516 2747 2261 2537 333 2437 2361 1702 385 167 2160 2060 2274
72 174 172 1163 595 1145 208 1415 2636 2577 2009 2775 2829 177 1784 2679 2587 141 1717 2655 1047 612 460 2122 453 2537 2469 1903 1504 2747 1429 2722 2227 2163 2274 2126 2155 1160 2055 666 156 1510 731 2098 1041 164 839 2071 599 1949 2446 1808 2786 323 1023 2798 222 823 2539 934 401 1976 2645 760 377 2428 399 2668 1038 981 2578 2783 2629 99 1049 2175 1089 755 853 1436 574 2520 2750 437 2218 516 1872 13 1377 1628 2074 1258 1688 955 694 932 176 374 1330 1564
2008 764 2018 2284 719 1289 1347 873 2146 2585 723 914 2252 1493 190 1772 2536 1583 2718 812 2582 2551 874 652 1359 1534 1595 294 66 1204 303 2426 1128 1247 1136 2019 2067 35 516 2157 58 1651 2125 2453 1574 1454 2838 14 1727 2603 998 276 247 2824 206 1758 2165 1996 2209 2555 1351 603 615 825 450 2487 630 2331 1246 490 95 1121 2333 1577 2275 1745 1997 407 1179 830 1800 916 457 2609 2042 1633 1063 34 462 2405 343 2682 2058 1538 539 930 1507 700 2254 1578
741 2833 2139 385 2844 1698 1572 1814 2371 2223 1994 2092 2385 1238 2269 2486 234 837 888 262 1338 1 428 2338 267 2797 787 2158 1291 2529 2189 1009 1446 814 299 1622 913 1411 2635 2063 2399 1366 1129 1373 1520 1360 2801 1571 1982 2455 958 46 203 2404 270 1242 472 352 1619 1283 90 1556 644 2731 846 1735 1258 1377 214 971 1294 2266 810 2771 744 665 859 1509 641 2431 1684 667 1575 438 2484 1227 1025 342 1445 2425 2612 2619 2197 879 2481 2100 894 2727 2089 147
1583 998 2252 2682 1063 930 841 227 1977 887 1179 517 945 1579 515 2792 2328 1154 492 916 748 2491 1769 639 1651 982 1791 1578 2042 952 778 1354 2778 1470 382 1368 2723 118 1920 2026 928 1854 114 1367 875 1770 2459 2647 1239 1772 652 2551 919 2711 2487 1454 1970 2488 1657 1204 512 719 1347 874 2310 579 2582 392 2225 567 311 1031 2018 1289 2097 1268 2536 1419 9 2019 2575 566 2729 819 2008 1528 2284 2125 2067 2496 2379 923 2146 2453 1211 2333 2416 723 247 206
2236 464 363 49 1706 326 2301 1967 331 2669 1780 455 1475 726 2765 1281 295 2059 2794 1787 1008 2407 758 2465 2505 1465 580 1503 655 478 1262 1831 159 1282 2806 1395 346 1655 108 927 484 1127 999 1662 390 408 1124 1024 1022 799 456 1929 125 1789 1781 52 2690 2693 1730 1050 89 31 1635 1143 1317 1912 1293 936 2531 61 2715 383 1822 1923 877 495 192 2091 2429 1039 1097 268 1921 2698 1932 1438 2467 28 1275 1378 753 430 2053 587 2244 806 2552 225 2470 786
2706 2043 650 37 1603 956 2841 1400 922 2666 894 2162 2726 924 1232 2348 1763 1221 1916 285 2346 1171 1703 6 2171 1082 459 2153 2197 1541 586 1605 1315 1487 762 1687 2167 2502 1882 1537 2571 2194 475 820 2573 690 2810 1188 953 96 991 300 22 2554 2620 879 909 214 750 1462 1891 419 2457 2222 1090 2816 557 2425 1288 1364 2109 1844 1251 1661 2705 546 327 335 2391 1308 2612 795 796 1471 1184 2401 1744 167 1286 2298 2768 594 1697 1927 2751 84 2524 1684 1570 1032
2545 2034 1796 2713 2433 2309 201 1569 64 1860 715 439 48 1948 2272 2721 100 1096 2826 562 1051 1316 1416 2815 2650 1584 2241 1148 2289 1636 155 2023 168 1658 1381 2454 305 1993 2352 712 645 2130 2755 1045 1663 1490 1617 563 1782 2376 2045 947 1369 1496 2769 2419 2836 1453 2707 925 1679 1649 1901 2649 735 978 348 440 1444 1407 26 1965 1640 1752 2556 179 194 1054 2628 1489 2714 900 2088 51 1623 169 613 1437 161 1029 1422 2837 2538 547 1840 1218 1552 463 559 747
2065 982 118 2328 930 1977 1791 1769 2792 567 819 887 1667 748 1179 1354 1583 841 1470 919 952 945 998 2491 2225 2682 1578 2575 875 1585 2778 2459 1063 382 579 1531 1579 1651 2416 1854 639 923 808 2723 2488 2711 2304 1851 7 227 2252 2290 1154 975 566 311 517 916 492 1058 1210 800 2559 2793 2103 910 1968 392 151 1850 1613 2349 1142 2097 1271 1966 528 2618 2299 513 2026 114 662 778 2519 2560 763 1268 297 2243 153 1528 1311 1688 1511 1992 512 2042 25 1442
2275 830 1646 1169 603 575 2019 1691 1732 1204 1523 2080 1626 863 2630 1516 270 551 1805 1620 2254 339 937 1482 2582 2621 775 2541 1665 2197 2838 2754 960 2536 2701 818 2550 2211 462 357 515 969 342 1450 1104 2695 693 1365 2780 1611 1678 2125 150 2174 2020 794 2368 2586 1084 2761 2733 441 1664 2605 853 1947 422 2114 1724 196 930 1358 1324 2319 457 568 1517 812 2421 2741 1133 2141 107 1765 1459 2447 1458 1669 940 2518 889 1772 469 1091 2734 2453 2719 2383 2297 1591
1310 1107 702 284 903 1908 65 1512 2601 1340 2471 931 1720 502 1845 848 1830 1254 2388 1821 250 768 1608 835 2624 684 126 1114 688 990 1323 578 2276 55 1186 2275 1391 2605 728 103 1975 1507 297 2239 1732 603 1669 736 2641 2073 1413 1235 1950 830 1767 818 1523 2314 920 339 2080 2630 993 2733 2754 1028 2360 1372 1104 379 2176 2326 469 1014 187 397 2159 32 2604 2192 2695 1626 2347 2780 441 1450 1120 1192 107 1990 1748 1178 590 1517 1180 2550 541 1940 2414 575
221 1624 2790 1926 2411 2832 1545 1407 1405 635 943 1644 2817 1102 1146 4 2300 1752 1656 987 2270 556 312 626 2528 826 1934 2389 2044 817 1737 2082 1386 2501 2069 85 2439 613 547 188 283 266 1202 59 611 1782 2837 1617 2367 2836 1710 1544 305 2477 1319 2045 2707 2714 2130 2241 1381 860 1316 1658 712 947 1369 735 1796 2050 2538 440 169 2631 1701 1045 1101 1422 562 1444 51 480 2454 518 1636 925 2213 1623 1029 1417 1993 1788 1411 1328 1840 685 2769 1437 179 1649
1672 1178 2437 1795 1749 1693 1743 1990 1836 1773 95 2190 2700 1513 789 376 596 824 1559 2202 1483 1224 2441 954 182 1300 1999 310 1914 2827 1176 2784 483 2547 1847 1161 1476 1900 2381 967 1535 2523 832 1394 1447 2745 792 983 132 545 695 1760 1804 777 436 44 2546 1228 1713 149 1106 1116 1856 1353 1786 2149 2656 2000 215 1434 1451 1785 581 1685 1304 39 2296 240 949 1019 1714 1818 576 1361 646 251 1971 1103 683 1137 1469 16 1712 1213 926 1593 364 2579 754 766
1914 777 1561 1103 341 2202 617 1714 1999 949 2112 1713 683 1091 2699 407 2180 88 1116 1476 940 1224 1996 737 1169 1334 1856 2737 1538 2745 689 581 1801 529 374 1665 2523 558 2247 1900 1631 2547 1683 2190 2542 2422 695 1113 520 2785 1230 2381 1620 2048 95 2386 1626 803 1004 2275 2323 1176 603 499 395 1434 954 2111 2114 101 2129 34 824 2566 2582 2644 2656 1818 2277 2838 2621 198 1732 592 2827 230 1693 1945 2700 545 2317 2020 2295 926 19 1180 1304 1728 832 2759
1944 494 2248 1937 1212 2813 686 899 2580 1899 1055 137 2135 2741 2435 1464 1777 2766 2294 1076 1452 329 2382 2286 948 1185 2728 1639 1067 116 146 2558 2719 2305 1223 1463 804 2291 2393 2825 246 79 204 2068 2041 447 319 2319 725 2436 2598 574 2708 657 291 722 2057 97 692 2207 1606 2842 1056 1547 1935 1001 965 2350 1874 2438 2704 165 647 2507 491 140 2292 1810 853 1208 1904 1120 1012 832 1825 2121 2298 2419 693 2730 961 1134 898 2735 2329 2540 2133 674 1253 997
574 482 2719 2291 1433 2526 2220 2704 1874 647 2057 2051 531 2292 1439 2683 939 255 1267 790 2427 2639 598 692 608 217 2440 864 498 1876 447 1771 1931 494 2728 2424 994 2494 2148 2435 1654 524 404 2319 2499 2502 2725 2558 2712 503 2825 1677 2048 677 84 1330 637 2419 270 894 725 366 74 40 1983 319 244 140 2393 986 1819 1616 1326 946 2445 146 568 1223 274 2183 526 2089 948 1371 420 2206 2069 2617 438 1357 660 491 150 1661 106 606 941 134 1426 2052
2728 2558 2766 725 1055 1944 447 494 2135 2291 2057 1874 2319 1212 2813 2207 137 1825 647 165 204 1463 2580 146 2741 2041 246 2435 116 1899 899 2294 2825 2004 155 978 2719 948 1937 319 2419 2393 900 1935 559 1547 692 1777 2652 1223 2506 574 1617 97 2382 2704 674 562 1130 2639 1696 1861 1639 1221 2305 1134 2286 1056 1208 1421 134 2511 1490 2826 203 1437 329 1606 2842 1940 804 439 2174 100 2732 2292 305 1046 2248 1636 1840 1362 693 1897 482 2683 1837 906 551 1464
229 1638 1907 592 396 1736 814 2249 2342 2450 1761 43 1637 1939 1709 2562 629 957 2661 2425 1456 827 1276 815 385 1113 1880 2325 413 1013 2278 2473 122 147 42 1596 2313 2030 38 971 8 1363 2761 2188 270 387 1283 744 476 2823 1960 1865 1484 1355 2400 2071 928 2103 400 1726 2720 1933 2807 980 2709 2156 1618 1514 2101 40 1330 661 398 1987 851 2570 2268 644 2688 2048 809 1242 1128 755 118 1806 1425 2201 30 1560 1081 2079 2517 448 2535 2527 1858 1194 2820 1546
558 1631 545 63 1228 695 1785 757 1801 2413 1448 1087 1689 754 1945 2547 2354 1269 328 2472 1722 2756 232 2277 2615 1999 1849 634 376 213 1394 132 898 2566 1898 1434 135 824 949 2317 1728 1914 1712 1231 2111 596 1257 16 1298 1333 1178 983 1176 1839 1019 520 1867 576 341 1469 1224 24 34 2224 2408 1743 1798 1483 572 304 783 1265 2430 2827 310 1727 1137 1093 1091 954 1996 2180 2441 2190 2022 88 1760 714 853 1683 291 1312 766 1447 1103 1749 395 967 1685 1804
2370 2689 705 2365 2181 2552 2534 849 2681 81 2819 523 2119 2500 175 1896 2527 458 1111 505 313 2144 1680 1827 2716 602 1314 587 2193 1746 1376 1335 238 2283 711 2105 2250 1164 68 2674 152 1955 28 1563 2479 1741 2099 495 1143 1885 2177 2244 1532 1118 1655 553 1708 2191 1822 633 2322 1117 503 890 1332 872 772 261 2592 1912 2265 734 1852 125 847 2610 806 1356 1543 2052 367 2557 464 927 2059 963 2814 2199 671 52 1481 2789 552 1050 418 2799 2228 877 1135 109
2624 1845 2601 126 2471 502 1323 848 1235 688 578 103 990 297 1908 768 1608 1340 1830 1114 65 903 702 1413 2276 1391 931 284 250 2388 1186 1720 684 1512 1821 2314 1767 522 1107 835 1975 1310 767 277 1120 1254 1810 2368 75 2242 2329 2302 2 1557 2299 601 1943 749 2583 818 2754 2478 1919 1834 379 1482 627 2516 2033 1165 67 1732 364 102 2000 2667 1626 800 725 2080 2020 1379 581 2637 2489 1753 917 1016 2290 249 951 2695 693 2509 1944 993 1397 737 431 2615
1879 2392 394 918 1906 1859 2125 2749 2357 2093 700 1170 1566 2310 2660 2019 104 1894 422 154 1044 2543 1093 2640 2609 1800 1002 474 1567 1657 897 708 1200 2263 570 2086 1651 1119 1621 834 1495 2823 1277 2110 666 1145 1981 1211 2786 1758 2838 1930 2101 176 462 1978 333 1260 907 2227 607 1676 1237 630 1762 955 1479 2555 1727 1245 2252 2444 2165 294 2775 1059 783 1415 2374 1239 2796 340 1359 446 2331 1138 2333 1516 1321 1419 1036 1645 276 979 2740 1578 937 1947 127 2682
626 2817 433 221 635 2375 2840 1737 2454 2241 943 1710 1437 987 1993 860 2538 1405 440 817 2769 1624 2832 735 1422 445 712 2011 2130 2289 1407 1656 826 1545 1926 1870 1644 463 613 2411 1319 1417 2790 1029 1934 1752 611 663 1636 2050 2270 197 1146 4 2707 348 1617 947 2300 1701 2837 1895 2084 305 169 2069 26 1045 1782 188 2515 1788 2389 2439 547 283 518 1253 562 2631 2477 2528 1102 563 1589 2574 1489 489 1658 1190 900 2358 51 2836 2753 1386 85 2189 2650 1381
536 1132 1588 569 176 1890 193 555 2668 1431 21 2423 554 142 121 1268 866 2090 1888 802 2786 2029 1418 1793 36 332 680 429 340 1562 1065 417 868 2227 1033 2743 289 2384 597 1393 743 979 2578 2451 988 62 1553 302 361 901 1398 2568 2117 1249 1699 886 292 1256 1492 199 2428 1430 1686 1910 893 681 427 2031 2539 878 1053 500 78 733 1374 2217 2415 1806 1952 2120 1329 2798 2747 729 1341 2108 1023 432 2333 166 2078 56 1872 571 2640 2629 370 323 1613 1070
1405 2501 2411 635 2044 85 1934 312 943 2528 1656 1102 2832 987 221 556 2790 188 2270 1644 2817 1926 547 1386 2082 1319 611 817 1624 2300 826 2069 1752 283 1407 4 2011 2538 2574 266 1993 2454 1983 562 1422 2631 518 626 2397 675 1146 2477 1316 1545 1617 1737 1636 613 1782 1284 197 1878 2724 178 463 2753 2367 2544 305 445 440 1600 1901 735 2840 925 51 155 606 2650 1045 622 1190 2800 2626 433 2241 769 932 2050 1046 559 712 550 1369 645 1203 1208 2375 2007
2817 26 221 1644 2790 1782 943 735 1679 1656 817 2300 2454 1624 712 169 1926 1489 1623 1870 2649 860 2050 1405 348 1407 1328 1796 947 2837 2707 2836 1417 1658 1369 626 2528 1381 2241 2411 1045 1617 925 2130 1544 2034 2769 1701 1102 2714 635 2439 1934 51 1752 440 179 188 1096 433 1261 1663 987 1710 1054 2832 2721 556 2840 1948 562 559 1993 463 85 312 130 1218 1444 1416 600 1146 2011 1545 1649 1051 1437 547 613 445 611 642 1319 826 1737 2538 1422 2272 2375 1622
530 1909 2049 1742 487 660 2282 1384 2257 1613 631 2782 662 2064 446 1853 1290 1554 1518 337 1000 710 921 1370 54 2696 451 542 813 360 1681 1105 253 908 1058 2664 1981 1604 1688 2596 2796 1142 2087 243 1301 2259 1695 2519 1850 2006 1913 2274 1717 2243 1498 2081 1673 1396 1739 2655 1893 1309 869 605 2140 394 1879 2299 336 730 800 2469 2163 984 118 94 1085 1466 708 2843 1808 1705 855 1331 731 2093 2492 1978 338 2458 1966 2830 816 435 355 918 2392 966 392 2417
2550 1104 1507 2080 1482 1669 575 2019 1727 2114 2754 2254 462 2733 830 1523 1996 2317 457 761 95 2536 34 1907 107 1646 2058 1546 2555 2641 969 1517 407 834 1169 2414 1277 1177 1898 1093 1450 2125 1734 1179 2630 2838 333 2523 708 2111 700 284 2489 856 1454 596 861 1977 918 863 328 104 930 2242 2374 1183 1626 1620 1178 1239 441 2277 928 732 339 2156 357 147 2604 603 1583 1458 2547 118 205 2498 187 515 2823 1691 1665 1657 1476 2275 311 2780 398 2176 2328 2310
1316 1860 2272 1948 1796 1658 1051 2034 2815 1569 1096 2721 2241 1381 1416 1636 562 715 439 2713 2545 1496 64 747 1584 1965 1261 1993 2309 2454 497 1782 201 2650 258 305 2755 712 2836 1218 1045 2837 100 1617 155 2538 169 2433 947 1752 2826 2352 2628 48 1640 202 51 1649 348 535 2530 2741 2376 2412 246 1586 835 1134 2123 996 1544 2045 2023 645 1490 26 2707 194 168 1901 2050 2556 2131 2289 259 2419 692 1350 2130 161 1663 2769 1812 2439 674 2158 547 1407 1732 1547
807 1283 2313 2612 744 1684 609 546 1366 582 285 1286 759 1221 1766 425 1284 2425 1456 687 270 1199 122 244 1108 2115 1227 1610 661 352 2401 894 1865 2633 2348 557 732 2797 214 6 1153 1285 2014 2197 2476 1697 2261 1696 2725 2457 1083 510 1761 2844 2268 971 2194 2688 1515 388 1358 1188 1015 1238 2030 2168 1556 969 1043 1702 1032 1844 814 594 1360 298 1061 344 2464 1291 1814 375 551 1661 1858 2043 844 980 40 1189 1570 2158 1251 829 1421 644 2841 1364 851 2303
897 2125 1621 422 2555 1321 474 104 1044 1859 2823 918 2392 1657 1170 1727 1093 700 1098 2729 1879 834 1415 2374 2775 2156 1906 2086 2749 2357 2310 2660 2019 2263 1566 1144 1510 1960 1546 1758 1709 928 570 2734 127 294 516 1633 856 1765 1762 2246 1516 957 1002 333 154 174 630 785 1454 1521 1665 2623 183 1217 2543 1059 955 2249 548 1978 2838 156 2339 676 861 2640 1567 1676 2791 2317 907 164 276 1996 1237 1894 1514 1277 1066 592 666 1947 407 2258 1245 1088 905 2508
2202 2190 60 1224 1103 777 2547 1714 1713 1818 824 603 1914 2745 39 424 1116 1999 1476 1620 926 1176 132 695 1451 1722 88 1743 2495 830 1856 1693 1434 2381 2523 1732 2275 737 80 95 596 2542 949 1180 1867 581 1559 1091 1900 2699 1561 1296 2566 2656 2497 2437 2737 1230 529 16 1672 2787 1178 2695 683 1361 2441 182 2040 2180 1447 395 436 341 2114 215 818 954 1298 376 19 119 1678 2827 1334 1728 34 2112 2224 545 617 789 832 1483 2533 1169 564 1106 1996 1004
2777 1125 2772 1753 1252 951 2077 2478 1834 2818 18 2015 70 1842 2 2302 1759 767 315 2510 2757 1165 2663 1557 601 1323 1980 191 103 688 2315 2161 2622 2000 67 277 2314 1390 1451 1869 1959 2561 2702 876 297 881 1558 431 2583 291 954 1732 359 86 29 614 395 1905 1235 1951 2546 646 1809 1511 2320 1786 1257 1120 1900 269 1678 2323 1798 1839 1186 2624 1306 803 2737 1801 2748 940 2787 1244 1559 2533 581 1969 529 514 10 182 1115 1391 2113 1795 754 1004 1230 145
1663 2649 735 2714 1045 925 221 943 2130 1644 1369 2050 26 2790 2528 1328 1656 1679 348 1782 179 2837 1623 2817 169 1405 2454 663 712 1102 2241 1796 1934 1926 51 2836 1870 312 646 1054 860 1752 2501 2300 480 2840 2707 1407 947 1422 2411 1544 1617 2069 2034 556 2832 2486 1417 2545 1624 1381 463 440 1993 715 2769 2538 1444 1658 48 64 642 518 817 846 1261 987 305 1649 635 1096 2105 2044 2430 2439 550 562 547 1316 85 433 1146 2767 1489 1376 2270 2045 2161 188
551 638 30 154 143 1324 718 147 1556 1947 1509 957 958 1365 1684 2460 2461 557 1445 2619 1514 2174 787 1034 697 570 2339 2710 2246 352 1629 1358 1960 969 1215 342 2013 273 2197 641 71 795 1837 2709 1861 1520 203 210 262 2444 879 1059 1807 1619 2160 1360 1572 2298 798 1295 2758 1234 205 1766 1270 2404 2738 2820 1939 127 2456 851 1675 1217 2749 1072 2515 1392 2631 888 807 793 1373 1889 2088 2229 2727 829 2115 1803 790 1811 476 1724 2517 2187 2524 2330 1069 810
1713 1224 1116 683 2180 1714 1999 2547 1197 1476 55 397 88 1665 34 2523 2745 1758 95 1609 576 2159 1594 549 184 777 2418 107 2733 2495 1538 1727 2752 1996 1247 2058 462 2718 47 689 2211 2039 1028 1856 230 2020 824 1724 2111 1014 2176 2582 357 469 2125 736 321 2641 2838 1930 2202 728 1575 1195 918 1914 1792 187 1103 1204 493 1838 596 407 1626 457 2405 2360 2422 2275 1669 2112 751 545 404 1561 793 630 1751 371 2605 210 2700 1990 2414 294 2441 2019 617 1517
1925 557 641 2797 1619 1735 2524 2460 1982 2833 385 667 2403 1480 2455 1816 1294 1863 299 228 1446 879 2529 2811 1807 814 2269 2385 991 2363 2844 1078 244 2607 352 428 1295 386 90 2619 2266 2139 687 1242 2094 1122 366 498 2332 1530 1575 891 1221 2138 1440 226 1814 2494 1994 2590 2412 1939 160 2635 1607 2255 665 147 1009 264 1350 2338 1366 2739 1338 709 1283 143 1258 706 2092 2187 1373 166 1421 2704 1549 2175 2431 2223 2595 2473 1159 2576 888 577 718 1341 810 1426
2202 777 1914 1818 926 2745 603 1224 2190 2495 2523 1713 1856 564 60 1732 95 39 1620 1999 2547 830 1116 1714 34 230 1476 2275 824 1996 341 2437 88 1091 949 1451 2441 2224 2114 2180 1743 2281 1693 1103 1450 581 1180 683 989 596 2827 1561 2785 1678 132 940 2699 2497 695 737 1073 2288 1178 1559 1900 1672 407 47 424 1535 2737 2422 1867 1176 2579 1120 366 818 789 2695 2020 832 1748 16 1169 739 80 1795 1773 835 395 1447 2129 983 2112 954 1334 1357 1683 1361
1212 137 2135 2558 1944 246 2813 1055 1937 2766 2248 686 899 1899 2728 1606 1134 948 494 2741 725 2207 1463 447 2319 165 2825 204 2305 1547 2719 1639 2393 2382 2286 2041 146 1076 116 1935 1810 1464 804 2583 2350 2294 2842 97 1056 2435 67 2509 2511 722 1001 2291 2639 2506 1130 1825 1777 692 693 329 249 1223 876 1120 2068 2665 1874 202 2708 647 2580 2121 2436 2329 1626 1406 1185 2383 1611 2780 603 1732 1452 319 79 2020 1012 2736 2368 794 155 2586 2815 86 371 2057
2520 2210 377 13 2578 1272 1668 323 828 640 1374 2828 2602 672 2047 56 1337 370 2428 2671 1910 1949 1279 933 820 1329 2083 2247 2539 1764 1575 2327 2582 1864 2490 332 1038 743 196 868 698 1189 1890 2570 1249 2541 1576 2629 1033 1292 979 1132 270 142 2227 1065 1398 1888 814 1041 490 448 1128 1429 934 1393 859 385 568 2186 1377 536 2330 244 2718 955 176 2032 2743 2783 2487 1221 1638 36 1541 2048 2031 2197 2468 43 2423 1664 1642 212 1525 1431 1358 2694 1070 78
1451 1559 1786 182 1693 1434 2656 954 1361 2787 293 215 1900 2000 1106 737 1743 2040 436 2149 1795 1685 1672 832 1257 29 1760 149 1535 926 1513 727 581 2113 1298 803 2546 376 2240 364 1971 1798 962 485 1773 1149 2190 1306 1004 310 1951 1176 395 1818 589 1175 291 1357 1959 1115 86 1869 101 2533 940 2129 251 286 2804 2172 2202 1809 39 2827 949 1712 529 1558 2737 2409 145 2021 2383 132 983 1120 2437 374 658 989 2540 1836 1230 2320 1856 1166 2566 1180 2497 695
2056 2678 2386 844 2263 1064 2760 45 2503 1616 1702 1726 2182 1371 2522 1515 1318 1596 1960 2457 2374 387 2608 133 20 1458 2643 493 1758 407 1183 509 1471 1487 2116 2562 2573 171 2128 2572 644 2048 2442 1364 1400 104 1083 1336 40 327 2720 187 183 96 2733 1482 1198 1797 1113 1907 2508 732 181 210 861 205 2160 851 1665 1426 1792 2360 1802 1632 596 1488 2448 2489 1687 2202 2230 88 2688 2554 2630 167 2827 474 2464 2086 333 636 462 2591 1116 762 761 2111 189 2080
2011 2840 2375 2769 518 663 197 1422 1253 59 440 611 2538 645 445 433 2389 2650 1190 2130 446 2648 480 2612 1617 2241 2289 1319 1901 2401 1336 2454 1197 687 188 2482 562 179 1993 1545 1318 1636 463 604 2270 490 1840 622 2050 563 1934 1386 675 556 2007 415 2001 1045 712 2714 861 2148 2574 1758 2376 769 1428 1895 2168 735 1468 1103 1315 644 2753 591 1202 704 1727 2235 1224 1752 1799 439 1836 2544 2424 918 2069 270 2473 2610 259 1624 1013 613 784 1437 1999 2358
137 1547 2135 2842 1899 2813 1212 899 2248 246 1944 1463 2558 1937 2766 2435 494 1056 686 2825 1134 1935 2511 1606 447 1076 948 2741 146 2382 2286 2207 79 1055 2294 2068 722 804 2708 1464 2041 1639 2580 2728 165 329 116 204 2569 2305 2393 647 1185 1067 2639 2665 2736 2057 491 1777 2419 1825 1126 2319 725 2719 2292 97 692 2438 1452 1592 2291 559 1874 140 657 563 2826 693 1486 2652 1148 2506 682 2683 1868 1810 1130 2258 2309 965 1223 2347 1362 442 2526 2183 1437 677
1511 1969 1165 730 338 1442 2730 1466 544 2302 336 1526 1005 253 2290 1243 191 1783 593 2364 870 2516 365 1309 2830 1498 1581 2746 662 1131 717 2788 1325 112 1557 1379 1311 1850 2560 435 2518 2151 1455 881 1794 2243 1670 1020 2341 1079 1634 2549 1385 673 2492 610 1913 921 1133 1390 1869 1142 2417 248 1175 811 1951 1992 2519 709 2251 2145 568 12 648 1573 774 678 2680 1779 2006 1174 1244 1966 2102 406 1613 855 1110 1073 2583 2299 2377 67 2005 589 315 2559 434 2015
1221 285 2726 2162 2391 1436 650 690 1744 475 40 2706 1947 879 582 2298 106 1440 2210 2197 2115 1232 1765 807 1661 1272 122 143 270 2620 1916 922 2141 2460 1684 718 275 1251 557 6 2524 2502 1724 1373 973 1504 2404 2494 2529 551 1807 2218 244 1659 1570 2324 669 851 2303 844 1065 2801 1358 546 327 1556 2152 386 1619 459 2735 1766 894 1575 1364 2421 1616 2043 2751 1697 150 388 56 2355 2348 2517 1537 1315 796 2810 1515 1283 1295 820 2048 440 2691 2572 1365 372
2348 270 1108 2448 2425 214 2725 2464 1199 1283 609 244 1541 1603 2498 1139 820 1766 1866 2612 2115 1364 1221 546 1697 2197 1251 1949 1596 1365 1525 744 1602 2591 2404 2751 2760 2230 285 2048 844 2608 298 1171 582 509 1953 1575 448 2476 2761 22 687 1605 2313 2457 2554 6 1858 1280 785 236 759 551 45 732 956 1227 2168 807 2386 856 1570 2468 1064 1358 971 650 2162 5 181 959 2841 510 1616 894 661 2203 1702 909 43 96 1907 229 2014 466 2678 1757 1015 171
2552 2181 2819 2283 1896 175 1827 587 849 2500 523 2365 505 2370 2479 2193 1314 313 1111 2681 602 2177 705 2527 2052 2119 1376 1746 28 2610 238 2592 152 1532 2689 1955 1885 2099 81 2674 458 2534 1143 2812 1563 1135 2144 68 316 1164 734 1117 2191 2557 1680 261 1852 1991 1708 1332 890 2237 2199 1741 553 968 699 1335 1543 1003 1330 649 963 872 1339 2764 1050 495 2105 711 2322 1118 2059 1317 1441 1974 330 2716 2698 847 740 1503 1823 1008 972 877 503 1655 1281 726
1702 1083 2278 1318 2807 42 2386 1113 1726 636 844 2678 2048 582 2116 2720 1515 387 2111 466 493 1336 2572 2645 1426 592 1797 133 861 2464 462 294 1198 183 2056 2562 2263 1013 218 396 2489 2374 2168 761 43 2202 689 2591 1371 210 1596 1632 644 1758 856 2718 2643 407 1665 793 509 2317 1525 570 1093 2740 1064 2457 1536 732 2494 1765 1846 40 1999 2203 2522 23 516 2442 498 661 2351 1616 2554 2498 1856 1898 2827 935 1205 647 2112 2441 1277 230 1907 2071 181 2448
2542 737 1538 1801 2699 617 1631 1561 545 2277 1091 2737 529 499 581 395 940 1714 2547 949 777 1898 2381 2254 751 2621 2114 2422 1224 2759 341 2242 457 1230 101 1996 1683 407 1334 182 2016 1856 34 2323 1169 2523 210 558 2180 1626 1392 135 783 683 1558 1665 960 1116 1228 95 2317 824 1798 2324 2644 1137 757 374 1785 596 1257 926 2700 1372 1103 1394 2211 1900 2656 57 63 2329 230 1732 2192 2229 1713 1928 1178 1087 1734 2368 251 1743 2247 1786 88 803 576 2347
1445 2399 262 1837 307 1509 2616 210 203 447 2189 888 1694 787 1629 741 1571 551 697 2185 2727 2174 600 810 1814 1520 1278 1766 1112 1286 143 30 718 1283 287 1034 2584 57 685 51 2287 1618 391 270 5 2769 1615 562 195 2738 1201 2412 641 1540 1524 603 2298 1350 1620 872 2330 1221 2672 2456 1732 2703 1411 2197 2158 482 1360 591 1324 147 2275 892 1716 17 255 638 2187 2100 750 1696 1377 891 2401 2659 219 2766 1861 77 348 1653 807 1622 663 1572 2493 1338
2045 258 1796 1584 2023 2755 1834 2757 747 1678 1073 2319 1759 2530 2034 1134 2131 996 2818 414 601 702 70 1450 1980 2545 2622 1782 947 535 1783 2158 2296 830 1636 1498 605 835 1830 315 64 603 692 648 811 2815 577 1254 1125 1242 345 2702 18 1908 1640 1992 1753 610 1424 2685 2510 1735 2736 1988 1579 1732 365 2746 848 288 2272 562 1453 1862 2375 951 544 2609 1390 1646 2525 1316 2275 1320 616 685 1496 1278 1096 1133 97 291 246 2802 2561 1051 71 385 770 439
464 1475 1503 2059 999 1706 314 2715 726 1050 1789 1932 495 2236 418 806 799 484 1655 356 2142 1262 2693 927 467 296 1813 1967 2244 1831 2765 758 2280 52 324 268 1281 1039 241 1465 1062 1481 840 389 501 534 326 2429 1274 31 655 1568 2794 1273 129 2531 452 1024 390 877 456 131 49 1923 2091 408 1941 159 653 2698 1929 1282 1875 1127 580 239 2285 1635 2594 2173 295 1787 192 290 2316 363 1022 2552 1781 1662 1378 2465 2505 504 455 1730 1827 2806 2500 780
79 1067 686 2286 2068 1452 2305 1076 1944 2135 1055 2041 899 722 2294 116 137 1937 1777 246 1212 1464 1463 2741 2580 140 2393 494 2813 948 2766 1185 2382 1639 1547 2842 2511 1868 2665 1935 2248 97 2319 2728 12 146 2583 2558 657 2436 1573 993 1606 1899 1809 725 2251 2315 2830 1869 2719 1980 1020 86 447 804 2435 2825 881 1134 876 483 1244 67 1959 350 291 2161 485 2598 1672 293 2292 1581 2560 329 1175 2509 2708 1951 1056 1810 1379 1130 2702 2540 2417 677 1300 1306
2315 2702 1980 67 2583 2286 2068 1067 1076 1810 1944 1452 1721 2294 1125 12 1055 359 876 881 191 1753 686 86 140 2509 2830 2685 2777 315 767 1175 1951 627 1185 2772 2329 899 79 1959 1466 1165 1937 1777 2746 722 2161 2382 1020 717 145 2305 1869 103 1323 1557 1001 1309 137 2622 1005 2302 1868 2350 1895 2842 2290 2478 2766 435 688 993 2560 1306 269 2251 2748 1252 2728 1244 2563 246 1842 485 1573 1876 2166 1794 1535 2015 1783 730 2741 951 2135 2492 1809 2417 2006 70
1860 1453 1496 1490 2309 2433 2713 1316 201 1636 204 1752 1965 1940 2826 645 784 1901 2650 1986 2272 1747 2376 563 1825 1569 2207 2289 747 439 950 1212 64 2004 319 2815 725 562 2352 2001 168 2741 2506 1552 1718 155 1937 1993 2135 978 2556 2002 613 659 1833 1948 1617 490 568 1649 1148 2034 2337 1056 270 900 440 1840 2767 1938 2088 161 2728 1874 571 494 1606 853 48 531 1218 647 231 2051 2069 486 448 2375 2558 948 1796 1276 1046 1464 2030 1422 194 366 1416 116
817 2817 1926 2300 1656 221 2790 1624 2411 1407 1644 635 943 2528 1405 1934 188 1102 626 1545 1386 2270 547 987 611 2832 2082 2044 1319 85 556 1737 312 4 2501 1782 305 826 2836 562 2367 2714 348 1658 283 1381 1993 2069 2439 1146 1752 2538 169 613 2477 2721 1316 1328 1796 1710 860 1870 2707 2389 2454 1617 735 712 2130 1544 2837 2769 2050 925 2045 2241 2486 1369 440 1417 2215 1636 1489 1569 155 51 439 2063 1496 1045 1649 606 1422 2034 1701 1202 317 1096 179 463
1453 204 1490 2135 1212 2842 2741 1986 2289 1860 201 1940 1937 899 1636 1547 2511 1747 2207 2309 722 1463 1901 155 137 2004 1833 2433 2713 246 2644 2729 1965 537 1496 2686 1443 2506 490 2665 2258 811 2376 2547 645 591 97 2272 1197 2131 1978 2838 563 2826 747 1841 1765 1718 1825 1116 659 1894 1130 889 969 978 1569 440 2482 1079 2375 168 1057 2825 79 1606 237 406 2815 1134 804 1183 535 2493 2248 1938 1454 2650 562 1148 1979 683 853 1796 165 64 2813 156 362 396
2363 353 196 98 1170 1077 2264 1819 1864 2132 1619 2468 701 2210 2572 2520 2353 2691 640 776 879 2361 820 244 557 1371 781 40 828 812 2503 2828 2474 2734 809 233 2271 2578 2582 1525 377 2203 2460 2798 2186 2838 323 2374 2494 1792 2348 1402 909 2247 2256 1200 1038 1697 13 934 342 871 592 1643 1280 1204 147 398 2462 551 2327 585 896 1049 2517 281 956 1596 729 1668 2623 2103 1709 1477 1113 1344 396 1380 270 1949 796 206 669 150 1198 493 1247 2602 2783 582
2044 85 1934 1901 2088 2501 188 635 2011 1656 1422 1993 1636 987 556 1617 724 2631 611 2574 1405 1840 645 1319 2411 613 134 932 1848 563 2270 2419 2007 155 659 547 1983 440 2650 51 2001 1284 826 1316 1878 1386 1428 562 2082 1208 2544 2528 1203 2840 839 624 559 305 2397 2713 1965 2051 4 2069 2439 1752 2167 490 2832 110 606 2358 2477 1439 950 1788 2289 486 2826 2817 1206 853 1322 1790 1190 518 197 274 550 1545 445 1552 2391 2642 2367 2646 1046 1782 312 1658
650 2726 2171 2043 2816 2194 1703 2666 2162 2127 6 285 991 1916 619 894 1632 1891 1744 2841 1288 2810 661 334 922 1221 1251 2060 2705 411 1227 2346 690 189 807 750 1603 1286 475 546 1610 1882 419 2672 1364 217 122 2153 1188 476 609 1366 1844 335 459 2760 744 1432 1927 1522 1570 300 342 1858 2298 1059 2160 759 2401 2502 1763 171 1884 1537 551 2271 1083 2182 37 2633 1653 1456 2261 506 226 2308 1032 2612 1260 1605 924 1502 687 1515 1061 2643 1494 879 1129 147
2458 2085 2369 1495 791 1031 942 908 355 1978 1017 1508 1119 1287 519 2660 1396 1565 966 2664 392 2262 50 1705 1331 1518 631 1152 1105 301 1384 1676 1036 2600 2543 490 1049 2453 2803 1454 1695 1211 1673 984 2596 1002 512 1077 2097 1516 607 2147 1528 2392 2331 1645 416 632 893 2186 1739 660 937 1893 2157 451 156 164 196 809 1301 652 2310 515 1718 2718 487 1204 243 410 2490 1398 54 701 361 2443 1614 1197 1290 1681 422 1604 2093 2782 568 2603 1575 1800 2257 1479
1371 1183 327 40 844 2503 851 1515 1198 1423 1591 20 104 1144 2573 1616 2572 2263 2457 1113 1960 2494 1973 474 265 205 2303 2056 956 398 2678 275 1077 1922 2751 2114 1263 1458 1426 1318 1726 2688 2359 1696 1326 2162 2086 1687 466 1659 117 1380 907 84 2623 1488 1400 2567 167 498 244 1184 5 479 1768 796 1907 2374 2203 2620 396 2386 1080 1536 1987 2048 490 2124 196 2141 2734 1462 1199 2115 636 1738 2014 2691 2791 2197 2608 1152 644 422 761 1280 2760 1180 2761 909
221 1926 2790 1407 1624 1146 1644 2817 2411 2300 943 1545 1102 1752 2528 1405 2832 987 626 1656 817 1934 635 312 4 556 826 1737 1386 85 2044 2501 2389 2270 2439 547 283 1544 1316 947 2837 1796 2069 611 613 2836 188 860 1381 2082 1782 1202 712 1444 2707 1658 266 2045 2241 169 2367 1369 2538 1319 1623 1328 562 2130 735 1617 59 1636 2477 1417 1710 1679 1701 305 1870 925 2454 2714 2721 2050 26 1649 1261 837 1101 1411 2649 2486 2545 1569 518 2584 51 1993 2631 440
1753 1125 1834 2777 1759 18 951 2757 1842 70 2772 1390 2077 1557 1252 2 601 2478 2561 2622 2663 2510 2302 2818 2015 767 67 1165 1798 1839 1230 315 395 1558 1004 2504 2737 431 364 1451 2323 2759 1343 374 2579 1980 737 898 714 2040 876 2072 2624 291 297 940 572 2320 1928 1166 522 2644 101 277 426 102 1908 1323 1235 2381 447 1732 1900 2509 103 581 589 1257 1810 1448 251 2542 1334 2583 2149 2702 1678 830 2000 258 2242 835 545 688 75 1091 2161 1306 1298 2368
1948 1316 747 1096 2272 1796 2815 2034 1860 439 2721 2545 1636 64 1416 1496 497 1569 2755 1051 562 2741 201 2135 715 1584 2309 535 1134 2713 1658 2241 1381 1993 1527 2433 100 1965 48 692 1782 305 124 1362 1261 258 1212 447 835 246 2826 2454 2628 605 1897 2123 2023 1731 202 2352 1732 1747 1586 811 645 1126 603 2650 1218 2045 2319 1547 2275 899 446 1148 712 155 1490 2825 1617 1752 937 1350 1646 410 137 2736 2686 830 1320 269 720 2836 2530 440 2377 2207 2837 319
1679 1649 1054 2837 1623 169 1993 1617 947 1381 1663 2439 1444 1782 2707 1544 2050 2836 2241 440 1328 1658 2130 1045 712 1422 735 2628 1840 2767 1029 2011 51 155 305 1860 2840 2826 1437 645 2769 562 1417 445 2001 319 674 1261 463 201 2544 489 563 2650 2454 900 1640 2735 1051 1218 1796 978 1552 2649 1202 1123 179 1948 480 1496 1636 2352 2713 550 194 1710 1208 2714 2358 2051 769 2337 2606 2084 663 1369 59 1870 1253 433 1862 1545 1901 950 1096 1874 255 2272 2721 2389
2769 2130 720 421 518 1045 348 1552 2418 480 445 663 1716 2840 77 892 1276 1576 179 793 2050 704 1358 228 2174 550 2375 197 2574 1590 366 925 1234 2241 1494 1617 2189 2123 1665 2649 2650 1575 746 2694 2662 1653 1861 2011 1369 895 1609 562 2381 977 433 170 1540 2127 880 712 1193 204 440 1983 1840 482 155 2289 2048 2714 2401 1901 185 1319 287 735 93 857 1203 2732 1208 2088 57 2039 1328 645 2148 26 1551 2419 2811 1283 1536 2826 305 82 2610 210 2454 1224
924 1487 1400 1471 650 2043 2573 953 2841 1703 2666 38 37 1953 2197 2706 2457 1488 1288 644 1341 1315 1605 535 1882 1462 2346 1006 894 1278 419 1687 1232 1183 2554 1116 396 40 732 2153 537 1995 1859 335 1607 1880 285 1865 1603 851 811 956 546 2494 95 2678 1224 167 1726 2194 2688 20 773 2348 2174 2562 2763 795 761 1560 466 1561 1891 493 1139 490 690 1548 96 636 2691 2607 2230 2502 1318 1171 1371 1032 2547 2816 2751 1199 762 115 1964 662 1702 1523 2522 1596
366 1724 2460 2327 2174 797 879 210 143 557 1358 1861 2694 1196 859 2672 1234 1575 1947 1665 1494 2541 976 551 2691 2581 2494 537 1276 2738 1221 1432 1684 46 1837 2619 1776 1792 798 1193 2129 2330 2524 1169 1279 1618 2298 2661 1863 591 746 1349 1345 147 1129 2456 1350 514 228 352 2187 2444 687 1675 1061 1807 807 2529 154 570 793 1365 720 1392 170 2517 2621 1537 1572 2399 2461 2761 2206 57 827 1732 1086 1509 1580 2363 1445 1295 1664 1 2275 2004 2247 583 1215 342
1944 1055 899 494 2741 2719 2580 2766 137 2135 1067 1212 2813 447 2319 2294 1076 2286 686 1452 116 2728 2825 2068 2291 1777 79 146 1899 246 2435 1463 2598 2041 1937 2057 2305 2248 140 2382 291 2558 1464 2292 2436 12 1810 2393 948 1185 722 725 1639 692 1547 2704 1345 1001 1935 2509 1432 1362 574 1490 647 2329 2350 2842 687 832 1494 1120 2730 359 204 1897 2385 1223 1874 1868 2207 67 2583 2251 319 442 1940 1825 1573 2511 2844 693 2324 1611 1732 1606 435 2298 1379 593
143 372 2529 1837 2672 2517 718 991 1684 797 2460 1221 2298 1366 1925 1440 2174 273 859 557 2844 2691 879 1373 386 787 1 2541 551 1807 1286 1295 1494 1196 1129 1982 667 641 1724 807 366 1445 1863 342 795 352 810 6 2619 2187 1234 2524 1696 2363 2726 2271 888 2228 2371 527 285 711 2771 262 591 1947 1358 1509 2127 1675 1421 1480 2444 30 147 2194 1811 1880 210 958 83 2372 1652 1844 633 600 154 2494 1180 2732 1575 2206 505 1861 1515 1814 2385 2703 2355 2362
1411 2584 2185 1694 2616 1684 741 1776 1360 1814 1445 2529 1619 2371 1446 1283 298 270 787 1238 386 2455 2298 1291 2833 2731 2727 1572 234 807 1887 879 810 1520 2844 262 665 1295 267 46 1982 888 1514 2468 1221 1373 891 1925 90 1766 2659 913 2092 795 2189 2404 2797 857 2139 2771 2725 2158 1994 2269 1816 1294 264 2187 1129 638 438 1108 2576 2268 716 1440 1227 2672 2726 299 2706 958 122 1088 690 1807 2197 669 244 837 459 718 1366 2356 1661 2115 2399 2631 720 2817
1710 259 2287 1701 1319 611 1123 1417 203 977 978 1208 987 497 2769 2544 1437 1878 559 445 1636 2652 547 1617 1589 626 2213 685 1983 2200 2007 188 1629 1752 2817 2836 563 2391 2424 2148 562 1782 4 1656 1046 2270 2012 2389 900 2837 433 169 950 2241 635 2515 2011 1788 1586 550 59 860 1414 2358 2082 1993 1489 1307 2001 2367 1473 2473 2439 613 1386 2375 1862 51 2826 1092 1146 1545 2840 1381 1658 221 2427 2076 2592 1600 482 947 1995 811 217 674 970 1848 1253 1496
1265 119 1448 2566 754 2756 2615 1383 1269 1296 1231 1945 2408 1728 2320 1804 2413 2472 757 232 520 2533 1689 1312 558 1478 2354 213 1597 2673 1722 286 1984 954 545 2172 1867 19 135 424 2295 634 2827 2113 80 29 789 2021 1483 962 376 1149 1685 967 1712 983 1743 310 63 596 1999 1849 2504 695 2784 1533 1719 1469 1434 1176 2547 2430 2638 1333 2277 426 1535 16 1693 1091 1298 1898 1795 24 182 1847 1087 658 132 1631 2190 101 1760 2656 499 949 1513 898 2579 714
803 364 215 436 101 1798 1559 962 1106 2656 1900 737 374 1786 1257 1971 1558 2149 395 2759 1451 1693 251 529 1004 989 2381 2504 1434 1357 2040 182 1361 1230 2737 2546 572 1166 1298 2000 940 1091 1427 1176 727 581 926 132 1115 2016 1928 2190 2323 789 1343 1334 2579 2114 293 341 2621 2113 2368 2699 1175 1743 1213 2701 766 1818 2542 898 2787 1561 1535 1306 2497 39 1760 1180 1801 485 2329 960 658 614 1795 1951 2178 2242 589 2540 2277 1300 2324 954 2409 1137 2072 483
879 557 2460 1619 1925 2298 551 1684 641 1520 1724 2363 2524 1025 859 46 2727 143 2517 2187 795 1776 2581 720 342 1221 1816 797 1982 665 1295 1 2215 807 2468 147 1350 1366 2399 1457 1129 270 2619 2174 2541 2197 1514 244 1575 667 1556 262 690 352 913 857 1572 2529 1193 1373 1766 2385 2456 385 2844 1814 234 1807 1191 2672 1375 2771 1358 2635 591 2158 1360 1330 2833 1242 669 2691 1630 287 718 1315 527 2709 1837 2403 2455 1863 2481 2590 888 2139 814 2431 1432 1494
1796 2045 221 943 258 1656 188 4 1405 817 1934 2023 463 2501 283 987 1584 1319 2050 2790 414 611 635 2454 2069 2817 811 2574 826 1983 1102 2622 1390 1782 735 613 1752 2082 2757 559 2011 547 2419 1046 2270 1658 1636 1617 1422 626 2358 85 2397 1316 1848 2300 562 1407 1993 605 1644 2319 1710 266 257 2044 2713 259 1437 2755 2411 1965 2538 1926 2530 2034 1320 1737 900 1146 996 1895 439 1860 2241 2007 1208 51 1045 2724 2528 1489 179 2815 2769 2800 2545 1029 1386 2652
1981 1290 451 1518 1237 446 530 2796 1058 631 1567 1384 2282 708 1909 2636 921 54 908 157 1604 2064 1301 487 1978 918 2140 1516 124 2009 937 2049 1618 966 2596 2530 1491 1119 1613 1000 996 1498 208 2093 2392 1803 1088 2782 2458 2609 1888 427 172 1652 2655 2089 1485 1302 1495 961 2138 399 1890 123 868 72 904 1988 1454 1331 942 1370 538 1554 50 453 2243 605 1784 2349 1253 535 2789 2664 1893 813 1099 595 2257 710 1894 2488 1455 1910 41 1794 2267 1717 336 2403
1623 1679 169 1489 1417 947 1054 1782 712 1328 1261 2837 1444 1381 860 2836 2707 1649 1617 1416 1663 1544 735 1051 2130 1948 2050 2721 1658 1045 2241 1218 348 1870 2767 1796 2454 2649 2769 1369 1437 26 2439 1569 1096 1701 2628 51 1993 1710 179 2011 2034 440 925 1407 715 1624 562 2352 2528 305 194 559 2714 2411 2817 2826 2652 626 900 1422 2300 1656 155 2545 1644 221 2076 817 64 1926 2840 445 2045 645 100 439 635 563 48 1934 134 987 1860 1589 943 978 1545 2538
1371 1525 2572 2623 2386 1380 1198 1280 2678 582 1726 973 45 1536 946 1570 546 1205 1083 1665 1659 1768 2374 2048 2263 1184 2247 2303 2740 636 1113 1458 1596 905 2468 2464 236 1702 43 2608 844 1285 1697 6 1064 2086 1251 2761 1318 181 1515 2203 490 2514 2448 196 2278 40 1425 298 1664 732 1797 1960 2838 2791 1884 1911 1352 294 689 327 861 1792 2118 398 482 2522 2115 956 1183 851 1616 2503 2317 150 2688 980 828 1603 117 1765 2807 2760 1482 1426 1219 1015 2141 1973
610 811 1634 94 410 937 648 830 2830 1133 112 535 1309 1243 870 257 843 717 1424 336 605 2843 1466 2196 248 1379 365 1142 435 2507 1626 1110 1732 1783 591 1079 2417 1966 1040 338 773 881 1005 2005 2275 603 2243 2020 2746 446 2680 1794 1174 1131 2560 1573 544 2752 2331 917 2211 2290 1147 392 2763 1904 678 1913 730 2788 434 1850 2730 1575 568 2151 2609 1581 1455 448 1169 1516 1678 2519 934 1331 538 1498 2006 749 2582 2377 2697 2719 183 385 2605 60 1724 1731
2600 1705 2664 1681 942 487 1695 1000 2369 1739 54 50 1853 966 791 1893 2085 542 1508 1673 1384 2596 660 710 1287 2803 2782 360 2282 2458 1518 1031 631 1290 243 1331 2259 2064 1614 530 1565 337 1017 1396 1779 361 2108 2264 2660 886 1554 2334 1985 434 2132 512 2093 206 1864 78 62 1495 1770 1784 893 1105 292 21 117 1033 2543 343 1978 2049 2384 2451 2462 14 812 99 2262 2257 2696 908 1742 2026 984 933 2734 1562 776 355 1170 862 781 813 2490 883 1398 156
972 671 2052 532 2557 1335 28 1956 1111 1376 1680 1917 2552 602 2017 152 1532 238 2592 68 968 1262 200 696 2402 2193 2814 1741 2028 2681 734 2365 1708 1961 503 455 1143 1955 1330 1746 633 326 2228 1555 847 711 999 1755 1339 2674 1135 1827 2144 2499 2534 1704 618 877 255 1118 721 92 390 2250 1050 1472 2059 2698 2279 1972 655 1302 705 1967 27 771 209 649 49 2479 261 31 1655 799 1299 316 2764 1781 2283 1822 1635 2316 1168 2500 2594 1725 2231 1182 1647 1202
1753 1125 2777 18 1842 2077 1834 951 2772 2478 1252 601 70 1759 2818 2 2757 2015 2561 2663 2510 328 2238 1333 297 1557 766 2302 572 2622 1448 2242 767 1798 2504 1165 364 2759 545 2579 436 1390 1900 1839 315 522 103 789 2615 1323 431 714 1389 1230 596 1846 101 215 284 2546 2040 2441 1235 2149 75 881 1558 2022 990 898 2320 1178 2489 277 754 502 395 374 688 2547 1343 2737 1019 2417 2113 2290 2756 658 1678 1804 768 1908 2601 989 67 1394 102 2624 1969 2161
591 166 1828 557 1880 2619 2174 2372 2460 147 2573 352 2094 1258 2517 1618 814 1540 879 1684 665 1199 2048 1939 1270 2338 1619 551 46 2738 1358 1360 1349 2468 30 511 2197 1025 2431 2131 1630 2709 1181 2835 685 237 38 127 1792 1925 405 1278 1446 1286 2648 2481 2691 616 961 1607 1596 1294 1060 421 2635 892 1129 795 210 969 1058 537 918 1530 385 1242 1350 2138 1910 2255 600 1724 1078 1112 641 1514 1495 1837 2529 859 797 867 708 1802 2399 2327 2706 2444 1907 630
1752 221 2790 1146 2832 1102 1386 1926 943 1545 2817 312 547 4 2300 1316 1656 2411 987 2069 556 1405 611 817 2528 1934 1636 1319 85 2044 635 2389 1407 2367 2501 188 1644 2270 1624 266 626 2082 1965 283 613 1202 950 1496 826 2538 1737 1552 155 2241 1993 735 59 2289 440 2477 2050 563 1796 2023 2352 795 518 1437 1799 978 2545 433 2840 2707 1046 1045 559 2397 663 1710 1148 2222 1617 201 2631 1123 1895 2836 1622 1840 562 2714 642 2272 2375 1701 2755 305 480 2826
558 1801 2277 853 1230 1683 1631 783 1898 395 2547 1839 545 2317 135 2644 1999 2838 949 374 1394 1996 232 757 1689 1945 576 1116 1103 1224 2472 520 1197 2112 2141 1561 956 1714 1091 1231 19 940 1093 529 856 2523 1312 2197 2295 2464 898 2566 1426 1646 328 596 1798 95 607 34 2700 592 572 184 2072 1137 1616 244 824 341 1476 687 2180 1727 509 1722 60 2162 40 2489 2422 754 101 697 617 1728 2737 2381 1984 88 2457 1765 426 581 2242 2413 2374 2353 1947 424
1800 1645 1138 1871 1992 1385 416 1731 2613 2145 406 1007 607 883 2042 2723 2763 1978 288 519 2102 1707 2110 742 1579 773 1733 1119 1455 257 512 544 1747 605 1938 1770 841 811 1745 1136 253 2596 301 2532 1496 1241 1779 2644 211 1211 1219 2609 2686 2392 2085 1079 942 1528 709 1833 535 114 365 59 2744 1641 631 515 446 11 2660 2482 610 2495 889 1986 410 336 227 2097 2262 392 648 2496 2543 684 2341 382 2310 1511 1578 1969 916 1017 517 917 1518 1058 2603 1231
802 142 1431 2078 1492 429 1699 555 1132 1588 868 2217 1890 878 1430 1888 536 2029 36 2423 866 901 743 427 1553 2568 1886 554 733 1053 2415 2668 292 302 121 2117 193 569 62 176 1562 1793 21 988 2090 500 2743 289 332 417 681 2451 1256 597 1033 340 323 361 2384 78 1398 979 2267 2108 2786 2227 886 199 56 1393 680 1236 1686 1233 1418 2428 893 2539 1065 2380 437 1272 2578 2629 1374 13 707 432 370 1499 2839 2120 2335 1337 2430 1041 640 377 2602 1038
1584 2045 2023 1242 258 1796 535 2757 1073 648 1759 2413 463 996 1834 2530 2818 1390 2785 1980 1312 616 414 2015 1988 811 961 44 1134 446 1735 184 1450 2296 2131 1197 2561 1446 1656 2680 1689 1753 1678 2756 70 2843 2375 2295 571 951 1804 46 19 747 1112 1673 1133 544 1181 591 1448 2510 1782 817 2482 2196 2319 577 1552 1125 2736 605 246 1029 1063 2811 708 2702 2158 2151 2547 2741 1783 1557 638 835 1383 345 1511 1812 1908 1895 434 237 685 1491 102 269 288 576
1212 2741 2135 1747 899 2506 204 246 1134 116 692 1606 2319 1646 1463 137 2207 2813 1130 2665 1724 2511 1547 2558 2686 97 603 494 722 2080 1940 1937 165 2582 2766 2248 948 747 447 1860 2644 1490 1169 2825 969 1204 2393 1732 889 2838 1502 1986 2275 2305 2842 398 2729 270 725 835 2368 1443 2586 1380 607 490 1800 407 1626 2736 830 1899 2780 2041 1126 40 2057 379 2435 2309 863 1825 1596 2020 1397 1482 775 2292 1639 510 2796 1358 275 652 647 1620 2179 956 2791 339
483 2784 1672 1161 240 789 1847 1300 1513 1469 376 2540 1389 1447 2054 1483 293 1836 1795 614 1361 2409 967 1804 16 2437 754 2113 658 1559 2024 291 1749 646 1353 1898 727 1773 1178 1137 589 1427 2579 1019 1213 2504 1451 44 898 251 1115 1719 215 596 2066 1166 803 1106 2546 1900 1990 1597 2759 374 2277 2178 63 2000 1883 572 2190 1535 2022 213 426 1252 714 1914 1176 707 558 2202 2381 1951 395 1244 777 2305 1306 1091 2547 545 2700 1394 304 101 1175 1798 2413 2785
1742 1370 2064 921 1554 2257 1105 1909 337 1384 530 1396 2696 908 975 7 487 2793 813 1946 660 2416 2843 1968 1290 446 662 1604 243 1613 1301 2782 1670 605 1271 2290 1681 2049 151 360 451 1331 2243 2394 710 2196 301 2282 2304 1325 1794 355 2609 2005 631 1017 544 966 54 1634 870 2336 1673 1142 2519 2259 2492 2151 1966 392 2223 1581 94 435 288 1068 2490 2560 2680 2349 1058 2299 881 984 1913 2792 1518 2697 1495 1783 855 1309 1614 1853 937 2730 513 528 1040 1625
754 135 558 545 757 1945 2277 2413 2472 1631 232 1448 2566 1728 1265 520 2756 1231 1312 1087 1749 1804 1394 376 596 119 1597 1898 1533 1689 328 1269 634 695 2295 2615 1137 1478 1228 2504 1383 2759 44 1984 2547 2579 983 213 2111 576 540 853 2638 2430 2238 1785 1483 1296 499 2785 766 63 789 1469 1230 2441 19 426 714 898 2827 2408 16 395 80 1990 101 2784 1558 1176 1928 1178 34 2700 1535 1801 1712 1999 1333 2381 2317 572 1719 184 2077 1722 1091 424 2320 1867
184 1450 1312 811 2736 2785 2547 463 1197 1689 1134 1126 97 576 835 2495 1390 47 1713 2413 2319 1073 2295 648 1133 535 830 1231 1728 777 2375 538 2281 257 88 2239 824 1063 135 564 1960 1130 1839 1714 230 19 591 1894 2756 1673 44 757 2275 575 1707 2441 2561 1996 2196 1907 60 603 246 843 2472 2506 1116 853 1678 2135 585 1476 446 1304 1800 2622 1732 2045 2011 2224 2538 558 1986 683 1606 644 1656 1331 1383 2530 1999 16 2296 2245 899 1583 1727 2843 2741 410
1243 1133 1783 2290 2730 1309 1005 1511 870 1794 2151 568 2746 1466 1379 2560 336 717 1079 648 1516 1969 253 2830 678 730 248 1131 2302 2251 1670 406 435 610 749 2598 1526 811 2364 1020 1498 2102 544 365 1732 2788 709 1581 410 1165 1442 830 742 2417 1620 338 1707 2377 593 1406 855 2145 881 1455 2719 2697 2341 2330 2680 2275 538 434 1040 673 1871 2516 2219 1325 1779 1390 1138 2299 2549 2741 2473 2005 1575 186 1966 1573 2541 257 1904 112 2350 1012 603 339 1646 605
176 2743 1033 2227 979 332 1393 340 2786 597 2668 2029 554 886 292 2384 555 429 1562 1686 2539 2629 868 1065 21 1418 432 142 302 1431 802 2423 893 1256 361 2451 1398 2798 2031 1588 427 2428 1888 1890 417 536 1132 2108 901 2120 743 1429 62 2578 289 78 2568 1374 199 2217 121 377 2520 1492 1041 2415 964 640 569 323 1070 193 1793 828 2038 2221 1399 2808 1272 729 2671 681 1053 1553 2828 1910 2090 2078 56 1430 1337 1952 500 2117 36 1976 1668 13 2210 878
735 712 1045 2130 1993 2050 1369 179 169 2649 2241 1782 925 1544 2454 440 2837 1381 1679 51 1656 1617 1405 943 26 1658 2439 2836 1623 1663 563 1054 947 2411 2528 2011 2817 1422 2790 221 480 556 1649 2769 1328 1444 2840 2069 2044 1644 1218 155 197 1552 550 1796 562 85 635 1934 1636 559 2826 817 445 1870 1316 260 2538 2714 463 433 259 518 1840 1261 987 2724 1926 2088 348 2628 2707 2574 1983 1208 2832 2501 659 312 1102 1752 2544 645 1624 305 826 1895 2270 1407
147 551 1540 166 2738 1803 1618 1129 1227 1330 476 1630 687 2246 46 2758 2431 2338 2223 255 2513 124 1826 2094 1283 2662 2089 17 2372 2444 1181 2835 1059 1509 1828 2131 30 2619 1837 1684 2339 1724 1571 1276 1861 127 2138 1365 685 616 1766 203 1421 859 2466 557 1286 195 638 1698 1069 1375 2158 1025 262 2635 537 352 1349 1358 1514 442 2710 2425 1994 448 1360 1278 1863 669 1889 793 1242 154 2427 1575 1013 957 892 641 223 1135 591 1520 317 385 468 143 2313 2340
1293 1143 2402 1097 326 159 1037 1780 1972 2406 331 390 2669 430 1822 478 1715 1647 1008 1730 2301 580 721 1967 1395 655 1187 49 2806 1635 1140 1921 1438 758 1182 1781 753 2557 31 877 1506 1124 1297 408 1505 1465 1692 1156 464 1918 1220 125 782 1317 471 1282 2061 1912 936 1929 28 2799 89 2407 363 295 2765 108 654 2531 1039 1648 2070 456 2053 525 2017 1598 27 1303 1127 1050 2398 1018 455 346 504 129 799 1026 2693 625 2465 2505 1441 788 484 2690 1612 1831
2554 1315 894 2160 2153 1336 762 2705 1013 2079 2841 2401 2831 1364 189 96 419 2313 2060 300 1632 1227 1032 1188 744 2216 1330 924 1661 335 2612 661 2194 476 2476 1251 644 1284 1625 1858 1171 217 22 1108 1927 1283 2109 1995 2171 2043 2427 1702 1726 922 2573 1083 759 2230 6 2810 1456 2278 2261 122 2502 2222 1763 609 2162 2688 2089 1286 1221 506 1933 20 171 526 1401 2643 2571 42 2726 621 1408 147 2760 2816 2425 2751 2182 181 1603 2168 37 1637 1178 1602 2591 1677
2777 1753 1125 2772 2077 1252 2478 1834 951 2015 18 1842 2818 70 2 1165 1759 1323 2757 767 2302 103 2510 601 2663 315 191 1557 297 2561 2546 2161 2314 277 688 2113 1511 1186 2622 1390 1451 1115 1235 1969 2315 2702 67 2000 1951 1980 876 2737 2320 881 431 29 426 727 1019 1839 572 2277 2583 1306 1391 1442 102 1804 1959 2624 86 1869 1230 614 293 359 1389 1558 658 1300 126 522 2024 2413 2748 1448 1905 581 967 2787 2759 1513 1678 1798 1213 1809 2323 10 1333 395
1087 898 545 1928 757 1590 1228 1394 2547 1558 596 1631 714 1137 2566 63 695 1597 1785 1839 2277 291 576 1166 1103 2504 2700 1801 1298 1561 1749 558 135 895 1535 426 251 1999 1257 1945 95 634 101 2413 395 1804 2408 376 1178 1483 2472 983 374 1448 1798 1728 232 93 1224 754 2317 213 1312 1478 1333 44 2561 2112 1689 2540 1207 1847 2523 529 34 520 2072 2381 1019 2430 1265 789 16 954 310 182 1427 1276 328 1269 1712 2638 2827 2295 2441 24 2579 2180 2756 572
2464 2404 2468 1702 582 1858 1596 1280 2168 1083 957 1336 2014 2216 2591 1364 1084 732 2725 1515 1766 2188 2572 1661 45 1251 2160 2278 1217 1205 2841 181 669 185 2474 814 387 244 844 2115 2457 697 851 661 396 270 1315 551 1227 1088 2740 1637 1556 2448 759 466 448 498 2760 1525 807 1697 971 1330 2048 2608 2030 2710 2071 687 1797 1365 2079 509 1575 744 609 1426 42 2182 2175 2124 785 40 2810 2088 1659 1061 342 1013 1911 1283 2162 1716 1371 1802 956 442 43 1768
2024 426 1597 707 2533 29 1149 213 2408 1804 2054 2172 1849 293 286 2354 2143 1719 727 1451 2430 634 2320 520 24 967 1265 424 1361 2000 119 1559 589 2756 240 2673 1478 898 1296 2413 16 2409 2615 80 658 44 2787 2638 1269 1106 2021 1529 1448 1312 2072 754 1469 483 376 251 1166 1561 232 1389 1722 1176 1867 1236 1091 1483 1728 132 1442 19 1306 2295 2277 215 1946 1165 218 1231 1836 558 1951 60 1928 1689 1558 2784 184 1334 1447 1298 803 1798 291 1984 792 1161
989 395 1900 436 926 1818 1091 374 101 341 364 572 1230 803 824 1559 2759 1361 737 215 777 39 2381 581 1357 2190 1004 529 2040 2547 2656 2495 1798 132 1106 617 1176 2542 2149 2504 2737 1451 1561 2323 940 2238 2579 949 962 564 1180 1343 1801 2202 328 2644 1137 407 1856 1693 1971 2114 198 88 1999 766 1334 2277 1257 2497 545 1434 695 1683 1996 2745 1178 1786 751 182 2242 1476 251 2699 60 1166 789 754 1898 95 2112 2546 1672 1213 2288 658 2441 2785 1116 1883
2517 2271 2529 1619 2468 879 557 661 1238 551 2460 2619 342 1925 810 2363 1939 147 2844 2431 1480 1421 1816 6 1 2710 2372 1863 1221 1283 690 2758 1684 888 2727 669 1227 1286 122 685 506 1295 352 991 267 285 2168 1514 1575 1537 1366 1330 2268 2194 814 143 795 1806 1556 665 46 973 476 2385 2691 1520 262 667 244 1440 2298 787 1880 1291 820 1112 1698 1814 2541 687 270 2223 1373 30 650 1059 386 2261 2197 1807 718 894 1446 602 160 148 385 1025 1377 2633
1834 1753 1125 951 70 1759 2777 1842 18 2077 2757 2510 2478 2818 1252 2561 2772 2 601 431 2015 1557 1390 2663 315 2622 1839 2579 2302 767 1035 1728 102 1980 1448 395 2323 374 277 1165 291 232 754 2413 2504 1230 1334 2624 1004 688 545 297 1323 1257 19 757 1469 2566 60 1447 2277 1689 1804 596 2315 1798 2702 135 2509 830 898 2615 376 1558 1235 103 101 1137 522 2295 714 2381 426 835 2472 1343 1845 1231 2785 1298 364 603 44 2546 2547 328 1091 789 558 1900
207 2059 1378 225 2794 464 2396 1475 1127 653 2173 61 1022 2025 534 2244 296 1706 1274 356 806 495 139 1503 1813 192 2236 1655 1481 484 1062 726 363 131 999 129 655 52 1787 209 838 418 452 2429 2715 2597 1932 1789 1923 1262 1275 1024 2765 458 1050 295 1831 467 1282 1465 314 2232 239 389 927 1568 618 501 1967 2681 2698 200 2280 1376 2301 1780 390 2531 1563 1543 1746 2091 758 1164 268 33 1039 245 2693 2137 1317 1755 455 1281 890 2687 1011 1730 2806 324
300 2048 644 953 2448 1487 45 2197 1596 2688 2831 2498 1184 2706 609 2115 1659 2571 2573 1199 762 2841 2179 2160 1251 1907 2705 2464 973 2109 466 1637 2230 690 476 2710 2162 475 96 621 1400 2620 335 924 2313 1738 1537 387 1425 2678 2442 1802 669 1471 8 2725 1560 745 1426 1015 2751 957 2562 325 1183 2216 2535 20 2079 468 1515 1661 2386 551 2522 971 2457 2348 1232 448 482 1910 2088 40 375 171 1488 509 1671 43 1474 1768 969 724 229 2222 2761 1288 1616 2056
2832 2790 312 1752 221 987 1102 1146 1545 1926 2411 943 1405 2528 2817 1644 188 547 635 1624 556 611 4 2501 1656 1319 1934 85 817 2300 1386 1407 283 266 626 2044 1737 2389 2069 2270 2840 826 1202 2082 1316 2011 735 1029 1636 1796 2631 1983 433 613 2375 518 1328 197 562 2477 795 2241 2538 1411 440 271 445 2439 759 1422 2584 2574 2841 1782 1993 2486 1953 2707 305 463 2440 1369 2836 2454 2714 2367 1617 947 2023 2725 1663 2289 1701 712 1190 468 2397 59 2724 1054
2468 2464 2678 2725 1702 1596 1083 759 1726 1280 2572 2760 45 2643 844 2503 2056 1797 2448 1364 732 2751 2608 2591 1426 509 2182 2386 1616 1525 2048 498 181 1318 2168 1251 466 387 270 2124 1088 1536 2688 236 6 1199 42 2014 244 2457 1371 2197 2348 2263 582 1696 1515 298 1659 2160 851 2476 2079 2278 2115 1602 1064 1205 956 2807 690 2230 814 150 1221 1380 2498 2404 5 2474 40 2554 1697 2567 894 300 1458 1911 1514 644 189 2425 957 398 2522 1232 2060 1766 1907 636
28 1680 2193 238 2592 1655 503 152 2228 633 1335 711 1262 464 2052 1111 2552 2681 455 2557 2105 1827 458 2322 602 1741 159 1706 326 1831 2370 313 1293 2365 2119 2819 1143 2500 877 1704 1097 587 505 2674 2250 1003 1912 1563 1822 1281 2144 705 1929 1314 772 847 1974 1955 655 1532 2181 31 125 580 2059 2283 456 1118 726 2716 671 890 2594 1730 2467 2191 1164 2236 523 2062 68 972 999 927 2765 2527 532 1543 129 2028 1932 2244 1026 1475 1708 2534 734 1896 2689 553
284 903 702 1908 1107 1310 65 768 2601 1254 931 502 1512 1845 2388 848 2471 1340 1608 1720 1830 835 1821 2624 250 126 688 297 103 1523 684 1507 2275 603 1323 55 1391 2605 990 2276 2641 1186 2733 736 1235 1975 2754 1178 187 1620 1114 1669 830 2550 728 1413 578 1517 1450 1104 2254 1732 2080 2360 2159 1907 107 2684 1626 32 2326 1028 2630 1734 2695 1120 2604 2192 2383 2579 441 2347 469 2073 462 2176 1372 575 204 2414 739 2234 2008 1016 1180 2314 1467 379 777 2297
52 726 418 464 1481 1706 1262 2059 207 295 1787 225 2669 1503 129 346 999 363 2715 2244 61 2806 1465 192 758 1475 31 452 455 806 484 2690 655 49 2236 2025 1780 1062 1781 1932 1378 534 326 2467 2407 1024 467 1022 1923 1813 2794 2470 89 2634 1789 1438 290 2429 1050 1039 1730 1275 331 1127 1568 501 408 840 296 2765 2301 159 753 2142 495 1281 456 2396 1282 653 108 53 389 2091 2398 1274 2173 1655 430 2232 1929 471 2531 1008 324 1875 654 1831 241 356
1603 1462 1221 1285 454 2194 1541 750 285 2666 375 546 1366 2677 5 1537 650 2152 2502 2109 820 334 2359 339 2222 6 2567 2688 2313 1605 1380 1400 1646 594 922 1120 2348 629 725 20 2298 1082 84 2726 298 956 1922 973 2197 2695 1661 1283 1080 2751 759 281 531 863 1073 2518 1763 1943 1884 2319 2494 1732 37 969 986 1183 1523 1620 2643 1953 2162 1272 818 1397 1696 845 688 1308 2043 2554 557 2079 414 372 1980 2524 2448 894 1602 582 851 1907 1202 1232 2080 1184
246 1463 1055 1452 1056 1935 1944 2294 1937 2558 2305 2766 2825 2580 137 140 2728 2041 1076 1868 2135 2207 2393 2382 1212 1547 2736 2286 1134 2813 2511 1639 1899 899 2435 491 686 2248 447 79 1126 948 165 146 725 2292 1464 722 692 2665 1067 1825 657 2708 1185 677 494 2068 2842 2438 1130 1490 2309 804 97 2741 2569 1362 204 1777 1606 2639 674 1841 2506 2296 319 1940 2319 2683 2719 1897 1721 2509 1223 83 2037 201 1592 2784 2704 497 116 2258 2436 2576 1346 1307 1573 2362
2252 2328 1583 1179 2682 2491 930 998 227 1977 841 1578 916 2097 1651 639 2647 1154 1367 1063 952 1769 748 982 1920 945 1579 2778 2042 2459 887 118 1239 2225 517 1031 492 114 1354 2729 1791 1772 1368 515 652 2723 2536 928 2487 2349 190 919 1770 2585 1657 914 2026 875 1347 2065 2008 2488 1528 512 723 2284 276 2416 311 812 1493 2792 1470 2462 604 1204 1289 923 1211 764 778 2310 1566 2019 937 2575 1454 566 873 382 2018 2582 58 2333 819 2103 1851 2618 579 1136
353 629 1819 796 956 1504 640 84 557 40 1113 2152 2572 1221 2677 1537 244 2841 776 1744 2494 2132 98 2691 1575 196 1371 1541 879 1864 1515 690 2460 281 2363 2502 285 493 375 820 701 1184 2210 396 2457 13 2474 1283 1661 910 814 5 150 781 1402 1080 1139 1659 1180 2264 117 941 850 672 1295 2828 1619 1949 222 1480 2726 385 1925 323 2607 20 844 466 2838 1807 1625 2014 1643 2256 2048 2582 498 2162 69 574 991 1326 2094 1697 106 582 270 2348 2595 909
484 1475 2059 2236 1923 467 1465 1378 1967 1787 758 389 390 1275 1022 1127 1635 129 501 1282 2244 1024 1062 1317 999 2531 1932 408 1789 2794 363 356 2429 2765 1813 655 324 580 296 653 2396 1780 61 726 1730 534 2698 295 452 2025 331 28 1274 838 225 2687 2232 1050 2301 1715 1662 2091 1438 2407 2173 49 471 268 207 1929 1481 927 1568 478 2806 326 1039 456 1563 2280 1008 33 2715 464 799 1755 314 1011 1921 192 1037 2634 2470 209 1918 618 628 2285 89 806
290 2531 2285 1475 1503 1481 418 1024 464 452 1706 726 1875 2059 495 61 207 225 1050 2142 467 356 1062 296 52 2565 2693 2173 1932 1967 2025 484 806 268 653 2715 390 799 1635 1787 2091 2236 999 1465 2280 49 1039 1262 1274 1275 840 2794 241 129 2429 324 295 2244 239 1813 1282 53 314 501 389 192 1127 534 2470 408 758 1843 1941 1011 1929 1568 2698 1789 2396 1612 1781 1273 1923 1339 822 2232 455 2137 2687 838 1378 1022 33 2669 2806 2765 1715 1532 131 471
806 1481 52 418 192 2059 1262 464 2244 455 495 1503 207 1465 1475 2025 1024 268 2794 31 1706 1875 840 534 131 2531 296 225 295 780 1655 1787 1039 1127 129 61 1274 2142 1062 2285 501 2429 2693 452 2715 1022 1050 1275 1378 2091 2137 356 2565 326 346 1438 2669 1282 2470 2173 324 49 467 2690 2396 838 290 314 1813 484 1011 2806 726 2236 2467 1923 53 1929 363 471 653 654 1831 2765 2465 2505 799 1568 1789 245 1662 1843 239 89 402 758 209 383 389 927
1385 1992 519 1138 2763 2392 1119 2310 1079 406 1800 2145 918 227 1978 773 2660 1731 1894 301 916 1645 1779 907 2609 2110 2543 288 709 2331 2042 1419 2603 1871 2093 1063 700 237 1007 1516 2097 544 1454 2102 1566 2357 2627 392 648 1733 1906 2723 2303 1528 1455 1707 811 742 1979 2262 1879 1211 1219 517 512 1017 396 515 434 1641 257 315 2140 1938 942 2341 1183 871 631 1425 1133 969 1964 1567 2085 1960 535 446 2614 610 852 2239 1745 253 94 708 2596 1981 1331 66
1790 222 385 2071 2473 595 1903 937 1933 2342 226 396 392 1163 2331 981 1575 1508 94 366 1717 859 208 2318 2282 1670 2655 1709 908 934 2186 1565 2582 147 355 2266 1600 568 2750 852 2431 631 687 1676 2679 448 2645 2775 2432 1455 630 2596 918 1853 1504 2341 1638 814 1375 1384 1197 2763 1279 343 2587 2257 2642 1415 490 2664 662 1031 809 2541 1751 2264 206 1695 1105 660 2458 2201 156 1421 811 177 2691 2064 404 466 2444 612 1155 164 1909 2089 1419 1453 2636 542
1944 899 686 1212 246 2135 2558 2766 1055 137 1463 1056 2842 1937 1547 2435 2294 1899 1935 1076 447 2248 2813 2825 2382 2305 2286 2728 2207 1067 79 948 2511 722 1639 1464 2580 1452 2068 2741 494 2041 146 165 1134 804 725 2393 1606 116 1185 1777 329 2665 2509 2719 1223 2708 2292 140 204 1825 1810 2736 693 97 2319 647 692 1130 1126 491 2383 2291 2639 102 2569 2805 2166 279 2329 2057 1868 2368 2297 2347 86 2436 1517 2106 1626 2129 1120 954 2780 1372 1362 2020 2637 1874
1552 1365 2815 1636 1276 1600 969 1860 687 2012 2004 2418 551 978 1901 2461 1965 2155 986 563 2309 1861 260 2349 1575 2272 319 1576 645 1580 793 659 1253 210 421 1665 194 2339 1034 2735 329 934 1486 2741 568 1757 900 2662 1148 2631 231 1358 43 116 669 2783 2312 244 1049 1437 2352 1540 2580 611 1724 2330 204 201 1227 2088 2826 1848 440 123 2327 1375 134 1212 1840 956 1596 948 1319 2766 2174 2456 909 722 2068 613 2069 2188 1238 961 652 1792 2838 1948 2246 155
1213 2066 1847 1161 304 2113 1513 2178 1795 2546 149 63 1447 1749 2700 376 291 1300 1166 954 1773 1990 1019 1427 1760 1137 2656 251 1087 2540 1535 1257 374 2784 2381 1469 898 483 2547 1559 1693 1928 1178 1389 789 2504 1900 182 2437 1483 1176 215 1115 2190 364 646 545 1224 1672 44 1971 596 1103 832 1361 240 2542 962 1743 714 803 1434 2409 16 2202 1298 1883 614 658 2000 1394 1561 1712 101 95 436 1785 1593 395 1798 1836 707 1476 727 1590 1228 983 132 576 1265
440 1840 2011 155 1993 645 134 445 2631 305 59 562 1253 1617 563 1029 1636 1496 2735 1649 147 2001 2840 969 1422 2050 1552 1238 1575 2375 735 433 319 2837 2241 2403 2439 1437 947 965 1623 950 1618 2707 2650 2844 169 1307 1477 197 1446 613 1757 687 1123 1276 1620 2197 674 43 2836 2183 568 2327 1544 2130 906 1782 2683 1291 2524 1148 1775 2639 217 1358 2783 2088 1949 2389 2606 1439 2289 550 1541 1901 1494 2348 1679 366 2213 2838 1202 986 1540 685 1054 976 2628 1208
1944 1055 1810 2728 2350 2509 2558 2583 1001 67 2766 2121 1212 2294 202 249 137 2825 2207 1012 2135 627 899 116 2719 2329 693 725 447 494 2382 1075 1463 165 2813 1937 1611 2286 146 1056 1406 1899 2020 2435 948 1639 1362 686 1935 1606 2305 1897 2248 1076 2741 794 692 1732 876 86 2041 1626 246 1120 2393 1825 1678 1223 1809 1959 722 2368 2297 2166 2292 917 204 2319 1147 2842 1259 279 2805 1134 581 830 1547 1464 1721 2383 2637 1130 2704 1805 1874 2804 1452 2240 371 97
2531 653 290 61 452 207 1127 1262 822 464 2693 2794 2285 1843 726 1503 192 2142 1875 2715 799 296 356 225 1024 418 467 241 1655 2091 2025 268 1378 2059 840 1787 1475 495 1932 1481 1062 1568 2232 1789 2470 1022 484 2137 129 1543 999 239 1275 89 1274 49 1831 806 389 295 1813 455 1780 1039 2669 2280 1282 2236 2396 2173 758 52 1465 1706 2690 2765 1050 2698 1273 209 501 2565 2594 314 1967 1317 1941 1003 471 1827 2467 2500 31 412 1011 131 2316 2819 1885 838
2263 2678 1702 1318 462 333 1170 1726 407 2489 2720 761 2807 1093 2111 2116 2572 2386 861 1758 1846 104 1797 2056 2643 1898 636 2733 2278 387 2591 1183 2645 183 294 1482 1336 1083 644 844 1371 1727 1683 949 2503 328 2048 493 2441 732 1198 2498 2238 42 570 1596 1765 2080 187 45 181 40 2086 2230 1204 2374 1013 2202 88 205 2442 2718 2827 43 956 2317 592 1676 1180 1113 700 851 918 1856 230 2760 2128 1064 1239 20 1525 2112 1960 695 1471 2457 793 1458 2823 2114
142 802 1431 1492 555 429 868 2078 1890 878 2029 1888 1699 536 36 2423 866 427 1132 1588 1430 2217 554 2415 743 901 2568 21 733 302 1553 289 1053 292 2668 121 2451 1256 1562 681 569 2117 176 2743 62 2384 2090 597 1886 500 1793 193 332 979 1398 361 886 199 417 988 340 2227 2786 1033 1393 680 323 1418 78 2428 1065 2108 893 56 1686 2539 2267 1499 2578 707 1236 2120 1374 2629 370 2380 1268 2038 1272 1233 2671 432 2335 2047 1399 2235 1910 2299 2798 2031
1944 1055 686 1067 2286 899 1777 79 2813 1076 1452 2382 2135 2580 2294 2766 137 246 1463 2728 1212 948 2068 2393 2041 1185 2825 2558 2305 1937 1464 2248 2741 146 2435 116 494 722 1899 447 2719 1639 2292 2511 2842 1810 140 1935 1547 725 2207 291 1606 67 2319 86 1001 2583 2350 2708 1134 2509 102 2436 165 627 876 657 692 1075 204 1244 1868 2665 12 359 1825 1809 1223 1056 2121 1959 1345 804 832 1130 1490 97 1120 1573 1869 2598 2736 2329 2704 693 1012 2438 2815 647
967 1804 2756 1719 2320 754 483 1448 2615 1149 240 293 29 213 2533 1597 2296 1265 2408 792 789 2024 2784 1469 2172 426 1728 119 2688 2354 727 91 1513 1847 707 2235 376 1672 16 1161 2224 2430 24 1483 286 898 291 44 1236 2413 1312 2472 2638 1091 2188 520 2054 658 1984 132 1389 1176 558 634 2190 400 596 1296 2021 135 232 2673 1269 2785 2493 2380 1945 1849 1383 695 1030 1361 1631 1535 184 2495 80 1478 2143 2295 1231 853 2787 714 1447 2547 2409 1300 1613 1087
135 2295 1728 2413 558 1631 1945 757 2277 2323 1689 499 520 232 2566 754 2472 19 1801 1448 1722 1296 1334 426 1230 1091 395 1312 341 1804 1867 424 1231 777 1103 1558 1984 1714 1597 1898 1383 2422 1683 540 2180 376 2523 739 34 545 80 2785 1533 1561 1839 119 529 634 1265 617 2759 1996 291 1999 949 853 2224 2756 1394 60 2235 2510 2579 2317 374 1535 1116 2242 1087 70 737 101 695 1035 1914 1224 184 328 2547 1269 24 2408 407 2638 2077 1483 967 2024 832 2320
1631 1898 558 1801 1683 1230 853 395 2277 783 1839 2523 2547 34 1224 2242 898 1945 529 2317 1116 1999 2644 1091 520 545 949 135 232 1798 2838 1689 757 596 1996 1087 1178 2422 1394 1561 714 1312 2472 1137 1093 2785 2759 2295 2579 2180 576 1535 374 956 1714 777 407 2566 737 2072 575 1558 863 95 88 101 328 339 2057 572 2489 889 341 2737 1298 581 1646 683 1476 2413 2700 509 1914 761 940 1333 1856 1113 60 754 2114 47 2323 1907 2112 1450 1269 2254 1928 1334
1217 183 957 1765 2791 1057 1947 1088 834 1084 1514 2823 1321 1907 419 2749 1098 333 1927 154 2725 422 1365 1859 1349 236 1059 2303 2608 856 1858 2141 275 96 127 1960 2246 2374 2156 2313 2115 592 2162 894 189 205 1449 147 793 807 2339 2056 468 2464 761 697 785 2317 1709 537 918 570 1987 2249 2060 861 2357 897 2125 45 2751 551 958 2567 2188 959 2216 1425 135 924 309 396 509 2623 2310 2508 1032 630 2457 104 43 1197 1280 969 1419 2197 1183 2573 2030 1495
711 602 2193 2365 1335 2592 503 81 587 633 1680 152 2228 261 2052 2479 2552 1955 1827 1135 1532 1314 238 655 2610 2819 2527 2283 2119 313 1332 28 705 1421 859 478 2764 1376 2681 2181 1746 772 342 2370 2177 1117 1837 671 1143 1896 1655 1885 175 1111 1708 68 561 391 2689 344 2500 849 1472 1339 2742 1182 968 2291 458 505 847 2674 872 972 331 1852 551 523 649 1297 591 1972 2199 2144 1822 647 696 92 1473 1441 1575 618 2298 2534 616 125 782 2698 1158 2215
2545 2755 2034 2713 1796 439 1732 2650 603 258 1584 2272 64 2433 2023 2241 100 770 1316 2815 1569 835 2045 1640 1986 562 747 48 2309 1320 201 1496 1993 1557 1552 659 2102 2721 1073 1980 51 1498 2276 2275 2319 1948 2289 1636 155 605 715 1860 269 1045 2255 2302 648 830 2454 702 692 1548 2741 2509 447 2556 2388 1450 1051 168 1895 1406 514 1579 1678 2719 2362 1075 1658 2412 500 1833 616 2563 544 1810 969 1908 1620 2665 1381 535 600 2100 2842 1490 1502 366 291 931
143 551 591 237 616 2541 651 1575 1358 1724 2524 1375 1947 527 2208 687 2460 41 342 1861 2363 1034 1652 1684 1863 918 798 392 2581 2012 969 2513 912 652 1295 570 1837 2215 641 366 2327 2801 859 2298 631 1803 1807 557 2174 1058 1665 446 1349 451 1675 2675 797 1587 568 934 1618 807 937 2187 1615 2186 811 1360 2391 2431 1138 669 2246 46 2619 746 2515 2456 1079 2104 1619 2158 2517 350 2738 2631 892 203 2256 1540 1301 2648 2372 2763 756 1406 1428 2473 1384 2672
1638 1933 2083 2512 2342 1910 1806 1305 1504 1790 2795 2513 1330 1329 2570 222 2096 612 1436 2642 2340 644 123 755 1764 935 1736 2362 2335 476 1101 2313 2446 2578 1396 685 669 1757 2218 1995 1227 2839 745 585 744 1337 2188 1208 396 468 1858 115 400 2431 217 2427 1761 350 2160 2071 2781 147 1872 451 1826 922 1774 238 2841 1127 1661 2148 1909 1047 762 986 255 1540 2738 506 8 1376 335 2230 2098 565 2163 317 609 43 2260 1927 1474 2183 2725 1880 2612 1598 2168 448
439 64 562 2650 1796 305 1569 715 48 2034 2721 1051 2826 2241 100 2755 2545 2713 1860 2817 2433 201 2309 1496 1316 1752 947 168 51 2454 2289 2050 1328 1617 2836 1993 1416 1782 2769 547 1584 169 735 1045 1422 348 1948 2714 943 2538 155 2272 1381 2837 645 161 1261 1663 1473 2556 1656 2375 482 1874 1218 864 221 440 1901 1444 2130 433 1408 1096 1490 712 1649 1386 2376 1636 1640 550 2213 231 563 2076 319 1548 1284 1054 1917 2439 26 1926 1934 2088 533 1995 2606 2352
6 1882 546 1570 1221 37 690 1015 973 650 1891 1723 2666 1884 2194 285 1610 2816 1605 1603 582 1702 2620 420 1113 2768 510 844 1397 2203 2152 2522 1198 1515 661 1364 398 2502 298 1083 2118 327 1080 475 1537 2678 1560 2608 1251 2043 1726 1400 2643 2056 1916 759 229 2448 594 2705 2261 1108 2623 466 2182 1090 1687 2521 2386 2726 922 2464 45 1744 122 23 2115 1659 2346 1697 762 1488 236 2572 1922 40 148 2514 1458 1283 1064 1596 2494 2571 2313 1426 2760 586 2706 2457
52 207 1481 225 1787 61 346 2059 2025 192 418 2669 2794 2429 2244 467 1465 1022 534 806 452 1923 2285 758 1275 363 2396 654 49 726 129 290 295 840 501 1475 484 838 326 464 1503 1662 1378 2690 2531 495 1050 1024 2465 2505 53 2173 1706 296 389 1062 1781 753 2715 2137 31 1780 2280 402 2091 1967 2693 108 1127 2142 471 2407 1262 2634 936 2806 1612 1813 1568 1438 245 525 356 2467 2301 628 2236 139 455 268 1011 1282 2565 999 131 2821 655 1789 2765 89
2554 96 1315 894 1336 1364 1171 2160 2612 1013 2841 335 2153 2401 1251 22 2079 189 1632 2230 644 2502 2760 2060 2751 2705 1927 1702 300 1083 732 762 1625 744 1953 2567 759 2043 2591 2313 1288 214 609 45 419 2643 387 1139 2182 861 181 2162 1726 1032 2386 1365 1907 1214 2152 922 1199 2831 1661 1703 183 1283 2171 1318 2498 793 2810 1064 856 20 171 468 6 2522 1858 476 1217 2348 396 1560 2573 957 2194 956 2197 2571 1184 2442 1515 1933 43 2476 2109 1797 2448 1227
2572 2502 1371 2152 1198 1113 844 84 1139 327 2348 1702 1083 183 244 2457 493 1726 1616 690 1280 2678 582 2760 1525 1171 5 23 2751 1659 40 1380 2056 1426 2386 2263 1515 1221 117 956 1458 22 270 2182 856 2203 732 2442 2522 1364 796 2768 851 387 941 167 2153 1400 1080 1570 2623 20 189 2554 1738 973 946 1632 940 2608 2677 2494 45 1696 546 1205 2841 2726 1214 1064 1326 1251 509 2503 466 1537 894 2030 214 2162 1283 1184 236 1199 1744 2562 661 2464 281 2374
377 640 13 2578 1337 323 1272 1374 2602 56 828 698 1910 2520 1038 1668 2210 2668 1189 1033 1041 554 2828 2428 2108 1949 1562 1888 340 2227 2047 332 536 672 1429 370 176 2629 417 2786 2539 1730 2083 979 2032 555 2423 2671 2743 1393 1890 839 955 2384 2570 886 1436 78 901 1132 2568 500 1065 2029 868 1249 2117 1541 2839 2795 1070 1504 2798 1588 743 432 1764 2406 1418 802 358 933 292 123 222 1757 569 427 121 302 62 820 1329 2421 2217 21 1793 1399 2335 2218
848 702 1830 1908 2624 931 1845 2601 284 768 502 2471 903 65 1340 1107 1608 126 1512 1114 250 578 1720 297 1323 103 1310 2388 688 1821 2276 1235 990 684 835 1391 1975 1413 522 1186 1254 1767 818 2314 2080 2368 2754 1397 1626 767 2242 2605 1687 2020 1482 512 2695 1372 379 2780 1400 2637 75 1120 441 1832 917 277 1169 2033 2489 1646 364 737 794 2114 693 1334 2297 2620 1507 2383 2275 1523 1434 993 2586 830 2447 357 2040 1738 270 2630 603 2615 581 2604 2347 954
395 737 529 940 1230 2737 1091 101 364 436 1900 2759 374 1798 215 581 2323 803 2114 926 2656 962 1801 39 2149 989 1004 341 2381 1357 2542 2016 1558 572 2504 1818 1343 1257 1334 2040 1361 1106 1451 1559 1561 617 949 1971 198 766 2644 2495 1693 1434 2621 251 328 1166 1683 777 2699 2547 95 1996 2190 182 2277 2497 1180 824 2242 2579 1786 2281 75 2288 1137 1176 1898 1169 1856 2324 2000 1298 132 596 2238 751 407 60 960 1103 564 424 2112 1538 1427 1928 1113 2368
2197 644 1199 851 40 186 1400 2838 568 84 2573 1953 1232 2688 214 1802 956 909 490 1286 285 1636 1880 275 43 1371 953 396 2375 2348 1687 244 1515 1738 1616 2567 1358 537 411 2457 687 1139 237 732 867 510 613 1696 1911 1488 1280 1425 2162 1718 2030 546 115 1038 2476 894 941 420 2210 1552 454 2620 1526 2521 406 1995 36 2503 1221 2726 2391 1844 1315 2841 669 2494 270 811 922 459 2791 1596 1895 1570 2442 433 2425 2179 2612 1253 790 1916 2160 835 814 565
205 167 1866 2498 2468 732 181 620 1907 2030 2710 1596 2048 147 236 2013 2094 1797 2444 2457 546 2608 1514 1283 154 2823 2339 2623 2374 1591 2474 1696 2115 2691 398 1318 30 2643 2197 1072 2317 1080 1768 759 959 1880 270 1889 1108 1365 1260 1702 861 2591 45 2631 2503 2595 957 2522 1458 1324 956 127 1084 244 1183 20 2508 785 2351 851 387 1960 1200 2101 1515 1400 210 2056 1939 1811 2838 2043 1227 104 196 476 183 509 2476 969 1973 2182 1380 697 1697 2619 1802 2791
879 1861 1675 2460 1776 1350 2187 557 1665 720 2727 1572 1724 2548 551 143 570 1619 1520 859 1375 234 1 2330 342 82 2174 366 2672 797 1494 1366 210 1238 1837 2198 372 1684 2186 46 1392 1925 2456 2363 2461 2581 1345 1580 2844 913 2158 807 2703 267 842 2541 1358 1291 1575 2761 884 2229 1432 1792 892 1947 514 756 2619 704 2399 798 57 158 77 1539 1193 1522 1457 2709 270 885 1025 2215 857 133 2127 2484 287 1732 2517 1816 280 2694 352 810 1556 1043 1234 1660
2413 2295 1728 2785 558 135 1945 1383 499 1296 1103 2472 777 1631 341 1091 1689 232 1448 1914 520 1312 754 949 739 1996 2180 19 1714 1334 1230 1197 80 60 184 1231 1116 1999 2566 1801 2523 1984 757 2579 1856 617 2323 407 2441 2277 88 2202 1683 2224 2111 683 328 1533 424 34 540 1713 2422 374 737 2827 2547 2242 940 695 596 2759 1476 1898 47 1561 2756 1722 2745 395 853 1304 2317 529 766 926 1804 2615 2737 592 230 2644 2489 1867 95 983 1838 1269 2381 603
2052 28 152 1532 1680 1746 238 503 1003 1335 2193 2557 1708 1827 1955 711 2592 2144 655 1563 1111 1741 313 972 2105 2681 726 2552 159 2479 671 2250 587 633 2674 1706 602 2500 2228 1143 458 532 331 2119 1262 2819 68 326 464 721 2059 1314 261 2764 772 1376 705 2370 2365 1164 1339 2283 734 2181 1974 81 877 968 1704 2527 92 1822 1118 1117 1896 2610 580 1852 1972 2402 1647 999 2099 963 1655 1967 1730 2322 484 1885 1156 1543 2236 330 1127 467 2594 367 1924 505
1938 431 1833 1443 2510 767 889 1834 1747 2 70 2686 1842 2496 1035 277 211 18 1125 2741 1753 2315 1839 2818 2777 2644 951 2663 2015 1980 395 2077 2561 1091 1759 60 2532 270 1394 2457 1252 997 315 2757 853 1137 956 75 2702 2547 2478 601 2772 1683 2242 1801 156 5 2507 164 1108 2036 2566 1447 558 2323 1004 1343 1904 1548 2302 1224 1434 949 515 1334 2737 19 374 1908 39 1722 232 1230 1476 529 269 1945 1298 400 596 851 844 341 2577 1231 433 2495 2190 824
1861 366 2174 210 1580 2672 1575 859 2461 1675 1665 2327 551 1358 1792 2548 133 797 280 57 1180 1653 1034 570 1724 2460 2541 2694 879 1494 1392 2691 1193 1375 1776 2703 228 2330 2187 746 1664 1576 2581 2186 514 557 884 2127 1234 687 1238 82 880 242 842 976 2493 1684 934 267 2363 2229 1377 1350 342 2418 793 150 2198 814 2456 1276 1837 1196 2247 170 77 2431 438 2039 1457 2582 1221 1620 2761 720 2206 1279 1880 1432 1619 158 2386 1696 2004 1348 2275 1522 385 857
1949 270 1603 84 941 1038 1757 1616 2725 609 1602 1541 986 285 2359 2421 594 244 1477 123 1754 546 863 2385 1113 2838 750 629 1605 844 1819 398 1696 2464 2761 2355 2194 2726 2473 1371 2115 2152 2348 40 2278 2162 2494 2150 509 2079 334 661 1283 2386 2678 1315 6 214 2197 1199 1661 1365 2572 1171 339 647 2620 1515 2324 598 2230 2671 1738 490 1320 43 2203 366 2048 2425 2160 676 2807 1596 582 1575 1907 956 829 1013 1108 406 1488 258 529 1183 2751 909 2168 1204
1506 655 200 1140 1220 1612 628 2070 1262 27 1780 1141 2316 1376 1297 49 113 858 618 1500 525 2061 782 1127 2291 464 1746 1941 1598 1018 316 1274 771 449 1647 968 753 2228 2639 455 326 1143 1438 1955 1503 1273 138 2698 2311 1048 2144 2715 471 1223 647 1875 239 89 296 1972 430 972 356 963 1505 383 2794 2467 2279 1692 2683 2565 2265 2681 1293 1885 2017 1109 216 274 643 1961 1465 162 726 1852 2398 1917 2091 2690 1472 1026 1021 1774 1314 2226 890 329 699 2610
1224 1713 1476 2180 95 2523 88 1999 1116 1277 1523 1178 576 1714 2547 34 1450 2745 2422 2202 47 230 596 1996 683 824 777 1856 462 676 830 1914 2275 603 2733 2174 1838 465 210 341 1678 2752 2472 1732 1130 2254 1517 2347 1180 2096 2441 441 1620 2233 457 2190 2506 2192 1028 2317 1841 2112 362 1832 2159 1113 1312 1990 2058 924 469 2699 1382 2648 2211 537 545 321 328 577 591 2114 1561 630 2106 818 2684 2297 2360 564 2296 1594 357 751 2804 147 2710 1126 761 184
1375 154 1629 203 1524 1863 147 551 476 2548 859 385 1509 2709 2094 1861 2444 2198 1596 127 2740 226 366 1283 641 814 1803 2339 2468 2194 1811 1880 1619 798 511 1377 2749 687 793 1716 1330 43 2727 1675 2158 17 1580 1167 2188 1618 661 1602 1025 1227 2498 1260 1589 2541 934 573 1358 2442 342 2215 352 462 57 2662 1078 2385 644 2399 2703 2431 1234 1355 1196 2187 1338 2327 1365 1572 158 267 1653 1421 1238 1866 618 1530 956 160 2698 2330 1088 976 957 1931 1761 1080
2691 2268 2167 1790 459 350 836 150 2096 2355 285 2655 2512 1387 1116 1638 2342 2645 2362 1933 2174 1380 1636 1208 1911 599 396 595 2032 2631 613 1504 2071 935 475 2446 629 859 1600 448 1714 2732 850 981 2750 44 755 1163 1285 2009 973 724 385 2197 1514 222 2148 208 2679 2317 1279 1098 2473 2775 2249 1717 1580 1436 538 2218 355 2677 826 1092 2642 134 1221 2001 683 2541 2582 568 1449 2298 546 442 1501 2607 490 460 2156 451 2747 2098 319 2201 1536 630 366 2340
1133 648 1243 336 610 717 1783 2746 1466 338 1309 830 1516 742 406 2290 1131 1498 568 2788 2377 605 2830 365 730 749 2102 870 1040 112 1732 248 678 1379 1424 253 1620 603 404 1634 2275 2560 811 1455 1110 1670 435 2341 1005 535 1794 2719 1079 821 593 2730 2243 1511 2473 1526 538 2005 1165 94 1138 662 1969 2680 2697 773 2364 2302 2495 2417 2151 2145 257 937 1325 1068 544 1731 2518 1707 1645 2251 673 1609 1020 1581 1147 2763 1966 2541 1871 855 1779 410 1442 1850
2510 70 1834 2 1753 1125 1759 2818 18 951 2777 2077 2323 431 2566 601 1842 374 2772 2622 395 2757 1231 19 2663 545 1839 529 1035 2561 2547 754 315 1945 1689 1867 2579 695 830 1390 1448 88 1728 2413 767 2277 2295 1900 1230 940 2497 835 2644 2015 2040 232 1091 1257 558 1252 2478 1004 737 949 2615 198 101 1714 2202 1557 2756 426 1476 1798 926 95 135 1296 1451 39 617 1176 2320 1334 581 328 634 1312 1743 1722 757 2281 2472 2302 2441 1999 2016 1265 2190 1801
2044 1934 2501 85 635 1405 188 987 2631 1656 2011 2411 724 556 547 312 2832 2088 624 1422 1386 1203 1901 1993 2270 932 1319 1617 2574 2082 2528 995 2840 134 1983 1074 943 2419 413 938 944 611 128 2397 1102 1484 1322 1352 221 1666 1250 51 2817 518 278 1284 2007 1545 851 2646 1644 1206 1342 445 1525 1190 2048 2389 2050 1697 559 854 1788 2069 839 551 4 2400 826 2710 550 1840 1501 2538 613 440 2463 2222 713 1428 915 1208 1782 496 1878 795 2358 2003 2544 2425
2328 930 1470 887 982 1179 1977 748 841 2488 1354 945 118 2792 2778 1851 579 819 919 2065 952 875 2491 2723 567 1769 1578 1531 1585 2682 2575 1579 1667 2252 492 311 639 998 2459 1791 1154 566 2225 2349 928 1583 1528 2416 1854 1651 25 2618 2042 916 114 2711 382 2026 2097 2290 227 1770 575 923 2304 2559 808 2647 1063 1209 1794 512 2299 1920 1210 749 975 7 1691 515 151 2793 2729 903 528 1340 1367 2379 763 517 2754 2697 2746 2550 778 2276 2151 2658 1368 1271
2185 1694 2584 1411 2616 810 2529 1129 386 1814 787 1925 1982 2844 1887 1619 1191 438 2739 667 2455 299 2139 1684 2833 2271 1445 1350 2371 837 264 2484 888 1009 1196 718 1294 1776 857 1238 1446 2731 2127 1440 267 879 706 2298 1373 1295 2092 1360 1457 1863 2727 1807 665 807 720 1283 270 1877 1816 2158 1542 1815 1589 638 2385 2672 1480 1221 2269 2356 262 2703 1122 557 428 1043 2481 1229 641 814 2187 885 1112 1080 913 2486 2633 741 991 1994 143 1366 287 2590 1494 2321
1145 174 2775 595 1415 1163 2587 1976 156 666 208 1510 164 141 461 981 2679 2636 2009 1784 2655 2577 599 1879 2446 172 516 2645 2163 394 1903 1047 1717 460 2469 2786 2126 2829 2227 2098 72 177 694 1872 731 2333 612 760 453 2122 2537 1808 2640 2722 1197 2798 2055 1241 2274 632 1023 1245 2750 1999 1933 399 176 2838 1160 99 935 897 1906 1321 934 1093 1085 1089 401 2747 1859 979 823 1657 1628 437 2796 1762 1393 1033 1894 2342 2668 2749 1583 558 2101 1088 1599 407
396 1709 814 2627 2468 908 2425 836 2474 2268 2188 2094 1495 1467 1797 2431 385 1880 387 2156 459 956 43 1596 2168 1702 2609 1790 147 2071 1990 2432 2645 2691 879 557 1380 2476 2623 451 1933 934 1995 1618 732 1802 1894 2688 167 2710 1703 1304 551 1713 1098 237 1315 1108 873 2030 2197 448 1525 181 1371 1032 1792 1421 2313 1638 736 959 1962 651 2096 1180 957 644 281 1575 333 1283 84 150 1318 1280 2760 2678 2734 1724 2444 2342 1396 591 1697 2216 630 620 568 1837
1665 689 1318 1596 45 1960 2498 2386 1364 1371 1205 2591 294 582 1536 1702 861 1365 1525 270 1659 732 1198 2572 636 181 2374 2048 2838 1064 1768 2464 2263 2115 793 1792 40 620 2468 2623 493 2678 236 43 2608 546 851 1866 1336 644 387 814 2612 1315 1280 2807 1726 2247 1758 2760 1113 1013 1251 2448 785 327 2425 490 2503 2030 2071 2141 2522 1083 2125 2761 2688 210 2182 2056 228 2303 844 1184 448 704 570 396 2418 1697 1183 183 1714 1358 1724 1116 2278 1199 1570 1861
751 230 777 47 2745 88 1116 1224 1996 1713 1476 2202 2190 2733 1714 34 187 2422 926 1856 2441 1523 469 2360 1130 2547 683 95 1818 2180 564 1014 1517 2523 1538 2111 1091 2752 2630 462 1841 1914 1028 362 1450 165 2159 1178 2827 341 2495 55 393 1727 2641 736 465 2684 1192 2277 1176 2345 32 824 1900 2234 1999 949 2296 397 2605 1180 2058 617 830 2699 407 2347 983 1093 1678 902 1832 2744 1561 2326 2785 2555 1183 2114 328 1609 132 818 2211 2804 2238 596 739 1748
777 341 1914 949 1093 2422 2785 2317 558 1996 407 1103 1091 230 1683 34 2202 1898 1482 2111 2080 905 1631 2224 2733 783 1626 1535 2242 2413 2180 761 279 2278 853 832 462 1846 2114 2020 2523 617 1856 1999 1517 376 2838 926 695 1945 2374 1538 60 540 596 1224 1620 775 1169 328 2506 683 2827 1689 2489 1561 2441 2718 357 2684 310 1230 2780 2745 133 2615 2699 1450 520 1550 1334 2508 2277 1507 1434 2447 1448 737 135 1269 1383 564 1805 2295 2383 43 2086 2019 2737 2586
887 819 748 2792 118 567 1470 1667 1791 2065 579 2575 1585 1354 919 2459 2328 930 566 923 1209 513 1531 2304 841 1854 982 952 1977 945 998 2778 2488 1179 492 151 1210 1154 2299 2723 2290 2559 2416 2618 2711 875 1579 311 639 25 1769 975 2026 7 382 2491 1583 2793 2064 2730 114 1526 373 2682 1851 1271 1946 1578 845 2225 2647 1864 517 778 2151 2074 1770 1819 673 528 1651 921 1311 515 1442 2824 662 392 2349 1063 593 749 910 1005 2252 339 1344 1794 1783 2282
639 1179 887 2647 1579 930 2328 2252 1920 919 1977 748 841 2682 1583 952 2491 1770 1651 2778 9 945 1063 1531 1354 515 2459 998 2026 492 1578 2146 2792 914 114 1470 1769 1154 311 1667 1482 2723 1031 819 1493 118 723 2585 2488 1791 227 2065 1367 764 982 2284 1368 652 2575 2824 1574 1239 1289 2209 812 566 567 517 35 512 2462 1351 190 2008 2097 1359 1772 916 2042 1585 928 303 579 1595 1534 1152 2080 2582 2536 615 1210 778 2019 1819 875 450 1854 2729 382 575
949 737 2737 395 940 617 341 1103 2040 581 2827 2323 1091 2111 101 1693 1856 374 1434 962 777 2759 1334 2542 1561 1343 2504 2441 803 2699 1900 1004 2381 215 364 529 2112 1230 60 1914 596 2190 2114 2129 983 2656 1298 95 1798 695 954 2386 1626 2202 2242 766 1169 2644 1971 2020 2048 407 1683 558 1999 1180 693 310 1176 2547 1296 436 926 75 832 1846 182 1818 1898 1805 2368 135 2149 1996 989 1535 328 1559 2780 1224 572 2016 1538 1257 1743 1204 2579 424 2558 2566
13 640 2520 2210 1038 1272 377 323 370 2828 56 2602 1221 2568 743 332 1374 2047 672 2578 2671 868 828 1949 2108 427 569 2423 2415 1668 1398 555 1562 62 886 1541 1065 629 2668 2029 1864 193 78 820 417 142 292 302 1888 554 244 1189 429 1033 568 2384 2428 2494 353 340 2691 802 2421 1187 1890 1819 878 681 2539 2324 285 1793 536 1807 859 2032 557 2120 1041 2629 1418 2134 361 850 988 1686 1429 2541 1393 121 973 1575 176 289 2031 893 901 386 2359 1537
1993 445 2840 2011 2241 1422 2050 563 1617 1552 550 2574 1895 433 645 826 1983 735 769 2289 562 1486 1649 674 155 1307 440 2649 1636 2769 1054 51 1045 197 463 1253 2628 1860 613 2130 1208 1658 2724 1437 947 2424 2650 1190 260 712 1782 169 1840 2544 2069 2826 559 305 1381 635 2454 134 74 201 2538 1405 4 900 1901 319 1316 2707 2084 1146 1369 556 2397 486 1934 1029 2076 1870 925 2837 2419 480 1623 1544 1788 259 2714 2836 2133 2676 489 1261 1202 2270 2767 1386
208 2163 1510 453 595 731 2469 2587 399 2009 2636 1717 1163 2655 401 2126 1628 72 1903 460 141 1047 2122 760 174 1160 461 2775 177 2829 823 1085 981 2577 172 1023 156 1784 2679 2055 1415 164 437 2722 2074 2098 612 1145 1976 99 1872 694 1233 2274 1599 73 2537 1241 451 1504 222 1808 2747 2446 2750 599 1089 2796 935 477 1155 1688 2282 816 1100 1436 961 1879 755 666 1933 2227 2642 2071 2201 2342 1736 2645 2218 380 394 631 1404 2450 2668 1321 1384 1154 2101 868
1629 551 1059 342 1696 759 732 2710 506 1227 1221 2261 2841 1524 154 2348 2043 2643 922 795 510 244 285 6 1286 1802 1858 2171 582 476 661 956 2457 2810 2468 2182 1083 2194 270 546 1421 687 2476 147 2197 2174 1251 820 650 1880 2048 1365 448 214 669 2688 2666 22 468 2740 1637 2404 1295 888 644 1844 909 2648 1702 2444 1283 1596 1515 2760 2168 1837 609 2498 1697 971 2751 2425 2313 210 226 1684 991 1324 2160 2725 1360 829 1797 1234 5 2706 2726 262 2167 1537
1914 2190 2202 60 2745 1713 1224 1999 1714 596 2547 777 1672 1476 2437 824 1116 1304 2495 695 95 1620 1176 1990 88 132 1103 1743 16 2523 2441 603 2224 1732 1447 2827 2381 1722 683 1483 1856 983 1818 44 1178 1361 926 39 949 2275 1836 2497 34 1693 1451 376 789 2699 1334 1559 2180 483 2700 1749 2785 1434 1106 739 1561 545 1900 832 830 341 1523 1469 1773 1795 374 1971 2695 2656 1180 2542 1091 424 1804 2111 792 1867 55 240 617 1450 198 2054 1678 2129 954 2784
2241 1045 221 2840 433 2454 943 2769 1710 2375 2817 445 635 712 735 626 1422 1029 2011 2538 1934 1644 1407 1617 2832 1624 2130 2790 1405 1656 1782 817 2050 947 1926 463 26 440 1870 663 1752 2300 1993 1437 826 169 860 1788 348 2837 2069 197 4 2714 518 1545 2084 1319 987 1701 2411 1658 51 2836 2528 1381 1102 1417 2574 1737 613 2397 2289 1983 1146 2270 2501 925 2707 2477 305 1796 188 611 562 2650 489 559 1328 1895 480 550 1679 1369 312 179 2439 900 1489 675
258 2045 1796 2501 1656 1934 1422 2270 1617 463 188 747 635 1319 221 1405 613 943 2050 2044 987 1636 2011 2574 611 2419 1782 97 735 2454 2001 2530 811 1993 2755 1848 1860 414 996 201 2082 2007 2817 1134 605 559 2538 1045 2832 2790 439 319 547 2358 85 1552 562 2023 2397 1316 900 2069 2084 1735 1752 4 2724 1102 2241 2650 1658 1242 1029 305 1208 134 1584 312 1428 692 2688 826 568 2222 1600 2561 1486 446 1046 440 947 1710 2840 2411 2800 283 2707 674 257 1965
1814 2731 2844 2484 1776 2833 1982 2092 667 837 1350 1572 2206 2063 1238 2139 1622 2371 267 720 2127 1009 2215 1994 1373 234 1291 2399 2486 1522 1589 2797 1887 2455 1 1366 2672 642 428 913 1925 1807 1409 1571 1129 1684 1520 1698 226 46 846 857 1338 2158 1815 1122 1615 262 1043 2727 797 2223 2385 1457 264 130 2269 2771 888 1295 600 1877 2253 801 438 2635 352 2338 1824 641 17 991 2460 1025 551 2123 342 2529 1494 885 2100 2273 2185 263 807 203 385 1509 90 891
998 1583 2019 1239 2550 2536 1657 2252 1970 1367 1368 1651 1507 1204 928 107 1566 2729 1454 2487 515 2414 2453 1359 2682 2310 1179 190 1595 1977 1347 873 2604 1683 1211 630 247 2718 2585 1093 2317 2254 2582 778 457 723 1487 1177 2551 2838 2591 517 2165 2792 2459 875 930 2125 2761 2734 812 2263 2170 575 311 2498 2114 2775 2328 1898 462 1859 1063 874 1144 1419 2488 333 2086 2410 2379 118 492 1546 382 719 841 2067 2080 1920 509 2609 666 1762 174 2097 851 1059 732 2361
1944 67 1055 140 12 146 2719 2728 2583 2068 1473 494 2702 2746 593 191 1165 2315 2766 1980 2704 2290 2580 1297 2319 1076 2665 2294 2560 1810 2302 2732 859 1852 1452 1196 2509 2161 1027 627 1557 1463 1526 1522 633 1783 2041 1868 797 2518 2298 646 2183 2412 2592 319 589 727 899 1675 2419 1185 2830 722 1133 2622 261 2286 688 338 2046 103 1511 2435 2151 1951 2000 2815 1639 1876 2624 1238 2741 82 2382 2070 1451 921 152 1969 130 2844 1440 1908 717 1439 1067 811 2385 544
753 2669 936 2398 2690 2467 346 363 108 2407 654 1506 2301 2465 2505 782 49 2061 1787 1275 1692 61 1438 1048 1220 1022 1662 2821 2632 52 1018 402 192 525 295 2070 430 628 125 1612 1008 471 478 1781 2634 2244 1481 113 1465 504 2025 840 2806 1262 2611 1124 455 225 1921 1356 1822 1918 2396 786 207 1143 1831 1395 758 2311 1929 1378 1097 1780 1281 1598 679 129 2794 501 1730 655 721 625 1293 1647 1923 2687 331 245 1187 89 643 1039 53 383 252 326 139 138
67 2583 1944 1055 627 1810 2294 2728 2350 1001 2509 2766 2121 494 1012 2286 2558 137 1959 116 249 1120 1809 876 1212 725 686 1452 2748 2305 202 1076 2719 359 2329 1125 79 447 1323 1905 103 881 1678 1869 140 899 2068 2041 2319 86 688 2135 1244 1573 146 1777 1463 1165 1753 2624 1406 2315 1075 1721 2825 1899 10 693 2382 2393 297 1252 2435 1980 1935 2772 2741 581 1639 1897 1067 1362 1937 315 1606 373 246 1557 112 2777 2730 1147 2383 2000 2813 948 2302 293 1379 165
1721 2708 368 657 994 2435 1592 1899 2809 1725 1473 677 682 2569 1185 491 1555 1777 2552 2438 627 494 948 2583 864 2393 2719 274 1876 608 146 444 2813 2248 137 526 414 67 2144 2315 1639 2665 1868 686 1746 249 1874 2500 446 2509 655 412 858 1452 2292 2702 2683 1937 2507 2440 484 140 246 316 1557 1299 1127 1168 1164 2191 2698 1463 662 1827 722 1650 2382 1390 2799 2279 1433 899 200 1111 2340 1505 1438 647 2499 356 2825 1810 2350 2580 1961 1001 2735 2291 1941 1913
727 658 1306 1175 589 1361 1559 1672 485 293 1951 1106 1451 2054 2113 1115 1300 614 483 376 182 2000 2787 215 789 1513 1483 2546 1161 1900 44 1244 2656 876 364 1798 2178 1693 962 1795 1786 1230 436 1213 1389 1869 803 2540 2409 395 954 2784 2149 29 251 1004 291 240 1149 39 572 1760 1427 1137 1597 1959 1180 1019 1166 1535 1333 86 2320 2437 2040 2066 2190 737 2381 1743 2748 2240 1712 1469 581 2504 2136 1091 2202 63 1773 149 1434 393 1176 845 1558 1357 1749 1928
1453 1490 2309 1901 1860 1496 2826 155 2433 2713 563 1752 1569 2376 64 1636 562 201 1316 900 2034 2272 2289 645 440 439 1148 1948 2419 784 978 2241 168 1993 1965 1796 204 2337 1046 433 2004 48 2721 715 1617 1840 1096 2375 2650 2213 319 2556 2545 659 547 2769 1437 2088 2538 486 2815 2482 305 2840 663 51 1940 1782 100 2652 285 1386 1658 613 1381 1319 1986 2011 2836 704 2544 445 1825 559 1552 1416 2358 2741 674 2001 1649 735 537 1045 270 490 2007 1208 611 2076
949 2242 341 777 1856 1683 2785 1846 1996 1914 407 2733 2827 558 1091 230 2441 2111 34 2489 737 2422 1631 1898 1482 2523 328 1224 2202 940 2080 2737 310 2586 1561 926 2745 1626 766 1093 2323 2759 2114 617 983 2317 1230 2699 2684 1434 2180 462 1538 1535 1476 279 581 1818 2277 2129 954 2254 1517 1116 2780 1169 187 1178 133 1999 2238 1507 540 1805 2550 95 564 1204 457 794 683 775 1734 357 2447 1693 596 2281 1748 545 2247 1714 658 1228 1785 1103 135 693 107 695
654 753 1918 936 1506 49 2669 1692 1612 2398 2407 2061 430 1822 1780 2806 1787 782 2301 1921 113 1293 2465 2505 655 108 1730 331 1220 1465 1018 1715 1097 478 525 1008 2632 2611 1781 1662 363 295 1395 326 1647 1048 2467 628 383 2402 1143 346 2690 1275 2311 504 1026 758 721 53 89 125 2070 245 2406 1297 252 1929 1472 1438 2279 2821 455 1124 1037 1303 31 52 2236 2429 2634 390 643 444 1555 1039 1967 1972 61 138 806 1635 471 625 1011 1187 1598 2687 1923 2244
551 1520 143 154 2339 1349 697 1 2215 2466 342 1360 1947 669 1629 234 46 2246 2541 2619 1572 892 1059 807 1365 1330 1514 859 1861 1358 2631 958 1618 203 638 829 1684 30 1238 1540 1724 2444 270 557 2517 795 687 1295 2399 1509 882 2174 957 1324 1807 1811 2524 661 2709 476 2727 891 2226 1227 668 1291 267 1766 2013 718 214 2710 1129 2460 641 1863 2340 1939 2298 1539 1803 2197 2372 17 1025 1524 2187 570 1215 350 2167 262 2158 352 127 1270 372 1580 879 2761
1937 2558 2248 948 2813 1639 1464 2393 2382 1056 686 1223 2435 137 1899 2286 2842 146 1874 1076 165 246 1547 899 804 1212 1944 1463 1777 2825 2511 2506 2728 2135 2294 722 1130 2207 2708 1134 1055 2041 2639 494 116 725 2068 1185 1452 329 204 1935 2258 1986 79 140 2766 2665 2292 647 1606 2580 1841 491 2569 2305 1825 97 1067 2080 1592 2741 2683 657 1810 2350 2736 2020 2291 1001 1126 682 1868 1611 2719 693 2780 692 201 2224 1410 279 777 677 2438 739 1482 2637 1448 447
327 1113 490 1687 2838 2114 2726 1371 270 2421 1380 2162 529 2644 84 676 818 702 2080 1949 339 40 1801 285 2112 949 956 940 1204 1541 1696 2582 406 546 844 1603 275 1960 2807 851 2630 568 1221 783 2355 2506 1616 863 2386 2457 725 1482 5 1646 937 2572 1665 969 647 1230 2620 1830 1343 2737 931 1352 1195 2020 960 1169 603 2639 1819 581 404 2494 1004 1515 2111 75 2197 2278 2678 1318 835 2751 2464 2495 395 1400 2348 509 253 6 737 941 2048 1751 2116 98
135 558 757 2295 2413 1728 1945 1631 520 2472 2277 499 232 2566 19 184 1689 1312 1984 1296 1231 1801 1383 80 1533 754 634 1091 2323 1597 545 1898 47 1448 853 424 1714 739 777 1804 1722 1478 1999 2422 2523 1103 2317 1839 1996 2547 540 395 376 24 2785 44 34 1230 1334 2180 341 2430 1269 1265 1683 2235 426 119 1197 1867 218 1035 1087 1394 1469 465 2638 695 2744 1116 1558 91 2024 538 2756 213 529 374 2224 1561 2759 2644 683 576 899 949 88 1304 291 60
841 639 945 1179 1977 930 2647 2682 1769 1579 2328 1578 952 1770 1583 2488 1154 2491 114 2723 1063 1920 2252 919 887 1470 2778 1354 1528 492 819 998 2459 916 227 748 512 928 2575 1585 1367 1368 2097 515 982 2792 2026 579 652 517 1657 1667 2065 1791 2042 2349 392 311 9 1651 875 567 1347 2729 1031 118 566 1854 1211 382 2225 1152 2379 1239 1851 2711 923 1204 2310 2582 778 2487 910 1864 2416 937 812 2803 2536 2824 1772 2458 25 1531 604 1289 1482 2103 809 1287
511 879 2363 557 892 814 396 2691 2460 551 2619 2517 1619 2720 1709 2186 2264 1530 342 2094 385 2468 2710 1816 270 1939 281 2627 2432 1113 1421 1077 2132 226 237 2494 2633 2524 2607 2572 651 2168 40 1078 2013 1270 1575 98 2783 1863 2541 790 2709 1925 223 582 795 2260 448 1480 2215 1025 1637 352 1540 732 1324 796 285 2838 1537 934 38 2562 851 2340 2387 2456 2732 909 537 1880 160 1949 1283 2631 466 1702 1425 2431 405 1618 1659 1221 2188 46 629 1116 2351 99
1981 2093 2392 1879 1518 1567 918 1578 1237 2796 1909 2609 446 2660 2682 708 1002 394 1859 1894 2543 908 2498 2258 2775 2125 451 700 1978 1119 1495 1454 1301 1415 2140 2357 1088 1613 945 530 1017 1880 1621 966 2458 2786 928 2627 2491 631 1604 1977 43 607 1516 1657 1890 2596 2049 1938 2503 1596 1906 1058 2252 387 1633 1651 2507 1290 2476 2227 916 2636 937 899 183 176 1331 2331 1200 1930 174 156 1197 487 1179 921 2085 1920 2729 2019 2310 1598 2188 204 1673 2838 930 227
1481 1475 452 418 464 726 495 2059 52 2715 1024 129 806 207 1062 2531 53 2244 1465 467 2142 192 1706 31 2285 2669 1875 501 1503 268 1262 225 346 1932 1378 1050 758 1787 326 1655 290 999 2693 2465 2505 2690 61 314 159 484 363 296 534 2716 2025 799 2470 780 1022 2794 2236 2467 324 849 1967 1780 786 655 295 2552 840 1831 1789 1843 1955 389 356 1813 2765 2565 2398 2821 2280 2774 1281 455 753 580 131 2819 1438 1275 2806 49 1568 2173 653 390 1008 1635
2790 943 1656 2411 1102 2528 221 1405 1644 2817 1926 2832 312 817 1934 2501 635 987 2044 2300 1624 85 1407 556 188 1752 2270 547 1146 1319 611 1545 4 1386 735 1782 826 2069 1316 2082 518 1796 1737 1993 1617 2454 283 925 626 26 2836 51 2011 712 1369 2714 2050 1422 169 2538 562 2439 1658 1328 2367 947 1983 197 440 1544 2241 155 266 2034 1870 1381 1045 1948 433 2397 305 1202 2045 613 559 1701 348 2477 1029 2486 1636 1096 860 675 1416 2840 1208 2837 1417 2574
2080 1482 1996 2754 830 107 575 2114 2733 2019 777 407 861 2550 1626 2254 1683 1523 2317 95 1169 2641 1517 34 462 2414 1914 1183 1758 761 357 1450 1177 2536 341 515 2111 2275 441 1091 1620 2630 1691 43 2310 1898 2523 1805 1224 457 1507 1093 328 949 187 2242 918 603 1960 2605 422 2684 1458 2202 2125 1204 1732 104 1239 2374 230 2503 1596 1104 2252 2422 2745 2838 2547 783 2785 1566 969 581 2176 205 937 1665 1476 2586 1856 736 2116 2281 2441 1669 775 2277 279 1130
1901 2044 85 188 155 1636 518 2270 1319 1934 562 2631 2088 611 1405 490 635 439 556 1656 1386 987 134 2713 547 2082 1993 1552 2439 563 2501 659 1658 1428 932 853 663 724 1840 51 613 795 1046 305 2411 1203 1878 1617 2419 624 2007 626 1752 735 440 1208 2289 1103 1895 2648 2051 486 64 1848 2001 2574 551 559 2367 2538 2825 2528 2034 2487 2309 1544 591 1381 2046 839 851 2544 1640 2840 1788 510 1034 1316 2826 1284 221 317 48 2837 2048 168 2545 943 2732 2138
2498 956 205 2141 732 793 1318 959 2197 2823 2425 1949 1536 630 2791 2348 2841 127 1365 1596 181 2156 244 2374 1184 592 1183 2595 2838 2710 785 2457 183 2572 1199 537 2030 2179 2353 969 1059 1487 167 761 2249 2573 1280 1108 1797 2468 1371 150 422 2503 147 1525 1514 644 2048 861 387 45 236 1697 490 270 1038 620 1953 570 957 1088 1449 2623 20 2313 1425 1454 546 1283 1171 636 909 2168 551 2339 2043 1603 2591 2678 196 1768 1139 1665 2056 2612 1232 1859 2725 687
331 478 326 159 1293 655 1097 580 1967 1395 363 2301 1008 2407 1929 2806 1912 1730 758 877 999 390 1715 1780 1635 1143 1317 108 49 1822 1647 455 346 786 753 2402 484 464 1037 1124 1706 125 456 31 1050 1465 295 2236 726 1438 1662 1475 1275 721 2467 628 52 408 2765 1281 2398 430 2669 129 2690 2017 788 1921 1220 383 2594 1262 2557 2059 1756 452 1140 1923 552 1972 28 2105 525 89 467 936 968 1282 2429 2061 501 1955 927 2406 1831 1885 503 2091 2144 799
139 679 1248 625 1317 2301 838 245 1435 1598 525 654 1127 2687 1756 131 1026 2429 430 484 788 2311 471 2794 1465 699 239 1921 1274 2059 1923 162 2091 1774 1022 2280 1395 740 49 643 2164 1780 1275 2173 2061 1787 2698 2465 2505 2407 1282 1612 534 1018 2137 1991 1109 1048 501 2025 209 467 1967 241 363 252 1303 2611 1662 2632 1273 2244 113 858 618 1822 356 628 192 478 1503 2406 649 2799 495 1692 1187 296 402 1781 758 1543 653 721 1755 1220 655 129 1438 1813
1908 702 284 768 848 903 2388 2624 2601 1830 931 835 502 1254 1845 684 2276 1310 250 1340 1512 2471 65 990 1107 688 297 1323 1235 739 103 1391 1114 126 1821 1608 522 578 1767 1759 568 1975 1186 1450 1720 1413 1406 544 2224 277 1783 111 1732 2302 2299 1980 767 610 2329 603 1334 811 830 1557 2495 1448 1498 749 1110 1834 792 2290 291 1548 2622 1511 1626 2020 917 2605 366 993 1689 1197 1794 2757 969 2304 16 2563 1943 336 1670 2615 1611 1243 2275 1620 1594 2314
1221 546 807 582 6 650 620 285 1458 732 551 1541 1866 1696 1882 2141 1702 2726 2810 1083 2171 2761 750 334 342 2474 1744 2386 2666 1184 1603 2348 2194 2043 270 181 45 2567 150 1947 2620 2115 879 1080 1520 909 372 2672 2751 820 40 2494 2623 475 1199 1283 143 759 2182 1251 1629 2631 1616 2541 1572 1227 851 1591 2399 922 154 236 1697 2174 2162 1515 2760 1837 1366 2460 956 690 991 2152 2197 1188 2179 1570 2643 1602 785 2404 22 2548 2303 2608 2502 1494 1392 244
2059 1475 2236 2244 2794 1378 131 484 1789 1127 1787 1022 653 2765 464 806 1274 534 1503 927 495 1465 726 1062 129 2396 207 2429 838 1024 1655 1039 501 2025 1282 1275 296 999 467 356 1050 1568 2173 225 2232 1813 61 295 192 268 2137 1662 1967 780 239 2091 1923 1481 209 52 28 1262 139 1932 324 2531 1875 452 1706 2687 314 1543 363 390 389 1317 418 455 2142 245 758 1831 408 1011 2280 2715 799 1843 89 241 1827 822 2301 1755 1635 2144 1563 840 2693 1991
2531 268 452 1024 2470 2285 1875 1481 2693 207 1503 1475 2059 225 1262 806 799 726 418 296 1011 1127 495 61 129 2142 131 1465 290 2025 1274 455 31 464 2715 2173 1787 2244 53 1062 484 501 758 295 534 192 1706 653 1039 2279 2137 2396 2565 1050 2794 52 999 314 1378 2365 389 467 2091 1932 209 840 838 780 1655 1568 1781 89 239 2280 2232 356 1780 2236 324 2552 2669 1438 2765 471 1275 2429 1282 1022 2681 1302 326 241 1376 49 1967 1741 2806 245 2799 1843
1870 26 1417 712 860 1045 2130 2454 2241 925 348 1328 1489 2769 1710 1369 947 179 2289 2649 735 1617 1054 1701 1796 1679 1444 1381 2050 1663 480 1782 1658 161 769 2650 64 2538 445 2545 221 2034 2375 1752 1993 1623 2714 663 2840 2837 51 1319 1926 439 562 2544 169 433 547 900 2836 1649 1261 1051 2826 1316 1544 2707 1029 2713 1569 1895 1218 550 305 168 1545 194 2721 2817 48 626 1386 2300 1644 2439 2528 2790 1407 1788 635 1422 1840 715 463 518 197 943 440 2556
655 200 1917 1018 782 2406 1143 2061 2681 1127 1822 2070 216 1680 1048 1961 1118 1008 890 27 1598 963 2017 1647 525 1248 1746 625 679 1612 2199 326 1438 356 580 220 2301 1135 1472 968 478 331 1187 699 1335 628 2316 1026 471 449 363 1780 618 1376 721 1648 1781 1435 1111 209 1010 1725 753 654 49 245 108 643 2091 602 1650 1972 1240 2365 1164 120 125 192 2698 1282 1692 2183 553 2407 1262 484 1109 2237 1730 402 296 507 2632 936 1874 961 139 1317 1885 1439
2178 304 2066 2113 1213 1161 149 1513 1115 1019 2546 1795 1300 1847 1773 2022 1760 63 1559 1693 1333 954 1389 485 182 1672 1228 483 1712 614 2784 1785 1175 2437 658 1951 2656 2787 727 1306 789 215 1685 2190 436 1447 962 1176 2000 310 1353 1900 1749 1186 293 376 2202 1106 646 2409 1434 545 983 1798 2054 1361 1166 2497 132 2827 803 1427 1535 2149 949 824 1483 443 1357 364 2240 707 1743 16 1257 581 2700 240 1990 1394 1476 1786 2314 596 2172 1836 1224 2277 1137 39
1545 1926 2389 817 1624 221 1407 1752 2817 2300 2790 1146 2411 1386 1102 2832 547 943 626 1656 987 4 2528 1934 1701 283 1644 1405 826 2501 312 2367 2270 1737 59 635 85 2584 2069 611 1316 556 1202 2045 188 2439 2538 266 1496 2082 1799 860 1617 1489 1796 1636 2692 1319 1411 440 1417 2044 947 1544 2454 613 2769 2477 2130 2052 1782 795 305 562 1108 2592 2205 152 2836 285 396 2375 837 1029 1422 1710 735 1328 1437 1901 1564 2707 663 134 1201 1061 270 629 1444 281
147 2094 166 2738 537 2710 1530 1803 641 1509 1069 1078 991 30 2758 1828 160 472 226 2339 1618 888 385 127 1811 2444 551 1341 1445 1863 573 1315 262 1421 2246 1607 2431 1215 697 2403 2425 2513 793 814 1487 2160 2576 1373 2835 1227 1034 1365 1925 2197 1540 2709 577 154 2013 521 986 2619 2731 1703 2266 667 2167 2648 405 2255 2771 2662 1619 2524 924 1814 2385 2614 2498 2704 1167 273 217 2841 2811 2631 1295 1652 1355 1880 2468 1363 2595 2635 2249 2175 732 687 2188 2138
366 2460 1675 1575 1193 2327 1776 557 797 1196 1373 2548 2187 342 859 1664 551 1238 1457 2198 2127 1619 1432 2363 1375 880 1861 720 438 2672 2694 641 2206 242 228 842 793 1358 1086 879 267 2039 2541 2581 2461 210 2703 2529 746 1350 2739 1665 1295 1221 2691 1887 514 2731 2330 287 1877 386 1792 991 77 1653 583 976 1863 1494 1807 143 934 1034 1392 2771 158 1684 2321 244 385 2844 2590 570 147 857 234 1925 2582 2619 1377 472 1551 2278 689 1816 2659 2431 150 1421
2064 530 660 2257 1742 921 1909 2049 1370 446 662 1554 2696 1384 487 710 2282 1613 2782 631 337 360 1853 813 451 542 1290 1058 2243 2259 2519 1000 1681 1105 2087 908 1142 1518 1301 1673 54 1913 2290 1466 1331 1604 2788 243 1330 2492 2006 253 855 2664 869 1850 544 2552 2417 1981 2005 2697 892 2440 2793 2140 2712 118 2299 2843 1966 1739 2635 918 730 94 1396 593 435 2223 400 616 1165 827 1110 1705 1826 1994 2763 708 7 1698 271 605 1581 506 1893 673 1349 773
1316 1948 1096 2272 1860 2815 747 439 64 1416 2034 1569 1796 1051 1636 2755 2721 497 2545 2713 1496 2741 715 2309 2135 562 1965 201 2352 100 1490 1993 1381 1212 2241 1362 1584 645 1134 2433 1148 2650 48 2686 692 246 659 1345 1658 1261 2826 720 494 2123 1350 1901 535 857 305 2454 1218 835 1747 447 2376 258 1586 899 1552 1724 137 1897 1752 605 2766 712 1547 319 2289 514 1617 603 1432 1453 1527 2628 124 1095 1649 1782 155 202 1833 275 116 194 82 2556 1126 2207
776 353 2152 629 1080 244 1661 2363 2494 1440 557 1744 2460 941 1819 281 879 1537 1295 1515 1643 2474 40 2691 1221 690 98 2502 1283 23 84 796 270 2572 820 582 117 196 2210 2529 2109 1864 366 375 2256 669 640 6 2677 971 1171 2132 1480 150 1371 1659 1807 1575 498 814 1525 323 466 2431 285 386 1180 2541 1402 2162 894 2554 2048 956 1619 1922 661 1204 2468 844 1504 2841 22 2726 13 910 5 2567 1083 551 701 1184 1541 1816 1591 1113 448 2264 1632 1198
2377 1527 1731 535 257 336 1133 410 610 248 648 1138 605 2843 811 1455 406 2102 1498 937 1871 2145 392 870 1424 1385 1040 365 94 1992 1419 2341 1331 1800 1634 434 1913 2697 288 749 1850 2788 1131 2763 1007 1779 1978 253 2803 355 773 1966 2006 2093 338 1079 1243 631 1287 966 1614 1466 821 1783 1673 1142 607 2613 2596 2364 2453 1794 2331 2549 2196 1526 742 841 2730 2516 416 2488 2151 1384 1005 1174 1909 2299 1707 544 1309 1154 883 2290 519 512 2005 678 1379 1645
363 2794 295 1022 129 1127 1475 225 1062 1787 61 464 655 192 484 2025 1378 2236 2059 207 1813 1024 2396 2244 356 1706 495 501 653 1275 1780 2806 2280 999 1274 139 2091 296 1481 2669 2173 1503 452 1465 1923 467 1282 726 1655 758 2232 52 418 331 1932 390 2137 1746 2765 2715 2429 456 1262 1967 200 1317 131 1563 2698 1281 2061 649 324 534 782 1929 326 1789 314 838 1635 389 2531 1011 2406 108 125 28 1008 580 1543 408 1730 209 1018 458 2687 822 1050 2407
1804 2413 967 1448 754 1728 2615 2295 426 135 2320 2354 2756 1269 1597 24 1719 520 1265 2472 1149 1984 1945 2224 1469 558 119 2277 2024 2408 376 1296 1535 368 757 1483 792 2143 483 540 1312 16 2296 400 232 44 240 19 789 29 213 1478 1631 1725 1722 1091 1231 2533 739 424 1867 727 596 2638 898 1555 1898 714 2688 1689 218 2784 293 695 1236 707 1176 658 291 1558 545 1383 755 2566 2235 1672 80 2015 1904 60 777 1334 184 1491 1834 733 2172 2430 36 132
712 1045 2454 735 2130 26 925 1369 179 2241 2649 1617 440 2050 2439 1658 1656 2769 169 1782 348 943 1405 1381 2538 1993 2837 1544 51 1934 221 2840 1422 463 1644 635 305 480 2790 2528 2836 518 2817 1663 987 550 562 1710 197 2011 155 2832 817 826 1870 1328 1437 1840 433 900 1489 1636 2714 970 860 1218 1623 559 1796 947 1054 2574 1417 445 1752 1649 1624 2289 663 1701 556 2069 1926 1895 2411 2628 1407 547 2826 1679 2082 2034 312 4 2193 1029 563 1486 1552 2300
941 2152 2203 2502 1113 2841 1214 1744 2348 84 2572 1171 1702 1184 22 546 1371 1697 1083 1525 1221 1603 270 244 1198 971 2751 285 40 466 1080 844 1251 1659 2554 661 23 956 1953 582 2448 2162 214 2726 281 1139 1364 2386 475 2048 45 1515 1726 732 6 690 1661 973 1205 1283 829 2760 1537 2230 150 2678 851 1616 181 894 2522 2677 1819 2115 2494 2179 1315 196 1541 43 1183 629 609 1696 2457 820 644 620 2182 946 814 909 2623 183 482 1280 2498 1738 1768 1536
105 1946 2394 1778 1271 1404 1854 1731 1325 2711 7 869 1442 151 416 1992 1403 243 2793 1526 2377 1142 2274 1688 730 1105 1966 778 855 1155 2519 1913 800 1396 1808 406 631 1247 1970 2697 487 1871 1625 605 233 1100 1968 2516 382 11 1138 662 517 2364 2453 2145 2336 870 1311 1498 2102 1969 811 2792 2299 593 975 749 2064 1751 2416 191 998 1864 1554 1742 1643 660 1243 1020 512 1779 212 1040 2331 1133 2196 2290 1681 513 2830 2730 227 544 528 883 1850 2696 1783 2026
2524 557 2403 2460 273 2269 1221 2844 2607 1982 2633 385 1242 352 2797 2139 2484 244 1816 667 1814 2197 2529 1366 2833 299 1295 2298 1807 1480 1602 591 641 1925 2731 1122 616 741 2094 1616 2412 285 1350 1684 1589 1358 1735 1373 2338 143 1494 577 814 2104 1619 2761 214 1283 2371 2363 867 2092 428 594 147 1622 1338 262 2425 2174 551 2576 879 891 1724 2255 720 969 2631 2385 1193 267 600 90 1043 2457 546 1776 2776 1861 2266 837 2581 732 2691 1457 1880 1421 1863 1802
2178 304 2113 149 1019 2066 1161 1847 1213 1115 1513 1300 2546 1389 16 1186 2787 2054 1773 1795 1447 988 2437 1760 1672 376 193 1951 2784 2000 727 614 240 483 967 44 646 2022 485 1228 954 658 569 762 2478 707 291 2314 2772 1559 1175 827 1469 1306 63 1712 39 537 1323 2554 293 443 182 1336 1283 2777 1483 60 574 1341 103 596 1749 2202 2661 2136 1836 2024 1542 1165 1685 1999 558 656 2409 2153 2302 2161 662 511 29 213 2111 2497 2408 589 1125 263 1353 1535
2220 1299 1168 1555 1473 368 2051 2809 2683 444 1721 994 1942 1771 2291 968 1917 1677 1725 1961 1692 274 2061 2813 2526 677 1010 2306 1134 216 864 721 1937 655 2435 1647 271 2037 608 1972 2507 1439 899 2402 494 1441 1618 2639 162 1408 2340 1931 1598 1918 137 2473 2611 2135 1612 1892 1540 316 2482 204 2719 804 2319 1060 2144 49 682 2068 618 526 671 1829 654 1433 92 2511 1223 1876 2183 2704 2509 2736 2661 939 647 2440 447 1424 2825 1276 329 1079 446 648 643 1732
1758 294 683 1204 1713 1247 1116 2718 1197 549 1745 689 918 1727 1633 1751 1665 206 874 490 1347 2125 1714 2157 1224 1930 2180 2204 630 88 1128 184 66 2418 1538 1476 493 2555 2490 2195 212 2582 2112 2211 2660 47 516 700 276 14 2453 1792 2019 2838 343 2140 2603 1861 406 2369 2547 1453 2111 462 1996 652 1645 2058 2734 2071 611 1800 1999 592 1136 1762 862 1960 2487 2551 2374 518 451 58 825 570 853 856 604 1609 1575 1304 2375 2293 404 871 230 2085 2353 288
2437 1672 376 1749 1773 1469 1795 1161 1513 1447 1483 2202 1990 1836 2700 2784 16 1847 789 1559 483 1304 44 596 1693 1300 2190 1914 2296 792 1103 967 240 149 1743 1178 291 1999 1535 1106 1713 954 832 707 60 1137 2827 983 1593 1176 95 2381 1224 1353 251 1804 1451 2745 1434 132 2540 39 695 1900 2579 683 2441 1685 1361 1019 1476 182 894 1971 777 310 2172 215 646 2523 2547 824 2317 2785 2054 2178 1186 1898 644 1427 614 424 1760 83 727 2066 2024 1213 1336 1818
39 1529 424 1601 1357 1103 1334 2000 2116 2497 1004 1722 1116 803 926 2390 1867 1106 1693 707 1818 940 2202 1537 739 2036 1459 379 1836 1180 1434 1559 198 2700 1986 2437 2656 2 2494 751 404 581 2677 1176 1760 2288 832 1798 75 1767 1714 1257 1900 1748 2190 126 215 60 132 818 1849 529 2276 1940 920 19 725 1230 182 2493 2624 1713 1186 2621 1296 1391 339 2314 2542 2149 1014 1985 954 2663 578 2695 395 1990 1971 1687 469 2020 1557 44 1091 792 2275 1451 2296 2323
2421 1221 1038 2691 1272 582 2359 1696 2210 2115 372 2355 150 2838 796 196 2474 2541 546 244 2174 2520 640 1515 327 1436 1041 2672 285 1616 807 1819 551 2460 6 853 2048 323 2761 1426 2291 850 672 828 844 2828 2032 2324 275 13 377 1458 1976 375 2810 2014 2572 56 879 2141 557 154 1744 398 1541 1949 2088 2726 2671 973 2517 1394 1230 1947 1591 270 820 669 1659 2464 1697 1113 2468 781 690 1184 2631 1477 629 1575 2194 1882 342 57 353 755 2456 1874 2353 2710
2794 1274 2025 2059 2396 1787 1127 2173 1378 1024 1022 653 484 139 838 207 61 2765 356 2091 131 239 2232 296 192 1475 464 758 1275 225 2531 1967 1282 1062 129 2236 2687 1923 1789 209 2280 2301 245 806 534 1039 408 1706 1843 389 1932 471 268 2244 726 501 495 295 927 467 999 1813 1568 2142 799 1662 2137 1503 314 31 1465 2429 363 1655 1875 1831 1050 324 840 390 455 2693 1438 452 430 2164 52 2715 241 89 1635 1481 618 326 113 1124 1011 1780 1303 2311
1810 2509 2350 1944 1212 1075 202 249 137 2121 1001 899 2583 67 1055 2741 1012 1406 2728 2766 2135 2825 2558 116 1056 1463 2813 948 693 2842 2248 2435 2382 2294 2207 627 1937 2020 2719 1076 165 1899 1606 725 1547 686 447 1639 1935 2329 1732 246 2393 722 917 494 1626 1383 2511 692 146 1611 2286 2736 2569 1874 404 1134 279 1223 1130 1259 253 2368 2809 2319 2637 2041 1986 204 2639 1945 1592 1126 1169 794 2305 2068 2525 804 1557 2033 1464 97 647 603 415 1498 1296 2089
1861 1724 2174 1234 1575 2327 133 57 1392 1375 527 1358 1792 366 1665 150 210 859 1580 1880 651 2461 1947 280 2431 2456 976 551 1346 756 2548 2330 2819 2672 1292 2761 1837 342 1675 1276 2581 570 1664 2732 1802 591 2129 1034 616 746 587 2186 514 797 1238 404 2541 242 2493 892 347 2003 1494 603 2694 43 814 1421 1552 1169 143 2198 2325 1609 2229 2418 2468 557 1827 2127 1732 1366 1348 2187 1406 663 872 2727 237 1576 385 1135 793 480 2283 995 2801 842 1684 2838
2328 1977 841 930 982 2491 1179 945 2682 2065 1470 1578 1769 2723 887 114 748 1063 227 639 998 2792 2252 1791 1583 916 1579 952 919 2778 2042 1354 118 2097 1651 2575 382 2225 875 819 517 1667 567 2711 1585 1531 1854 492 2488 1528 2459 1154 2349 763 2647 579 1770 1851 311 928 1367 778 1920 515 808 566 2416 575 2026 512 1239 2793 1211 2559 2754 9 1970 7 1368 2310 392 528 2729 1210 2379 1657 2550 2618 1455 1691 151 631 2290 25 1454 2658 446 1268 1871 1482
1506 1612 2061 113 49 525 27 1141 654 782 1780 2311 1918 655 753 2279 1018 1297 1647 1972 628 1921 252 2070 1220 2669 383 430 1692 2398 1829 936 1781 1465 1048 200 721 1021 1598 316 2632 1143 1140 643 1505 2465 2505 1182 2291 625 1438 92 216 2142 1109 1555 2467 245 455 858 2402 1303 2794 1008 1262 1026 1273 331 1822 2690 162 1503 471 1787 2611 2017 679 2091 326 618 1356 2407 1715 2698 274 1168 138 504 408 1282 1441 963 356 61 1118 1955 444 464 1127 296
2034 2545 1658 1796 1381 1218 1782 735 712 1328 1261 2837 64 1051 2826 1569 48 1663 1444 2836 169 51 1544 1054 1679 2721 100 26 1617 1870 1045 1407 947 562 2439 715 1417 2713 2309 2050 925 1948 2241 2130 1623 2649 1934 860 194 1649 1926 221 1644 1369 201 2707 2767 1656 439 2714 563 348 2528 1096 2300 943 2817 440 1840 155 1860 1405 305 2790 2352 1993 2411 2454 1901 2769 1437 1489 1316 179 2628 2433 900 1416 1636 1422 626 817 559 2272 168 1878 635 1552 2011 1752
1801 395 529 2644 1091 2242 2323 2510 1230 2277 341 2759 1683 777 949 737 558 1394 431 2579 2523 1631 101 2422 2699 135 34 1035 1996 1561 1334 1714 1443 617 572 889 581 1938 1833 1450 926 830 2381 1798 2785 407 603 2737 2504 70 88 1728 2180 2566 2686 1945 853 1805 499 2238 754 940 374 2295 520 2016 1689 2489 1103 2621 1999 1538 2443 364 2542 1178 1856 328 545 1732 757 2547 1558 1519 766 2281 1900 2247 1839 1116 2324 1180 47 2317 1846 1898 962 783 2586 39
873 764 2284 1289 723 719 2018 1493 2008 190 2585 1359 914 652 2582 1347 812 2536 2146 2252 1534 1772 35 1583 2718 1136 34 2426 1996 303 1204 2019 407 1758 2824 603 1595 2745 1574 1351 2275 2254 874 2209 457 2754 2838 1724 1538 66 2238 683 230 2523 1246 294 825 2125 206 1792 2157 462 2422 2067 14 516 1063 1523 783 2487 210 639 2733 1915 2551 2489 2699 2202 58 1179 1178 1734 615 2180 2192 2647 1224 2418 830 95 1450 1930 1072 570 1713 777 1846 1577 998 1247
1418 176 417 1065 2668 2786 571 2029 2227 2108 886 597 1562 1132 536 1686 1588 2384 199 340 62 802 979 2451 866 1033 2031 1952 2798 569 554 2333 500 2090 681 432 680 21 878 302 2539 156 142 2117 1070 2640 733 1268 461 1888 121 429 2629 164 1399 2570 1910 1890 1793 1393 2423 2093 292 868 1976 332 893 2120 2743 361 1145 1431 2520 2428 1398 2795 2671 78 427 1906 1717 2217 36 729 555 1533 107 2775 1256 289 694 460 174 1337 2415 1047 1266 1197 1415 2808
2065 2792 887 2328 982 930 748 118 952 1354 1791 1583 1977 1667 567 1769 1585 875 2349 998 819 1531 1179 916 919 1470 2778 841 923 2575 311 382 1063 297 579 492 2459 1154 2723 1579 2225 662 227 945 1854 2488 517 7 25 2252 2793 2416 512 513 2304 975 910 2624 566 2097 2290 778 2491 2042 2559 2697 1968 2026 1578 591 2682 1442 990 247 270 502 103 2487 1908 2524 2618 1209 2103 1325 114 639 1851 2601 2064 971 1703 678 528 1168 1864 1236 2711 284 2730 1819
1453 2309 1490 2433 1901 64 2376 1569 204 48 100 562 2650 2289 2826 155 645 231 1547 2553 439 2034 1606 563 2713 1056 246 2511 2305 537 2207 201 2545 1096 2272 1636 1860 2213 900 2135 1825 2665 137 804 715 2088 2700 1437 2721 2842 2825 1940 1738 2482 1319 2840 1993 1212 659 1148 591 2813 260 1134 1978 305 168 1463 448 329 440 79 2179 2346 44 1316 2652 1496 433 1937 2239 2556 1948 2001 969 188 2815 1103 2118 1965 2741 510 722 2419 2248 948 2011 692 2648 2795
551 147 166 352 1069 1283 2710 1509 154 2738 2194 2094 1129 1227 1837 661 203 2308 641 2444 476 1315 342 2758 1059 1861 557 1181 793 1880 1803 2431 2529 262 537 2129 879 1 127 1078 2339 1556 1806 1025 1530 1520 160 1863 1358 255 2427 1330 2709 1338 2635 385 1619 1360 913 307 1524 405 1572 1927 669 1514 1295 46 2691 17 1618 1375 1696 521 143 1802 1925 1684 2619 687 2174 2399 1421 1630 2261 2712 2811 30 2385 217 372 1540 2460 2576 2425 244 2298 2158 2403 2215
935 2201 836 1933 1709 2645 2096 2452 1790 396 1321 2342 2098 834 1047 897 2446 1621 2156 761 612 1638 1183 2750 2432 147 2071 2249 1907 2691 127 666 630 1113 957 1514 1277 2841 924 1487 1044 2745 1676 2710 2823 2442 210 459 2313 1736 1023 1858 1098 2355 2738 861 2508 476 2627 2202 755 2317 461 1116 2562 2775 2450 333 183 2537 30 2122 1419 468 2197 385 477 96 387 1387 516 856 908 2729 599 189 1224 2747 546 2194 1859 2512 1355 301 683 1995 2278 586 595 1476
1447 2700 545 376 44 1749 596 1836 2547 1483 1469 1990 1760 182 2523 1714 291 2381 2437 646 2317 2160 1103 16 63 2441 695 1672 1300 1019 1394 1228 1224 2827 1785 135 824 1361 1847 954 149 576 558 95 1713 1116 1743 1137 1476 240 757 707 1535 1795 2401 832 1536 1178 1773 1176 2277 761 2180 1685 983 1712 132 1451 483 614 2422 1106 766 2612 1336 2566 2111 1559 1364 894 1914 2540 1513 2504 777 328 96 47 251 1087 683 2278 754 88 789 1161 45 1907 2016 2197
2252 1920 227 2682 916 1583 2042 1578 2660 1063 2097 2310 512 517 1977 1179 1368 1651 841 1154 2723 1239 930 1657 2491 2328 928 1211 1566 639 2647 1770 515 1367 492 945 998 2026 2392 2357 2110 2729 1970 1906 2488 1031 114 1546 2459 861 2019 118 2603 2379 1800 2333 1579 778 1454 952 1769 1978 382 566 918 607 700 873 575 2609 1419 2550 1851 708 107 519 2125 887 2536 1268 631 2796 1528 2426 812 1058 2073 1104 748 9 2778 982 1518 1136 206 2582 937 2239 2754 1002
2185 386 1694 2529 1814 2584 1925 2139 1411 810 1122 1982 2092 299 1807 1295 1440 1191 2844 1221 2616 879 1887 2455 2833 880 1196 264 1619 1589 2484 2321 1238 428 837 1684 2189 267 2298 667 1816 857 1129 1776 787 438 2269 298 2739 1660 1373 2797 2731 2633 2672 1457 720 1863 2727 1080 352 557 2659 1350 718 5 888 1009 894 1043 2271 2517 2607 459 1366 1661 262 1086 2371 2703 2223 1537 143 991 2771 285 1360 690 801 1445 1520 1542 885 600 2187 1291 1994 2576 706 1698
2719 2057 2291 2526 574 2704 494 2683 1931 2639 217 1433 647 2220 2319 790 482 1139 1998 1874 1439 2402 2427 2435 1477 1602 2089 853 442 2051 598 2308 1949 1330 1777 1088 2439 521 255 1972 1962 637 939 1365 655 2617 1899 72 270 531 721 2348 214 1202 447 2841 608 2329 1953 1961 1415 1541 2741 1757 864 820 972 1840 2391 2499 2419 968 2838 974 986 1603 1647 2183 1876 274 2155 81 1283 2292 1223 2712 1680 134 1038 1544 2324 594 2037 146 2775 1819 2813 40 2389 1771
1295 641 1807 1373 557 2771 262 1619 2460 888 667 2529 1925 2833 1509 2731 2524 991 299 428 551 1982 143 1221 1238 2403 2844 879 267 2455 2139 1816 2797 1291 1814 1684 2363 342 891 1863 1776 352 2371 2691 1193 2576 385 1324 1366 2092 1480 2619 244 1457 2484 2727 46 1539 1242 1338 1129 2776 1661 160 1744 2269 814 2710 2187 234 2215 2399 2298 2094 1078 1520 1360 956 600 2385 386 2223 90 1191 1589 2581 1440 795 273 820 867 741 1541 1572 718 2607 2541 859 195 1607
385 814 1619 2094 665 2223 1939 1270 1815 2607 1925 1863 1078 1698 2266 299 166 1530 2590 577 352 1814 403 961 1828 1129 1294 1982 2246 2269 56 1994 2481 879 1607 1572 160 1539 2811 1373 892 2633 1341 267 1446 2431 2758 451 1338 2614 557 428 1735 421 2460 1159 226 1816 195 2833 1009 438 1295 829 2529 46 2581 891 1069 573 1660 2332 867 2455 667 228 2835 2139 2635 1193 1191 121 1242 912 1622 704 2486 2738 641 2187 147 2619 837 2694 1615 41 2524 2739 669 1684
545 182 1257 1228 2547 1087 1798 2656 1743 1928 2546 898 1166 2700 1224 1760 1785 1394 954 1561 1971 1137 1685 962 63 1786 1535 2277 1333 101 1178 2381 1559 395 1558 1999 2542 695 596 374 251 2112 2827 2149 1712 1773 983 1176 634 1693 364 95 2113 1451 1434 215 426 1106 1298 529 149 2504 436 1019 1856 757 1590 727 328 1900 824 1116 646 291 1361 614 1631 576 2540 714 1597 2409 1213 132 2737 1306 2566 658 485 589 1847 737 2441 1115 2523 2759 2072 617 558 1714
1861 210 1665 2461 1792 2174 2418 1724 280 2327 859 2004 1580 1276 2548 2541 366 1575 57 1358 1664 1034 746 1675 1392 797 2456 1234 1375 1620 150 570 1238 2672 2694 2330 1494 934 2324 551 1221 1552 853 1576 842 2838 2187 2586 244 756 2493 2588 720 2186 133 2329 1653 2127 1696 43 793 687 2699 976 2662 77 1805 2691 2621 2080 267 603 1538 1279 421 1732 1558 1551 2703 2039 2229 798 228 557 1113 2206 583 794 2761 1684 2581 2386 1626 2247 857 1522 1776 1928 2275 2844
2494 40 690 1659 582 1426 2572 270 1616 1515 2048 2203 851 844 1184 1525 244 1726 2386 1371 466 2751 1199 2464 1221 22 84 1198 2502 2498 546 2115 1171 2014 23 2348 941 2179 1205 1702 1537 1596 956 1488 387 1570 1738 2620 1083 909 732 2678 2457 2162 2677 2720 1744 2503 1768 1139 1113 327 2141 2760 1364 971 644 1632 2152 1080 2442 2153 814 1380 2229 2562 2303 2706 298 1802 2448 20 1458 2761 1400 498 285 1591 879 1953 1283 510 181 2623 796 894 2554 2691 1536 398
1583 998 2792 1769 2065 1354 1977 841 887 748 952 919 930 382 982 1470 1063 945 2328 2252 1791 1179 118 517 567 1854 2711 2682 2575 2778 916 114 1579 1667 819 2491 2723 923 2459 639 1578 778 566 2304 227 1651 1531 2042 1585 579 2225 2488 1154 311 515 875 2026 1367 151 1851 1239 808 492 652 2097 1268 2793 975 1528 1770 928 1210 7 2647 512 513 2103 1970 2618 9 2290 1920 2151 2310 1209 1368 2559 25 1968 528 2018 277 1142 2299 1581 1211 2416 1908 1271 2146
395 2277 2542 374 545 1230 2381 737 1561 581 1801 2072 1898 1631 1394 1900 558 2759 1683 853 1137 1451 1091 2737 2699 617 101 2422 328 1224 1996 60 1558 724 2547 2323 2504 830 135 2523 1257 949 2174 777 898 1087 529 1178 2114 940 1103 95 766 341 1714 1494 1538 2317 2644 540 1856 1971 1361 1798 1207 1306 658 2242 2579 1914 1786 714 2700 1928 1176 727 603 2489 2238 215 689 824 614 182 1620 2540 436 1116 589 251 116 1653 2111 2838 1334 2000 1034 34 364 2167
2153 1336 894 2160 1013 2554 419 1315 2079 96 2705 1927 22 1632 2841 189 2216 1032 2401 2060 1364 2751 1171 2162 762 2313 2831 1858 744 1408 1401 1251 526 924 2612 45 2043 1907 300 609 1227 1661 1702 1214 644 2760 183 957 2502 2591 661 1217 1560 1288 2197 167 2457 2567 2194 2278 856 2726 171 2109 759 953 2573 1703 2182 2152 387 2810 20 147 596 1637 1188 650 2464 2230 1199 106 1625 335 1083 1365 1889 1283 1677 621 2317 476 864 2442 922 690 1471 2678 2666 1602
1752 1146 1545 1316 611 1407 221 1386 2832 626 1636 547 1319 1934 2389 1624 1737 1148 2790 2817 817 1926 1656 2300 2069 59 1496 312 4 562 1102 2289 2553 1437 987 266 2241 2375 943 155 64 2840 2528 2652 283 613 1901 2836 188 2411 735 1862 2501 978 433 440 2707 2309 305 1701 2367 2538 1644 2272 1617 1860 635 2270 563 1569 1796 2439 900 2082 1840 826 1405 1453 2606 1202 201 2034 2433 1782 2477 2826 1649 2556 168 2713 2545 950 2482 1381 48 1658 556 2650 2692 795
285 1221 759 820 1603 1541 956 732 1866 2348 6 650 2643 1364 270 2666 1251 1702 2043 546 244 475 236 2706 334 122 2182 2760 1916 45 750 181 37 2608 959 620 1363 2197 1400 398 2468 154 1703 1108 1882 150 2194 551 1380 506 1697 582 205 2474 2691 1188 1596 2612 922 2541 594 1260 1283 1227 1080 1365 1696 226 385 641 2115 298 557 2678 2498 2425 468 991 1560 2494 2313 1797 814 807 1315 909 214 2399 1458 262 2346 2688 1807 2476 2810 1726 1602 573 2502 2623
1752 547 1319 2832 312 987 221 1636 556 1545 611 1386 635 1405 518 1656 266 1146 2790 943 663 1934 2270 2817 1102 85 2501 2044 624 2300 2069 2389 188 2082 4 1926 2411 950 1316 2528 2538 1644 2626 1484 900 413 817 440 826 2397 43 1407 155 1840 2375 1624 1617 995 2631 1983 1496 2378 128 613 1881 1666 2352 735 626 2439 1203 2337 2477 1352 1501 2714 224 1437 978 2840 2289 977 563 2652 1045 486 1895 168 2167 2419 1552 1649 2367 2463 1718 2241 433 2650 1584 2133
1702 2386 2263 1318 1336 2278 2720 861 387 2111 636 1083 844 2591 2048 1596 2807 183 2678 761 1797 2056 407 2116 1013 2448 2317 1515 133 957 2230 644 2733 2751 462 2160 107 1726 1898 2508 333 187 2374 2643 1113 509 1758 1177 1616 2464 466 45 1999 1907 732 2489 949 181 1371 43 1696 2572 596 2498 2442 1458 2079 2457 1214 2827 592 40 1765 1093 1659 1768 1482 2202 1471 1727 1198 1846 1632 2554 2414 1945 1365 1525 2188 2441 2641 1326 1683 1665 1487 341 1180 218 498 2562
2059 1378 484 2765 1062 2244 1475 467 363 786 2429 1813 1024 2236 1465 2301 1274 1789 1127 1923 52 1008 2794 2531 1568 495 927 806 1967 478 653 2407 501 1275 2285 2687 129 2091 1932 1730 2715 1875 1048 1481 1438 1039 1050 1929 1022 1655 1662 268 1781 108 356 2173 1262 2316 1503 324 296 1715 1317 464 452 758 295 390 131 753 580 780 2137 2232 1635 1282 471 455 418 1831 799 326 314 2698 655 389 726 534 1026 1124 290 1706 525 245 2398 840 1787 999 49 346
1115 614 2113 1389 1300 1951 2546 1175 2178 485 1306 658 483 727 304 293 1019 1213 2054 2000 2066 1161 789 2787 215 589 149 1513 1559 393 2784 2409 240 646 1106 2022 1869 1333 1165 2437 2238 2540 2136 191 1353 1323 803 436 328 2772 1252 1447 1672 2072 2024 1244 2277 1719 376 2314 1427 2161 1186 1137 2748 1795 1900 1773 988 443 1451 1125 1798 63 1749 766 876 513 1753 2759 2535 1996 1452 29 1898 359 1361 951 364 325 426 1357 1763 954 374 754 845 962 558 2777
789 1749 754 483 596 2190 2784 240 824 2579 1672 1804 1161 2547 132 967 695 962 983 545 2202 1795 1743 1178 310 2745 1990 1513 1176 1693 1106 2441 572 1712 1898 2504 407 1847 1914 44 1300 88 2381 2238 1483 2827 436 101 2437 792 364 376 1900 2546 1999 777 2472 1213 95 304 1760 34 63 1476 1535 2656 1773 576 1394 1137 2495 2700 2296 1559 2523 1469 328 2149 2785 1447 1727 1019 766 1228 1091 374 1818 2111 2277 16 1883 1798 1361 395 1304 1713 2759 2066 1336 1389
1782 947 2241 1381 712 1679 2836 1663 169 2837 1045 1623 1444 1796 1658 1054 1328 1617 562 1649 2707 1993 1544 2454 2130 305 26 1369 735 2721 1261 2826 2817 1870 1948 1569 2439 2769 2050 221 2649 51 715 348 925 1405 943 2034 1029 1422 440 860 2628 1218 1489 64 1407 1051 1417 2545 1416 1752 547 463 1860 1644 179 155 1656 1146 1926 1710 445 2011 1316 201 1096 1640 2411 2790 2767 439 1934 2045 1624 1840 635 2352 48 2840 2538 900 2528 2714 4 626 817 2650 1584 100
2437 1672 824 2190 1773 2202 1743 1990 1178 789 1795 596 1713 1749 2700 954 1693 182 1836 1559 2745 1176 95 376 1224 2547 695 1300 1914 483 576 1476 2441 777 1137 2656 1999 44 1161 1760 88 132 1483 2827 1714 1447 1900 1304 1116 1513 1106 1469 545 16 1847 310 2784 683 754 2523 1685 1451 2149 983 1818 1856 2381 149 240 1867 1361 60 1434 1103 436 1394 1722 1535 658 967 2296 926 1971 1712 39 1228 291 792 832 2495 1353 1898 707 215 2472 2497 1785 1336 2615 2699
1643 353 1864 910 1819 1625 776 196 2264 2256 585 98 2064 2582 820 971 1402 701 1204 2431 233 1541 1600 2210 69 869 2494 640 1344 2474 1946 244 1347 13 568 941 1504 762 814 6 212 366 2132 2081 1603 2152 323 956 937 1042 1221 2299 781 385 2334 874 84 629 1508 2487 2361 112 660 672 270 2391 2290 247 206 1287 1554 2187 1279 2559 1171 2453 1384 2541 1371 150 222 1575 1726 2071 1695 1783 797 2369 1128 2718 2460 908 749 2012 498 1157 2342 973 2247 2282
1504 935 2342 222 1933 2201 1305 1023 401 2055 2362 2122 2750 2096 141 73 1628 2163 2829 1736 612 177 850 2512 2679 2074 1404 755 1688 453 2355 1903 1047 1085 1163 1806 2218 399 1155 2452 1089 1790 1599 1872 2645 2152 2450 1436 2587 461 2642 325 2098 836 816 869 2535 2502 437 981 2274 477 1160 595 1145 1605 443 2775 2071 1784 2282 760 1808 208 380 1321 897 396 1625 823 2577 690 1510 2722 2446 1363 1113 2469 2153 614 2009 2841 650 2361 174 2691 2537 1241 1233 1709
147 385 226 352 814 1815 829 1373 2431 894 2153 1939 1863 2197 2635 1227 661 1858 669 2710 557 1421 1619 1816 2013 2094 641 2481 879 2188 1927 1703 1286 1530 43 1283 2607 1925 1315 476 1660 262 521 1735 2425 1509 459 1638 2619 1295 1366 1189 961 2194 1338 1802 2726 403 1199 573 577 888 1108 665 1358 650 1982 217 167 244 2348 2811 551 644 2841 1539 891 667 2476 867 115 160 237 2771 991 2835 922 1360 1288 127 969 2562 2576 2612 1078 2486 1761 565 2776 2171
658 2113 1213 2178 1389 2066 1137 2546 1161 545 2277 215 304 63 1898 182 1513 1019 395 1394 1760 436 898 1847 1900 1300 727 1228 789 589 149 1106 1798 1115 2656 374 1559 2000 1333 1693 364 426 614 1773 1683 962 1749 581 1712 596 1971 737 1427 2759 1166 376 483 1361 1306 251 1230 1795 954 1786 2381 1176 1597 291 1631 2149 2542 2190 2700 1178 1535 1743 2022 714 101 558 1175 2699 949 2024 2547 1257 1561 2784 328 1928 2242 766 95 1685 1224 2437 1990 1846 132 572
190 1534 873 1577 2018 2157 1289 914 1574 723 2585 998 35 2536 1493 825 652 58 1136 1246 719 1359 247 2008 212 2426 2146 2582 2718 1157 2434 1745 2019 812 2550 14 1204 1128 1595 2284 2209 1970 1583 1121 343 2254 294 764 1351 206 1347 1247 539 2487 874 1507 1651 1915 2609 2824 2336 1772 1538 450 457 2361 66 303 1727 2453 107 778 2551 2604 1226 1997 929 462 2252 549 416 2204 2405 1985 1239 153 1454 2489 2603 765 2733 1177 382 2414 2086 1174 1031 779 604 1403
1221 2810 582 650 2043 285 732 1702 1083 6 1696 1866 2171 759 546 807 620 2666 1458 922 1603 1515 1602 2643 1283 2348 2751 270 244 181 1541 820 1139 1227 40 2567 1108 1188 851 2386 214 1171 2048 2182 22 1400 844 2194 2841 956 2502 2761 1797 1364 1882 750 2726 894 45 909 475 1080 661 2760 1889 2179 2554 510 2152 398 1687 2620 1697 1949 551 57 1953 1744 2816 1214 1113 2457 2313 334 1738 2162 1380 690 1074 1616 669 2197 1199 2725 5 829 2541 2168 2526 420
1293 2669 430 331 1097 478 2301 753 1730 655 326 2806 1143 1822 1780 1008 2407 125 2406 1692 346 1929 159 295 2398 2402 1506 108 1037 1220 654 1921 1317 580 464 936 1187 31 1647 1182 1715 1972 1918 2070 49 113 1395 363 2061 390 788 758 1465 1831 2465 2505 1781 2690 2632 625 2467 1438 1635 1048 782 2611 1598 1275 1967 1124 1303 1787 1140 1612 501 2765 89 2812 721 1912 455 192 2311 2821 484 628 129 1018 1297 471 1039 1472 525 1923 643 408 504 679 1262 456
2291 574 2057 2719 1874 482 647 1439 2704 2683 2526 2639 2051 2220 790 939 2499 1433 255 494 217 1330 503 270 1876 2427 531 1472 2436 598 2440 2424 404 2048 1680 447 2691 814 2319 1223 524 608 498 1283 2728 1819 994 941 864 476 1931 661 1018 1335 637 972 2210 244 721 2292 2402 2494 2028 2231 2797 692 1654 1824 2435 1196 1408 134 274 2148 640 655 677 2308 915 2761 1864 2187 430 1771 2088 1477 442 1202 2445 140 2589 521 1814 1267 1954 385 204 532 533 40
2786 2227 2668 979 176 340 2384 2798 1562 1033 1393 2451 1418 2539 597 332 78 2108 729 302 2333 2743 2578 2029 1065 21 2640 432 1686 893 292 2629 2428 417 536 886 1399 868 2031 2120 142 1256 1910 802 571 1070 1398 1976 2775 1145 1266 1952 698 1197 1429 554 174 1588 1132 199 964 555 2808 981 1431 62 760 427 1038 1337 429 1890 2423 1872 2221 1888 36 595 1374 1510 361 2520 2083 500 569 955 1047 866 2098 1268 2038 1598 540 156 1415 2671 612 2568 461 99
1588 1132 1431 142 536 2078 193 36 121 1492 1886 802 569 866 733 1053 988 2117 2090 1430 1553 1699 680 1793 1888 1890 901 2267 555 868 2029 1236 743 878 176 429 2143 2423 2024 427 2668 1268 1499 2568 500 554 2217 2380 2451 2578 2539 91 21 1233 1613 1562 967 2430 426 1804 78 2786 1249 24 2235 2743 2227 1065 2428 1033 2415 2384 1910 332 1129 707 1597 1393 417 2629 437 289 323 302 729 292 634 2798 1256 213 340 2839 979 975 2108 1952 662 681 886 199
1810 249 2350 2509 1212 1944 899 137 1075 2583 1056 202 1001 2121 2825 67 1406 2741 2813 1012 2248 1937 948 2728 1463 116 2558 2842 693 627 1055 2809 2382 2766 1639 2435 2135 165 2393 2207 917 2020 1473 1606 2294 2719 1611 2033 1945 1721 404 902 804 2329 1986 494 1899 2507 794 692 725 1935 253 2569 1231 1547 1383 1904 1076 1732 722 1448 2089 1592 1498 686 2637 2224 204 146 1874 1876 2292 2068 1259 447 1296 1223 1678 2563 648 2148 279 2605 1573 739 415 1609 881 1626
644 1487 2831 924 2313 2197 953 300 2573 45 2160 2688 2678 2522 335 2498 96 2705 621 8 2841 20 2056 2182 1560 1471 1880 1802 1336 1400 1907 1797 2535 1251 2562 2608 2706 1064 2230 229 2760 2079 894 171 2442 1474 957 2457 1232 1995 167 2216 1364 1104 1927 1596 762 325 2179 1199 1183 1738 509 2043 459 1032 236 2591 1723 1726 1015 2162 1315 387 1318 2448 745 189 1659 1184 147 466 1570 545 115 2476 468 2710 1763 1953 1637 1488 2648 2174 1865 2751 761 333 1425 510
1115 1513 376 2178 1300 1389 44 1161 2437 1447 614 2546 1773 2113 1760 727 1672 1559 1469 149 1019 1795 658 1847 1712 63 1106 1361 182 1836 1306 1483 483 2066 16 1451 1749 304 1213 1951 1228 1990 2000 1394 2149 291 545 240 2700 2277 215 2547 213 1685 393 954 789 1175 1535 1137 1693 2656 1743 95 1178 2054 1971 1224 589 1333 2202 596 1176 707 1798 436 485 2190 962 293 1900 2409 2784 824 983 328 132 1786 1257 2523 2024 2787 2296 2238 2827 1353 2540 898 1785 967
536 2090 1132 1588 569 802 1888 142 1890 555 1793 121 193 429 554 1431 2568 868 2029 1553 2423 2117 36 1562 680 866 417 289 2668 681 427 1430 1492 2078 1699 176 743 901 2217 2384 988 62 2415 1268 21 302 886 597 1065 733 292 500 1686 1256 878 199 2786 361 2451 1418 1398 1033 2108 332 340 1053 893 2743 2227 1952 2120 1393 2539 2629 1249 1910 979 2578 78 56 2055 2428 1872 2335 323 2380 1886 401 2267 2031 1272 1499 571 1374 2798 1023 432 760 2795 2640
1588 1132 142 802 193 569 1430 1431 121 555 2423 536 2078 1553 429 988 868 1699 1793 866 2090 2029 743 554 1890 733 1888 2217 878 500 2568 1492 417 62 1562 2743 2415 2117 427 901 680 302 1418 36 2668 681 332 292 1065 289 176 886 1256 21 597 979 1033 1053 2384 2227 1393 2108 2451 361 2380 1398 1686 323 78 340 199 2786 1886 1374 2578 2428 2629 2539 56 2267 975 1499 2120 2335 1268 571 1272 640 377 1599 1041 2602 893 13 1807 1038 432 1236 73 1668
595 1163 2775 174 1784 1903 2750 177 2355 1415 1510 141 2587 164 156 2577 2201 2829 208 460 2679 2098 850 1933 1047 1504 2163 612 981 461 2055 2122 2009 477 2645 1145 2636 72 2342 2469 1976 731 2074 2446 1717 935 453 2126 99 1023 222 2722 399 2537 1628 897 437 889 172 666 401 1038 2421 1436 1321 2432 760 755 1160 2512 1089 694 599 1599 1241 2218 2362 1736 2452 1272 2642 450 516 1155 1872 1443 73 629 1233 2686 2450 1041 1808 1688 839 2147 1938 2361 1833 823
644 621 2705 2831 1596 2079 2476 1560 468 1251 2760 2313 2404 2688 96 2498 171 2608 1364 2182 2573 229 1064 300 2706 2160 167 1979 2591 1400 1336 214 2348 1953 2442 2522 2562 1032 2230 2216 957 1858 759 2448 387 1488 2841 2464 2179 894 335 609 2162 2612 2678 298 1738 924 1315 1797 1659 510 1570 45 2043 236 2401 973 2197 20 953 2386 2457 1907 1537 971 762 1358 204 1199 1232 448 509 1015 2620 1471 189 2554 1802 2768 1397 2222 1880 2088 2751 1425 744 2083 1013 1278
2794 1787 2396 239 484 356 2091 1789 1127 758 2025 1274 61 129 2059 1022 1062 2173 501 296 838 1275 1024 131 2164 408 1465 2280 207 2137 726 999 1932 1475 653 389 2765 1282 1967 2232 2531 2142 245 2236 927 192 467 1378 209 1050 295 314 225 2634 268 1923 464 113 456 471 324 49 452 139 1655 799 2311 390 1503 28 430 1635 89 495 1831 241 2693 2465 2505 806 31 2244 1039 1438 1875 1568 1612 1813 1317 525 331 2698 2687 1780 2301 1755 618 1543 936 1706
6 1221 1397 2620 690 1605 2152 420 300 1515 2571 1603 2726 1891 762 1570 1537 1738 2768 2502 609 1882 2222 285 844 582 1723 2162 546 510 750 2109 148 5 1726 1502 1637 650 2666 1744 2816 1199 1400 2751 973 1113 1015 1462 334 2494 1488 2194 2705 40 851 1632 2476 37 466 1687 1661 2464 398 2573 594 1364 1591 1884 1083 941 2386 244 327 2554 1696 894 163 2521 795 2174 922 2567 2313 2203 1082 1471 1080 1251 953 298 1610 20 270 2706 84 2043 425 1995 1659 1232
2721 1569 64 100 2034 715 201 1948 48 2309 439 1860 1796 562 155 1096 1051 1679 2545 2836 2713 1623 1636 2826 2433 1416 1782 2272 305 1993 2556 1862 1381 1490 1496 1777 169 563 645 1617 2352 1649 2376 2628 1261 2213 319 2837 440 2650 1658 1453 1054 2241 2707 735 204 2580 1218 657 2305 168 1840 747 1640 2825 494 194 1899 2652 2135 1663 2248 51 1212 1584 947 2011 1316 1185 1552 1056 491 1547 1901 2815 137 1328 2393 2755 1148 674 1874 2741 1223 1752 547 2813 1937 79
1675 1861 1665 1350 1724 2198 210 879 1776 720 1375 2548 1234 557 57 2187 1619 2461 1345 551 2460 2703 2004 1792 859 2581 366 1392 1238 2330 2327 1358 1432 704 1575 857 2127 82 1193 2456 342 2662 1552 270 1494 884 1539 2709 267 2186 1653 2672 2694 143 2174 2298 514 892 756 1837 280 1580 798 2541 287 77 2363 1276 2761 133 2206 807 1291 2582 842 2229 228 1880 1283 1732 2691 242 797 1043 1925 1572 2732 2844 2057 829 1684 2727 570 158 43 2291 2588 421 1191 2838
1453 1490 1860 2309 1901 201 1569 1636 1496 2826 440 64 562 2376 2713 715 645 2433 2034 1796 1993 439 2241 563 155 1316 1840 204 1940 2721 1148 2272 2506 1752 2289 1617 1986 1948 784 48 1825 1965 2135 2545 319 2741 747 2836 2650 1381 1782 2482 100 663 1747 305 2538 2088 1649 2769 2815 51 2207 2258 463 2004 2544 1045 2419 2115 1658 1212 40 2375 2686 168 613 735 2011 1096 547 1679 2728 445 2303 1130 978 1833 704 486 1547 270 900 1422 2558 2050 169 1386 2671 490
2252 1179 2682 1920 1063 1578 930 2328 841 916 1977 2491 2647 945 1651 227 1583 1579 639 2042 2097 2723 515 1368 1367 887 118 1154 2310 1770 1769 512 952 998 517 114 748 1239 1031 2225 2488 2026 382 1528 982 919 928 1566 492 1211 652 2778 2575 2729 2459 1657 2536 1470 9 2792 778 2103 763 2660 2065 819 575 567 1268 607 1354 1800 1152 2754 1851 43 2019 764 566 1791 2008 1289 2711 1454 2333 873 1482 1197 861 2379 2080 1970 1667 1854 2487 301 1419 2110 1550 276
2063 2139 428 2833 2092 1159 2455 264 837 1814 1009 2484 1815 2371 2731 1122 1338 1982 1994 1350 1589 1735 2223 2797 2269 299 403 667 1571 2486 263 1622 1698 846 1615 1520 1572 573 2215 891 2338 2412 90 262 1887 885 706 2739 17 2635 1509 741 195 2776 2717 2158 2385 223 2576 2844 720 2811 1291 2100 913 2403 352 267 1863 1549 1373 234 46 472 1238 1807 170 1071 1925 1295 1539 2834 1366 857 888 1112 641 1191 2246 2399 1877 1411 2616 438 642 2206 349 1776 1095 470
1619 1078 1294 665 1925 2094 385 537 2607 2835 403 1863 1828 1338 1446 2811 1530 1982 1939 879 352 2614 2524 1815 631 56 814 160 2833 2266 1964 1816 961 2131 2590 1607 716 1613 428 2255 709 1735 544 2138 237 1270 1258 1660 2455 528 2332 573 641 1994 2246 1159 1129 1341 451 166 2338 1009 2460 2223 2662 2486 912 1622 1698 557 1480 2633 405 228 662 2529 2092 577 1615 1793 827 41 400 2139 1373 591 1814 829 1242 299 2635 226 1079 2269 434 1295 706 193 667 2581
530 1981 2282 2049 2064 1290 1518 451 918 1613 1017 446 921 1909 2596 1567 1058 1742 662 487 631 1604 1301 2331 2140 1237 2392 984 394 1879 1384 337 2093 700 708 966 908 1105 942 1978 1119 2796 1002 2664 2782 360 1455 1554 1331 2458 243 660 1396 2660 2394 253 1676 257 1681 937 1705 1893 355 869 1000 1853 2377 1491 50 1126 2085 2600 870 1495 535 434 2369 2609 1614 605 2267 2262 1370 54 2257 871 935 813 1527 2490 2696 1739 709 811 2405 2041 542 2750 1155 301
2468 1596 957 2263 2823 2374 1702 2030 2339 147 2710 732 2725 2094 630 1280 387 2498 2562 1514 1859 2457 1170 509 294 205 2838 1084 309 2317 1758 1907 1088 2740 2503 167 2595 1709 1797 2444 2448 1044 2351 196 1858 669 1889 181 43 2591 1487 1217 1093 959 585 861 2168 2464 2608 2572 1108 2425 2508 2648 490 2067 476 1371 104 1665 2160 1113 1365 924 1277 2086 265 1525 2678 2841 2627 1911 244 1939 1183 2156 474 2623 1200 1059 2643 2749 759 2101 2216 761 2079 1953 2432 2013
2054 646 1951 1175 1306 727 2787 293 2000 614 589 2409 1300 483 1115 2540 1597 658 485 2024 2113 1166 1389 1804 291 1869 2546 426 1019 1451 1672 376 1483 514 1558 1559 240 29 2748 898 1959 215 359 2784 1447 803 967 1513 1361 1161 876 1928 251 1244 2161 1786 2430 1798 1719 44 954 2174 1535 1847 707 73 2178 2383 2533 1230 2437 191 1165 2672 1836 1213 2320 2143 845 1353 182 1795 1773 16 2127 1345 2579 1106 2072 1257 1334 1561 634 1469 2324 149 374 130 2247 63
1475 464 726 999 1706 2059 2236 159 1967 799 326 1635 2091 390 1050 484 758 1932 655 1503 2765 1789 2429 580 408 2794 1274 2715 2698 927 1024 467 389 296 495 1273 1293 331 1923 49 2806 2531 2693 207 1275 456 356 1008 1281 1262 1875 1655 1127 2470 1822 1097 295 1780 268 31 1465 2142 1787 2301 1143 1282 363 877 1781 1831 653 501 1022 225 455 52 89 452 1813 2402 314 1662 1140 534 806 1039 1062 129 1843 2017 1647 696 1037 28 152 61 1755 1317 2280 239
998 1583 1769 517 1977 930 2792 1854 1354 1063 841 945 382 778 952 919 118 2252 1154 1179 2682 2711 748 567 928 2328 1578 2065 1791 2459 875 2778 1470 887 2723 923 2488 227 982 1657 1239 1651 2042 2225 2304 639 1579 1970 515 1851 114 566 492 2026 2491 2575 1367 1528 311 579 512 1268 916 2550 1368 1772 2310 2551 2729 819 975 151 1667 2793 2103 2097 2019 2416 2379 2333 1819 1770 2361 1211 7 1531 1566 1507 1920 1210 1864 9 416 301 392 1271 1204 585 2453 863
947 2130 1054 1649 1679 1782 1444 1623 169 1381 1617 1045 712 2707 2837 1993 2439 2241 1544 305 2836 1422 2050 1663 440 562 1658 155 735 2011 1840 1328 2769 2454 2628 1710 2840 2826 445 1796 1029 433 645 1788 1437 900 2650 2375 1123 1640 51 1417 1870 64 2649 197 1369 348 2767 1552 1051 674 1901 563 2352 26 1253 1926 1416 685 2544 179 161 90 2631 2714 201 663 2713 626 489 134 978 2538 2289 48 2817 1948 319 2001 1752 1218 2721 480 2088 1261 1860 1101 826 1636
1702 1953 2591 2171 2666 2230 1139 1260 732 2643 1866 2043 2351 2841 620 1108 2457 759 2823 335 2810 1083 181 650 1283 1596 387 1697 1524 582 924 956 1797 1471 1487 844 2128 1072 856 1288 1703 2348 2203 285 2749 2498 2595 294 40 2056 2502 189 1858 1365 1907 2216 1221 5 466 42 785 1113 1859 95 2554 1591 167 1080 2608 2464 2060 1515 2816 2168 2182 2071 820 229 493 2760 2101 2521 1363 2474 959 1629 2346 1889 45 2263 1145 214 2278 183 205 270 509 2838 2094 2048
706 2455 2739 264 1887 2332 263 1191 857 2356 1350 2039 885 1542 656 1982 1009 837 1925 1229 438 2484 704 1815 2590 1457 1776 2063 2371 2139 1877 1159 2833 801 299 2123 2731 720 667 1814 470 2811 1735 1122 1816 2092 2486 403 2206 2703 1086 1377 428 287 421 880 2269 1338 2659 228 1619 82 2607 2797 1043 2633 2776 884 2321 891 2127 1193 797 77 2717 577 879 1549 1129 1994 1283 2844 2412 961 2273 665 1698 90 573 262 2401 1613 1366 2223 2635 158 1294 1824 242 2338
28 2500 1532 2552 2181 2674 1708 1741 587 1827 1164 2479 1563 2819 1376 238 649 1543 313 2144 458 2099 1135 523 2283 1991 1896 330 705 2250 68 152 1746 1885 2681 1680 2119 699 2370 734 505 2052 1475 2059 1955 1823 2365 503 1339 2527 1314 2610 1182 2764 2193 209 618 1117 890 1111 1465 772 2191 968 484 1050 1441 999 1156 1335 2698 2177 2592 162 2244 972 390 1555 2306 1917 2236 1635 726 1715 2035 408 2594 1813 296 1967 2799 849 131 2322 367 316 354 553 2689 245
2377 535 1731 648 1527 336 2102 1133 610 870 1138 605 1498 257 1040 410 2843 248 2341 1871 1634 94 253 392 811 1131 1779 1331 1992 406 365 2145 1424 1800 434 1419 1850 937 11 1455 1309 821 544 1783 1966 1325 1526 355 2763 1142 1794 773 678 2095 631 1243 2697 2746 288 1385 1969 2417 1079 1645 2516 2788 338 2196 2006 1913 1442 1311 1005 435 1511 568 717 2549 2290 1614 709 1290 416 1978 966 2830 749 2299 2219 1707 2613 2331 1466 855 730 1384 742 2364 2680 1518
1816 557 2460 1619 1373 2363 879 1295 1925 1480 2771 2524 641 2104 273 1193 244 1982 2529 2581 385 1242 1366 1221 1684 1792 2607 2691 991 551 2094 342 1863 814 1776 1807 667 143 1358 1616 2187 2576 1078 160 2455 386 1660 795 352 1861 2197 2833 2633 2731 801 2844 2494 2298 1887 2727 2590 438 2206 2738 2484 2048 1530 2403 1457 2619 1440 1338 2541 2348 591 1724 2517 1615 2797 867 2271 1421 961 166 2127 797 2706 2174 147 2332 718 1392 2672 1607 154 690 1009 1814 888 1350
611 2389 547 2692 1752 1386 591 1930 59 1319 204 795 446 188 404 1901 1545 1491 1072 270 203 1242 1453 1596 562 892 2840 2675 1059 2188 551 1978 1276 996 2595 2418 2330 4 1108 2089 1636 616 1564 1540 2650 2419 1837 2530 626 1580 1181 2085 2130 2051 41 1484 2661 663 2158 2289 937 1812 1939 2205 440 1197 1609 2367 563 1895 2174 155 1606 2309 2293 1724 2815 651 961 2719 1861 451 592 2088 405 490 741 1486 1490 1548 2168 2424 959 305 448 1552 2444 1587 918 2652
505 523 2181 2500 1896 175 2819 587 2283 1827 849 2552 313 1563 2193 2119 458 152 2689 1111 28 2674 2370 2365 2527 705 2244 602 2099 2681 872 1314 2716 2236 1475 1708 81 1741 734 495 1885 1117 1135 2059 1332 1655 2534 1991 1143 2479 1317 711 238 1680 2199 1955 1465 2228 1813 1746 1008 2144 2177 786 2557 2812 1831 890 780 2322 68 1339 2592 927 1050 2250 1823 1822 740 1335 1543 2191 1923 501 2764 1376 1481 418 1297 2610 772 367 2158 1003 330 534 1164 363 2806 108
2370 2365 458 81 2819 2534 2689 2119 705 2681 587 2181 2552 2500 1111 1827 1680 2283 1896 1335 313 1741 152 849 505 2479 711 2193 602 2527 523 2144 847 2557 2322 1376 1532 175 671 68 1746 2674 2052 238 28 1708 1330 1955 972 734 2228 2099 1563 503 2814 1314 1164 1339 1917 2199 2592 553 2244 877 2177 1332 1143 1885 2250 532 872 1465 633 1655 963 1050 261 200 772 1991 2059 1813 2191 890 1117 2467 2237 1135 1912 464 2799 455 2610 1823 478 2594 1822 598 120 1262
2572 183 1765 1321 333 2823 2751 1214 1217 2203 1709 856 2432 834 1171 2567 1371 1676 1044 1002 1198 189 22 1744 918 509 2623 1495 2156 1727 396 2749 422 1525 2361 815 1113 2353 570 2303 2645 2841 2452 630 1059 309 924 1978 592 2791 1907 785 1859 2678 897 537 1487 23 1098 959 548 2554 1280 1170 1879 2249 2457 1277 2141 2498 493 1514 2056 761 1183 2838 2392 2374 2627 2058 154 40 1139 2310 2060 1987 2093 957 2125 1633 127 466 1947 2186 1894 941 1080 2555 2357 2446
2510 431 1753 1839 1125 1834 2777 951 1842 70 1252 18 1759 1557 2818 2 395 2772 2015 601 2077 2323 1035 2478 374 2302 1230 767 2663 1390 2757 2644 1004 1801 315 101 2504 2579 529 1798 2622 1558 2561 803 1165 830 737 940 572 2072 1137 2741 364 889 2737 1257 1980 2759 2320 2277 2381 603 898 1732 558 589 2566 2686 2624 581 2315 1306 1091 1451 1938 835 1323 277 1298 1443 1728 2546 2238 291 1969 269 688 1908 2540 1343 2040 1900 67 1683 520 2112 1951 1986 2305 714
1871 1992 1731 2145 1138 2102 1645 1800 406 773 1779 2763 648 94 2042 11 1385 883 519 1311 1133 2723 811 416 1526 544 410 841 2516 1783 336 2095 365 742 248 2613 605 1733 610 1007 870 1770 945 1131 2110 2341 1511 749 2495 257 2097 512 1634 535 1969 469 288 2219 1014 930 928 1154 568 1670 2377 821 2299 1455 1966 1325 1528 1473 392 1424 1527 1442 1079 2680 2290 1707 717 2073 902 1854 1851 382 2239 2151 1309 227 187 639 2605 2603 1745 952 1467 1578 917 2830
1753 1125 2777 18 1842 1834 2077 2772 951 1252 70 2478 1759 2 601 2818 2015 2757 2663 2561 2510 1557 2302 1165 315 1390 767 431 2622 395 1900 374 1230 2315 67 277 881 1323 297 2579 1798 2504 2759 737 1558 1969 364 581 1980 191 436 2323 2737 103 1839 1448 2161 876 215 1511 2702 1235 2040 2583 1451 572 2238 2320 2644 426 2290 688 1678 1004 714 2746 545 1728 766 2000 1334 1379 2413 2277 1732 2113 2546 754 1333 2509 1951 1035 1810 1257 1296 101 435 727 1175 1312
1545 1926 2389 1752 1386 2300 817 547 1624 221 1146 4 2790 1407 2817 2411 987 2528 943 2832 611 1102 1644 2270 626 556 2082 2367 1934 188 85 2584 59 826 1656 1701 1405 1319 312 1316 2439 2538 2069 283 635 1411 1202 270 1029 1108 1328 1737 2501 1544 440 266 2130 122 1617 2241 795 1799 2045 860 712 613 305 1417 2454 2044 562 1993 2769 1782 947 2375 1489 285 1658 439 1796 348 1444 1422 663 1870 1381 1496 2256 1636 2836 925 2050 2837 1061 1649 735 1710 480 2076
1545 1146 221 1926 2790 1624 1752 2300 4 1407 2817 817 2411 2832 2389 943 1102 635 1405 611 2528 987 283 1644 1386 547 2270 626 2082 188 1656 312 1737 556 2069 85 826 1934 266 1319 2501 1316 2538 2044 1029 1411 2584 59 1202 613 2454 1796 2367 1701 2375 2631 860 947 1993 2840 2045 2477 1870 1328 1799 305 2439 480 1444 1649 712 1710 2241 1108 433 562 440 2050 1544 2649 735 1489 2130 925 2836 1983 1422 2650 2769 2574 1636 1496 795 1895 1782 2289 2397 2714 2707 197
2558 2813 1944 1212 1937 2135 137 899 1899 1055 1463 2382 1056 2825 2842 246 2766 2207 2248 804 2435 686 165 948 1639 1935 146 1547 1606 494 2286 2728 1134 447 2393 1464 2294 2511 116 1076 2041 725 2305 2708 329 722 1825 2068 2736 204 2741 2292 2719 1185 1223 692 79 693 647 2580 2569 1126 1452 1067 2319 2639 491 1777 1130 97 279 1874 2665 1362 2057 1626 2350 2291 2329 2506 2020 1592 2780 1841 1810 2438 1001 1611 2297 2368 1805 140 201 2509 1259 917 1897 2586 677 2309
1179 2682 1977 2491 1651 2252 1578 1583 639 1063 1579 2328 930 945 1920 998 841 1367 2042 2647 887 919 118 515 2310 2019 952 1239 1657 1470 2778 928 1368 748 575 107 2550 2536 1211 2792 1354 2723 916 1769 1770 2080 114 1507 2097 227 1566 2729 517 982 2754 567 2582 2065 2026 2488 652 1482 1791 2575 2459 492 1177 873 9 778 723 2008 1691 382 1970 1851 1154 819 1596 2225 1854 357 1669 1531 1800 2379 2604 512 1289 2284 55 2733 2275 2110 2711 903 2170 2333 1204 206
487 1681 1853 660 360 1739 54 1000 2664 542 2600 710 1384 942 1705 2696 337 2257 2782 1695 2282 1290 2259 2064 631 1893 1742 1554 50 530 1370 1518 921 966 2596 2369 1105 1673 813 2085 1331 1909 243 662 1613 1396 94 1779 2290 566 2458 2618 1871 2026 1614 2469 1311 1526 451 1508 1770 791 392 878 2575 512 434 1325 2049 568 365 1287 2459 605 1783 2723 1731 1309 1442 1385 1966 2746 819 2549 544 2516 2803 1031 1585 253 908 2299 593 731 1784 1017 2559 1946 1985 1154
1054 1649 2837 1679 2241 1623 169 1663 1381 2767 947 1444 1544 1658 1617 2352 2628 1993 712 1328 1045 2439 2836 2130 1422 2050 1782 1051 2707 1218 51 194 1261 1948 305 1860 1640 1437 2713 900 1840 1123 1416 2650 440 562 1874 978 439 1710 2714 155 735 1417 2454 1029 645 2826 480 769 319 1788 1096 489 64 1369 259 445 161 674 1489 1208 2721 1796 2034 2769 715 2606 2051 2084 550 255 2486 1777 2272 2011 497 1468 2815 201 1496 904 26 1870 2427 1253 1862 1330 637 1316
2777 1125 1753 2772 2077 1252 2478 18 1834 951 1842 2015 2818 70 2 1759 1165 767 2757 2663 601 1323 2510 103 2302 315 191 1557 297 2561 2315 277 1390 2314 2546 2113 2161 1186 1969 1511 2702 2622 67 1451 1980 1235 431 688 881 2000 2320 1839 876 2583 29 1115 2737 1951 572 727 1442 2277 102 426 1900 86 1513 1019 581 2413 1391 1448 2238 1959 1379 1333 967 1230 1798 1306 2615 2290 436 1466 2748 990 766 395 2746 2787 293 614 1678 737 1804 1149 2323 1213 328 2504
757 2547 1999 88 1116 2523 1533 1714 47 2180 1631 529 34 374 1103 2472 1087 596 1713 683 1561 232 1334 499 132 576 824 2277 1801 695 545 1224 1228 95 1928 395 1839 1178 898 2493 341 1476 1689 1728 1176 1312 2566 1900 2202 1945 1856 1137 617 184 2111 520 1394 2381 714 2233 558 457 328 1590 1914 2112 1257 1333 2422 19 1804 2745 1785 57 2295 251 135 989 2413 2638 1849 983 2317 2699 754 2759 1091 2785 676 1743 1478 210 1296 1996 2254 2838 1166 1265 2192 1447
654 1781 1921 49 1612 1780 2465 2505 1506 2061 1822 1118 2611 383 1715 2017 655 1141 1143 1692 1140 1918 331 1465 27 936 1008 1303 2070 721 1438 92 113 1037 1647 1297 326 390 430 2698 618 1829 1273 2236 2407 696 484 1182 2402 968 1048 628 2669 1395 1293 455 2632 1505 1787 1124 1356 159 2398 408 471 1472 363 753 1635 1097 1972 1021 245 501 1317 216 525 2311 643 1967 1168 1555 2301 252 1299 162 782 1262 200 1127 1924 1725 1216 2091 1187 1929 1024 1789 138 1018
1752 1146 221 2790 1545 2832 312 547 4 1102 943 1386 1926 2817 1405 611 1656 556 2069 1407 2411 987 2501 1934 635 2300 2389 1319 1316 188 817 1624 1644 2044 2528 2082 85 735 1636 266 626 440 613 59 2241 2840 1202 2270 155 2538 1737 283 1617 2050 826 2574 2289 480 2836 518 1799 1993 1045 1496 1796 2397 1983 2367 1148 562 1840 925 197 978 2652 2454 2375 1965 2011 305 1029 1895 1437 1422 1552 1701 463 2130 1328 1369 2769 712 168 1901 201 2477 1870 1782 433 2650
967 1804 2320 293 1149 2756 1448 2615 29 792 2172 2224 789 376 727 240 1719 1469 754 2413 1847 119 2533 1513 2024 483 291 2784 286 1672 1091 426 1176 1728 898 1161 16 2054 658 1265 2787 1389 1361 2296 213 1296 2540 1597 2354 2408 730 558 714 132 1483 1207 695 1447 2295 1451 1087 44 1019 93 707 540 2409 232 2066 135 589 218 1535 853 2190 596 407 1269 2785 80 2688 1030 1383 1945 2015 1213 1631 520 1900 1137 1795 2638 1236 2247 2021 2472 1160 544 1230 2113
29 2354 2533 967 1849 1149 2172 2143 286 2024 2320 24 2615 707 2673 1448 1804 634 2413 2756 2430 1689 426 2390 1265 2295 1597 2000 1867 1451 213 1529 44 91 1469 1722 2021 1361 2408 1836 1561 293 2078 520 376 1728 1559 80 291 1478 119 2054 1269 16 1672 2235 1334 1719 558 1798 1296 1535 1483 2566 424 1236 1176 2787 184 1312 1298 2785 2656 1886 2296 19 132 1743 2472 218 34 1091 1447 792 954 2149 1434 2638 1631 2784 832 754 564 1733 1224 2523 2493 589 1087 1847
1212 2135 1860 2741 1747 2207 1606 2558 2004 439 165 899 2825 2766 2511 1134 64 116 246 2080 1490 447 1463 1901 2838 494 2813 692 2665 2686 490 1899 1552 603 2289 2435 137 2309 647 2826 1547 2034 535 722 1527 851 1646 1636 493 1139 1724 2736 510 2545 563 956 2506 2650 1108 909 2248 1096 1316 1397 201 285 260 204 146 1130 1548 2586 948 659 40 357 1126 1948 1792 1626 1935 1602 1825 1169 1488 445 1365 2305 1938 1738 2815 1049 2192 1940 210 1800 270 1944 497 2842
1115 1951 2054 2113 1175 2787 614 2178 2546 1300 646 485 1306 293 1389 1019 727 2000 1869 191 359 2748 1559 2409 483 304 1161 215 658 1447 2784 1452 29 2540 1513 393 1165 1353 1213 558 2066 589 2024 149 2161 967 376 803 1798 240 443 2238 1186 1847 140 2772 1511 876 1672 1244 1451 1526 1959 193 1773 2535 1404 2437 2136 1361 1252 2302 988 436 86 2383 103 2283 1469 325 1969 1323 1719 2759 1996 662 529 2015 572 949 16 2072 1052 2247 513 1753 1333 12 1125 1442
2624 688 1323 126 103 1235 297 1845 2601 990 502 578 1608 2471 1391 768 1908 848 1186 2276 1413 2314 65 1340 903 1830 284 250 931 2388 702 1114 1720 1821 1512 835 684 767 522 1107 1767 1165 277 1310 1975 2478 2329 2302 1810 2368 1753 627 2299 1120 2563 1905 693 1254 2805 993 1259 2290 1125 1252 379 1834 2583 954 749 2772 2777 1809 1451 102 10 2020 800 2637 881 2509 1106 1379 1959 2695 1410 1944 658 1919 2 1626 86 1434 2015 2730 1459 2136 67 1557 951 2615
1038 979 640 2421 340 2786 323 176 377 2227 13 865 2520 332 698 342 2353 2640 265 828 2798 1272 2108 1393 1049 2668 2384 2602 932 1562 1947 955 2838 2210 1374 2578 2141 1189 2743 1144 1668 839 1521 78 1911 302 2775 2539 729 2029 2363 1033 1041 196 104 893 1949 150 783 1065 597 570 901 617 2517 1525 2451 1418 292 2629 546 2184 1198 56 2568 2631 551 2623 2032 2048 536 1084 417 689 2671 2761 2734 1093 2374 1591 1686 1204 1429 2203 669 2359 2474 2828 2333 2115
2013 1861 1576 2820 551 2174 1034 1365 1575 2631 1292 270 1324 210 147 2339 872 476 342 2004 2048 1227 1618 352 366 143 2761 793 969 1283 892 829 591 1234 43 851 1358 2197 1591 746 1276 1947 2461 2709 2094 957 603 1421 518 661 1580 1539 203 861 2141 2229 1684 859 2456 807 1540 133 1059 1392 663 1620 1665 1494 644 2330 687 2513 468 2732 2255 1960 958 1653 77 2100 2738 1432 2552 214 2155 1766 1792 798 669 1454 2710 2498 1696 1330 1238 1360 2612 1724 1509 638
2252 1920 2682 1578 1179 1583 2647 945 1063 2491 930 1977 841 515 916 1651 227 639 2328 1368 1657 1579 928 2042 2097 2723 1367 1566 2729 2778 998 1197 2310 2333 1154 1239 1770 118 2488 9 887 2459 1528 114 517 952 2536 1211 2110 2026 919 512 2582 1769 2019 1136 1204 1031 2379 2225 1800 382 873 1268 982 819 1906 492 1470 1645 2575 2392 2792 2660 1449 748 1851 652 1152 1550 2125 2487 607 2718 2103 1633 1354 778 708 107 2108 571 1745 1879 2603 723 2796 488 700 1516
2818 1834 767 951 2077 2777 277 1753 1125 2437 642 2772 1252 1300 1476 1836 1161 2478 1804 70 2547 182 2015 88 1238 1019 1165 1513 714 2561 2510 1095 1795 1176 545 2302 600 2560 1394 1968 1291 1230 1685 63 1847 132 232 211 369 2113 596 1938 1499 2 954 2638 483 95 1228 1561 1672 2408 426 2190 180 2100 1448 2635 846 18 1389 2000 1265 1980 881 1178 2202 291 1186 1773 1749 2757 1496 1469 993 2624 576 267 2290 2430 634 1460 2197 544 558 1714 1842 789 707 431
2790 2411 221 1624 1146 2832 1545 1102 1644 2817 4 943 312 1926 2528 1752 1656 2389 1405 817 1407 987 635 2501 2044 2300 1934 1386 1737 556 626 188 611 547 283 85 2069 1202 59 826 2270 1319 305 2836 562 440 266 735 613 2439 2538 2050 2082 1316 1701 1617 1782 1796 1636 2367 155 344 925 2477 51 2241 2045 1799 2011 2486 1029 1544 2584 1569 947 1993 2130 2840 1381 169 2714 1411 1496 1870 1328 179 1983 2781 712 1640 2837 1862 2721 433 2769 518 1369 2454 1045 2631
147 2468 2823 1260 2608 1514 396 236 814 957 1709 958 2425 2749 476 1217 71 1108 167 2060 2313 189 661 2710 309 1880 2268 2263 2246 2627 1456 924 669 38 1894 2094 2562 1032 2182 2444 810 468 620 2476 2457 2740 1702 1858 591 1797 2030 2595 419 154 1283 1995 638 1638 1093 1330 2841 47 551 1088 333 1596 2216 210 1315 181 2431 685 1790 1802 30 1859 1907 237 2474 34 1059 2640 2156 683 2098 2339 385 2197 1355 2180 2760 1044 616 1939 787 2194 43 2623 2089 759
711 1680 602 261 81 633 503 2193 152 2592 587 671 1335 2365 2052 2119 1827 2283 28 2819 238 2479 2552 2228 344 1135 1532 505 1111 655 1339 2199 532 1837 872 1421 2527 1896 1852 2742 1332 458 1912 649 2610 772 1143 2681 313 2215 1708 849 551 2814 1655 1314 972 2298 1 391 1472 1972 1376 2291 721 2500 2322 1746 57 2460 2402 125 1008 2534 2174 2764 705 143 464 175 342 1956 2844 1297 1955 216 1822 696 456 478 2812 1885 523 1724 2061 807 2181 859 1876 1947
2600 1705 942 2664 1681 1695 487 2085 791 1508 1000 2369 1853 2596 1739 1893 54 1287 50 1565 542 966 2458 1384 2803 2282 710 660 360 2259 631 2782 1290 1673 243 2262 1518 1779 361 1978 512 2334 886 1495 1784 1017 908 2490 2026 2108 1770 1331 2064 2264 862 337 530 1396 292 1985 984 893 1031 2132 1864 78 2734 1033 933 1398 94 99 781 1385 156 2462 14 62 410 1105 1402 812 2384 2392 566 117 1344 2394 2543 343 2660 392 1119 2257 2145 1614 355 206 2603 2093
2533 707 2024 29 1149 2172 1597 2354 2143 426 213 1849 2054 2320 286 24 2078 967 2408 1451 80 2673 2430 1559 424 727 1361 520 1804 634 293 1529 1296 1236 898 2000 1719 2413 589 119 1722 44 1106 2672 1265 1728 1478 2113 803 2021 19 1269 2380 16 658 1836 1867 2787 2235 2247 1306 240 1175 558 376 2756 1469 91 646 2295 1448 1561 1431 1928 2656 218 1176 1383 215 1951 1091 1689 2566 2409 1161 1946 2615 251 374 291 1945 1334 184 1166 2072 2638 1447 1300 232 1312
392 1419 519 355 94 937 2843 2331 2103 908 1105 2453 1331 2257 809 301 969 648 1077 406 2763 1673 535 1600 1133 811 69 2145 1396 1514 1604 2246 1454 631 1301 490 773 1960 1614 1527 717 2102 2473 2377 1370 1634 1495 568 1042 610 1973 918 538 2830 1670 2256 2186 446 1583 257 2664 2243 843 605 1546 630 2609 2341 1894 1057 1197 585 1309 2791 2097 2067 1358 1031 448 481 248 910 233 2303 30 396 1979 1554 2081 1402 1992 603 2012 365 2101 966 1963 2603 2660 1548
1445 1514 448 741 147 2529 1283 787 1684 1494 1358 1735 2672 2385 1276 366 2002 2004 859 1766 687 143 1696 352 2524 2269 568 1575 1196 1411 210 2189 958 718 2473 1861 2541 879 1985 2266 1221 557 2797 1294 1432 385 2313 2412 280 2094 2431 755 798 527 2246 577 1653 1837 1858 829 1551 2493 226 476 1698 1947 127 77 2725 244 2833 270 1697 991 2223 1724 807 1013 1069 2197 319 814 669 1960 1336 428 124 2691 969 1278 1580 267 228 667 158 2616 551 1295 96 2115
348 2649 179 1369 1045 925 2130 1870 2454 26 2769 480 712 2241 735 663 2050 1417 1328 860 1663 2714 1658 1617 2538 1489 1381 1782 947 64 445 51 2840 1710 1796 2375 2826 1701 2439 2123 1993 1552 2545 1544 463 2837 1649 518 1054 169 1644 2011 2289 1788 433 900 1422 197 440 1623 2034 2418 2836 1444 562 1218 801 2650 645 524 550 2755 2045 547 2635 1679 2401 1840 305 2574 769 48 2721 201 1640 704 559 421 1203 1860 857 2703 2419 2659 1926 228 1029 1656 2300 2556
1944 899 1055 686 1212 246 2558 2135 2766 2842 137 1547 1463 1056 1067 2294 2825 1899 1935 1076 2435 79 2813 1937 2248 2305 722 2511 447 2068 2728 2580 2207 494 2382 146 2286 1452 1134 165 1606 2741 2041 948 1464 1185 804 1639 725 2719 116 2393 329 2292 2665 2708 1825 140 1777 693 204 647 2509 1810 1223 2291 2129 2329 2736 2319 2383 2057 102 1130 2297 2639 97 457 1841 1626 2254 692 1611 279 2368 86 2780 1868 954 1372 2308 2805 677 832 1517 2550 1346 2347 898 1805
84 941 270 43 867 1221 342 2541 557 2688 2732 1199 244 186 1541 956 807 2838 285 1280 551 486 2460 546 2761 814 281 582 851 2359 909 2348 1911 2494 226 2133 1158 1038 1802 644 2515 820 732 669 1880 40 2032 1575 1718 2387 1696 2188 568 150 214 833 398 2115 879 1616 366 1083 1947 1255 790 2303 1596 2179 2567 829 396 2007 1525 1184 2004 636 971 1591 2607 1371 1619 629 181 1315 2291 1603 2363 168 2676 1949 1973 859 2841 2572 2088 319 1659 1537 1283 2141
1631 1561 2277 2323 499 395 1714 1224 1103 529 2547 2523 617 1091 558 2180 101 1087 2737 374 341 1535 1801 1558 949 737 34 777 1230 2381 1116 135 940 683 2699 1137 1999 1713 545 1689 1856 291 596 2566 1914 1334 2759 407 1683 251 95 2422 1996 1538 2295 2504 757 898 520 832 1257 2016 2242 2542 1178 1990 1298 457 2785 2317 1898 1928 1839 2413 714 1971 540 60 983 2202 2579 1469 695 2656 1798 1900 2827 1304 19 1945 2540 1451 2112 328 962 1394 926 766 1228 1732
1325 1871 544 2559 1526 1966 1670 94 2519 2243 673 1498 1783 2516 1645 2299 800 855 605 1778 631 821 435 1138 841 568 1800 11 2697 2102 1794 2145 406 792 1079 1309 528 1850 7 253 446 2290 811 1579 1731 1992 1442 730 1634 2618 2763 336 1197 749 923 2151 2042 2095 2328 1454 1068 1379 2296 2087 733 1110 1779 1511 773 1040 1499 2793 1396 662 2110 2830 451 2097 1271 1330 903 930 392 1725 2680 2006 2491 1063 288 2492 2603 717 355 1581 1583 2416 610 1968 1496 1455
1262 1503 455 1655 2059 1475 1831 927 2794 49 849 464 2244 1789 2552 495 1050 1875 1111 1127 1465 314 726 296 52 806 1481 734 1827 239 799 2819 2236 1568 2527 1967 2698 2193 501 363 1118 1062 2715 1932 1376 356 2500 602 758 2681 2181 2592 2177 523 1813 2365 1543 2173 1274 505 2232 1612 1378 786 1282 131 1317 2144 1955 484 1706 655 1885 418 1024 129 2091 1781 313 999 268 467 1741 1143 2142 2674 390 838 840 200 1896 389 1273 2693 1314 471 2465 2505 2765 383
1249 2520 2210 13 1049 2353 640 323 2828 2578 839 2839 933 1337 2249 377 1272 672 2227 932 1072 1268 1668 2539 2841 1132 536 1588 1038 1949 956 2602 1910 729 2798 2468 1329 1374 2428 1514 2450 196 56 2838 793 1041 1864 2629 2795 166 2361 743 370 698 1736 2071 2031 2595 856 2570 1525 147 1793 979 301 569 276 701 134 2230 2513 2171 2648 1487 1953 78 828 335 1170 1183 2786 986 988 193 2640 909 814 1504 176 2671 332 1619 2740 574 222 2572 1315 2108 924 955
2716 849 505 523 2365 2193 458 587 2500 1896 2191 2819 1111 1332 602 872 2181 2681 2597 2370 313 2789 1680 2119 2283 890 2322 81 711 2552 175 705 2689 1003 1317 1655 2592 2244 786 152 2062 740 1974 418 1314 1827 772 2773 2237 28 1955 503 2052 1240 1563 1822 1135 2534 2479 2367 1302 1008 1293 1475 633 655 2144 220 2199 452 501 2674 2407 2770 261 1465 2099 464 1335 68 2527 734 1356 2594 129 1831 1746 1543 2228 2236 1143 1097 1741 363 2812 1118 504 255 927 1461
1782 26 712 169 735 1617 1045 2241 2050 2454 51 2836 1658 221 1405 925 1369 2790 2817 2840 2837 943 2649 1381 2130 1489 947 1679 1656 2011 1328 562 1644 817 1993 1417 1926 348 987 559 2300 1623 1870 1218 1796 1934 1624 860 2411 1663 1261 1437 1544 1416 2769 2832 2439 1948 635 1701 1096 179 2528 445 2714 547 2721 188 826 1422 312 1752 305 1102 626 2034 440 155 1386 1649 2826 463 900 1146 1407 1054 433 64 1051 645 1545 1710 2652 4 85 197 563 1208 556 2707
230 2281 777 1818 926 1538 2495 2202 751 2745 564 940 2288 206 39 2699 830 1996 683 1180 2239 1714 2275 2080 1482 652 1091 2630 88 1014 1204 1523 1476 2605 818 2114 469 617 2733 862 603 462 1713 1116 187 1751 14 949 1748 407 1304 2603 1169 861 34 1450 2190 343 379 1960 2621 1856 2426 1517 1745 1528 1914 736 2804 1192 1459 198 1765 1561 2441 2582 2422 575 917 960 2247 2493 107 357 1036 737 339 2547 2209 47 1601 2785 133 863 2345 184 2641 902 55 32
2790 2832 221 2411 1405 1102 1624 312 635 1146 987 1545 2528 1926 943 1644 2817 1407 817 4 1656 2501 1934 1752 188 556 283 2300 1737 1386 2044 2389 826 2270 611 2082 547 85 266 626 2069 1319 305 613 1993 1202 1029 925 562 2477 735 2631 440 2840 1369 2011 1983 1422 1782 2574 2454 2439 1870 1316 1796 2649 2538 2486 947 2050 2836 59 1617 2769 1636 1701 712 860 2714 1544 2584 463 26 2241 2045 2724 1417 179 1411 197 155 51 1895 445 2397 480 344 1489 645 2375
1588 1132 536 121 193 1431 988 142 569 36 1699 802 2090 2078 1553 1430 866 1793 1492 555 1053 1888 680 2117 1890 1886 901 733 2029 868 176 554 427 2423 2217 429 2668 2568 743 2743 878 2451 2384 2267 1256 1393 21 2415 2227 1065 332 1033 289 78 2578 979 1562 2786 302 2024 2380 2539 1236 2428 292 1268 500 62 1233 1249 340 597 2629 1418 417 886 967 437 2143 1398 1804 361 2798 2335 681 2108 1129 2576 1374 729 1686 1613 453 1952 1499 24 199 1994 707 2120
687 2662 262 2844 2403 891 2797 1283 1043 2269 90 2431 2455 1814 214 428 814 1735 857 147 267 1350 299 888 600 1539 385 2266 885 2811 1238 210 2189 1761 1509 1338 829 2841 2473 1925 244 2731 2094 2412 2739 1276 1291 2672 1242 2635 2484 1619 577 1828 1792 1982 741 1375 2321 263 1153 720 448 2703 793 704 1861 667 859 1191 1877 1816 641 2709 2833 1457 17 1278 2139 1366 867 352 493 1294 2100 1122 226 706 1602 421 1575 1653 2607 2838 537 2486 2385 1421 1994 57
244 1515 214 2348 40 2464 2572 1371 1659 2751 844 1139 621 2197 2457 851 1525 270 1953 1738 1661 690 387 2841 732 894 509 1038 1616 510 2760 298 582 1488 2048 1358 1726 1221 2726 448 2179 1426 1425 2498 2678 2162 1602 2567 2502 2476 909 2230 1596 2494 2404 2503 2562 2203 22 2706 1570 2168 2838 1537 2014 1364 879 1632 2153 2612 2182 1696 1199 1184 2468 2210 106 323 1397 2353 1251 2109 20 1171 2554 167 420 2366 546 2386 1280 2768 2810 2521 96 2346 1205 1797 466 1766
103 2601 297 2624 688 1323 1235 2471 502 990 1186 1845 903 768 65 2276 848 126 284 1340 702 931 1391 1908 2314 1608 1512 578 2388 1830 684 250 1107 1413 767 1114 1254 1120 1310 835 2695 1821 1720 1975 2290 1147 2275 2383 993 522 277 881 2015 1165 2302 830 1252 2315 603 2560 1016 1581 845 2518 1379 1513 1732 1620 2151 1511 1794 2251 1244 1753 1309 2080 1834 2299 581 1968 1678 593 2519 1966 1125 2563 1110 2395 730 1980 1767 1646 1523 951 541 2730 800 2702 876 1482
1879 1981 2796 2093 394 2392 1567 1237 446 1578 918 1518 1859 2660 1909 1657 708 1894 607 1978 631 451 2125 2682 530 2775 2333 1415 1197 2135 700 2498 1301 1516 1604 966 2729 1179 1596 1454 899 2227 1058 908 2609 2458 2140 174 1145 2258 1800 928 961 1566 1170 2843 1906 1002 1613 1495 2543 937 1119 2049 1651 1384 793 2507 570 2786 930 2310 1331 2536 1598 2488 1491 2838 2252 1977 176 2640 2331 2491 2655 2357 585 889 2668 1290 648 1920 2263 1088 1017 1633 276 1880 2019 843
1980 2315 2702 767 2 277 2302 2388 2663 1401 1165 2276 1753 1938 2314 126 1511 2685 951 903 1125 1340 2510 1413 18 1391 2015 1842 379 2290 688 1252 830 39 931 2818 1834 2661 315 492 2275 2624 1443 431 269 103 2478 297 993 2299 603 1186 1442 2777 70 1833 2746 2161 1323 1759 920 2741 1548 1243 2288 845 601 1447 684 1732 1836 2507 191 1845 2495 2772 768 522 1593 881 1919 83 1147 610 578 848 1869 894 1114 1905 544 2437 917 1464 827 584 818 2036 1304 1969
1504 222 935 1023 401 1628 2122 2342 141 2201 2055 1305 2362 2163 2679 850 2512 1688 1903 1933 73 2750 1085 816 1163 2074 2218 1404 2829 177 1736 612 1599 453 755 1436 437 2355 461 2096 399 981 2587 1155 1806 380 2452 1872 2274 1233 2645 1808 2450 477 1089 1047 2642 1790 1784 760 1510 595 869 2152 2282 2098 2775 1717 1363 460 174 2722 1321 836 2537 2469 2009 1160 2446 443 1145 823 1605 208 530 599 701 1241 1744 1113 2264 2071 650 1793 731 1415 1819 1976 1100 1487
1085 1808 1688 2274 1155 816 1903 2122 2163 1628 399 2679 401 73 453 2074 1233 437 380 177 1404 1023 1163 2829 1089 2587 823 2452 1599 2722 141 1100 208 981 2055 1510 2009 595 1717 1047 172 460 222 1160 2469 1872 2577 1933 612 2537 1305 935 2750 461 1946 760 2636 1241 451 599 1790 2201 2655 731 156 1504 164 869 151 1415 2126 2512 72 121 2793 662 174 7 1736 2282 2267 1784 1271 1742 2098 2342 1676 2362 1854 477 2064 2792 855 629 2747 2642 2151 2409 2299 1145
152 2283 1827 1339 1708 2119 313 532 1741 28 671 2500 2819 734 1532 458 696 2674 2052 2552 847 587 1563 2099 1896 2592 1956 2028 2181 2193 711 2479 972 2534 2742 1182 849 1376 1117 2365 523 1135 505 330 1555 1111 92 238 503 81 354 602 1955 2764 2370 726 2228 383 1680 2681 245 1917 1475 2236 261 999 2144 2557 316 1465 2059 649 1704 2814 175 2698 49 1852 1991 2610 390 2035 408 1050 2322 1961 68 1755 484 1635 1967 968 1543 1143 1164 2799 2244 772 2527 1317
363 1923 484 1062 1008 501 2059 1715 324 1395 2301 2765 2429 129 1813 758 628 1050 1475 1039 1730 1024 2236 1317 331 389 2407 1438 1282 346 1929 786 1568 1635 1465 390 1662 2467 268 52 2531 455 1967 326 1781 1048 2715 478 806 927 314 840 1111 1787 1124 2091 2053 655 1655 1127 456 2285 471 408 1932 968 2470 580 89 1274 108 2690 1037 1789 495 1026 1481 430 1875 2465 2505 1135 296 1378 2806 2634 1921 467 1140 2280 1843 2821 799 1281 2244 295 1262 1143 2698 31
1106 1559 364 2149 182 2759 1786 1137 2504 1798 1306 2381 2656 1361 962 545 251 658 101 395 1928 1257 572 2546 215 1971 1451 589 789 727 1166 436 1230 737 1300 1394 1427 1693 1900 2000 1558 1115 1091 614 2737 1883 581 1749 766 374 1672 529 1175 2547 898 1178 483 485 2277 2072 328 803 2542 2238 1801 2114 1951 824 2113 1743 2784 2579 1389 949 1333 95 1213 1760 1685 714 2409 2540 2040 2700 1004 1353 596 1087 2699 1597 954 1343 2323 1712 291 1535 1434 1561 1538 646
1944 1055 2766 2813 1777 2558 948 2393 2728 899 146 1463 2825 137 2382 2580 2248 2135 1937 2286 1212 1639 2294 1185 447 1899 2041 686 494 2741 2435 1067 725 2708 1452 1490 1076 116 1464 1874 2207 97 1965 2305 246 1935 2292 319 1134 2068 79 2842 1056 1126 2419 804 204 165 559 692 2511 1825 1362 2736 2704 1547 1606 2719 2350 1223 657 260 2826 140 1486 1901 693 674 1940 2319 491 201 1810 1001 2069 155 2291 647 2650 2438 2815 1075 1437 12 1617 2583 2639 1840 1897 1123
2328 930 887 2792 1977 1583 118 2065 1791 748 1179 998 841 982 875 819 1470 1354 945 919 567 1769 1667 2778 952 2491 2349 2575 2723 311 579 1578 2252 1531 382 2682 1154 1585 2416 2459 1579 2488 639 227 1063 1854 2711 492 517 566 916 1210 778 923 114 2618 7 2647 2097 1851 392 2225 2026 1651 512 2793 2042 1770 2290 1528 928 2487 2754 25 513 2559 2304 975 2299 652 910 1864 604 1367 528 1920 1209 2729 515 1455 808 764 1058 1239 1368 151 9 1268 719 800
879 1619 1776 2187 2460 2844 1925 2198 1350 557 2363 2672 859 1494 1675 1539 720 1432 267 1238 1684 1572 857 2581 2727 1792 143 1345 1861 1358 1043 2298 46 551 1193 366 1575 2327 158 2833 2797 829 1982 1665 234 2127 2633 1816 641 1375 2703 1724 82 797 842 2403 147 807 2694 1863 1373 1653 270 1221 2731 2206 1291 2461 262 1283 77 687 2524 2332 1807 1366 2455 1814 1522 2607 1520 210 2174 814 1 2229 2385 1392 669 2431 891 1191 2141 704 244 287 514 1295 2484 2529
837 2484 1814 2139 2092 1350 2833 2731 1009 2206 1122 2063 1887 2455 2797 2127 2844 720 2123 263 2672 1735 264 1982 857 1159 2223 1238 1815 2385 1589 1043 1698 2371 885 267 438 1522 1572 1776 1551 428 2412 2215 667 2269 2399 170 1622 1291 600 2185 706 2616 1366 2039 573 1877 2635 2739 1684 1494 226 1994 2321 1520 1191 2486 234 1129 2158 1457 82 1338 1411 1229 913 642 130 299 891 195 846 472 1196 262 1542 1925 656 90 2403 2659 1373 2356 1694 991 801 17 2584 741
1703 1288 650 1363 1603 521 2167 2043 2666 922 2197 641 2706 475 1619 2425 1251 1605 468 1286 2348 285 2399 619 732 334 1916 956 2760 2401 2346 565 879 1570 459 551 2313 2612 820 750 2171 147 2308 236 2617 1199 1221 2522 1844 2657 894 1330 1487 1188 1541 2444 255 385 335 352 2387 2468 1108 1315 262 37 637 1572 795 2194 342 2141 1227 1884 2476 270 1858 959 2712 1364 2835 234 2268 217 2841 2498 1520 2094 2182 1698 2223 1524 1925 600 1560 924 2013 594 537 2727
2113 1213 2178 304 2066 2546 1019 658 727 1513 1389 1161 1115 1300 63 1306 1333 1951 545 1175 149 485 1847 1166 614 1795 1559 364 2022 436 1760 483 395 898 581 1125 1900 572 215 962 1361 1753 789 589 2409 2277 1798 1672 1176 1693 1230 2656 182 954 426 376 1743 1106 1178 2759 1244 949 2000 2054 2542 374 596 1228 1447 714 1394 2784 967 2190 1773 2777 132 328 2504 293 1712 2547 2024 1451 1749 2437 1804 1685 1137 766 2772 240 2149 737 529 2787 2579 646 754 2242
503 28 2193 238 1532 1335 152 2500 2479 458 313 1680 1827 2052 772 587 1746 2099 2119 671 1376 655 705 2228 330 2674 1708 2592 849 1563 2365 81 2819 2181 505 2105 1339 2689 2250 2681 2552 2370 2028 1555 602 1473 2610 1111 2557 1896 711 1876 1955 1135 1003 1741 464 649 523 532 1656 1956 2236 1961 2283 1314 726 1704 2325 2801 2144 696 1706 968 2322 331 524 1356 580 1730 915 972 2534 237 999 1874 633 651 1008 326 68 2527 1223 261 2594 1543 734 2059 296 591
2487 809 2582 1583 1546 2536 1347 592 2718 652 723 1484 1128 873 2400 930 2405 1204 2103 2426 1289 2097 2067 1136 247 190 914 413 35 58 1534 2008 206 1042 1247 488 2325 812 998 2453 2585 719 1745 457 540 2256 2157 1157 2254 14 212 1493 585 490 2551 1179 764 604 2550 2761 153 1651 343 1211 1576 1528 874 1580 2778 118 2284 1154 928 841 2209 2378 2252 1960 1574 294 969 1121 2824 1618 1751 1292 1734 1595 2247 1977 2224 1352 1758 639 15 937 1861 2170 492 224
1161 1847 2066 304 2178 1513 1213 2784 1672 483 2113 1795 149 1773 1019 1300 789 1447 240 2437 63 2546 1559 1749 2190 967 1693 1483 16 1389 954 376 2022 1469 1760 2202 1361 2540 132 1115 646 596 1990 1176 2656 1836 293 1900 1712 1178 824 695 1137 2000 1353 2787 2054 1883 436 1804 44 2547 1427 803 962 2497 1476 374 1743 1685 2472 1333 29 707 2409 310 1228 1999 2700 754 1106 658 1785 2504 251 614 215 182 727 1434 341 88 1087 1166 762 2172 2554 1257 34 1451
986 123 1757 1255 882 2639 1279 1600 697 30 1358 147 244 2783 687 2541 2735 2012 1088 2456 2683 2391 647 1949 641 2278 1236 1775 2339 2815 965 1911 1258 2150 645 2572 1575 1803 928 2011 1295 851 820 2197 2002 399 1863 40 991 598 969 134 1664 285 1665 319 127 551 1491 2183 2814 1840 2220 1380 909 2708 918 1477 1061 448 1652 568 932 557 1365 2719 807 2088 994 2348 2115 2385 937 2838 1811 2691 1696 698 1807 2187 603 154 864 708 2758 2530 1001 853 506 2631
1532 152 313 1339 587 2119 2674 2099 2500 2819 2283 2479 330 1741 1827 734 2052 2742 1708 354 2552 458 1563 1182 696 1896 28 92 2144 849 2592 2181 2365 1376 711 726 847 2370 671 1135 2534 2764 1543 1917 2698 2799 1823 972 2689 238 2681 1314 532 1117 1755 523 1991 999 1680 649 503 68 1111 505 772 1164 484 2527 1955 175 2059 1010 1273 2193 1885 968 1956 799 1465 2402 705 1378 2061 1746 2028 1961 1852 1555 2236 81 2244 363 383 602 464 1787 1050 1335 805 2610
2745 1713 603 1450 830 777 2180 34 1116 1476 1224 2202 88 2547 1714 683 95 2275 2190 2523 1838 1548 861 1732 2422 1914 644 761 2441 2733 1064 1620 1996 2641 462 47 2239 2080 1304 1449 2495 736 1073 1318 1057 1683 1183 2197 2317 230 60 1841 1180 1523 407 333 1036 596 2522 396 1197 362 1678 55 1999 2159 1517 2166 1400 2785 2684 1984 1538 107 969 1091 1028 1254 773 1856 269 43 187 2752 1880 2472 1797 576 2296 863 834 1178 575 824 71 1898 2111 410 32 1130
587 2500 2479 1827 849 2819 1896 2181 2552 2674 313 2283 458 2119 152 2193 28 523 2681 734 1532 2099 1708 330 1563 602 2177 2527 175 505 2610 2592 1376 2052 1111 2144 2365 1314 2191 1135 2689 1339 1746 2370 1332 238 81 68 1003 655 2764 1955 1741 1885 2059 726 354 2698 356 972 649 1852 711 296 890 1473 1164 1543 999 2105 1680 316 2236 618 1143 1932 2594 1876 872 495 1961 503 1813 1991 1117 326 699 1875 1118 1281 2597 1475 1650 963 2244 1262 2534 484 1789 1923
658 1306 2113 485 1175 727 1951 589 1213 2546 1115 215 1161 1300 1513 1559 251 1361 2066 1900 1795 614 1137 2178 2540 1389 898 1427 2072 293 1773 714 1333 2409 1166 395 2784 1786 1451 376 364 1106 2000 1257 374 291 954 483 240 1798 789 436 1672 1019 1847 149 737 1447 581 1535 2149 1558 2656 1971 1469 1597 1883 304 1207 1230 2054 1693 101 962 572 2759 803 182 1928 86 2381 2437 646 2040 1353 1561 2504 63 2277 949 341 876 1483 2787 1244 545 426 2329 1760 2022
61 1787 2794 225 2025 1781 207 2669 49 192 1282 295 2236 1475 1022 2232 2465 2505 1024 2091 1780 464 2765 52 2806 89 363 2059 1568 1503 758 2531 346 452 1789 1262 1378 296 1127 2396 2137 1706 1967 654 1465 1050 1481 455 2687 418 1662 326 1039 2301 31 408 2407 467 389 936 822 838 1275 2715 726 1921 840 356 129 1395 2280 1923 268 799 1317 2173 1008 390 1037 1715 2429 1612 927 501 1655 484 2244 1635 209 580 534 2285 1932 1124 495 2634 1831 2142 1062 2693
729 2798 1337 2578 2520 2570 2210 1329 2795 1764 2839 1668 2602 1065 1910 2031 2083 2828 640 2539 672 571 323 1806 2335 2513 2260 1429 1976 669 13 1374 2838 2227 1249 2450 377 2468 147 1103 1292 2786 2111 1418 596 2629 2271 1826 1272 1070 1792 2808 2640 2523 865 176 1736 1907 828 1598 793 2120 698 232 432 2472 1588 540 868 1303 2517 1945 1132 755 853 1399 1236 2671 2155 2668 733 901 2048 242 859 2221 2428 36 2363 499 1952 743 934 2108 1038 536 2568 56 1377 1596
1038 1255 2541 2691 1949 2319 186 2359 196 2150 275 1591 2421 1973 1819 270 2548 1851 2719 265 1371 2115 398 84 281 1380 2494 2838 1665 629 879 1084 770 1280 1183 226 127 150 422 1184 790 2572 320 1911 2385 2001 2520 933 941 956 781 1687 986 537 2623 894 845 2210 582 1541 2409 1199 1616 853 2014 546 2778 98 482 647 1696 423 1907 327 2468 2197 796 2303 2502 2751 2436 909 1198 2493 285 2474 1525 2132 205 896 1113 244 2567 1041 2503 1659 1221 750 1324 351
535 1242 811 2045 1584 184 2843 1312 1197 19 996 1450 2530 1383 648 692 1231 591 60 2023 258 2561 577 2196 2413 1455 575 1134 937 2736 2295 1063 1491 1988 1133 463 1796 1673 1689 605 2763 257 997 232 2197 446 240 2785 46 2547 2507 2757 2609 2375 644 2472 1073 1987 2034 2425 44 610 288 1759 908 2296 616 961 2524 414 2688 930 2255 1597 1341 520 1448 2741 47 576 969 2319 1735 1962 2510 2138 537 1908 1713 526 1613 424 1728 1424 1656 1804 2239 1783 1390 2235
853 940 1683 737 2838 150 2737 341 1724 2114 949 783 1801 1482 1631 581 1558 1091 2129 2586 2323 2080 1538 1805 133 529 1575 1986 2242 407 2699 2016 540 395 960 1541 1665 2506 2536 1075 1230 1620 1450 1034 1732 2170 2405 2329 1204 1765 1477 1169 2759 2542 956 1197 1611 551 1996 2621 1458 154 1947 2020 2004 2141 1497 583 2002 830 2019 859 1346 676 1406 775 2277 210 1130 2421 2741 617 603 1392 2418 1866 2644 2541 34 2701 477 1365 422 558 1116 1561 280 2422 2184 357
1370 966 1105 1396 1384 243 2458 1290 1331 1554 908 487 1614 54 1673 392 2257 2664 660 813 355 1495 2696 1739 2596 631 1518 2369 1017 2282 1705 1742 360 2843 1893 710 2453 2204 2490 542 94 2064 50 1909 568 2782 1794 1853 1681 1133 1946 975 1325 662 1031 2394 942 1604 1301 7 921 416 247 451 337 1287 530 410 2085 874 1419 365 2600 1271 2416 605 2336 2049 2793 1783 2259 212 2087 301 1779 1309 1077 1581 2290 2140 870 937 446 2243 1000 2304 196 1068 544 257
2152 2502 1603 1371 2841 196 1659 2179 1184 2348 2572 820 270 2203 84 2554 2623 546 1525 244 844 1541 1570 973 285 1171 582 22 1205 1221 956 214 2230 1198 941 1738 475 2162 1702 894 20 2768 2014 2346 2567 690 1113 167 117 2751 189 609 1927 96 2060 1616 2043 1487 1596 750 1251 510 1602 661 1471 1488 1364 327 650 2030 1661 2678 205 2115 1515 150 1591 2726 2760 1365 466 2620 586 281 1139 2677 1083 2109 1280 922 1632 1697 2448 387 1080 448 1949 644 298 6
1911 851 1657 2359 796 853 2838 2691 2030 40 928 629 509 2374 1380 398 244 490 2503 844 265 2729 1947 1580 863 2318 515 1280 1596 1514 1415 1371 1279 588 2474 1718 164 2725 2115 2775 448 2572 2457 2101 1113 1061 270 1575 1973 2086 2353 1960 2494 133 2386 84 156 320 1591 224 971 1425 2464 23 1204 2453 2247 388 425 639 1205 2404 2688 1747 1038 5 2468 2001 2734 174 196 2718 1136 422 2761 519 2678 571 298 585 676 144 930 280 1751 568 592 1579 956 1515
302 1562 2029 2451 2668 2108 199 292 176 1256 597 802 340 21 2786 2384 62 361 2227 429 417 979 886 2423 555 569 1398 500 142 893 878 554 2568 78 1890 1033 1418 2743 743 681 1888 1686 332 427 536 868 289 760 1431 698 1393 1038 901 1492 1065 2421 1793 2078 323 2217 2539 56 1399 1521 1588 640 2415 1528 377 2647 460 1132 1717 2578 2038 955 1041 981 1053 1699 1510 571 866 2730 1770 1430 1272 2436 2741 2488 193 2333 1872 2469 2090 432 13 1154 291 2629
167 236 620 309 2823 1260 2608 205 2623 2268 1709 285 2313 1456 2425 189 2060 1108 419 2030 546 181 1591 2791 2131 2749 957 2468 1032 1217 1858 1283 2246 759 1514 856 2760 1866 1284 2027 2043 814 1844 1064 1702 1907 147 183 894 275 1199 1198 2098 650 1449 2612 2263 96 1458 2303 2197 2357 2761 2474 2351 327 333 1927 732 958 807 2182 834 980 411 352 71 20 468 2432 2514 851 1318 2498 1205 785 2013 661 1364 45 2118 40 2056 2115 396 2554 398 1502 1098 1697
1810 1944 2509 2558 2350 1075 1055 1212 899 2825 1056 202 137 165 2728 2135 2813 2766 249 1463 948 1001 2248 2842 725 2741 2207 1406 2121 67 1937 1547 116 693 2435 2583 447 2382 2511 246 1935 2393 1639 2294 2020 692 1606 2719 686 1012 1134 1899 917 1130 1611 722 2736 146 1223 1732 2305 2292 1874 1825 494 1626 794 1076 1383 2637 2286 603 1904 204 2329 2275 804 2041 1678 1259 2569 2563 2507 1986 1126 2224 404 279 1940 2319 627 1448 777 1841 2639 2033 2004 647 1945 1464
147 585 1637 2513 762 1556 814 869 1632 1330 388 2094 662 1806 1283 1286 166 153 1638 1421 2103 592 2278 446 669 118 476 820 1797 910 522 270 1643 217 685 894 1907 616 244 1078 385 1575 40 2048 1042 2257 1 2197 2351 2758 387 1625 2226 1826 1927 344 551 247 661 2427 1910 1013 2104 2710 2188 255 2160 2083 115 1530 1865 937 1349 1761 2720 2168 2570 2473 2738 400 2158 1764 1108 2481 473 297 2457 732 1939 892 1698 744 2256 1629 1738 2196 2230 1168 2498 2609
2743 176 340 979 1393 332 2786 2668 2384 2227 1033 2029 1562 597 1418 555 1686 554 886 1256 21 1065 1890 2451 292 417 2108 429 536 427 868 302 1588 2798 199 1132 2423 893 901 1398 361 78 62 2629 2568 1429 802 2539 142 1374 1888 1431 289 2578 2031 569 377 121 2415 432 2775 2120 2217 1793 193 681 2428 2333 866 828 1492 1952 640 174 729 2090 1399 1553 743 2520 500 323 2640 2671 571 878 1041 2808 1038 2117 1976 1910 1272 1430 1337 1510 1268 698 2602 1053
2011 1983 1590 1224 1758 2381 2574 93 445 1146 185 1116 1665 2050 2375 720 611 1319 2840 2148 1575 214 645 433 1336 2180 2769 2473 42 1358 2278 59 1626 1013 1609 2340 1901 1197 2650 1576 704 1365 895 4 111 1250 2752 1202 197 404 2725 683 366 1103 1757 95 16 2418 562 1276 1193 2807 2547 547 2289 2069 1540 1713 1594 2048 2763 1494 1514 636 440 1234 2700 1422 550 1137 1971 2189 687 2174 2605 1618 1724 490 969 2838 976 2662 1653 898 1732 1990 2039 1716 66 1279
1815 1159 403 2455 667 1615 264 1735 2797 891 837 2371 1009 428 1122 706 262 2158 2403 2269 2731 1698 2139 1982 2063 2338 2399 1994 2484 2635 2844 2486 90 1814 2481 1589 352 665 2223 385 2833 1373 2215 287 1338 2717 656 2776 600 1229 263 2092 888 223 885 307 1112 299 1925 1622 2412 857 1816 846 1542 1887 195 2372 226 1572 2100 2739 1238 573 228 577 2385 687 1377 2727 1660 1350 814 267 1258 1191 46 1 1242 2811 1520 2607 642 1366 892 1294 1199 2834 2266 641
1792 1930 2229 1665 2327 879 210 228 793 570 1664 1619 2468 2590 1575 1776 1724 2187 1358 583 2581 1375 557 2548 689 1859 756 934 814 2330 1861 1193 2186 2694 2125 1758 242 1392 1576 2180 493 294 746 2691 127 2174 385 2460 1113 2710 2332 185 884 421 2048 2461 829 158 704 448 516 690 1580 836 57 2619 1457 1081 2418 2096 861 2456 676 856 1716 592 23 1025 1387 1348 270 1080 683 1536 2198 1514 1925 1495 551 859 810 1276 2363 490 797 2386 2431 1198 1234 798
557 2363 551 1619 2844 2524 2460 244 2517 2271 1807 1295 147 879 1556 1421 2619 669 859 1238 2691 143 2298 641 342 2431 1514 366 1 1925 267 814 888 1440 2223 1025 718 2727 1291 2529 969 2468 46 1373 262 991 1880 891 1061 1684 1837 1330 2541 2717 352 1242 1696 2372 1661 2513 1622 1802 299 1358 2174 1982 1227 2385 1766 1824 807 2215 2187 2273 166 2758 2738 2168 1698 2404 2771 1221 2133 1629 2672 2797 820 687 1349 448 385 667 2486 2268 2635 195 1515 270 2719 1861
1992 1385 1138 2763 1731 519 773 2331 1079 916 517 227 1800 2042 406 2310 1419 2723 301 382 2145 288 1871 1733 1063 315 1645 2110 709 544 2102 2341 918 237 512 535 2603 114 811 2613 1894 434 2675 1779 2252 1854 1119 2392 1311 610 1183 778 1007 2575 1325 2648 1745 2573 94 630 700 257 2609 2515 2660 1219 2605 392 1770 648 167 871 1527 1455 651 2093 1442 462 1587 1578 2627 253 591 1202 931 1964 1641 2591 1424 66 2219 2426 2095 2682 479 1241 2596 1970 469 2711
777 949 341 1683 2242 1856 2785 230 1093 407 1914 310 558 1898 1091 1996 617 2441 1224 2202 2745 2737 462 783 2422 2827 1846 2733 1476 737 581 2111 1561 1434 940 926 1818 1116 1230 34 1693 695 1714 1999 1631 328 2180 2523 1343 2114 1535 683 2080 572 954 2615 2323 88 1482 2566 1448 1334 853 1713 1228 2019 1298 564 545 1204 60 2317 2112 983 520 2780 75 2489 2190 766 2656 2281 1176 184 2040 2413 1178 962 133 1689 47 658 2756 596 1269 1945 2238 1103 395 132
1753 1125 2777 1834 951 18 1842 2772 70 2478 2077 1759 1252 601 2757 2 2818 2663 2015 2510 315 1557 2622 1165 2302 1390 2561 767 431 1980 297 277 1323 2315 103 1839 67 2579 2624 1235 688 572 395 2702 1678 191 2149 1798 2161 876 1230 2504 522 1511 1004 374 1451 898 1969 2323 2290 1900 2746 2583 803 989 1558 2238 102 1035 126 2759 1845 1257 2000 2320 364 2112 1908 436 990 2701 2299 101 1306 1379 2509 2275 2737 2546 2040 328 2601 1951 2072 1174 75 502 2644 589
1197 2543 1495 1237 2037 2753 1947 463 630 1190 2141 2838 1521 1567 1981 2140 442 2660 843 1892 1454 1771 2421 2392 1657 116 2093 607 979 1960 955 785 2775 1365 265 932 538 1724 1621 2736 2453 1518 2623 2011 1415 2357 1516 1065 790 2258 966 183 2303 1727 2741 570 1130 1705 2067 2135 1894 154 1633 2506 1331 2125 1765 422 1126 1677 178 1084 2369 1058 899 1800 519 1425 2734 1031 1017 1088 1604 1098 186 2317 2574 1546 2791 1973 1673 2115 1978 1859 2458 2749 156 2555 551 1057
1631 558 1898 2277 545 1801 341 2317 374 2113 1213 328 304 1900 853 2178 2066 1996 2278 2547 395 1228 1394 1945 1727 520 949 783 1914 898 1683 2759 376 1019 761 1176 1230 757 436 2413 1785 2591 596 34 1689 2111 1561 215 63 95 1426 2838 1999 232 1137 1093 856 1476 2785 132 1231 135 2508 572 1728 2464 592 42 1091 754 2238 364 1103 2489 695 1224 2190 2048 1469 1839 1846 634 407 2233 766 1178 803 1749 101 1798 529 1087 2022 1847 1665 576 617 1389 1856 16
1555 1725 2796 1728 2224 368 964 2413 1598 245 446 1592 853 471 2809 412 1151 2140 2428 906 444 1172 1253 316 135 994 200 911 2495 2144 540 754 2295 2280 2814 937 1505 2226 1473 755 1438 1775 623 2221 2564 730 1070 109 2756 708 858 1299 1618 538 618 739 1168 535 209 1721 97 1313 1981 68 1590 249 1441 1448 173 116 2083 118 986 864 2010 137 558 1197 1435 2646 1848 2506 2472 1301 792 1708 1099 1620 2499 1312 2031 1540 2279 2340 2482 2786 123 1852 1212 948
551 2541 1724 342 154 1059 859 1665 2246 2330 1365 2186 1575 1521 1514 270 1861 2631 2339 969 366 2456 127 1349 2619 1684 1034 955 2141 2749 697 2710 1025 1664 570 1520 1947 2838 1358 976 2444 557 2327 1267 143 1215 2298 1540 1279 150 1765 2783 853 807 793 1291 746 2517 2468 1497 2740 798 1911 1618 1360 2614 2174 1758 1049 839 210 1238 43 932 756 687 1572 1580 1324 46 669 918 879 1619 2466 537 2524 2101 1630 2387 2197 1576 448 2175 2256 568 698 1837 1718 891
1286 1844 506 685 894 2313 2194 2283 1684 1927 759 2197 2612 2801 1556 270 807 372 1349 1364 1278 2552 1696 1221 1283 448 2401 1032 285 96 2162 1232 2298 1064 1827 454 1488 167 1766 1880 2174 2476 1358 348 350 2608 1537 1456 2427 1061 1199 1025 835 459 1227 1995 922 1251 1632 1603 298 2633 514 6 171 1502 879 391 1284 115 1723 244 557 2115 600 2831 1366 505 419 1837 2425 546 744 2486 2610 2760 2366 1548 2079 2457 2688 2554 210 143 551 2819 37 388 300 2179
1702 1083 181 1797 2643 644 620 189 1596 2678 2554 1336 462 2060 582 2160 2760 732 596 894 183 2171 2111 2720 1064 2182 43 957 1260 2313 844 2043 1995 407 1318 2153 2386 2448 2591 1880 1364 1632 96 1889 387 1013 6 2263 661 1032 759 2442 2827 419 2562 2498 1858 1802 1856 592 45 2079 636 2194 2457 546 2522 1315 2441 476 2705 1898 2725 2807 1093 1999 2278 2608 466 861 1792 57 2474 34 851 2094 829 1515 2733 2841 761 2523 95 762 2740 793 1907 1726 2056 1458
2520 2210 377 640 2539 2578 828 13 672 2428 933 2828 2602 1668 2629 1337 2227 2798 1374 729 1429 1525 323 1272 1249 1949 2740 1038 176 2468 979 1910 370 698 78 1033 743 2671 56 2047 1049 1279 955 1764 2786 2570 1077 396 2031 1754 892 43 2327 814 1132 2079 1864 1070 820 1888 270 2186 196 1598 934 956 2120 2503 340 2718 1575 1638 490 2783 1596 2249 1260 432 2678 292 868 959 571 2220 2278 1477 582 2838 2089 1761 853 2421 2582 665 1588 1258 84 1495 2431 181
2025 207 225 2794 61 192 1475 1787 2236 2669 464 1481 295 418 52 1022 2806 1706 2059 726 1024 1378 2232 495 2244 1262 2091 296 2765 2396 363 1275 758 346 467 1465 1932 1503 455 129 2137 1967 49 452 1282 1568 2173 1923 356 2531 1813 822 2429 2715 389 1127 484 1789 1780 655 1655 838 799 2142 2301 31 408 534 1281 1062 209 1050 390 2280 1563 927 326 1781 1662 806 1635 653 999 654 840 268 501 456 53 2407 1274 92 239 1831 108 89 2693 1929 139 314
1879 2392 394 2093 1906 918 700 2660 2357 1567 2749 1859 2543 1119 1566 2310 1894 2125 1981 1044 1237 2640 1978 1621 1495 897 474 666 154 1170 2019 104 2086 607 1093 708 1676 1002 834 570 1059 1800 2609 1017 2796 1211 1200 907 2227 422 2627 446 2263 1245 1145 1088 1516 1277 2823 183 2786 1321 156 2775 1419 176 1758 856 333 2446 451 294 1909 2258 442 1479 1260 1657 2262 2458 1947 2140 2110 1144 937 2374 340 955 2555 2623 612 2740 2331 1633 1514 908 1183 1762 2246 1415
2241 712 2050 1782 1045 51 1617 1381 2130 169 2769 2837 735 2836 947 1993 925 2454 1544 2011 2439 1369 2649 1679 1623 440 1422 1328 1658 179 1218 1054 1437 1649 348 2840 1444 900 2826 1663 480 1870 26 559 562 2707 550 445 2767 1417 2538 155 1261 1552 1710 305 197 134 1486 1029 2397 1701 563 1489 860 2714 645 2076 1840 2628 1934 1208 1860 1796 2069 1640 2652 2650 826 1146 2358 635 978 1644 2007 1569 817 221 433 4 1926 2817 1051 547 769 260 1123 463 1656 1407
2115 546 582 807 1084 275 285 1911 1280 2623 1659 1205 196 1616 2464 2014 2572 1221 1697 2474 270 1088 2608 298 244 1525 820 2303 372 6 1702 1061 327 1080 661 1696 466 2448 23 2468 386 334 1541 1436 1198 1766 281 2791 1882 236 2194 620 1387 1947 759 690 1371 796 2171 879 1570 475 1884 1260 629 1591 181 40 1684 1426 117 122 2124 1015 454 2056 1440 2245 2633 2460 143 1184 1949 1199 2494 2514 650 425 932 2678 2760 853 669 498 1038 2529 2179 939 1515 884
2454 2050 179 925 2649 2130 1870 2769 1045 712 26 1369 2011 2241 735 440 1422 445 550 480 645 348 1617 2840 2650 1417 2538 1658 2289 1840 1993 663 1489 1319 2375 197 1656 2714 860 1934 2574 562 524 2439 817 769 1901 1983 433 1895 2610 1376 2199 635 463 518 2544 611 1782 1328 947 900 1701 1381 188 675 1710 1029 1135 1663 1532 547 1552 1649 970 2358 2826 1054 1405 2501 1544 559 2076 649 2817 1623 2034 2272 2044 1146 2528 2652 1208 2724 1624 1752 2035 51 111 59
2832 2790 312 1752 221 1102 1146 2817 1545 943 2411 1624 1644 2528 817 4 987 547 1405 1926 1407 611 2389 1656 1386 188 635 2501 2300 283 1934 556 1319 2069 1737 85 626 266 2044 1202 2270 2082 1636 735 1316 2840 2439 1953 613 2477 2538 2375 826 518 440 1799 2631 562 305 759 1983 2486 1029 1995 795 1796 2289 1617 1411 1496 1571 59 2648 2011 2023 2089 2045 1901 2584 433 1328 846 1862 2652 1108 1544 197 1782 1701 2769 2625 2454 468 2476 2836 270 2222 2574 2649 2337
1858 2313 1703 959 2425 565 476 759 468 585 2197 1330 2468 1638 255 1907 669 1389 2168 1910 637 2182 1692 147 2216 562 2562 229 440 217 1032 2437 661 2608 2166 2657 2802 2450 521 1364 2643 2522 297 45 387 1598 2155 2083 1736 305 2810 483 240 236 2565 1719 1288 2760 1672 1315 344 1178 1761 980 2445 2841 732 2279 44 1866 993 2194 1918 1921 2520 284 403 1787 155 189 96 1246 1561 2748 1600 2266 2427 103 43 473 1806 986 1227 237 1449 2795 1251 652 2261 2336
2241 2050 2011 1617 1045 712 1993 2769 169 51 1381 1422 1658 1054 2130 2837 1782 2454 735 1623 947 445 1860 2836 2840 440 1369 1663 1544 562 1679 1437 2767 2826 1218 645 480 1261 2439 563 925 197 1649 1552 559 1029 2649 179 1444 900 155 2707 348 1328 134 2538 1208 1489 2628 1417 305 26 1701 1710 550 1870 769 1486 1840 663 2650 2713 826 2397 2076 635 2133 1640 1895 2714 1416 1948 260 1934 259 1253 4 860 463 1468 1569 978 1146 2034 2352 201 2272 2069 1051 439
1526 1511 2730 2516 1005 2290 1794 730 1442 1379 338 2519 1142 544 2364 1969 1243 1466 1913 1966 1783 2243 593 1094 2417 2492 2151 2746 2006 2299 2830 855 2788 1498 336 1165 435 1309 1634 1325 1581 1968 1850 774 2251 2618 870 2697 365 717 662 2560 749 1174 1131 2102 1020 253 1779 151 610 678 2302 2145 1936 1133 1271 1573 2549 1731 1946 416 800 2196 1311 1670 2680 2005 513 528 1040 2377 923 881 2416 406 1424 811 1079 605 648 248 191 1455 673 2793 1613 105 25 1909
751 1178 2360 1224 2733 2752 1523 1517 1832 1476 954 393 2804 2684 1116 2546 2190 2441 2159 1900 777 2234 1538 215 2745 32 2347 1106 789 2699 581 2202 2437 2700 1996 1856 1513 1693 310 2297 545 1014 95 1176 1760 736 2422 1559 1028 1743 1372 596 462 993 1382 469 1914 2106 2523 436 2277 34 187 902 328 1626 1690 1333 88 1180 1467 182 1734 1795 926 2542 364 1389 2656 341 617 55 1773 2827 1259 2630 2254 1785 1672 818 2166 47 321 658 1714 2240 230 2805 2114 279
1753 1842 1834 1125 18 70 2777 1759 601 2757 951 1252 2077 2 2478 2772 2561 1557 315 2510 2015 2663 2818 431 2622 1390 1839 2302 2579 767 1845 102 898 395 1165 297 1323 374 103 1980 67 2504 1678 1908 2320 2315 1230 364 284 1798 1035 522 2624 2759 1448 502 137 291 692 572 1174 1969 2323 2615 2305 1235 2702 2583 277 688 1728 2290 714 2242 1004 1913 1810 2413 1900 101 1606 1463 876 2509 328 990 1801 848 2329 2149 702 2040 589 126 1334 789 830 2381 2784 1333
249 368 1721 2809 677 2719 1473 1725 1555 2507 1012 444 1406 899 994 1899 968 1223 1075 1876 1810 137 2813 1253 2319 173 2509 2248 574 911 2350 864 1904 1937 2741 494 1212 415 274 202 2435 1874 692 2068 204 1650 72 1151 997 526 1775 682 2292 1557 2287 1439 2708 657 2051 2796 608 2704 2583 1001 442 2661 2291 974 1639 1761 1777 2698 1158 2057 722 948 858 622 2665 1961 1018 219 1746 128 1839 627 67 1135 757 1592 1231 1312 686 520 400 1168 1613 1505 2553 2382
2045 258 1796 692 1584 2319 2023 1134 1073 648 1133 1678 535 1673 811 1988 2561 1980 996 605 2530 315 747 830 2609 2296 1105 1783 2482 1450 2239 2131 1424 2815 2736 385 2843 2275 1992 1126 571 577 1498 1908 248 610 246 2034 1782 616 835 2746 1254 2607 2757 1834 702 1242 2196 1366 2802 2158 2665 70 2197 2518 1331 601 2102 1660 434 1606 2719 71 414 770 97 2675 870 603 1732 2545 544 685 2755 1065 1063 2685 879 2290 257 284 291 2425 1547 2785 2151 1453 2525 288
1946 1247 416 2394 105 1133 2453 243 392 2331 2452 2377 336 1077 869 648 1347 870 2551 2204 1105 2490 490 1731 1271 2417 248 1751 1854 1142 778 2734 253 1614 2718 2196 1595 1138 1498 151 1625 1131 227 701 605 935 1396 1634 1527 883 462 1864 2600 811 2102 2763 1794 256 1174 355 773 187 434 406 998 812 1040 2336 1455 2711 2364 517 1966 1331 2697 2660 1471 1913 865 487 2458 2843 153 570 855 257 984 410 94 218 874 382 544 1002 450 2618 916 2145 535 365
364 1798 803 215 1900 251 2656 436 1166 1106 39 1361 1427 1559 374 2540 1357 1451 1137 1004 2054 1928 1298 2497 395 2040 2000 1693 962 1447 2409 291 1176 1469 2787 1257 101 1434 44 2381 589 1590 1558 727 1334 1786 832 2072 93 898 424 1103 895 132 293 1161 737 989 2149 1180 404 926 1230 1743 1087 1149 1091 1513 1561 2495 707 2784 1672 2579 1213 2190 2504 1175 2701 940 483 2695 1483 658 2066 1609 646 2224 1169 695 572 1535 529 789 29 240 1971 182 581 2699
2458 2085 966 1031 2369 1705 1495 2660 942 791 2543 2147 519 2664 1152 2600 2453 50 1287 1017 1978 1331 1508 1036 2262 318 1565 2596 908 1739 812 1518 1614 607 512 2803 1673 2392 1347 1077 392 2734 416 2204 1384 874 1247 2490 2647 1290 1695 1368 1002 422 631 156 243 1779 1211 320 1119 54 1528 487 515 1920 1770 164 660 568 652 1133 2209 1681 1204 1516 1396 1595 1762 490 841 639 937 1893 1479 886 632 186 984 1676 781 99 1718 410 256 2097 2310 1633 1800 1419
1619 2298 1295 1807 342 879 143 551 2529 2517 557 1925 386 991 1373 1684 1440 2844 2460 1221 1575 718 2271 262 1238 2691 1863 2726 687 1196 1360 641 667 2468 5 1661 1816 795 6 1025 1814 1982 2771 1776 888 1421 1744 299 1330 894 1509 661 810 285 2751 1480 796 2727 2710 2431 1880 1366 147 797 476 2215 2619 1286 244 1129 2261 2801 1887 859 1939 820 385 2197 160 273 2731 2139 1227 2355 1514 2193 1520 228 2541 1283 807 685 2672 2187 226 203 669 2484 1078 1698
956 2751 2348 1541 22 909 2162 2726 1171 1139 2725 2572 244 1949 1696 1744 1603 1280 2841 687 820 2567 1199 2464 941 583 2448 785 1953 991 2109 609 796 1477 1221 285 150 84 509 1602 1596 551 214 2425 971 2197 2421 1371 1214 1911 1084 2457 650 1515 2230 1684 1616 2498 1575 807 1272 466 2210 1866 2678 342 43 1697 493 629 270 2203 641 13 2710 2838 5 2595 2706 1525 1108 6 859 1487 2152 1947 844 750 732 40 1659 592 1765 2468 582 2141 1038 106 1605 334
1462 1221 2666 546 750 285 1366 2194 650 1603 6 2043 1400 2174 454 582 334 2197 2298 1080 406 2319 1687 372 1537 629 2502 1882 879 820 829 1515 2494 1995 1283 1286 5 2691 298 2152 2359 270 2719 2607 844 770 1596 2672 2493 1541 366 1494 398 1285 2726 2810 1380 339 1646 1082 275 976 557 939 759 115 2457 1802 2633 1763 922 143 1605 594 1880 1196 1561 84 2541 1591 568 1922 420 2529 661 1949 2751 1907 1884 1477 2355 2677 163 2348 1661 281 973 375 1761 1684
1721 1473 1592 2708 2569 994 2809 2315 246 1899 1980 2435 2291 447 2813 1692 269 1120 1876 274 2552 2766 494 1212 1463 1620 2728 368 1810 2507 2509 137 1678 1937 2220 1134 782 2683 1055 1056 2685 1606 1185 2526 1931 1904 1406 864 1771 1018 2719 722 200 603 204 963 412 2479 1944 608 1725 1842 686 2144 2741 1892 2161 1955 2511 2438 146 2135 1299 2814 2639 677 2089 316 1598 1834 1505 2248 830 591 12 2825 682 249 1547 1895 1172 1001 688 616 1961 647 1732 2207 725 1010
234 1572 154 1861 795 46 1 1520 551 143 1629 2399 537 1238 1373 30 2727 638 1295 1571 958 1947 2619 1291 2174 913 1509 892 203 1025 1349 2460 1514 1807 797 741 2372 1360 17 2771 2529 2541 787 342 1365 267 2339 2253 2215 2004 891 366 1445 859 557 1724 641 2844 1684 573 1776 1622 1540 1615 2524 2466 1837 262 807 718 1059 1618 195 352 1358 71 1129 2298 1803 1338 2731 570 2738 2330 1994 2797 1675 591 991 1863 2158 1524 1227 226 2385 2444 720 667 810 2486
247 212 825 1121 2336 1577 1157 874 58 153 1246 2793 7 2157 1997 1403 2485 1915 2434 14 604 3 1271 975 2204 2718 2487 1493 1534 254 2426 2417 2453 151 282 652 998 723 1347 2196 1574 2560 765 2536 1642 1583 190 2582 719 1174 881 1289 1247 2416 2304 435 522 2792 1581 875 1128 2830 914 2490 1142 873 1968 1595 549 1625 1136 1573 2697 2843 35 1020 206 2551 812 2024 2585 1970 1985 2290 1105 764 923 1094 869 2018 2103 393 2243 1745 359 648 1913 1301 1909 1936
285 475 1221 1916 2324 2726 270 2032 150 546 650 2162 2391 2210 1570 922 40 1232 1436 182 2152 690 582 2706 2141 826 851 879 2291 2298 2502 84 2115 1113 1038 1603 2355 2761 1541 1798 2346 2421 106 2197 1358 1819 459 1661 629 820 1004 2043 2737 1137 939 2353 894 568 1744 1394 2513 319 395 1272 669 807 1537 275 2348 2014 1184 1575 196 2541 2838 2218 1911 1230 244 411 1188 1536 2567 594 2149 2171 6 490 850 2620 2520 2112 941 2468 1343 1602 614 1257 1515 2160
645 2011 445 2826 1993 2840 563 1422 1029 1617 2088 1840 1636 463 155 440 1552 2289 197 2650 1901 2631 1782 1860 319 2241 550 2836 2735 1253 769 2375 969 1658 51 2544 433 1965 1045 562 259 201 2421 965 2419 735 1649 1381 613 2652 260 2272 978 1486 1679 1208 2050 2628 2815 1948 1316 1054 518 1496 134 1544 900 932 2076 1663 1123 490 169 947 826 559 2309 2837 1895 2713 2574 305 2707 674 2506 1983 350 2080 2034 2001 1437 2141 712 1319 2130 1096 853 1365 2007 1307
844 84 1371 2572 2678 1726 941 398 2751 1113 2503 40 956 1616 2056 1659 1738 1515 43 1380 509 1922 22 244 1171 851 1819 1198 2760 2494 2386 2263 1083 1426 2457 2567 909 2152 1199 466 1953 2608 1080 1214 270 1596 2348 420 1525 45 2688 1397 1864 2115 298 117 2502 1326 1488 20 629 1364 2303 1184 1537 1280 2182 1458 98 2162 2761 2768 1696 582 2359 1797 1139 2620 327 2118 2448 2048 1285 2520 2179 1221 5 2109 2476 498 1949 2203 1907 1064 959 387 644 2498 1482 2522
2272 1051 1948 1096 2556 1496 64 194 2352 1862 2815 1416 2628 2721 2034 978 1261 439 1636 1617 1860 319 1658 1381 1218 562 1649 155 1569 2713 1796 1054 2439 201 169 2836 1901 1316 2650 2309 2826 1965 1782 1623 1840 2433 900 715 2241 100 2001 1486 1148 2412 645 305 231 2652 48 2337 168 977 950 1544 2007 2545 1437 685 2193 2707 2837 2148 1552 1253 1319 2045 1428 2767 1640 197 2131 563 769 735 2626 1453 1878 2376 518 2375 440 1752 494 1490 2735 497 712 2544 51 2592
1752 547 611 1386 1319 1545 1636 2367 2389 2840 2309 563 1901 2842 4 2433 168 155 1146 1496 188 201 440 59 2289 562 2692 1895 1453 2376 626 2553 2270 1316 2652 735 270 685 2650 2034 1993 90 987 932 978 1381 1212 490 1860 2069 2817 1926 2001 433 535 2158 518 2082 2826 1934 2439 591 1490 1649 2375 551 2011 1134 1495 1202 2511 616 1197 892 305 1617 651 2815 1552 446 2631 2292 2837 2300 1862 2085 1407 1658 556 1148 2168 1564 795 2241 2543 137 405 692 1656 1276
1056 647 2207 1547 2135 204 2639 2813 1937 2435 165 1841 1212 2291 899 137 2558 447 1463 2842 2569 1825 2766 2683 1899 1874 2057 2825 1606 2511 362 1940 2736 2741 725 246 2728 804 1134 494 1944 692 1130 1592 2382 2506 1935 1055 2292 2248 1126 2294 2319 948 1223 444 2305 2258 146 2041 2068 722 2192 2393 1464 2691 2719 2665 116 329 686 1986 97 657 442 2580 682 2174 693 1810 210 1076 2438 1453 2286 2732 57 677 2509 1696 574 2419 2275 491 1208 398 2004 551 2376 576
254 3 2490 1642 2247 1121 1670 212 2405 1794 2257 2336 2582 1985 874 1909 392 2793 825 151 2290 1347 366 1379 14 2231 652 2299 2170 2592 1271 568 708 7 1577 2064 1246 93 247 1403 1210 1157 1751 1915 1197 2157 1247 1236 719 1958 1491 765 749 2699 2274 2206 1936 579 2487 2006 1325 1564 2730 490 2718 1094 632 2431 616 1600 2605 228 2493 1508 1708 1575 1195 921 739 282 2198 2101 1652 2172 2052 1851 1526 503 1594 1783 1574 2416 687 662 859 1455 1876 1538 206 2087
123 1600 1253 2349 611 978 2339 2312 986 2012 1775 1811 969 937 2001 687 1319 1652 2783 2148 134 568 1636 1618 1757 965 1540 909 2405 2080 1255 2155 1794 613 1965 2513 1148 2487 2231 147 2729 490 188 708 1724 2815 882 950 1575 43 930 1365 2631 157 961 1862 853 1851 932 1236 276 2266 1437 1330 2327 2150 2350 1803 2840 2328 641 928 1337 441 956 2444 1200 2582 2735 551 2318 2662 2473 1279 2138 618 904 255 934 2226 1949 1498 1860 2428 2541 109 749 2793 440 674
2832 312 221 2790 1102 1146 1752 943 987 1405 4 1545 2411 547 2817 1926 556 635 85 1386 2528 1656 2501 1644 817 2300 188 1624 1319 611 1934 283 2044 1407 1737 266 2069 2389 626 826 2270 2082 1636 1202 2840 613 735 2375 2631 2538 1316 518 2011 433 562 759 2477 1953 1983 1782 1617 2574 2725 1796 468 440 2439 2222 2397 43 2836 795 2652 1422 2486 197 2241 2454 1029 947 305 2724 1993 2289 2023 2707 1901 1496 1190 1552 977 1701 2650 2424 155 26 2367 1328 1799 1411
1659 466 2494 1083 582 1515 1198 2386 844 6 117 1726 2768 2720 690 498 2502 1702 2152 40 1537 327 1426 1205 1882 973 1184 636 1113 1080 1221 1570 2678 2620 2048 45 1768 1400 1616 2203 2572 2751 1687 420 2303 546 2056 1458 762 1797 1180 732 23 1502 1632 1744 1015 1591 2464 298 1326 1364 148 2761 2182 2179 1251 1738 1488 300 1064 375 2448 1397 2014 387 2522 2115 1525 1371 644 2162 2760 851 198 1696 281 2497 2571 1603 2124 1884 1922 2554 661 2351 894 244 2623 398
1782 735 2790 2454 2817 221 26 169 2241 1644 943 1656 2836 1658 2050 1870 712 817 626 1381 1617 2649 1102 2439 1405 2837 1679 2411 925 2840 860 987 1417 2130 2832 1926 1934 1489 1624 1622 1369 445 635 440 1045 1701 1623 51 2375 642 433 2769 2714 1437 556 947 2528 2300 2011 1710 2486 312 1796 348 1993 600 1407 559 1261 562 1328 1218 463 547 188 2707 2100 611 970 1663 1544 1422 2721 2034 1752 305 900 1948 2289 1649 1545 179 1983 1409 1416 1319 1636 2501 85 2628
595 1510 2679 141 2098 1163 177 1784 1903 2122 2587 612 2750 897 156 174 2055 2775 1415 164 2829 1023 2163 2452 460 2355 935 1717 2446 1047 850 1933 2747 694 2201 981 1628 477 760 2469 1145 2645 99 1321 1504 222 208 2421 2009 1976 2722 1676 979 599 666 453 2126 401 1267 629 172 1872 1038 461 2636 2249 731 2156 2655 399 1387 2096 676 437 2640 2071 2743 2342 889 1436 127 1041 1479 1709 1765 834 1241 73 913 2512 2537 2218 2642 2074 516 2691 2353 1155 660 423
2413 558 754 1728 1631 135 2295 757 1689 1945 520 232 1448 1804 2472 2566 2277 2756 19 1801 1087 1533 545 376 2579 2323 634 1597 2785 1231 499 2317 2523 540 853 426 1312 1230 395 2422 1334 1091 1683 714 328 2759 1394 1178 1898 777 1722 1269 1265 424 1296 967 695 2638 34 1558 1996 1867 1714 1383 2547 1228 1839 1469 119 1928 184 2408 88 2354 2540 16 1999 1137 1984 24 2180 213 44 2508 1483 1849 1561 1719 2238 374 2320 596 572 341 291 2615 898 1093 1914 2504
1624 2528 1644 1926 2411 1934 817 1545 1656 562 2817 1407 2790 1796 305 188 1381 987 1782 1386 1405 635 1328 2501 943 1102 2044 2300 547 221 1993 2836 1658 169 1617 2389 440 2721 1663 1679 85 2034 312 2837 51 1544 712 1417 860 611 2439 1218 947 1649 1948 1261 1569 1054 2714 1096 1319 2832 1870 1489 2241 2011 1416 1623 1752 2309 1316 1029 1051 2050 2707 155 715 2826 1369 2454 1444 925 4 348 439 2538 1901 1045 64 2767 2769 735 1202 1437 1422 1146 2545 2130 2352 556
2236 1475 927 2059 1789 1465 2244 363 1662 1787 2429 1378 1568 1062 129 467 484 501 1275 295 2765 2794 1813 653 1022 108 1923 534 1655 1282 2232 495 806 2137 268 452 2531 2407 1127 1967 207 418 52 131 758 61 726 2396 28 1481 838 822 356 296 389 1831 1024 464 478 1050 390 1317 999 225 2806 324 2634 1281 786 2465 2505 780 192 2025 1039 1929 1438 2142 1706 580 1875 314 840 2301 402 2091 471 799 1563 408 1503 326 1932 456 2687 1011 1008 89 455 1635
18 1834 1842 70 951 2818 2777 2 1753 1759 2077 2510 1125 1252 601 2757 2015 2772 2663 2478 431 2561 315 1557 767 1390 2323 2622 1035 2702 2302 2566 2315 1867 277 1980 1334 1839 1722 1448 1689 1801 1075 2016 2644 1091 529 1265 1165 19 1732 1558 75 395 1443 1833 2615 1343 754 737 2756 1383 1535 1728 2295 1804 931 1945 1296 2413 424 2746 2235 119 1224 1849 617 522 603 940 2320 135 67 2242 2737 2149 1908 2472 2277 269 2276 286 2040 2388 1511 39 2020 1969 2504 2509
2555 1130 1727 1800 2506 1134 2495 116 2319 1126 2135 2058 97 1657 2543 2140 1724 2796 2736 1450 1197 1190 2547 1212 834 257 1960 2357 246 2019 2729 2037 790 576 538 607 1920 2660 899 1894 843 811 2258 2281 630 966 184 2239 2453 1036 463 1996 639 1981 2524 1962 1614 1771 519 1707 1516 2791 1747 1892 1673 2838 2310 2041 1343 591 648 1595 830 1739 410 2080 692 50 2623 928 1073 1057 318 2125 2275 104 2741 1211 603 1547 2843 333 1987 230 446 1031 1507 407 2392 1677
1452 140 657 1746 2286 1777 2689 2370 2583 2393 1868 449 1076 1955 1937 633 686 2552 2681 2598 1968 948 804 2144 12 1376 627 2181 494 2813 2580 1944 1473 1185 79 67 2527 2592 2068 2569 329 1581 2250 1721 359 1899 1323 2302 1335 152 1680 2037 2365 1892 103 2294 2248 1421 2674 2702 890 722 146 316 1639 2052 2639 313 587 2315 2560 1118 1314 1725 682 2486 435 2329 2193 1998 2161 2685 705 2119 647 1852 1165 1896 711 2436 1775 1464 1111 2435 2228 993 855 1067 1876 2500
1453 1490 2713 2433 1496 2309 2289 1901 1860 2376 204 2034 645 562 319 2650 1316 1752 201 1940 2826 2272 2375 1569 440 563 1948 2482 2538 537 64 2556 851 2135 1617 439 490 1636 2769 2545 40 433 1649 1840 2207 784 715 2241 2258 1986 1056 1796 2118 1738 1148 2506 1938 2815 1096 2721 305 1782 747 2454 2688 2836 2011 1212 2544 51 663 445 1284 1381 2741 510 1825 978 1993 735 844 2179 1833 48 1747 1937 231 1386 1116 155 1502 246 2030 2004 2612 659 704 547 2088 2439
2502 690 2152 2494 1198 1659 6 1726 1184 498 2153 1537 117 466 1400 1882 1702 2014 1251 2768 762 1570 1515 300 2678 2303 298 1083 2203 582 1205 2182 1221 2720 1364 894 2760 2386 1426 2620 973 2554 1632 2464 1015 844 2179 2705 621 327 1180 2571 1080 387 1661 644 1502 1315 1525 1326 636 941 2522 1687 546 2474 45 2118 1064 2751 1605 2401 1199 96 2060 420 1616 732 2162 1802 2048 40 1768 23 171 2124 1603 2448 2160 609 425 1336 1171 1922 2591 1032 1884 189 244 661
2792 887 998 1470 1854 748 1354 1791 567 2065 2328 118 1977 919 819 982 875 923 1667 1583 2304 579 1531 952 930 945 1769 975 2711 2793 2575 2778 1179 2459 841 151 1585 639 2682 2416 2491 382 7 1271 808 1209 778 311 517 114 2225 2488 2723 513 1210 1578 1063 2618 25 1154 566 1367 492 2252 2026 2647 1851 1528 227 2349 916 2042 2290 1651 1579 2559 1770 1239 2658 763 1347 1946 2151 2730 874 1152 2299 2097 380 1970 1142 2560 1344 392 1920 652 2336 1368 1105 528
2024 426 967 1804 213 2143 1597 2113 1847 2533 24 1161 707 1213 1019 1513 2430 29 2408 2756 1719 2022 634 1265 2615 2546 2066 2178 2320 2784 1149 483 1448 376 240 1849 1389 898 2638 304 520 16 2413 2354 727 1333 1300 119 558 1228 63 2172 2054 286 658 149 232 1115 1773 2472 1672 132 1312 1945 2785 1469 91 789 1176 754 1795 714 2673 1447 1483 293 1631 1728 1559 80 1296 1269 1231 1685 596 792 545 424 2277 1533 1178 1478 695 2235 34 1689 2190 1760 2437 988
525 782 2632 625 679 1248 1598 1048 1018 245 643 200 1612 655 27 2061 2311 858 449 1435 139 654 628 49 2611 721 1780 1438 2070 113 2406 209 1143 1917 471 1692 239 1187 1220 1921 1647 1505 1141 1972 1026 501 2465 2505 216 1781 1500 2017 1648 2316 1822 2091 1961 2164 356 314 430 2402 2681 1725 2280 936 1135 753 618 1140 2429 1555 296 455 1127 2301 1282 1506 131 1050 2687 2407 1787 331 1662 402 31 1008 2794 1655 1262 138 326 478 1395 1465 495 963 1011 1680
2464 2348 2725 42 244 1364 270 1766 2175 2760 1221 2425 1949 1541 1251 582 2591 744 2168 1525 1426 2182 2468 285 820 609 214 2608 2404 1575 1108 2197 1199 785 2056 687 1603 2572 298 1139 1757 2048 2612 1064 2498 1365 2115 2124 1697 2448 236 1013 1283 1088 856 1596 1280 1960 759 2476 1616 5 1015 1866 1702 45 448 690 1858 621 2595 1602 641 1375 6 565 498 2522 2014 1605 891 814 106 1514 2230 2751 546 807 2820 2783 1570 2403 956 228 1315 2659 844 385 934 2541
1115 614 2546 2113 1306 1175 1389 1951 658 1300 2178 485 727 1213 215 304 2066 589 483 2000 2054 1019 293 789 1559 1333 1106 436 1137 2787 1798 2784 2540 2072 1161 2409 1427 1513 149 1900 63 2277 962 646 240 1786 328 1760 364 1451 1361 1394 803 1166 2772 426 898 251 395 2022 393 954 374 2238 1597 714 182 1165 2759 545 1712 2504 572 1353 1125 1685 1672 876 101 737 1244 766 1230 376 2024 1869 1257 1883 1693 1996 558 2314 1323 1773 1928 1091 581 1178 2136 2656
2720 1702 1083 2386 387 844 636 644 2678 466 1797 1515 2263 45 2562 1726 732 1659 2442 396 1802 2116 2643 1336 1318 1113 1596 2048 1198 582 2128 2522 2278 40 861 2160 1064 2498 2182 2056 2457 2572 1471 1768 2202 957 2188 183 133 1601 1537 2079 661 2494 1364 2351 2768 1400 493 42 43 1945 1880 2807 2760 1426 592 1371 762 1487 498 851 1251 2688 1013 2111 19 1205 953 1889 1536 2464 2751 281 2474 2591 2094 2508 198 1632 181 1738 1960 1488 509 2448 2554 1616 407 620
2486 2371 2063 2338 428 1814 2484 837 2092 642 1009 2833 1571 264 1622 1994 2100 2844 1409 2635 1698 1129 2269 352 299 1159 2731 2223 2139 1549 2797 600 1122 2576 349 846 2455 1295 2253 1095 1338 1366 2158 1982 801 667 1815 1887 2776 226 1615 1776 1684 267 17 262 1589 1421 2266 2659 1350 1807 2273 2206 2412 1735 1373 1826 2811 888 2215 1278 2529 1238 2185 46 2607 195 1291 885 2616 1925 891 2771 2399 234 203 1 1572 1227 1457 476 2717 961 2174 90 867 130 2524 1060
353 98 196 701 1819 2363 2264 1864 2691 2203 2494 776 244 2361 2132 2353 557 1402 2186 1077 2460 233 23 2256 1619 879 2327 1170 869 2432 2791 2474 1643 2572 934 40 2468 820 2210 2318 1204 582 796 385 342 1525 592 2582 1697 1709 396 1180 281 909 781 206 466 285 640 551 2623 690 1080 1371 1280 1198 1477 1949 2101 1754 2348 910 1380 1880 1279 270 2517 1113 1676 814 1575 1911 84 1287 1061 2168 1205 959 2734 1184 629 1025 2803 1664 275 2520 69 755 1724 812
2185 1694 1411 2584 2616 1445 1814 262 1043 1684 1360 2844 2298 888 2371 2139 1982 1238 2731 1295 2455 1776 2529 299 741 787 143 2189 1129 1191 857 1572 667 1887 1520 807 810 1925 1807 891 2727 267 2269 2321 1619 2833 1373 270 1440 1509 718 1278 880 428 1221 879 1283 2739 2187 1994 720 2158 287 264 2403 1514 1350 1571 386 1549 1446 1291 2484 2468 147 2659 2399 2771 285 2092 46 2271 1122 2268 448 2100 2797 1196 234 1432 273 1086 1589 1766 600 642 1366 17 2404 1286
1503 495 806 1465 2059 1024 241 464 1274 653 2531 2244 1481 131 52 2794 2429 268 1475 2715 534 799 296 2693 452 418 1655 1831 2236 2285 1875 1787 780 1378 484 1262 467 1039 2527 207 2765 192 290 363 1127 838 1282 2565 1706 1109 1543 2142 1317 1022 1273 2025 455 1062 1991 726 1967 840 356 61 1050 2177 1929 2091 1921 2465 2505 1781 2144 1932 2396 49 1813 225 1885 389 649 2280 1438 1275 1376 408 129 1026 1789 295 1843 2812 53 1011 927 2173 1923 2301 2698 2669
536 1418 1132 176 1588 2668 199 886 1562 1065 2384 2108 569 1686 417 2227 2786 597 2029 62 21 340 1268 802 554 2090 1033 893 121 680 866 2451 1393 429 2423 681 1890 571 332 555 361 302 1793 292 2743 878 500 2031 1431 2333 193 427 2798 1256 142 2539 1888 2217 1952 743 78 979 988 432 868 2415 733 289 2640 1070 1337 1398 1910 2117 36 2629 2568 1879 1553 1399 2093 2570 2808 1906 2428 1430 461 164 1976 1415 1197 729 1266 901 1047 2775 2120 174 156 760
6 1891 2768 690 1882 1603 1397 1605 650 420 1400 1537 1723 1884 1570 546 2666 1221 2194 973 2620 2502 510 285 762 2816 1251 1610 2571 1687 2152 37 300 1015 1515 148 1080 621 298 1738 2476 2706 2521 1488 924 2522 2494 1726 1184 2182 1364 1922 2726 2760 2118 844 475 2705 2608 594 2203 2179 2678 1502 2831 2043 1916 661 582 327 122 236 1560 1198 953 2401 894 1659 2346 2153 1232 2386 466 1462 1471 5 1064 1286 1426 386 1082 398 2160 1744 1844 40 2303 1032 1541 334
1363 924 1487 1288 1703 1471 37 335 1605 2502 650 2043 2230 1953 2841 2816 2666 1726 1891 2152 2554 1171 1315 1364 1723 953 2643 2678 2346 586 762 2313 1916 443 1400 2567 2160 2171 1251 1702 1603 2109 2182 325 189 1488 2153 1232 1570 22 1214 1632 45 2494 2457 1763 2705 922 214 2522 2562 894 2751 2079 2056 2760 1602 2425 475 2348 690 1596 309 2608 2572 2620 2706 2573 1090 1139 2178 856 956 1907 1199 236 1006 2498 2571 594 2386 419 2546 2442 96 2535 1188 304 300 1882
1489 2817 626 1701 817 860 1656 1417 348 2300 1782 1710 611 221 2769 1624 1407 2707 987 1545 188 2528 2721 2790 169 2367 559 943 2454 1644 1405 2411 1437 1319 1934 1926 4 1623 1386 2837 1658 562 547 970 635 2439 1752 1102 51 900 26 1617 524 1814 2836 1622 1381 2486 305 2084 2069 1737 837 2130 433 712 556 735 1409 2241 155 2652 2375 1496 2801 2832 179 1796 203 1589 1983 2100 1924 2052 1328 344 2045 1208 1045 2399 285 391 1316 1870 2034 1216 1569 130 600 2206
335 2554 96 1315 2230 2401 2705 2060 1251 1364 2160 189 2612 2760 2522 762 300 894 2831 2841 1336 1632 1171 45 2313 2153 2043 744 2348 1953 419 1927 1013 20 644 22 609 2571 2591 1560 2643 1032 2182 171 387 2751 468 2079 924 2498 1471 1702 236 2476 1232 621 2109 2502 2608 1064 759 1726 2442 181 2678 586 861 2666 793 2197 2567 2162 2056 1907 922 1288 1318 856 1703 1139 2457 1217 1797 956 1570 214 2448 650 1487 2194 2816 1199 732 2706 2152 183 1326 2188 476 1866
374 395 2542 1004 215 803 1900 737 364 940 1798 1561 1103 1334 341 581 1357 436 2656 2547 39 60 2497 2737 2202 1434 1230 1176 529 1999 617 1137 2323 101 1257 2040 1091 2112 1116 989 2381 926 2277 251 1169 1343 1166 2644 962 132 1559 1451 1298 2368 2020 2190 1626 2383 2699 898 1693 960 683 2621 1928 1631 1869 1476 424 1361 95 1224 2579 1801 949 1839 182 291 1714 954 2701 2000 1818 2149 824 1713 1743 2787 1760 1795 1106 2546 2066 1805 1180 603 2523 777 751 2240
2510 431 2777 2323 1753 70 1125 1834 1759 951 2077 1842 2772 2 18 2757 2818 395 767 737 1252 1557 1035 2478 2015 374 315 2561 2663 135 1839 2566 1390 601 1732 940 830 1230 529 1801 2737 603 1558 1091 1334 1075 2644 2302 2315 558 116 19 2542 581 277 2622 1728 2583 2624 2277 617 2016 1900 1257 101 376 1004 60 424 899 1798 954 39 2579 2040 1323 2295 949 1867 1689 1165 2329 2000 1722 67 2276 2381 2242 1809 688 1448 137 126 1980 291 1535 876 2413 1945 1298
1453 2309 1490 1496 64 201 1901 1569 2433 1860 155 562 2376 2713 645 2826 204 100 2034 1948 1752 1636 2207 439 48 1148 305 1986 1096 2556 2545 2419 2650 270 1617 168 40 568 1825 2741 900 1796 563 747 2272 375 2319 2051 319 2721 811 2076 1316 1940 715 2088 440 2289 1937 1840 2493 2004 2213 2241 2499 1993 2722 1056 2135 659 1416 285 2001 1782 1965 2719 2836 547 249 1502 677 531 482 44 784 978 2305 2813 1747 1285 2030 692 2002 1381 770 51 2815 853 366 1386
1860 439 2135 1606 447 2766 64 1212 2034 2741 116 1316 246 2309 1899 2272 1463 2433 899 2545 2815 2207 2435 2289 692 603 1636 1134 2650 494 2825 1901 201 1490 137 2511 204 1569 510 715 1527 1948 1547 146 2393 535 2842 1096 1552 2558 2376 2506 2241 2665 2713 1800 2721 722 48 1051 835 1169 1496 659 1397 562 2686 948 2826 2736 2813 420 1080 1747 1944 892 100 1362 2838 497 2292 1940 1732 2644 1646 1724 647 747 1108 576 1645 1801 547 1365 1796 275 2004 645 2305 1126
2552 28 1532 2819 313 587 1563 2500 238 1827 2181 2479 152 1896 2283 505 1746 503 2052 2193 1376 2674 523 602 2681 711 2592 2119 1708 2527 1111 1314 849 972 2365 1680 2370 1955 1117 2764 2610 1885 458 1852 1335 2177 2144 68 1741 175 261 649 1164 705 734 2099 1339 316 464 1991 2250 2228 1135 1543 2322 1332 1003 2059 772 2557 495 2105 81 2199 968 1655 2236 2698 726 1182 2689 618 1143 1441 633 655 1974 330 2812 1475 1156 1503 1109 1704 456 1317 2265 331 1823 241
1154 1063 1920 2097 1583 512 841 1368 2682 2252 2723 2660 492 2647 227 2026 1578 515 2459 1031 2042 1977 2488 639 1579 930 517 2310 1179 1770 1239 1367 916 945 2491 607 2328 1772 114 1769 1651 2379 1211 631 812 1528 1058 1800 566 303 1152 652 519 2103 446 1970 928 1566 2140 2392 1347 1906 1419 998 1493 2796 2729 1657 2333 1546 2453 2582 1454 2603 764 2357 887 1136 1747 982 1645 723 2225 118 2426 781 2551 9 450 2008 2019 809 2609 1978 952 648 1268 2605 2711 1287
2034 64 2309 2545 1796 1051 48 439 2433 100 1948 2721 1569 201 2713 1658 1381 562 715 1316 1860 1096 2817 2352 2826 1926 194 1782 1328 712 1261 1416 2241 947 2300 1901 1663 2376 1965 1218 1644 1045 1870 2836 155 1993 2714 2707 1444 2272 221 1552 51 1679 348 659 2815 2837 1656 1544 1407 169 1617 2454 817 1584 1636 1490 1148 305 1054 943 188 1752 2755 547 2650 1649 2769 735 2790 1623 168 26 563 925 611 2767 1405 2649 1319 2439 2088 1350 440 987 978 1369 2206 645
897 1933 1321 2750 2446 2342 2201 2156 1709 2098 666 1044 2645 1790 935 2775 612 2627 1621 755 2432 595 1736 1098 2450 396 957 834 836 2071 2096 1638 856 183 1907 1858 1510 2452 599 156 1047 461 1514 2246 141 2587 981 571 1145 1088 1676 127 2679 2163 174 2249 147 2313 477 2122 189 1023 1976 1183 2339 1504 511 2498 1903 2055 2642 1217 1277 164 222 177 2823 1387 1260 2747 1415 2555 460 2795 1784 908 1163 918 1859 698 2508 2609 958 1717 476 1546 516 208 1305 2640
2043 922 650 2816 2666 2171 1188 475 2810 1891 1603 1723 1763 37 285 1916 546 122 510 1251 750 1082 2194 894 334 411 586 1090 1632 2706 2620 1570 2726 2167 419 2401 2162 1524 1456 1232 759 2346 2612 234 1610 1364 1884 762 690 1284 6 1702 1927 2554 2712 2571 236 2841 2060 1308 2308 1227 1605 443 2160 1844 619 1221 1882 2179 807 1286 335 189 744 1015 2174 459 1520 300 2573 2643 1043 973 594 1416 609 2404 1 2831 1572 1283 2654 1502 2127 217 1487 2313 214 2725
2547 545 1714 499 1561 1631 2542 374 1116 1103 182 1257 1224 757 1999 2381 617 529 395 1334 2566 1801 2180 2700 824 695 1087 2523 683 596 2323 2277 101 1298 1137 1798 95 1713 576 2737 1689 1434 1558 2016 1928 2656 132 34 88 1856 2112 737 2190 1785 1839 1228 1176 47 135 940 1971 1394 1230 1091 954 2472 2699 898 1743 341 2759 251 2827 1538 1760 19 1722 1004 1343 232 558 1178 634 520 2149 983 949 1665 1476 2229 2324 291 2295 803 424 1786 1990 832 1113 1693
2454 1870 2769 26 2241 925 1369 348 860 2649 712 1045 1489 2538 1417 735 179 440 2050 2130 2650 480 1649 2375 2289 1658 445 769 550 1381 433 1993 1663 161 635 1422 1617 463 2840 1701 947 2714 1656 2439 2011 562 645 663 51 1544 1934 1782 1218 169 1796 1860 1405 1496 1261 1644 1316 1840 1895 1054 305 1710 2528 2837 817 197 826 1029 1624 2707 2817 2628 1788 2836 1328 943 1926 2767 221 600 1146 1208 2815 2826 1051 2411 4 987 1545 1752 2574 2213 2199 547 2044 2034
2501 2044 1934 85 635 1656 2574 2411 1405 624 1203 1422 724 1983 987 188 312 556 1484 2397 995 1206 2270 2400 1092 1222 1835 1322 611 2082 1666 128 1342 2463 1319 1878 938 2832 2724 1102 1208 2011 1501 413 1993 2631 322 1881 2650 943 224 2419 2378 932 2003 1150 1352 496 111 1617 703 2800 2762 1901 1674 547 155 1173 1284 2107 1074 2214 518 2358 854 351 831 1636 1820 110 445 2528 622 2599 915 613 2589 2424 1066 1729 274 2840 221 944 2538 2088 2325 1386 463 1957
2733 2080 1482 1517 1507 2550 357 2754 2684 2780 2254 2630 575 107 1626 2586 1523 279 775 1805 462 457 187 2447 777 2033 32 1996 2242 794 1177 2604 1734 2019 2114 902 2347 1169 2489 1611 2414 2637 1669 818 2368 1691 2605 441 949 34 1382 407 2192 1372 917 1104 1450 590 2297 1259 2695 469 230 2641 2383 55 2441 736 1014 95 728 1846 2233 830 693 1914 2020 2651 1856 2106 2176 1410 2275 2536 1091 2785 341 1832 2159 2525 2523 2111 2345 2202 2234 397 2495 1748 2360 1147
837 2063 2455 264 1009 2139 2484 1814 1159 2371 2833 1815 667 2731 2092 428 1338 1982 2215 1589 299 2486 1887 1622 1698 2158 706 1350 1520 1615 1994 885 2739 2269 2223 1373 1776 1122 403 2635 2100 2844 262 1229 1572 1571 2717 1735 1457 2727 2776 263 1877 234 1191 1 195 573 1549 1291 846 1925 2399 1238 913 1619 438 2385 720 891 2206 1129 600 2338 2797 888 267 90 641 17 2576 1509 226 880 1295 2273 46 2127 2412 1409 1863 2616 801 223 1816 642 1824 352 656 1112
1797 1802 1596 1880 644 2573 2278 1556 732 2591 2688 2168 2160 1536 1083 387 335 2094 2678 2468 1637 2197 2048 1696 2710 1227 2498 1629 2188 300 1515 2740 2230 957 2448 181 2457 466 2124 1318 956 759 551 2476 1326 2643 971 1726 609 498 1400 636 2725 147 2442 2738 1199 2474 2751 1421 150 1889 1324 205 2831 1184 1927 2807 851 1995 2216 1078 2841 342 744 1659 1702 45 42 1336 1907 669 1183 1013 1661 2709 1768 1061 2374 2720 1426 1910 2595 476 160 2079 1560 2386 115 814
1045 925 2454 480 2769 1870 2130 179 2241 26 197 2649 1369 735 2050 2538 712 2289 2840 440 433 348 2650 1658 2375 769 2714 860 445 2011 1381 1617 1895 1489 1417 51 1422 663 463 1552 1840 64 1993 1782 1649 550 1218 1656 562 675 2439 518 1701 645 1316 1663 1710 2544 559 1934 1544 1328 59 1054 2272 1569 1788 635 260 947 1405 1901 547 2753 1261 1029 2556 439 1319 826 2270 1860 1796 2034 563 1640 1496 2826 817 2815 2628 2721 2836 2626 2724 1636 2069 1208 2482 169
1451 1672 1361 293 727 215 589 1559 1900 2054 483 1786 1106 2656 2000 658 1306 240 1161 376 572 1513 436 364 1230 1535 374 1176 789 1795 2409 2149 2540 803 1773 395 2787 1798 1257 581 1178 1300 1836 1483 1693 1951 949 2504 614 1561 1115 251 2190 1166 2381 1389 737 2113 962 291 1971 101 898 2699 2784 1743 2383 926 1847 182 1207 1213 2437 777 954 646 1091 1175 29 1149 2759 2072 485 44 2040 2546 132 1353 1180 1244 545 2202 2547 714 1804 1928 2320 1646 1427 2579
1559 2000 1786 1451 182 954 1106 2787 1693 1900 1361 215 293 737 1306 2656 1951 436 581 2040 2149 1760 1672 1795 485 1434 395 1115 2546 29 2240 1175 149 1300 1971 1798 940 2113 2437 832 1773 1513 1257 727 751 1004 1357 39 1712 589 803 291 1959 926 1905 376 1743 2202 1809 286 2172 1869 962 364 2804 374 1818 658 1230 2190 2178 949 2497 2737 1836 1685 251 1535 646 2542 1561 1176 1161 86 2827 1120 529 989 310 2409 2383 2533 614 101 2016 876 1213 2381 2540 2
545 1178 1087 2547 395 2579 328 695 572 2238 101 766 596 1228 1230 1333 95 1898 2504 1394 1207 1743 983 374 1900 754 2759 1137 132 824 364 2827 63 558 2190 2441 898 436 2149 714 1257 2656 2277 310 1176 1798 1631 2040 962 1298 1856 2489 529 2381 789 407 576 2242 1785 2523 1558 1749 2615 1801 1389 1999 1945 1683 182 2111 949 1712 93 1224 2072 1693 1434 2472 1019 2785 1804 1116 88 989 757 1535 2756 1476 2317 2566 658 215 44 1343 1361 1448 1846 1447 1847 2700
761 1365 1487 205 537 96 1217 2216 2841 894 2339 45 856 1602 924 2823 183 2043 475 214 2179 2554 1702 957 2048 1184 2457 1907 2160 1318 236 793 922 1188 2249 2498 127 2317 1183 1927 1514 546 419 650 2374 2751 2678 2838 2725 2171 509 1364 2230 2623 1677 1171 167 2572 1059 1726 2810 1288 2666 2502 1939 732 2791 2448 1771 1251 2573 1703 953 969 189 1456 482 1536 1315 2608 2386 40 2030 1139 2056 1214 1763 154 1336 2346 466 2348 2060 2351 1865 2464 1570 1697 1616 2567
2554 1171 22 2751 2841 189 1602 2457 1032 214 1953 1283 419 2060 2567 2502 1927 2043 759 894 96 1364 167 2666 1702 650 1907 1188 2153 1315 1632 2109 1108 957 924 2725 2760 1013 2313 1139 2230 576 1738 1858 1365 1217 922 1083 1214 2222 20 661 2160 2216 844 586 1866 2171 2464 744 1336 2351 2182 2810 2152 2476 1515 2608 1696 1596 509 2079 285 2705 1488 270 2348 1514 2162 1082 1605 2404 454 2643 2425 1995 1661 609 829 851 335 2612 468 2030 956 84 2726 2179 2816 2386
1503 2059 2531 1024 1274 1475 653 495 726 452 1655 1789 464 484 1062 467 799 2142 268 2693 1875 1378 2236 806 1706 131 2285 2794 1932 1039 129 1127 999 501 758 1831 927 389 2244 1022 1787 2470 1465 2765 1813 207 1262 295 2232 2715 2091 241 534 290 1967 52 1843 1275 356 1730 2025 61 2396 1011 390 1923 2173 840 239 1376 2137 2429 1282 1635 1568 296 1050 363 2193 1543 1827 408 822 1929 1741 1481 838 89 734 602 1303 1563 225 655 2565 455 2698 245 49 1991
6 1221 1603 690 1882 386 285 2502 298 1080 2152 1605 420 1537 2494 1462 973 1570 546 750 2706 650 2529 5 1884 2359 334 594 1285 1816 879 40 1397 796 475 2620 122 1541 1660 1922 582 2666 2691 557 339 629 1198 1661 1807 1925 851 2768 1687 1515 327 1426 1400 37 1232 1380 1366 1646 2303 894 850 2115 1659 863 2153 820 244 621 1184 398 510 1352 2677 2572 425 2000 1251 2355 1364 1726 2118 1440 1480 2460 2179 759 1488 991 2633 2726 2571 2348 84 2678 844 148
2077 2777 1125 1753 1252 2772 2478 951 2818 2015 1834 1842 18 2302 2510 70 2 1165 601 2663 2161 1839 767 688 1557 1759 191 1323 2413 1035 315 431 1451 2746 2561 1969 1511 2320 2757 954 529 2323 2329 876 2624 103 86 1235 2000 614 359 2277 2315 29 1809 1867 126 1678 2314 2290 2583 1391 1558 1905 1959 1442 2295 291 1804 990 646 395 1722 1999 1689 2748 293 297 426 1728 10 67 881 1732 2276 634 707 1597 1801 2622 2566 2644 277 1685 1448 1257 1243 1869 1980 1845
767 1125 1753 1938 277 2777 431 1834 951 2510 2818 2077 2478 2772 889 1443 2 70 1842 18 1833 1252 211 1035 1980 2015 1557 1839 1759 2663 1394 2686 1845 126 601 2624 1593 1224 315 1418 1989 369 2622 2757 75 2496 1849 2700 2302 395 1712 1114 2532 1091 1801 2315 931 102 2561 1747 1760 2741 1434 1257 1579 1165 515 1795 417 2577 1722 848 2547 1178 903 2277 997 1867 578 2190 60 1004 1460 1343 1390 19 596 63 461 2702 2388 754 954 1847 500 2775 1463 529 95 1686
353 869 1643 585 1625 233 2103 2081 1042 98 2256 196 820 701 2264 2067 1819 910 244 809 2361 153 2194 2261 22 1963 2210 69 285 1283 1864 1702 776 1546 582 1402 1632 1637 609 592 183 2554 956 2404 2048 247 661 640 1214 1583 147 2464 1171 959 2348 894 282 476 732 270 2718 2101 214 1227 2257 2450 466 1696 2810 1108 1221 1330 419 2366 1556 1596 755 2168 669 934 2153 762 1502 446 2278 650 2369 957 206 40 1170 2761 1858 217 255 1953 387 1188 2474 2841
1946 416 2394 1271 1105 778 105 243 1854 975 151 2697 855 2711 1581 1794 2453 660 593 528 2519 1778 7 1247 1142 567 1742 1040 2830 382 2417 1020 605 1731 1396 2331 2364 2600 2204 1554 2793 908 2377 1966 1913 2560 1268 2251 1133 1495 2196 984 2664 2243 1614 517 2369 1968 2660 392 153 883 2458 1634 1442 487 1573 549 869 1311 257 813 1370 337 1751 2336 1970 662 54 50 631 490 1325 1174 2095 648 1138 952 118 1243 253 1498 870 2304 2843 2551 513 1331 1309 1864
1908 702 848 284 768 903 1830 931 2601 2624 2388 835 1254 502 1310 65 1845 103 2471 1512 250 1323 1340 297 1107 1821 2276 990 1114 684 1235 578 1608 1720 739 688 1186 126 1391 522 1767 1975 1413 1759 1450 277 1334 2224 2622 767 1448 792 568 1980 830 1943 111 610 2383 603 2495 1346 1732 2003 2299 2780 693 2314 2605 1557 2757 2129 1498 1626 279 2080 1794 366 544 590 575 441 2020 1400 2297 1406 811 2756 993 1548 1834 1620 1689 1646 2302 1065 2329 917 2275 2192
876 1905 2329 269 1809 116 993 2314 2000 2121 2583 2161 2563 2240 2302 2510 83 2276 2719 614 1980 1869 1959 514 86 688 1732 1001 1919 126 2350 2624 1300 10 2701 1016 2315 1558 1244 2174 960 1165 67 2518 1120 1406 581 2653 2748 684 2804 1075 191 2 603 494 767 835 1767 424 293 2621 1410 830 845 55 39 359 2176 1548 1606 727 2695 2755 1055 1306 379 2275 2388 2020 145 693 2294 1678 1252 1346 584 951 1345 2166 2324 917 29 1358 1375 339 1990 2277 1523 2699
2457 551 1227 1221 1575 5 1421 956 1938 732 844 1515 147 2372 210 2691 366 2004 2541 1696 476 807 820 687 1802 1238 2174 1291 143 2197 845 889 1797 1861 1833 1880 557 991 1358 2738 2436 976 1295 43 1837 1618 1276 1509 641 669 1541 244 342 270 1863 1286 1571 468 387 1283 2128 661 969 1143 2672 642 2688 2444 2094 1596 2460 2188 644 876 509 448 2595 1807 1792 2710 1095 1646 1761 372 859 166 267 1514 262 2631 1330 2695 2474 1223 1747 1366 2732 2194 1199 2761
2044 2501 85 987 1934 724 1901 635 1656 2088 188 1405 1422 2411 1617 547 995 556 1636 2631 1993 1840 1208 2270 624 2007 2358 440 1752 1123 1386 611 1878 2574 2082 305 550 1319 1983 562 932 1203 826 155 1284 2832 51 2051 1848 490 943 1697 2011 439 2213 2650 2528 134 221 2713 1536 2378 1316 2544 2538 486 2400 563 1484 613 559 1874 1092 59 2167 110 950 4 2439 122 1437 1790 1439 518 2069 2424 259 2419 2367 312 2826 1046 2817 1666 2397 645 168 2646 622 735
2342 1933 2775 1504 2645 1415 174 2201 222 164 595 755 935 2450 156 2355 477 850 1436 981 2577 1736 1214 1163 2750 2163 2520 460 2218 2156 141 2567 1171 2587 1321 396 666 629 1510 612 2751 1113 516 1903 2679 23 971 22 1709 2512 437 150 2353 1976 1632 1907 1744 2247 1696 2636 461 2464 2055 1371 244 1784 208 1688 2098 196 2432 1949 583 2150 281 127 2838 453 1790 687 1717 1160 1098 2071 2109 1038 897 40 2722 1255 694 1279 98 2446 84 941 2582 1155 856 399
1513 215 1559 1672 483 2409 1451 589 293 2787 1900 2054 240 727 1161 1178 1361 2000 2784 2383 1535 2656 789 803 436 1306 658 2504 1795 364 376 581 1106 1847 967 1951 1300 2579 1180 1115 374 395 1175 2546 1244 182 1786 1176 1743 1230 1693 1389 737 2190 1298 1798 2149 2113 1166 1804 2759 1483 291 1019 1773 962 44 954 2540 39 2542 1213 1357 101 572 1928 845 373 251 646 132 1257 1558 1749 898 2437 2699 1149 2040 614 2381 29 1836 1091 2305 1561 1959 485 2695 1869
650 1221 2810 2666 1603 285 475 2043 750 922 1462 1916 546 2726 1188 879 37 2197 1696 6 2171 557 2691 1515 334 2841 1541 275 2346 2174 1366 96 2494 1602 1605 953 2567 894 2194 2541 1487 2554 1763 1080 1882 2706 244 1570 820 2502 1616 2355 40 2298 614 594 1537 143 2457 924 454 1400 759 690 2313 2719 1927 375 2573 5 582 1315 1232 1184 298 2179 2115 1723 214 1488 2751 956 2359 1687 1703 1884 609 2032 909 2677 551 844 459 1171 1494 2362 2546 2571 1844 1358
1925 1294 810 1619 2619 1939 814 1446 2529 879 1258 2517 1982 665 244 30 1816 1863 718 2481 386 2332 2590 641 1270 2607 385 557 2271 2524 2460 299 1221 2468 1530 796 1283 2266 1440 2739 706 667 228 577 1078 1191 2431 1607 2833 1129 2187 2363 2298 787 298 690 1480 1616 1108 1684 2797 638 1807 2455 1744 991 2771 438 1341 2633 1445 1887 270 1373 2494 888 2094 2153 2139 2834 2811 2303 2595 127 428 143 1324 1377 2659 167 511 1009 1664 2691 2185 1366 1504 2385 1815 2616
2773 1730 2193 1018 1680 2250 633 2681 1111 505 2406 1003 503 2191 1335 1156 2500 890 2322 782 877 326 2473 1715 772 2199 602 2819 1293 1648 1746 2557 580 220 2283 1240 1097 643 1406 1955 655 28 1575 458 1135 1929 568 2513 1600 2594 2365 152 523 1704 1317 771 27 2716 2370 2552 711 238 705 2265 1813 2228 1799 159 2105 1461 1972 1974 1472 1441 1741 587 200 872 31 2062 721 2598 968 1555 849 449 1827 1650 1635 2181 1099 2735 1655 552 1048 59 2138 455 1618 501
431 767 1938 2510 70 1753 277 2 1125 1834 2777 1443 1842 2077 1833 951 2478 2772 18 1759 889 1839 2818 1035 1252 601 211 1845 2561 2015 1394 1593 2663 2686 395 1434 2302 1557 2757 315 1980 75 2624 374 126 2532 1747 1165 1257 2315 2644 1908 1418 1004 1722 2496 997 1224 2700 2741 931 2577 2566 1867 1231 1114 2277 529 898 1760 1801 848 2381 1383 182 2622 500 754 903 1298 2547 2579 60 270 1390 954 369 714 2702 1971 1447 2016 581 2000 291 545 364 1795 1904 297
1866 154 2725 1596 2749 956 2740 150 1602 1108 2348 2751 45 2838 909 2666 1696 650 2448 205 43 1524 270 2498 2043 1458 1953 620 2230 1797 1907 2457 924 759 2425 2197 785 2710 2567 1477 2608 509 2841 285 2115 5 2760 1603 2643 1541 2468 732 1629 844 1221 1365 181 1139 22 2182 236 2313 2464 592 1858 210 2056 1260 229 1702 2456 1364 1171 551 583 398 2171 493 1487 2160 820 2503 1861 959 2474 1949 1665 335 2048 1616 122 1199 2188 2522 2386 2442 1375 1744 851 1889
712 1489 169 1623 1679 1417 1617 2454 2130 1045 860 2649 2050 1782 735 1663 348 1054 1870 1369 2837 947 1701 2769 1658 1993 179 925 1381 26 2241 1948 1051 1261 2836 1544 1328 2767 2721 1649 2707 1437 1796 2034 1416 1218 1422 1444 305 2439 440 51 1096 1569 1710 2714 2011 559 2628 155 1656 1208 900 2545 562 2352 635 1407 1029 2826 645 1860 445 2652 2817 194 1622 715 817 2076 2840 1624 563 2411 2528 1878 600 1644 1934 2538 64 1405 2272 2713 978 2486 987 2419 2300 259
2520 2210 672 2828 377 1337 2578 640 13 1279 828 56 323 1668 1949 2602 1910 933 698 1272 934 2247 2428 2327 2582 2570 2671 2539 1041 2740 2278 1864 2629 1429 1374 2031 585 448 2798 909 1888 43 1600 2838 1764 1070 1754 2083 2795 1757 820 2783 1329 2264 2348 2353 1402 2425 687 859 1038 2334 1236 1168 1638 2227 1575 839 490 2513 618 244 853 1299 937 1761 729 432 649 1249 2342 2071 1375 2048 2761 1234 1358 955 1436 206 592 2786 1643 723 1726 976 1704 270 1491 1794
2113 2178 1115 1213 1389 1175 658 2546 1951 727 1300 2066 614 1019 1306 1513 304 1161 485 215 1559 149 589 2000 483 2409 2054 436 1106 2787 1847 293 1333 2784 63 1795 1900 789 898 182 1244 962 2024 1798 2022 364 1451 376 1773 954 1693 395 1760 1361 1672 426 581 803 646 1685 2277 2656 1786 1869 967 1749 240 374 737 1230 1597 2437 1166 2072 1357 714 1137 2136 2149 2759 1898 1176 1125 545 1353 949 2202 1753 1252 2190 1427 2497 1905 2240 1763 572 1394 1228 1178 1743
1861 210 2174 2672 1675 1665 1392 570 2461 1724 133 551 859 1580 2460 1664 366 57 1234 1358 342 746 1034 1575 797 1792 2187 280 2456 2327 2581 1576 557 82 884 2541 1494 143 514 2004 1620 1193 1776 1684 2694 2330 842 1947 1180 2703 2198 720 1221 2039 2761 2127 2691 603 2186 242 2363 2275 1837 687 793 2418 756 2493 1196 2206 170 1653 154 2621 1348 1276 1522 2548 798 583 2619 1880 2048 2727 2838 879 2229 1515 1732 1887 2374 1609 1375 1350 1432 2699 158 1061 2298 2129
1212 2135 1747 2741 899 137 246 1134 722 2686 1606 1463 204 747 2506 116 1860 1130 2665 494 2813 1547 1937 2511 2248 2207 1646 2319 2825 2558 692 97 165 2080 2766 2838 1724 1636 2305 603 1490 1940 1800 607 1899 2393 1639 948 2644 1380 1935 1527 725 889 2292 2057 201 447 2309 956 1139 1204 1126 804 490 1732 2041 2815 1548 1986 2842 2736 2582 1453 652 686 1359 969 2729 1833 863 2377 2382 407 535 350 2368 2275 1901 1825 1626 811 783 1049 329 339 2650 1169 830 659
1786 2656 1693 1434 737 182 1743 2149 1559 954 1257 2040 215 1900 1451 436 1971 1106 962 1760 310 581 1535 1798 1361 364 2190 1298 101 1685 2000 926 2827 2787 832 940 1176 803 2737 1795 395 149 983 1004 293 2016 1856 529 751 2021 1712 2804 949 2546 2129 1818 374 2240 132 1513 1561 2114 251 2441 2699 2497 2202 1773 1224 2381 95 75 39 1357 695 1343 2504 2113 989 2297 1672 29 1334 1558 824 2542 2566 376 2329 789 2172 1149 371 341 589 1091 617 2437 1427 286
1575 1861 2327 1664 210 1221 1792 2493 1724 859 2541 2460 1675 2174 2691 557 2672 1665 366 2363 2187 2324 57 1358 2694 6 842 797 1392 1515 2461 2581 1580 879 2699 2456 2548 1776 170 1196 1113 1494 514 934 1576 746 1193 133 1234 793 386 285 280 1276 1295 551 2206 884 82 493 2582 1537 2039 1807 582 2761 1195 720 820 242 960 2247 1432 2621 2127 150 687 2002 2659 1375 1350 570 1080 342 1377 1180 1620 2004 2198 2048 2275 438 1609 1619 1696 2838 1653 1292 77 1034
439 64 1569 562 2309 2650 48 1490 1496 1453 2713 645 155 2272 2241 100 2721 1901 2034 1416 1860 2826 2433 2376 715 201 563 1752 1617 2213 2556 1948 1381 305 2289 1640 2352 1316 1096 2769 51 1051 1649 440 978 1840 231 319 204 2051 900 1658 168 1218 1636 1386 1045 1796 2815 547 2001 2612 1993 1437 1123 2545 1054 2837 2652 1148 197 2130 2567 433 712 1603 2840 2375 1552 482 2337 537 2401 1422 2118 2305 2050 2439 2538 735 659 2088 1046 285 2836 1319 445 375 214 2313
2501 1934 2411 312 85 1405 2044 635 1656 987 2832 2528 943 1102 556 2790 188 2817 1644 221 547 1752 611 2270 1926 735 1319 1901 562 155 1636 1617 1386 518 2397 1316 2069 817 2574 1407 2300 1796 2011 1624 1422 1782 2082 2538 2545 712 2241 559 1878 2034 1983 1045 626 1545 2454 51 134 1146 2724 2826 305 439 2840 259 1658 197 64 1369 900 2419 2007 995 445 1993 2836 2439 1840 1640 433 2631 2088 2367 2050 440 4 563 1552 26 2352 1203 1428 1848 1284 663 1437 2477
2328 930 841 982 748 887 1977 875 2723 945 1579 1179 2491 2252 1470 916 639 1154 579 2682 1769 492 1578 952 227 2488 2349 2792 118 2778 2065 1583 2575 2026 819 311 998 2459 114 1770 1585 1791 1531 919 2416 2042 1354 1063 2097 2225 512 1651 566 1667 2618 25 1851 382 567 2647 928 1854 2559 923 2711 1528 1920 517 1210 515 1209 1367 528 2487 513 778 2290 7 2729 763 604 1368 2304 2793 652 2658 975 1347 2379 2536 1239 1970 575 9 764 749 719 800 151 1289
789 2579 754 1804 1749 483 2784 596 545 2504 1228 962 240 1847 1178 695 572 1213 2190 1161 1785 967 2546 63 304 364 1712 2238 2759 328 1672 766 395 407 376 1513 983 1898 1019 2066 1361 2277 2523 1483 2827 2441 132 2472 1257 101 1394 2113 2381 1087 1795 824 1535 1760 310 1900 2317 1106 2547 1773 1230 1447 1137 1469 341 2178 34 1743 1798 1914 757 1176 1559 1300 1801 2022 374 2437 1883 2785 1091 1990 2745 954 1389 88 529 436 1999 2202 2656 16 777 1166 182 2111
1577 247 1157 1534 212 190 1121 723 1289 58 1493 1574 1997 825 1403 2157 2585 914 2582 1128 2718 2018 1347 604 153 874 1595 1915 2485 719 2536 2146 1247 2487 2204 1246 2824 35 2434 14 549 2008 998 1351 2336 1359 2361 812 2426 873 2405 652 303 2209 2793 450 2453 764 2792 1204 615 206 539 435 1745 1772 3 2550 2490 416 1751 2067 2284 779 2353 1913 2170 343 1734 1581 2254 1583 2019 1174 2196 1970 1507 2843 887 1727 1228 765 1985 1094 1642 7 2604 457 2492 869
2768 1537 1659 1184 690 117 475 2303 2494 1080 1884 953 1570 2014 2179 1400 1502 466 1198 2203 2573 2620 1515 546 973 6 1687 275 40 879 420 1738 510 1397 20 980 2043 1380 1601 1979 2124 1015 498 1326 1922 327 2502 2720 1882 375 1180 650 2222 1916 2623 1205 557 298 39 2677 1471 300 2571 448 2346 2152 1426 2460 2115 2366 2359 2522 2706 2841 2118 281 84 1251 1199 2791 1610 844 582 2268 1525 2726 2751 2572 1285 45 1488 909 148 425 2386 459 1462 398 2521 2760
29 2533 2172 1149 2354 286 1849 967 707 2320 2024 2000 1451 2054 24 1804 1448 1867 2673 426 2615 1689 634 2413 2143 2295 1722 1361 2430 293 1597 1529 1561 291 2021 1334 1469 1265 91 2408 213 1269 2787 2756 376 1672 1535 2566 424 1798 1728 1719 1296 1559 80 2390 44 520 1298 2235 1483 16 832 558 1091 119 954 1836 1346 803 2656 1478 2078 2323 792 2748 1103 1434 1773 2247 898 589 1257 2129 1106 1447 1558 1631 483 1886 2472 962 1795 2149 1176 240 754 39 19 60
346 2669 753 1787 1662 108 2821 1275 2301 192 2465 2505 61 2407 1022 363 295 49 758 2398 2634 936 52 225 654 326 840 2687 467 89 125 2025 2467 207 2690 1923 2806 1781 501 478 786 2429 1048 2765 1378 2794 1465 2061 389 628 1481 1024 2091 1395 1929 455 1730 1039 1780 1921 129 1506 2285 2059 1262 1918 452 484 430 1438 464 525 471 2137 1612 2531 1282 331 2565 2244 1706 2396 1008 402 1220 2611 2632 1967 1317 1050 1127 2070 580 31 504 2236 1475 1097 1568 2311
1628 401 2163 1023 73 816 1085 453 2122 2074 141 2055 437 399 1599 1688 2679 2587 380 1233 1155 1510 1903 2469 1047 612 760 177 208 1089 1404 2098 1163 1808 731 1100 1717 222 2274 2829 1241 981 2009 823 2722 1872 2126 595 935 1160 461 1504 460 2452 2655 2775 2750 172 174 2362 1784 1145 694 599 2747 1933 1305 2512 2201 2218 2577 850 156 2636 1415 2342 477 72 164 2282 451 755 1790 2537 1736 1436 2090 1976 1321 2446 1793 1806 2642 193 660 530 1553 897 2645 2355
1813 1062 806 1831 2059 1730 129 1655 1923 2244 501 2715 2687 1929 2301 1275 295 464 131 418 927 534 1378 31 1481 192 495 780 504 2806 452 1465 2232 324 2025 1843 484 1568 1787 2236 363 1706 467 2429 268 1050 241 2407 314 207 2765 1789 2669 1662 1024 125 2396 52 1018 1475 653 346 2531 1974 1503 458 505 1755 2406 782 1281 840 1240 1097 1293 296 326 2142 53 580 758 822 1875 245 225 1039 2690 799 2285 1967 1932 1822 838 2565 1022 1332 1026 2173 2693 356
702 848 1908 1830 1845 284 931 903 2601 768 2624 2471 1107 65 502 1114 1310 1512 126 2388 1340 250 835 1720 578 990 1821 688 1608 103 297 1323 1254 2276 1235 1413 522 1767 684 2754 1391 2080 1186 1975 2780 2605 1626 2368 1372 818 1482 2637 2347 917 2020 2630 279 2297 603 1832 441 693 2314 2242 2733 1400 2586 2033 357 2695 830 1120 2275 2447 1523 794 1611 1450 2329 2383 1397 1687 1732 1507 1169 575 379 1620 2192 1943 775 2040 2604 1678 1192 2805 339 1548 1259 590
18 1842 1834 951 1753 2 1125 601 2777 70 2077 2818 1252 1759 2663 2772 2478 2015 2510 2757 431 1557 2561 1390 2622 315 2644 767 522 2702 1035 2315 1839 2302 2242 1448 1798 1849 67 2579 395 2756 1980 714 2615 75 1689 2323 2016 1091 529 2504 1165 1747 1230 2509 1900 1801 2728 1833 1343 1443 101 277 989 2320 725 1333 2149 1804 1678 2290 754 2746 2759 931 572 1845 1830 1312 789 364 2277 1535 1334 2040 1728 1004 374 848 1394 2583 1867 1908 1558 2566 1732 881 2506 2686
1689 1801 2180 1999 1116 47 1714 2566 34 683 499 1334 465 2472 2547 757 1224 1838 695 88 1713 2277 2523 1798 1914 529 1839 1103 132 341 1298 374 1434 1176 1631 1743 824 617 2202 634 1728 777 1091 545 564 184 2354 1087 1178 1561 2656 2699 2190 2422 1856 2112 1257 1533 2745 2430 1900 576 395 1867 754 2258 2323 983 954 1343 1849 1841 949 1693 2224 182 2785 1712 603 1538 739 2295 1990 2020 520 1590 926 1785 1383 1732 558 101 2542 1535 371 2644 230 1476 1269 1996
36 2428 1431 743 1236 56 142 72 2117 961 568 868 1330 901 400 1492 2668 358 2568 2753 2047 157 1564 2183 2578 1761 1888 1910 489 427 2735 2423 2445 733 544 1698 2783 965 429 669 658 500 2267 2539 898 1302 1597 1499 1469 2655 968 2451 802 2380 1794 2078 1804 1719 792 176 708 1065 2155 255 1292 323 1429 2224 123 538 2231 1172 1638 2029 1613 1256 12 598 662 1337 2290 1485 1890 1886 970 237 2559 878 584 2299 673 2781 1003 59 350 1110 240 2786 1399 16
1752 2790 221 1926 1102 943 2817 2832 1545 1624 1146 1644 987 2528 2300 312 1656 817 1407 2389 547 2411 1316 2501 1386 1405 1934 611 85 1737 4 1319 556 635 735 2375 1636 188 1496 2044 2367 2538 2069 2289 440 266 433 642 2454 2241 626 2270 283 1584 2840 1202 1796 860 663 1865 2023 59 1571 2439 1617 2545 2100 1799 2082 1995 2486 518 1870 2189 1862 2272 1701 43 613 1045 2050 826 846 2045 2650 2631 1369 305 2130 155 712 563 1983 197 562 2011 463 2649 1993 468
974 655 2070 2316 1598 643 1223 200 1500 326 1275 1730 858 1018 1262 1506 782 1141 1140 471 1941 525 2690 504 2611 192 31 1008 1648 209 1692 1822 1715 625 2687 296 356 1097 346 139 1780 1143 344 580 805 290 618 1438 1127 1293 2669 2062 2406 1048 146 1299 2467 245 1187 654 936 1168 679 1037 1781 1746 628 2255 2279 1777 1439 89 33 2632 1929 455 661 1022 1647 1248 2291 329 159 2248 27 225 216 1874 1039 494 1923 1220 2424 1655 669 1555 1003 52 647 138
143 1129 2529 1684 2524 787 1514 810 551 2298 342 557 638 958 1630 2385 2215 669 1480 352 2844 1366 661 270 2517 2833 2619 1440 2271 2158 665 2473 1863 1816 882 2607 1446 1761 1283 30 2269 1294 1242 147 829 687 1153 879 1291 1982 46 1539 476 2185 1814 2223 2704 986 1540 807 1445 2797 2268 1698 2246 1619 2256 1238 667 267 1994 385 2635 859 2168 1377 1880 299 2455 273 2092 2431 2403 2481 814 1009 358 428 741 2616 2460 1618 1360 718 2709 1925 262 2104 2541 2197
2011 445 645 440 2840 197 134 1253 1993 2631 1840 1029 2838 2050 563 969 463 1422 550 1617 2289 1208 2088 735 1552 490 1901 2544 769 1365 2375 1437 2421 433 1197 2574 1983 851 1358 2348 1049 1575 155 147 562 2683 2424 2650 2141 1224 2130 1665 2639 853 51 559 2419 1113 2461 1895 2076 2167 1636 2133 2278 2001 1116 59 319 2769 1045 2374 624 2524 2707 2327 2317 2595 956 2030 1276 2826 2241 2735 2148 932 2197 42 1468 732 1486 687 1250 1758 214 260 1874 1724 1620 826
1898 407 1093 1914 1683 777 558 949 34 2422 1996 783 2523 2317 1631 2111 617 341 2785 1091 1999 540 328 1856 596 1476 683 520 2238 2838 2202 88 853 1230 2180 1224 2277 545 1103 2547 135 1538 230 2413 2745 2242 95 1561 1945 766 1714 2489 2114 1713 2112 101 1846 2295 2737 592 761 499 2759 695 1116 737 1343 2536 232 2224 572 1304 2699 2374 60 1689 47 824 1801 2071 2381 1207 2472 395 1197 658 2827 462 754 940 926 1178 2441 1838 676 1231 1727 2640 43 2823
197 1617 1782 1649 169 51 1054 1623 735 1679 2840 2241 1381 2837 2011 2836 2050 1045 1658 2628 1437 1261 712 1993 1218 445 155 2826 1328 769 1544 559 319 440 1840 1948 2130 1663 2439 194 1552 2652 2707 1029 2767 1486 978 1417 947 489 1640 645 900 2352 563 1253 134 1416 2769 463 1208 1422 1096 2419 1860 674 562 2556 2051 1051 2337 1444 26 305 2272 433 1202 518 2076 1901 64 2544 2454 2650 1777 1428 2007 1369 1307 2649 2084 260 715 179 2721 1895 2358 201 480 2133
1752 1636 2069 547 1840 1386 1146 266 611 1545 1319 59 2241 221 1316 2389 1496 2832 4 2652 312 1737 626 635 1656 155 283 1102 1934 943 987 2790 1148 1617 1405 188 440 613 978 950 2300 433 1983 826 2289 1437 1701 817 562 1926 563 2424 305 445 2817 1486 556 900 2082 1029 2367 2650 2270 2501 2477 2397 2606 735 168 1901 2375 1965 2439 674 2515 1895 2411 1862 2840 2213 2753 2337 1878 1202 1995 1658 1624 2556 1101 2574 2724 1860 1422 1407 486 231 178 2528 463 977
2785 2413 1914 737 1728 754 1091 777 558 2579 2295 2441 1334 2381 135 1103 766 341 2323 1230 1383 1231 374 949 1296 596 1856 695 328 395 983 60 1448 2040 2190 2827 1996 2472 2566 1898 2238 2759 2547 101 1900 1999 1689 1945 19 80 2202 1176 95 2111 424 2504 132 2737 2242 1743 232 581 617 926 940 739 2756 39 1683 2224 499 376 520 1561 215 1631 364 529 2615 119 1265 436 407 1714 1269 1343 1984 1116 1535 2523 1304 832 1312 545 1804 310 2745 2277 1818 962
2389 1386 547 1545 611 2367 59 1752 1319 2692 556 2270 987 1926 2205 188 950 817 2375 2300 85 663 626 2817 1934 1624 1701 1656 4 1201 400 221 1710 270 716 518 2069 1102 996 2208 1146 1202 2089 631 2832 635 2530 404 2790 1564 1407 2411 2082 2528 2655 2661 2001 490 2391 2425 978 312 1988 2650 1253 1108 451 1496 977 1264 1995 168 2840 2482 396 2183 795 1061 2614 2030 2168 1716 2287 1895 1629 197 1491 604 2312 630 1417 1904 1276 1197 2781 203 685 1181 892 1135
1243 1466 749 1005 2364 257 730 1783 605 811 593 2549 568 253 1946 2788 1600 1871 2730 2697 1794 2299 1526 2052 256 410 1642 2421 2490 1379 2219 196 3 2592 2290 2815 1965 2405 365 1311 434 1778 544 2076 1731 1498 1442 2458 2151 319 743 2618 2035 1518 868 1290 2516 937 1384 2391 429 1634 610 1068 1819 2417 186 673 2680 1319 2487 1966 1670 1131 1779 78 2085 1495 2349 2453 921 900 435 1455 1874 2830 611 248 69 966 338 336 977 2170 631 841 2735 2241 490 2419
1310 1107 1254 309 1277 333 2058 2555 834 1727 861 95 856 284 47 1841 1450 1104 1907 903 65 1512 1990 1908 1669 2605 830 2239 761 2523 2745 702 2547 1999 1217 1318 2080 1476 183 205 2275 1224 362 2317 2388 1523 835 603 2180 1340 2641 462 1036 187 294 1996 502 1713 1714 2591 1449 1113 684 34 1197 1057 2197 2522 777 596 55 1720 88 2202 2160 1821 863 1183 1458 969 2603 1178 576 2374 2630 2056 2562 167 2733 644 2073 1482 250 1930 683 1792 516 1371 2573 2030
2714 1328 2767 1663 1218 2837 1658 1544 1054 2439 1369 1381 1444 169 925 712 2649 1649 947 2707 480 2130 2050 51 1417 1782 2836 1623 1679 1261 1045 348 735 221 194 1407 2545 1796 943 2241 2769 1870 1644 2300 1926 900 860 1051 2826 2528 663 1437 2309 179 64 2454 2817 2034 2713 2840 563 2538 1840 1316 439 2069 201 1878 2790 2433 1860 26 2352 1901 1617 440 547 1636 562 1489 1123 168 1552 1422 305 1948 2628 188 1993 1096 1569 1752 2272 48 1405 2270 1656 2650 1624 1965
1980 2315 2702 2518 2000 277 767 2685 2302 1120 83 1905 2 2314 2663 1869 1180 993 2275 688 1073 2276 845 1451 39 1809 1559 2136 2748 2161 339 603 1186 86 2240 1244 2695 366 876 2653 269 1919 830 1959 191 1786 1678 1442 1732 1548 1357 2804 126 2563 1672 818 379 359 1391 1016 797 1165 931 1767 513 600 293 2437 2787 145 10 1106 1413 1833 373 1457 1646 483 1523 2621 1340 1443 1943 584 590 2383 2020 614 2174 2202 2624 87 2286 378 863 725 581 1401 2222 573
1507 2550 2080 1104 1669 1482 2254 457 2317 1907 2733 107 575 830 34 2754 761 1996 1177 284 969 407 1620 1727 2641 1450 2114 462 1734 2414 1646 2536 1898 2048 2838 1517 1546 1169 2604 1454 861 2058 147 2508 873 2498 2019 1458 357 2630 1626 205 2197 596 1596 2555 441 2605 863 95 2277 1277 2111 794 834 1523 2489 2242 1631 2523 2233 1678 1093 2591 2192 732 1091 2176 775 187 2211 1013 2586 2684 603 777 1914 2386 1977 2780 2125 1866 1805 2234 1732 1846 1179 736 2275 333
1184 2494 2179 690 2303 1884 1659 879 475 953 117 1400 894 1537 2620 1502 275 1080 1570 298 2153 2706 2203 2791 20 96 2014 973 2768 167 459 2502 40 2554 546 2268 1687 1015 1251 2573 6 1199 45 650 2197 2162 510 1515 621 2115 557 1738 1610 980 2522 1205 1198 1064 466 1916 1180 2386 448 327 396 2174 300 1315 1061 2623 2152 2726 454 1425 122 236 150 1221 620 1660 285 143 1556 2182 2474 2760 2460 2688 171 1488 1288 2118 1560 551 1632 851 39 205 1703 2222
2823 167 1260 2030 1709 2608 236 1514 1217 1044 309 1456 856 205 897 2749 957 620 2098 1098 2246 2263 2623 2357 2425 1591 2432 1614 333 2351 147 1321 1449 2627 1673 181 1144 2791 71 1858 396 183 2508 1939 1960 958 834 790 2468 1621 2027 2303 1108 1284 1596 1200 419 2457 2310 1702 327 2131 1907 2268 1084 1088 2517 189 104 851 1556 2660 2498 807 1198 1947 592 1032 785 20 814 40 685 1059 980 285 275 2043 1835 2115 488 1458 474 2156 2060 2103 1844 2474 732 1859
2791 1548 2115 2303 1365 1088 1960 1962 205 1841 2030 1205 298 2128 1765 2203 2014 531 1183 71 2494 1979 2838 1986 96 362 1462 980 1443 5 269 442 275 475 546 1940 1326 598 851 1884 537 1707 2691 1502 1184 830 2179 2275 368 156 692 1197 1665 375 2124 164 2292 1751 2741 2506 2359 676 1080 1198 844 834 183 1714 236 2377 2351 2262 2495 1591 1800 510 2318 1073 327 1664 2375 2341 1479 1976 1733 1725 2547 1453 2051 1455 2603 852 2118 448 603 790 2457 1463 493 406
2558 2207 1056 165 2813 2825 1937 948 2248 2435 146 1899 1212 2382 1463 1944 1825 2135 1547 494 137 1134 2728 647 2292 2639 2393 1639 1055 899 1606 2842 2511 2294 2057 725 804 1464 2291 2569 1935 2683 204 1841 491 1130 2736 2286 2766 447 1223 2708 686 692 246 1185 722 2506 2741 1126 1874 1592 2020 2780 2586 682 2438 2719 116 693 1076 279 2258 362 2580 2041 2033 329 2068 1986 2665 917 949 1940 2319 2305 1626 1777 341 97 2080 2004 2419 1868 574 954 677 2733 55 1517
192 225 2025 2794 207 2669 1275 139 464 61 1481 295 1787 356 1262 418 245 326 2236 296 1923 52 209 455 1378 2396 1022 655 2301 363 346 1706 1475 2173 2091 580 653 2244 1127 1780 2407 1317 2070 1465 2429 129 49 2715 430 654 239 1662 125 643 2232 1813 2765 1274 1730 1050 159 1655 501 1929 495 1692 1612 1282 108 753 1141 2687 2806 1062 504 1506 838 2059 484 1598 1822 471 1503 1039 1831 467 31 2061 200 806 625 1967 525 324 1293 534 1932 383 1781 999
803 364 374 436 101 1900 989 215 1798 2656 2759 395 1559 1176 2149 1106 2504 1004 132 2190 1971 2381 572 737 1451 2579 962 1230 1693 1091 2040 1357 2547 824 1298 1818 251 926 1361 1257 1180 529 1434 1786 695 1343 766 2737 2238 328 182 581 1178 789 940 1169 39 95 589 1427 1743 1883 754 1166 2542 545 2497 341 407 596 2540 1334 2114 2546 1137 2441 898 1561 1558 2242 2000 75 2495 2784 2827 2275 2699 88 1801 2644 727 983 1080 1898 1213 1856 2 564 293 2323
285 759 732 2043 2348 1696 2725 2457 956 1702 650 1227 2643 1524 1083 582 122 1866 214 6 2171 2710 2498 1697 1283 1603 807 551 2167 2313 1221 2841 2468 2751 2476 2810 922 546 829 1139 744 2760 2666 181 1365 2182 1515 1596 2194 851 1858 5 2740 844 22 2162 2425 661 1108 1251 2608 1797 2404 45 270 1188 620 510 1602 644 1364 476 1171 2631 2168 468 2048 1456 1629 2688 167 244 2230 2726 2444 1889 957 2448 2141 1232 1927 1199 1953 2567 2612 236 43 2554 1064 2197
2414 1177 107 2326 2641 187 736 2176 2360 2159 32 55 462 1028 2604 397 1467 728 761 2733 469 1690 1459 861 2073 818 205 333 2630 2550 2234 1669 1517 499 575 1748 1014 2180 1507 1996 407 1538 2111 1970 2239 902 1104 2752 465 1471 2603 34 2684 230 2036 2317 2422 2426 2508 1720 777 1254 2281 2605 2254 379 1091 133 1523 457 596 2310 2745 2033 1907 1169 2019 590 1192 926 250 2080 2754 1821 1960 1906 1036 473 88 210 2114 2495 2233 1898 95 920 592 830 1919 47
353 701 2361 233 98 1864 869 2256 776 1402 1819 640 2264 871 1643 2081 23 196 153 1170 2203 2210 2132 1625 1344 2353 2691 2331 2363 2462 2334 206 2572 1198 2103 2734 879 2394 1042 809 1403 2494 1619 2369 40 2432 13 1077 1249 592 1371 762 1583 2271 1214 247 2153 2520 301 2474 585 820 1970 1632 2839 959 2517 323 1709 1171 1247 781 998 1454 862 956 2342 382 690 2603 244 971 2803 2067 2554 381 828 1565 557 1754 2824 2186 14 2460 1363 2595 509 2468 227 2336
1471 924 2043 1605 650 335 2666 1487 1315 37 1953 1400 2554 894 1703 2502 1726 1603 2153 214 1232 2079 2230 1364 1171 1288 621 1632 1488 1363 2751 2643 1891 762 2346 2841 2197 2567 2573 96 759 2816 953 189 2760 1560 20 2620 1570 2222 1139 2109 1502 1916 419 1702 2160 1251 2688 1738 2425 300 2678 2179 1723 537 750 644 1032 2612 6 2476 167 2152 2706 922 2194 2182 2313 1336 2768 1907 1108 2171 2522 1013 171 1844 2060 1199 690 309 2457 856 2401 1397 475 122 761 420
1753 1125 1834 2777 1557 1252 2510 951 1842 2015 2757 2772 70 18 1759 2 2478 2622 315 1390 2077 601 2818 767 2663 431 2302 1839 1165 1323 898 803 374 1980 2561 103 395 688 2315 1678 297 1035 1558 1004 277 2624 67 2320 876 2583 2323 603 2509 1230 1451 2579 1732 116 1845 830 1969 714 102 2305 126 1810 1235 1798 2329 529 2161 1801 291 1298 1257 1728 2644 522 19 2702 899 101 191 2275 1620 2741 1944 2072 2413 1469 86 2290 29 2540 2504 940 737 881 1091 835
2792 1854 567 118 1791 2065 887 748 1354 998 819 1667 919 808 1470 1977 2328 2711 982 952 1585 875 975 778 2575 930 923 1531 1179 151 945 382 579 2793 1769 2304 7 1271 2459 2491 639 2682 2778 1583 1209 2225 2416 1578 841 513 25 1651 1210 2488 1063 517 1367 311 2252 2618 2723 566 1946 1528 2136 662 763 2647 1244 492 2730 1851 916 1142 2560 2383 2097 2290 227 1581 1920 2536 2042 2349 1742 2026 1913 1154 593 1239 103 1579 1243 1311 2559 380 2395 114 1344 1968
1796 2045 943 221 2023 987 1656 1319 188 635 1584 4 2790 1405 611 1934 258 817 2817 559 1782 1617 283 2411 2454 2501 547 811 1102 1752 1046 85 2069 1422 2011 2050 463 2358 2419 1658 1993 1208 735 626 259 1316 900 266 1636 2574 1848 312 51 2270 826 1428 1644 2007 2755 562 605 2757 2832 1390 2652 1983 257 1710 2800 439 2622 1386 613 1045 2528 2545 201 433 2397 1437 2034 2344 556 2241 414 2713 2544 1146 2538 197 2044 1926 1860 1640 2375 315 1759 712 2319 2826
2061 625 139 363 1598 1127 192 225 1187 326 1780 2794 356 525 2687 209 655 402 1282 2632 245 1435 1662 643 2137 580 1275 471 782 654 1018 679 1612 1024 1787 2091 1918 108 1248 1438 2407 2164 1921 200 2301 1022 296 1692 430 1568 1961 838 464 129 2406 61 207 2025 2669 138 1048 1505 753 27 1011 1262 368 2280 131 1395 331 504 999 721 1967 501 2429 484 628 49 822 2396 699 52 1647 840 31 2402 2232 1039 1917 2017 858 1483 653 2311 455 113 33 2059
530 1909 631 2064 921 1290 446 1384 2049 2257 1742 1370 2282 1613 660 2696 1518 487 1853 1058 1554 662 1301 1604 451 2782 1981 360 710 542 908 54 2140 1000 2519 1739 2596 2664 2087 813 1681 94 2243 1105 966 2796 1331 337 2843 2697 1978 605 392 1794 1498 253 2492 1673 800 1850 1142 336 243 678 937 918 1396 1893 2788 2458 1309 2005 1966 2609 1237 50 855 1783 2259 1913 2331 1017 2416 984 2369 774 1455 942 2660 2299 435 1419 1778 2349 708 673 1119 2006 593 870
2291 1721 2809 2220 1473 994 2719 1223 677 1677 939 494 2766 2813 2435 2825 1771 2683 2526 1961 1937 1931 447 2569 647 1692 204 1056 102 2639 274 1725 2507 2509 1299 1433 1904 898 722 368 1330 1942 1120 1732 2183 1555 269 1168 682 2292 2068 1620 2089 968 963 271 2207 1010 1598 2135 1592 608 246 1874 2741 899 1972 864 1899 858 1060 1876 2752 1810 1134 725 2440 2057 2511 1463 2728 993 2382 255 961 1212 948 616 414 202 692 2704 2329 688 2138 1055 1147 1441 1472 2427
1139 956 2841 2348 732 1953 2457 2230 335 2498 244 1866 2591 2643 2595 387 214 1365 2171 1171 2810 1702 2043 1696 22 205 1596 641 2197 1283 759 1697 551 909 167 1602 2425 1400 959 1108 2620 820 1738 2751 2760 154 1072 687 1797 2188 1726 1288 2502 2339 40 2710 1949 30 1214 1515 2838 1541 2168 969 270 1487 1227 1083 1703 20 2030 2182 1471 2386 147 2048 1221 1113 2442 466 43 2503 2666 1761 1364 181 2567 851 509 620 2179 669 785 814 1199 2678 1371 2278 1078 1315
1417 1489 860 2817 348 1701 712 1870 1782 26 626 169 2769 2454 1656 1623 817 1624 2528 1679 1658 2721 2790 735 2050 2837 2241 1644 2300 1926 1710 221 1796 1369 1381 1045 2411 1407 2836 925 2707 179 1617 2130 1218 947 2649 987 1437 559 1934 1261 2439 1544 1545 1328 51 433 943 188 2714 562 547 1569 1405 1051 440 445 1386 970 1054 1649 1416 2034 715 635 1319 900 1096 1993 1948 2011 1422 1636 611 4 1444 1737 1752 305 1102 2486 463 2084 2538 563 1663 1208 1029 1146
1212 899 2728 1075 137 1944 1810 2813 2558 1937 1055 2248 2135 2741 2509 1056 249 948 165 725 2382 2825 2842 116 1463 202 1130 2350 2207 1547 1639 2766 2393 67 722 2511 2294 1406 246 2719 1935 692 1076 1012 1001 2292 686 1464 693 2435 2319 2583 2286 494 1606 1986 804 1940 1223 917 1904 2121 447 2020 2736 2305 1841 404 2041 146 1825 1134 1874 97 204 2068 1732 253 1899 2224 627 2507 1126 2569 1498 830 2004 1611 1383 1945 2809 603 997 647 329 1473 777 2258 2033 739
1083 1702 181 2386 2643 6 45 582 759 732 2182 620 1696 1064 546 844 1364 2115 644 298 661 2448 2171 2522 2760 1616 1797 466 1515 2554 636 1251 1458 57 1113 228 2725 2160 2056 285 2278 2043 1856 894 1336 647 2807 2678 1013 2194 2464 2048 1221 1536 493 1596 1318 1889 973 690 2313 244 576 183 476 1315 2608 5 1426 1575 42 1858 2118 793 1726 829 236 2153 2079 1697 419 1570 387 189 133 2740 1632 650 2591 2751 1080 2761 1280 2014 40 1999 1380 398 2572 448
2844 1539 352 1684 859 1982 557 2524 2197 2727 879 2139 1572 270 2460 1366 2672 147 1520 1 551 143 2158 234 1619 1330 46 342 1925 1221 787 2541 1880 667 2833 1196 1556 244 2371 641 273 1324 2529 1861 1227 1238 1816 1776 669 2633 913 2092 1360 1630 668 2455 1242 741 1797 267 1802 1295 2215 1814 1358 385 2631 2174 1291 1863 262 1349 2168 732 2372 1009 2363 797 1025 2717 661 2619 969 1766 1421 720 1698 2223 814 2269 2425 1283 2385 115 888 1807 2709 1457 2731 1286
1140 1780 1220 1612 27 49 200 1262 113 655 1506 2061 1048 525 1127 1505 753 628 1141 430 936 2765 1438 1500 1972 2398 455 326 1781 618 2070 2316 2715 1598 471 464 478 1647 216 363 1941 782 1273 356 2467 1395 2669 1465 721 296 1297 225 1274 2465 2505 2690 2698 274 1018 1921 2407 1008 346 999 1026 1039 858 1282 331 877 89 2279 484 643 654 2402 1503 1787 1143 1885 192 1918 1293 1917 726 2311 2611 771 316 52 963 1332 61 31 2228 1317 625 2017 1314 1655
648 1134 2785 644 1796 2561 2239 1063 258 1673 996 2045 1584 1242 811 2530 2547 2034 535 1073 1678 2296 575 2375 1713 576 246 1689 1450 19 2023 60 2319 2688 1197 97 1383 102 414 692 47 70 1834 2736 1980 591 1133 44 1312 1606 2197 1231 1656 2295 2818 1583 1254 1992 1753 230 742 835 2413 577 596 951 1804 564 446 2255 257 2235 1315 132 1908 685 537 284 1728 1283 2518 2756 288 91 1476 2196 521 2752 184 1304 1960 824 605 95 2545 248 1390 830 1935 1660
61 1787 2025 225 2794 295 464 192 2806 207 2669 1706 1022 2236 52 1475 326 129 1275 159 2091 49 1465 1923 758 1481 1932 418 2765 346 501 484 580 31 1024 1062 2142 2396 2407 1378 2531 452 363 408 1503 999 2715 89 1282 2244 467 726 1662 1929 1780 455 2429 1050 390 799 2232 1635 125 1730 840 1262 1789 2280 296 2690 1967 2301 1813 2059 1317 389 456 495 2467 1281 1568 2693 788 356 1127 525 2137 2821 1293 2634 806 653 1831 108 2173 1781 504 1039 822 268
2272 1636 1496 1948 64 2034 1096 1051 2721 1490 439 1862 1552 155 2309 1569 2755 2556 1381 2713 562 1860 201 1782 2352 518 2836 48 2248 1316 2545 1218 1658 1416 2628 2241 2813 563 2815 1453 663 685 100 194 319 440 1796 2131 1649 1617 1261 2289 1284 169 2650 1584 2305 2001 2375 922 1995 804 659 1095 1965 2635 1937 497 1993 715 2439 2433 1456 1901 722 735 490 591 2213 1777 2741 352 115 993 494 2376 433 2050 350 2665 1123 305 2418 204 329 1045 2011 2135 1752 197
2777 1753 1125 951 2772 2077 2478 1252 18 1834 2818 2 1842 2663 2015 70 601 2510 2302 1759 767 2757 1557 315 1165 2000 1390 1980 2622 67 1451 191 277 1004 1798 2702 1839 1323 2315 940 688 103 2323 2561 1106 1343 291 2112 395 1235 2161 44 29 1511 1867 2149 2320 2072 1849 2737 339 2624 2746 1230 581 1786 2409 2644 707 431 1035 1334 258 954 529 297 1559 2533 876 1558 1869 1678 1732 2701 86 1357 1073 835 2583 2277 1257 1908 1361 1597 572 2290 614 1951 1969 182
464 1281 1831 927 1317 1756 2236 1706 2715 2812 1655 1475 159 1813 1503 505 1932 2765 1789 788 456 52 495 1923 2244 1293 1262 786 849 999 1465 418 1332 1008 2059 455 2429 1822 799 1050 1974 2301 295 1026 478 467 2806 726 1481 587 740 806 602 2407 326 2819 28 2794 2193 2500 1662 346 655 523 1929 241 1378 484 1563 1062 125 363 192 108 2716 1097 1912 296 2527 1967 2105 175 1755 653 314 129 268 877 324 2283 1140 504 1143 1730 840 331 1111 1275 580 31
1860 439 2135 2309 1490 64 1606 2741 201 246 1212 2207 2766 204 2004 2665 2511 1547 1463 116 1397 1134 2558 447 659 494 1108 1901 1747 1899 1636 899 2506 510 2080 948 2813 1646 2435 603 1569 270 1944 2393 1552 2825 146 2272 2433 2034 165 1316 2248 2650 100 420 1169 1527 722 1965 2545 2713 563 715 1496 2686 1386 647 2057 1986 2586 747 1948 1940 2826 2842 137 535 1724 692 5 1732 2222 2289 2815 48 750 969 562 2476 82 704 1938 490 2644 1130 1056 857 1276 1825
2609 937 2843 446 1301 811 918 585 1546 2140 1495 535 1454 1604 1575 2487 519 969 708 1455 392 270 94 1894 336 490 2002 1596 1058 1516 1260 1794 1419 1676 451 1514 237 2582 257 928 1133 551 1618 385 605 288 908 853 212 568 2718 2763 1204 1088 852 2318 255 571 2697 1670 2186 2151 648 2341 1415 253 366 43 814 1909 1978 610 2453 616 2377 1002 2067 2775 1657 406 2541 809 700 247 626 1276 1211 1365 2498 2247 2331 2729 1643 248 1981 301 2688 2266 652 157
640 2520 1049 13 2210 698 1038 1279 2578 377 2828 2421 672 1272 839 1668 323 150 1249 2428 2353 2786 196 1910 865 1949 2602 2327 933 1575 1757 2570 955 123 370 2047 127 2227 2795 1374 2249 859 1521 1576 793 979 1704 612 1337 701 56 2032 147 2513 1525 1303 2539 1514 1638 969 2541 2740 2671 2838 828 400 242 1329 986 2452 2841 1933 932 2186 2203 2468 2048 2342 1358 540 1041 1864 1764 2738 1132 1659 536 1365 244 2141 43 1292 2710 934 1472 2167 366 2450 222 882
2464 2725 2591 270 2168 42 2448 609 2348 2048 1766 1108 244 214 1283 466 2404 1426 744 1596 2203 2230 448 1525 661 2014 1251 1949 2278 2175 844 2678 1726 509 582 2124 941 1515 498 2498 1280 2572 1702 856 1139 1364 1757 1953 621 1602 2425 2760 1575 1761 1196 1768 690 2841 298 2554 1632 2457 2327 1659 43 2751 1015 510 1616 934 594 2468 2386 880 1326 228 23 2197 189 490 2179 814 387 1205 2522 2761 2366 366 2608 2210 2182 829 971 5 2562 323 1502 2060 2056 732
1083 1702 2643 759 732 181 1364 2182 894 2760 6 2554 1336 644 582 2386 45 1013 2160 1064 57 2043 2153 228 844 1797 1632 2079 2171 1251 620 1515 2591 2751 636 493 1696 2464 1315 2612 387 42 1889 2401 189 419 596 2810 2725 2278 2448 1856 2740 95 1999 2522 1318 2056 2608 298 957 244 1214 576 2457 2678 1536 96 1113 2194 1596 661 1365 744 2313 22 546 1221 650 2498 2060 1458 1616 851 1575 2374 2048 5 285 2489 1858 1602 2523 2442 40 1792 2705 236 106 2720
2115 546 285 807 2303 582 1221 1697 298 275 270 2014 1436 1884 244 1659 1205 1080 1061 1280 1610 1911 1520 475 1525 1387 1541 980 1766 2791 236 2608 973 1684 1661 386 629 1088 1616 385 454 334 1015 2179 2464 281 196 1366 1603 1084 661 2623 2203 2460 557 1184 1272 2672 820 122 2359 2631 2032 2529 327 690 814 884 425 1570 879 1504 448 1283 1982 2633 56 2348 2298 40 2387 2725 375 2197 2002 1440 1260 1198 466 1858 23 2404 2494 2124 829 2572 6 1196 2131 650
1588 1132 193 1431 536 121 142 988 2078 1886 36 1699 569 866 2090 1553 802 680 1492 1053 1430 733 1793 555 1888 2117 1890 2029 901 878 176 427 2267 868 429 743 2568 2668 1236 2423 554 2217 1268 2024 2451 1256 2743 21 1499 78 967 332 2380 1393 2143 2415 1804 1065 1033 302 289 2384 500 2578 2227 1562 979 707 2430 24 1994 2335 1249 2539 2786 1613 91 292 886 2235 2428 1233 597 426 1129 340 213 62 2798 417 1910 729 2576 2629 1337 323 634 437 2108 361
2510 1839 395 431 737 1801 1230 529 2644 2323 1558 1557 1035 940 889 2 601 70 2777 135 2277 558 1842 1753 1394 1125 1938 1945 2737 520 2242 1834 1683 1833 18 374 1443 783 1798 951 949 581 1631 2663 2686 101 198 2077 19 2759 2772 1091 757 767 2295 116 2542 1390 2621 2699 1103 617 1728 1252 2478 960 424 803 315 1004 75 2566 1898 1231 1257 853 1986 232 2320 1759 341 1747 2818 2302 2741 830 39 2281 1165 2015 60 2072 2561 1334 1722 1434 2413 2114 2112 1383
1920 1368 227 1583 2252 2682 2660 512 517 2310 2042 2026 492 2097 1154 916 1063 1977 1239 1367 1578 1657 2647 928 841 1566 515 1211 2723 1770 998 1179 945 639 2459 114 2357 1970 2379 930 1906 1651 2488 2491 2328 2392 2729 1031 1546 952 778 118 2019 812 1769 1454 1800 2110 700 1978 2603 1579 982 9 607 382 566 1419 519 1152 2796 631 2426 1268 2333 887 1879 2103 1528 1851 1772 919 1645 748 873 957 2551 1354 2125 1518 2711 918 1136 206 2734 2550 2209 1058 861 2065
546 1198 1113 1183 2522 236 183 45 1458 2761 1184 2141 1064 2386 1616 2115 2056 84 1318 2623 2608 2678 96 973 620 785 1960 1536 2203 2182 285 582 1205 167 40 861 205 1866 2760 1570 2572 1251 1371 2303 2048 2317 1907 690 2179 2502 1221 1199 327 2807 181 844 1080 2791 1726 117 1364 1525 1315 1426 636 2448 398 1659 1380 298 244 270 851 1702 956 2160 2457 957 1768 43 2152 1638 20 829 2498 2494 2197 2348 1697 2514 448 23 475 1365 2313 2725 2442 2620 466 661
2840 260 2011 556 433 563 445 197 826 1993 2069 1895 1190 1552 2289 2241 2544 559 463 613 440 2574 134 1405 2133 1045 2769 550 1617 2050 635 2724 2631 547 1253 1983 1422 1029 2515 1636 1386 2082 1486 2088 1208 2270 85 735 2130 178 675 259 518 2375 2424 51 2753 626 1901 1428 2646 2826 1656 769 155 1840 1202 2538 2397 659 1752 1437 1710 712 2626 2419 1782 1658 2650 622 1934 2676 645 943 2454 1316 486 977 1965 2084 987 221 1158 2007 1146 1123 900 2817 168 1381
1879 1567 918 394 700 2392 2093 1237 1978 1119 2660 1981 708 1906 2543 1800 607 1017 2609 2310 1566 2125 451 1211 1676 1495 2019 1002 1170 2796 446 2357 474 1645 1894 2596 2263 1516 104 1859 154 666 1758 570 2140 1093 1621 1909 2331 1301 294 937 2049 1518 462 1765 1651 2086 422 1657 1138 2458 1058 1044 1277 2640 2838 2749 1454 107 1727 257 2085 1419 1604 2843 2262 1938 908 907 2110 1204 2536 1947 834 630 2507 333 1762 2414 2786 2374 1546 1145 2555 812 761 406 1514 2585
2756 2615 1448 1265 754 2320 1728 1804 2413 1743 1269 1334 2566 1535 2295 119 1689 967 1867 2021 1798 2040 2323 2149 695 2579 2785 1693 395 1176 1230 101 954 1296 983 29 1091 2441 1900 737 1722 1383 310 949 1257 1914 2354 777 2242 1834 1434 2472 364 1231 558 2533 1178 1149 926 634 2190 1856 80 132 2656 286 215 1224 376 1561 739 766 341 1478 529 426 2504 572 2016 2547 2827 436 44 91 135 1849 232 1298 424 2202 374 962 1818 940 596 2644 2129 792 545 291
2068 1452 79 1055 686 2294 1175 1944 140 2286 1951 1067 485 1868 2305 722 2135 1463 1076 899 1935 2041 246 1306 876 2741 1869 2766 67 2728 447 2813 137 1547 86 2511 2436 2319 1212 1115 494 1959 293 2842 2580 393 116 2393 948 2558 2382 2583 2251 727 1209 1134 2665 725 1809 97 359 2825 2787 1937 1606 2329 145 2730 2509 2748 1777 513 1185 627 1810 146 2435 1005 1573 1905 2207 2383 165 1639 1466 1244 881 2136 658 2187 646 2113 1130 1120 1464 845 103 1899 2248 2701
1752 547 987 221 1545 2832 1386 1146 556 2817 611 85 312 1319 4 2790 188 1405 1656 635 1102 943 1926 1934 2044 2270 1407 2528 2411 2082 2389 1644 2300 2501 2840 817 1636 626 518 1624 2538 2631 826 613 1901 2069 283 1316 1737 266 2011 440 2375 630 433 1895 2397 2477 155 663 2419 1552 1029 2289 2574 2544 1202 2841 2725 563 134 1993 562 2168 59 197 977 1983 2707 735 445 795 490 1782 463 2626 732 1190 2367 685 1995 950 1617 2724 2836 1953 2652 1453 2167 2688
1908 835 702 1254 1310 284 1107 931 848 1512 2601 903 1821 1340 2388 502 2624 1720 65 1830 250 684 768 2471 990 1845 1975 1114 126 1608 688 2276 1323 103 1391 578 297 1413 2605 1767 379 1626 1186 739 1235 1397 2314 603 1232 2036 1459 1358 1450 1738 1691 2326 818 1732 1400 2754 1169 1984 55 1334 1748 644 1800 2641 693 1035 993 522 917 969 844 830 1620 2275 2386 2563 2457 339 1945 736 1645 1609 2033 2368 2620 851 2510 1372 512 1515 1714 1726 1919 1596 2197 19
1710 1701 611 1319 188 547 977 626 1617 2439 2817 900 562 1417 978 685 987 2367 1208 2837 2652 1437 1782 1386 674 2076 1123 1656 1589 1788 259 169 2769 2241 2082 1381 1489 433 4 1862 2270 2707 2287 1658 1545 217 2836 970 1496 203 817 2375 221 568 559 1623 305 635 1878 860 675 2007 59 2213 1253 319 1926 1752 266 947 2084 1422 489 2486 2012 2454 2200 2544 1629 1636 2300 1624 2515 1640 1983 445 950 2424 2427 1622 155 348 556 285 2389 2592 1600 2399 440 1407
1256 1553 2415 1065 1430 2217 878 2423 1699 429 743 361 62 2743 1398 427 302 332 21 555 289 176 2668 2568 868 2029 886 142 1431 1393 2090 1033 199 2108 802 1418 554 1686 597 1890 893 193 292 1793 2451 979 340 121 988 1562 1492 78 1886 1888 1132 571 1588 2227 56 569 2384 1272 901 681 417 2380 536 36 2520 2786 2578 323 1038 568 186 2117 866 2671 1717 1041 595 1374 2828 2031 1236 2539 2210 2722 1197 2098 2524 1233 2428 437 500 933 2078 1668 1479 2120
1796 2034 1948 2545 1096 1416 1584 2045 2272 2721 64 2023 1569 1051 715 1316 439 2755 305 1636 562 100 2713 1261 258 1782 1658 2352 2815 2241 2454 26 1860 48 2628 169 315 1381 747 1617 2650 535 1640 712 2707 1045 1679 155 2302 1965 463 1623 497 1649 1073 1489 70 1634 605 860 2433 2100 1732 1849 221 1126 2826 348 1862 2836 1624 51 2622 2320 970 440 835 688 2289 2338 947 2375 811 1571 2412 1870 19 735 2817 1350 1496 1993 365 1409 1407 277 2649 67 2309 1980
2241 2840 635 1405 2817 440 445 1993 2769 1045 221 626 433 1656 735 943 817 2011 463 197 1617 826 1029 987 1319 1437 2832 1644 547 1386 2454 712 2375 611 1782 2538 2270 1545 1407 4 1381 2130 1624 1926 1934 169 2050 1658 188 2082 2289 1422 1737 559 518 1710 1752 2439 947 1146 2300 860 1895 1253 556 26 1788 489 675 2069 613 2790 1102 2528 2411 1870 1190 2515 2837 155 51 1701 562 2753 2574 1636 305 1983 2707 550 2044 977 2477 563 970 348 900 663 2084 1417
2797 2139 352 2223 2371 667 2833 428 1698 2269 2844 1982 2484 1735 2455 299 1283 1814 1242 2063 2717 2092 264 1572 837 2576 2158 891 2338 1338 2403 787 385 262 1824 600 234 1826 1159 958 1589 1009 147 1122 195 1807 2412 741 17 2731 2100 2385 888 573 1815 1295 2672 720 2524 214 71 1350 2811 1539 1549 1994 1607 1514 2529 1925 810 2273 2776 641 226 857 2431 2002 1694 2486 2194 1619 1129 2739 913 1043 2313 2612 273 203 2635 1622 90 2123 2399 2633 1291 1457 46 1071
998 2792 1354 2065 748 1583 919 952 887 567 1791 841 1769 1977 1854 1470 982 923 930 1667 875 2328 118 945 579 819 1063 2778 1531 2711 1179 2304 382 566 2575 114 975 2459 1585 492 2682 311 2252 1154 639 1579 2723 2026 2491 517 151 513 25 778 2488 1209 7 2793 2618 2225 2416 227 916 528 2559 2349 1578 1651 512 1770 1367 2042 1271 1851 1528 2290 1210 2647 1239 2730 515 1946 1142 808 2299 2151 1864 1368 2097 910 928 1920 9 2658 652 392 2516 1908 1526 1819
366 2327 2460 1575 1358 2187 2694 1861 557 1665 859 1724 2461 934 570 551 797 1664 1675 242 720 1792 1392 2363 583 1776 2691 210 2541 1494 2703 1180 2174 1432 2198 2127 158 2581 1196 2672 879 746 342 2229 2456 842 991 143 2330 1576 1034 880 438 756 2186 1279 1580 1086 147 1193 228 1350 514 1765 1061 1619 793 385 448 1522 1947 77 244 1807 641 2141 2517 2013 1653 2206 1925 287 1373 798 888 1365 2761 1375 1538 2039 133 687 2096 2048 1234 1515 273 689 82 1837
1510 2775 595 174 2098 1415 1784 2163 612 2587 1163 2750 141 1717 760 2679 460 1047 1321 2636 2009 2355 208 2722 731 164 156 1628 453 897 477 2469 981 1903 437 2747 99 1023 694 2055 1436 2421 2201 1241 2126 399 401 2655 1233 1976 2156 935 177 1145 1504 755 2452 1616 1765 2122 2446 72 1933 1387 1098 2537 1038 73 222 2342 172 676 913 1676 1267 2645 2392 1872 1160 2074 2829 2512 2577 1879 850 599 1088 979 1479 380 461 666 918 2218 1085 2229 1709 1183 932 629
2197 285 956 1458 210 1724 551 203 1421 2761 2688 2174 1221 2313 1866 45 2194 557 829 1199 568 1227 2043 1365 154 1618 814 1684 150 2444 476 2431 937 147 270 2348 1596 620 2171 732 2425 661 1696 1286 448 385 2418 669 2167 1575 1358 934 1844 43 2048 1768 1482 687 2468 2548 991 205 1541 1792 366 2160 1260 1907 1188 1400 2298 1514 1375 2567 2541 372 922 1364 1477 644 879 1283 226 2474 20 685 807 1603 641 2182 2141 909 2461 1927 1837 1324 811 650 2399 1880
1584 2023 1796 2045 2545 2755 2034 1416 64 1948 2272 315 26 70 2721 1569 1051 2161 1096 2302 1316 1261 2454 2375 269 2818 1622 48 100 258 767 439 2352 1753 715 1125 433 688 2622 2077 169 191 1980 835 2241 2815 1870 2430 1782 1252 2650 1571 369 2320 2100 24 1045 712 2837 603 2628 993 1658 1218 1834 2433 1640 2713 951 2649 2102 426 1381 1442 463 860 51 1728 2510 562 1165 1752 348 642 535 2563 1448 846 2817 2757 2486 1992 600 2707 317 2478 1732 1895 735 648
207 2794 2025 61 225 192 1787 296 1481 2091 1475 2396 2173 1127 239 464 356 1024 1282 408 1022 2059 295 2669 2280 726 52 1706 418 389 1274 2236 1275 1465 758 2232 1503 2244 2142 1050 1932 495 2531 1967 2765 1262 209 1378 534 838 455 1789 1568 2806 49 484 840 2715 129 806 53 31 1875 1780 467 346 799 390 1635 268 1039 999 363 2137 1923 1843 2429 1813 654 89 1062 131 245 452 314 139 2164 326 1563 501 1781 653 1655 1612 471 927 822 241 2687 780
2726 270 1603 285 1616 1113 676 1687 2152 327 546 2355 2162 1221 2494 2620 750 2197 366 2630 1541 2048 1665 2502 1462 2761 818 629 2386 2621 2114 2725 482 940 40 2464 2706 406 258 863 1365 1195 1183 1696 1515 2141 2751 1494 1458 594 2421 1907 960 244 1605 2174 609 490 582 275 2112 1661 1477 941 2677 1866 991 2838 1960 1882 1371 2567 84 2605 2056 1757 1646 2211 339 1786 969 1364 844 2672 2160 1819 395 1591 529 1180 650 1609 2230 1949 1400 2807 1927 1801 1426 214
1661 2688 851 1352 2162 957 43 2498 1596 2374 644 2710 1697 1232 20 387 2359 956 2562 724 844 2457 1515 40 2048 2841 1659 909 2442 2464 953 1173 669 1550 744 2751 2706 1474 2726 1591 691 2109 2463 2124 84 1322 624 1015 22 2452 2678 325 2508 2567 2642 2230 150 1426 1199 2386 1380 2648 498 938 1525 5 2278 2313 2216 1371 2599 690 2160 490 2141 2535 468 466 2293 366 1113 2631 1488 2167 2620 1802 2725 932 2114 45 2222 2056 2317 971 1400 1575 459 2448 1738 1514
2152 2494 2502 6 690 117 1221 1882 1198 582 1515 1184 1537 1659 2620 2203 1251 327 1726 1180 1080 1400 973 300 1744 2153 2460 298 498 2768 762 466 546 2303 1083 1687 1925 1364 1661 1426 1616 1702 1570 23 844 910 1819 2386 1015 420 2115 2571 244 1205 776 2014 2179 1632 941 894 1603 797 1113 2182 879 215 1559 1816 2497 1357 40 2474 106 2761 2554 1605 2705 1502 2048 801 2548 366 1884 594 425 1288 636 2678 285 2760 557 621 2706 122 1922 1768 953 2362 720 2000
908 519 1495 2543 2262 942 1621 320 2627 1894 1516 1419 1133 897 1387 156 928 1676 99 937 698 2186 50 1705 2660 1454 2369 2093 1718 186 1017 2664 164 984 406 396 1546 966 1566 1479 1204 1211 571 790 1682 1784 1331 2318 1709 2243 2803 1002 1031 791 557 2341 1119 281 2453 2458 515 2310 2600 516 1385 2460 852 1920 1739 392 538 1321 1287 2331 1521 862 1301 1398 413 1657 957 855 1508 2097 355 1665 2775 1514 1368 2729 1044 2734 918 78 2264 206 1978 1423 2085 2791
2045 1584 1073 258 996 1796 2530 1678 692 2023 2296 648 414 2755 1980 2319 605 1134 2757 811 1834 2561 747 535 2818 1424 1783 577 610 1673 1988 1133 2843 2196 1759 2507 2685 1491 830 257 288 1498 1242 2005 2609 1450 685 870 1181 2131 2736 1606 1312 1992 345 2102 2275 70 571 446 616 1564 434 1390 2255 1735 2680 102 1656 1112 2158 2785 2518 1047 315 2197 2675 1254 2815 246 2688 2622 2788 2763 2163 1286 1311 385 2320 2702 1753 71 2151 1105 742 908 2034 717 1850 2482
1801 529 395 1683 2644 2510 2323 2277 1091 558 1230 1631 2737 949 2242 431 135 1394 2759 1035 1839 889 2566 940 2295 2016 1898 1996 1945 757 783 1561 617 341 407 737 2838 1334 1728 1938 1443 1689 520 1833 1999 1343 232 1798 844 777 509 1558 2317 19 2686 150 2413 70 572 1834 853 1842 754 581 34 926 2457 2180 2523 18 1224 2080 2777 101 198 951 1458 1714 2 2114 1116 5 1312 962 1125 328 2586 133 499 1087 2472 1257 851 545 2818 2547 1252 956 2542 1753
2520 2539 2578 377 2798 2210 13 729 1337 1910 2428 640 2629 1668 2602 828 323 1429 2227 2828 1249 1374 672 1272 933 1764 176 2570 2671 979 1949 2786 43 1598 1038 370 1070 56 2468 698 2740 1329 2839 2083 2047 2450 2031 1033 814 1596 1525 959 743 147 2120 1638 36 536 2783 78 956 571 1065 2718 2431 1183 2249 1132 2562 2795 2503 1049 490 679 2079 955 1761 585 385 396 270 432 2513 2498 1431 142 2327 868 1575 2442 2221 2838 2111 1736 340 1588 2678 669 2188 1888
650 1603 2043 924 2666 37 922 894 1703 1315 1400 96 2197 2706 1471 1232 285 1487 1605 1844 750 2346 2554 2573 1032 879 475 2194 1763 1916 214 1488 2425 762 1288 167 1286 537 2313 2841 1560 953 335 759 2079 2502 1953 1221 690 189 20 419 820 2171 1171 1364 2060 586 956 2751 1570 2348 2160 644 1082 2567 2810 1502 2457 2643 2153 1995 1363 2476 2612 6 2691 459 2401 546 1251 1602 1108 334 2760 1723 2620 1632 1308 205 2230 1537 557 1907 1283 1013 1184 1116 147 2222
1752 312 547 1146 556 85 1319 2832 1545 987 611 2790 635 2044 188 1386 2501 221 1934 1405 4 2270 2528 943 1656 2411 1102 2817 1624 1926 2389 1644 2082 817 2069 1407 2397 518 2300 2631 826 2840 1029 266 2538 663 1636 2724 2375 440 2424 59 2574 613 1202 283 626 2670 2011 932 950 735 1190 463 2800 1552 445 1316 2692 1983 2646 2419 563 2439 2625 769 1895 1840 128 413 2344 2626 274 2487 1203 2050 2477 2337 624 2241 1045 433 2289 1468 591 1328 1484 490 1737 1617
1908 1107 284 702 1310 835 1254 502 2601 903 848 931 2471 1340 1512 1845 65 2624 768 1830 990 1720 250 1821 2388 1114 103 684 1608 126 2276 1391 1323 297 688 1975 578 1186 2605 2754 522 1413 644 1626 603 1235 1450 2080 2192 1482 2239 818 2314 2695 1767 1738 379 1400 739 1397 1334 1372 441 993 1691 1232 2780 39 861 2275 339 2073 663 512 1620 1507 2368 1732 1523 1180 2442 1358 1169 2036 2630 1548 2383 2020 2242 830 575 279 2297 851 794 55 2347 2563 1347 2323
2178 304 2066 2113 1213 149 1161 1019 1773 1513 1847 2546 1795 1115 2022 63 1300 1760 1228 954 1693 1785 1389 182 1712 1333 1559 2784 1685 483 614 1353 2656 2437 1447 2190 789 1672 1176 1749 2787 2202 310 132 658 2000 983 485 2827 727 1743 1535 215 646 1434 545 240 376 1106 1224 1951 1175 2408 962 436 2054 1476 707 1186 2430 1999 1483 2700 1306 596 1900 16 1257 1087 1990 2409 2547 293 1856 1394 443 824 2149 1166 1361 1265 1469 1798 898 2497 695 949 2554 1178 1836
1305 1736 1806 2342 2201 1023 1052 2362 1504 612 2055 222 2750 73 1933 2450 1089 1688 935 2163 401 1404 141 380 2096 1628 2452 755 2512 1599 1436 2218 1233 1085 1155 2074 2098 869 453 1808 443 399 1872 437 1363 813 1047 2535 2642 1625 1556 1554 2274 1396 325 2437 193 850 2223 1790 988 1638 745 981 2122 2645 1703 2747 816 975 2355 2722 595 2335 1288 2587 913 2446 2570 1709 586 1355 1321 2679 1793 1100 2537 2829 1115 177 1160 1330 1764 2296 836 1474 451 1903 1946 569
1753 767 2777 1125 2510 1834 70 431 277 2077 2478 1938 951 2818 2772 18 2 1443 1842 1759 889 211 1252 1557 1980 2757 2663 601 1833 2015 1839 315 1035 2741 2686 1394 2622 1593 2532 2315 1418 395 1390 369 2700 2561 2702 2302 75 1747 1231 2624 1004 1257 2190 1463 417 102 997 126 1845 2016 1460 1224 1836 1989 374 461 1383 1165 1434 1178 1795 2577 63 2547 500 2579 529 2441 569 2507 571 1904 2496 19 1801 1686 1065 596 2135 903 2644 1176 1447 2570 1990 931 1760 1908
1742 2064 921 337 660 360 2049 2782 1909 1370 530 1681 1946 1554 2259 710 2696 662 487 1384 2257 2336 813 1853 1290 54 2793 908 1613 2005 1968 451 446 542 975 7 1142 1581 1105 869 2394 1893 765 193 2492 153 2136 631 2596 2290 1739 2304 988 2251 151 2282 2416 593 1466 942 2243 1913 2369 1794 1604 1000 2196 1271 1567 2664 2609 1396 1625 243 1330 1155 3 2658 1301 2223 1421 191 1518 2600 1237 2560 855 1017 2730 1705 1404 2087 50 25 14 1020 966 1673 435 544
530 631 1290 2796 1909 1518 1058 451 1301 1384 487 446 1742 2140 2049 2282 1604 1981 908 2257 2064 1978 2843 984 2596 1331 2458 392 966 1554 2664 1498 1853 870 662 1000 2782 1681 1613 2093 918 605 813 921 660 336 54 1105 1370 1739 708 607 94 1396 2392 1879 1119 1850 1237 2087 1309 355 1567 937 2006 1673 535 1794 2331 1142 1913 243 1455 394 542 710 338 2377 2696 253 1017 648 1705 2519 2243 257 410 1495 2660 730 942 1419 1614 1040 2609 2488 2655 2577 1695 1491
2418 1930 1758 1197 2375 1665 2148 1224 793 2180 1116 280 2840 421 1276 294 704 66 2508 404 592 683 1576 1575 2574 451 2039 93 1203 1792 630 2174 1609 518 2374 663 2011 1999 861 1580 433 2003 2211 2125 1713 611 1146 2331 746 1861 2838 111 689 40 1476 1983 1859 2195 851 1319 95 1453 1318 1113 1013 490 856 1103 88 516 396 1336 2547 1714 2325 570 2538 1064 77 1358 1960 2260 2650 1738 1838 1247 2605 2513 2289 210 110 2004 1202 2111 480 1092 1626 493 977 1724
956 1371 490 1139 1049 244 422 1949 2498 1488 196 2141 2838 327 474 909 2348 40 2421 265 2572 1038 932 2001 2133 851 1738 568 1602 2374 1665 22 1696 2162 270 2353 1171 2841 1232 2011 84 2004 2085 2751 563 2644 2840 1365 2030 950 1477 796 785 1687 2080 1747 1541 1848 907 853 1425 1031 1552 1596 1616 2457 969 214 582 1718 1911 1380 134 2114 2494 1482 445 1170 2391 1591 839 1953 1454 1697 631 319 104 2359 949 624 420 2197 1521 1840 2686 1352 844 2502 294 2464
2720 1702 387 2263 1336 1083 1318 2678 1659 644 462 466 844 2442 1601 2643 2751 1797 2591 2056 187 2572 2188 2562 43 183 333 2386 861 1515 636 2116 1371 2230 1198 45 2160 2111 1596 2498 1471 1726 2202 2278 1632 2489 2326 2464 1013 2807 1945 2760 407 2048 2733 20 230 396 2688 1177 2645 198 827 1487 1525 1846 762 2073 2522 2152 498 32 96 2360 1170 2827 189 2554 1113 1064 761 2573 1426 1898 1765 2168 19 596 2457 300 1326 2508 493 1180 511 2182 2448 570 2768 2079
2504 2381 2579 101 376 695 407 2759 1091 395 1483 1298 1087 1631 1620 1137 1103 374 1361 2323 1451 545 2523 364 1334 2413 1178 777 2540 1230 766 1728 603 1798 803 328 34 135 558 1898 572 1971 341 2441 2700 714 898 596 949 1801 962 754 1257 2190 1683 251 2547 1176 2827 2295 2238 1914 1535 2699 1900 1996 2422 2737 1749 2566 832 132 1561 291 1166 757 789 1004 1224 2040 1558 1447 88 1804 1714 2016 529 1856 2129 2656 2277 683 1928 1743 1469 1343 1394 737 1732 1672
1948 1796 1096 1316 2272 1860 1416 2034 1658 747 2815 1051 2721 562 1381 1636 1569 1782 497 64 439 2241 2454 1993 305 258 1584 715 1617 2545 1965 1496 712 2836 2713 1261 2309 2045 155 201 2755 1544 2628 2352 2837 2650 2023 1045 1649 947 1586 51 169 2050 2412 48 2826 645 1218 535 100 2131 2538 1663 440 2556 463 1134 1640 319 1029 817 735 2433 194 1901 1752 1679 2741 2707 2439 2130 1552 26 1862 2817 835 978 1320 259 1208 674 613 692 2419 1362 1148 1407 1054 1624
530 1290 2282 1909 2049 2064 921 1518 487 1384 446 1331 1742 451 2596 631 918 908 966 1613 662 2782 337 1981 1554 1017 355 243 1058 2257 1105 2140 2331 660 1604 1681 1396 2093 360 1000 1614 2696 1673 708 1301 813 1370 984 2458 54 942 1567 1853 1893 535 710 1155 700 2796 2664 394 1978 2274 1879 1705 2259 1808 50 1527 253 2377 542 1491 996 2392 1237 937 94 1739 605 2530 1002 2600 2369 1676 2722 434 1688 1625 2537 1495 2085 1119 2006 1142 2089 1778 2660 935 2087
536 1132 1588 176 2668 569 802 1418 2029 866 2786 1890 142 555 340 979 2423 36 1888 1033 1065 332 554 62 1431 429 2090 2384 121 1562 2743 500 2428 417 21 597 2227 193 361 2117 868 1398 681 302 680 743 1393 1249 886 1686 2578 1793 292 1268 2451 2120 289 878 1256 432 733 199 1492 893 2108 2031 988 2539 2568 901 1374 2629 78 1430 1553 2333 1910 571 1053 2415 427 2798 1952 2217 1699 2038 1070 2335 1872 1337 1329 1806 729 377 1736 1399 2078 2808 1023 2640
1431 142 36 1492 2267 2078 743 1886 2117 1236 2380 802 429 868 2423 733 427 1888 878 1430 1890 866 901 1553 2217 1053 1499 555 730 2568 1699 708 1588 500 568 2415 2428 292 544 2451 2290 2349 2029 2299 1132 121 1292 2559 302 176 338 662 961 2224 2788 199 1670 1909 2054 1149 528 1068 2327 1256 361 1233 29 2416 1575 967 1804 446 1613 1099 1243 2172 2405 1466 1129 2668 21 2320 2231 1469 289 1652 437 1030 123 536 1311 2694 56 1783 2009 673 934 62 749 1851
2558 2207 1825 165 2728 725 1463 2135 1055 2825 137 1944 1212 447 1056 2813 1547 2766 2292 1940 246 2511 899 1935 1937 948 494 1130 1606 116 692 2382 2506 2435 1134 146 1899 2741 2393 647 204 2057 2294 2639 97 2319 2842 1126 1841 2041 2736 1874 2719 1464 2305 1490 2376 2248 2291 2286 362 1986 686 2683 722 1453 2580 202 2068 1452 1901 491 1639 1777 2704 1810 79 1362 804 1223 2569 1076 693 1897 2780 2644 2708 442 2350 1075 2509 2419 1012 1592 140 1067 1868 2258 2665 2115
945 1179 2647 639 930 841 2328 2682 1920 2252 1578 1977 887 952 2488 1579 1470 2491 748 2459 492 2026 1583 1770 2723 919 1154 1354 819 982 1769 1063 2778 2575 916 998 512 114 2792 227 1367 1667 566 1651 1585 118 515 2065 2097 1528 311 1368 9 1031 652 579 1239 2824 2042 1482 1791 2225 2462 2536 1819 567 764 812 875 1864 1772 2582 1152 1347 914 1531 517 1289 723 2008 1204 910 1854 1493 2729 781 923 1851 2803 1287 382 1344 2349 928 1210 2334 303 2080 2209 2585
640 2210 1038 2520 244 2578 669 1436 2421 1065 150 323 1221 13 2513 2602 196 2828 1272 828 2838 377 672 2048 2115 2691 1976 2474 285 571 1659 1766 2786 2464 582 2353 1616 270 2761 1668 1806 1949 2568 1910 1596 2517 342 1292 820 1374 2391 2227 2468 865 1477 551 1819 1889 40 2798 1575 2668 56 2631 353 701 1696 1911 697 2541 1916 1358 698 1426 729 690 1184 143 1515 957 1504 540 327 176 2404 332 1249 1591 2671 2648 2366 265 2710 1744 2014 884 154 2363 546 868
64 2721 1569 715 100 439 48 562 1948 2034 1796 1096 201 1051 1860 2545 155 2309 2826 2713 1416 305 2836 2241 1993 1381 1782 645 1679 1640 1623 1636 2556 2650 2433 1777 51 1496 1490 2272 563 169 2352 1617 1649 1045 1261 204 2213 1658 1663 2707 2376 1054 2837 1328 2628 2580 735 194 1316 168 947 1862 657 1899 2652 1584 900 1218 1840 2454 1901 2755 319 2769 712 2714 440 2305 674 1552 1752 1788 1185 2050 1878 2135 2011 1422 445 1212 1123 1148 2393 2289 2501 1056 2248 747
1672 1559 1451 1361 589 2656 727 483 2054 2409 240 293 1786 1106 215 1306 2149 658 376 2000 1900 1178 1513 1161 2784 789 2540 1804 1166 436 1836 395 614 1847 1300 291 1798 898 1597 1087 251 2383 572 581 1353 1951 2546 1244 1773 182 646 44 1176 1175 1483 1207 1561 2024 1230 1971 1535 967 949 374 2277 1257 1693 2547 2113 954 485 1743 926 737 2787 1389 1115 364 1213 2190 1928 2504 29 1137 777 2072 962 2579 1795 2699 1719 2381 426 545 101 2437 2759 2202 751 596
2113 1115 2178 149 2546 2066 1213 1951 1175 485 1300 304 1513 1019 1306 1161 1773 1389 614 1795 658 2784 954 1559 727 1685 293 2787 2409 215 1847 483 2000 1353 1760 2022 1672 1333 646 2054 589 240 2437 63 1106 376 1786 182 1535 2024 436 898 1451 789 291 1693 2540 1712 2656 1469 1447 1900 2277 1166 1798 1361 1836 1176 2202 1883 962 2072 364 803 1869 1186 967 737 1357 2314 558 1257 29 1743 1561 1323 1228 581 1971 2190 949 2772 2149 1597 191 714 44 395 1483 2777
2751 1171 894 1032 189 22 2554 1953 2457 2502 1364 419 214 96 1488 844 5 2162 851 759 1632 1927 2567 2313 1602 1738 2841 2043 2060 2476 1283 2153 1515 2109 1108 2348 2726 2152 2612 650 167 510 270 1696 2666 2760 1605 454 1702 2182 20 1907 2620 2160 2230 1858 2079 1315 509 2725 2197 1397 2608 2222 2705 1591 84 2810 2643 1139 1221 468 2401 1214 744 171 1844 1603 1199 956 644 1251 420 2464 1866 1083 1661 609 1286 2030 244 1365 1502 2171 807 2351 1013 2688 2498 2425
2024 426 1597 2143 1804 967 213 2430 24 634 2533 29 707 2054 2113 1719 1847 1161 2784 1019 240 1513 376 2756 1149 2546 2408 16 727 293 898 2413 2320 483 520 1265 1300 1389 1469 2615 2409 558 1115 1559 589 1951 1849 658 646 1447 1213 2178 2172 1483 1306 2638 2354 1448 286 1353 2785 1175 2022 1672 2787 1773 614 2000 714 754 485 44 2066 119 80 291 1451 149 1631 1333 63 1945 232 1685 424 1312 1236 1883 2277 1836 2472 91 1728 792 1689 1165 1361 2295 2235 2673
1831 1655 1929 1730 927 2301 464 806 1974 31 782 504 418 1706 1018 125 1813 602 2244 2070 1062 455 2059 501 1293 1332 2812 2193 495 2806 1923 2715 1755 2690 363 129 1378 655 1097 1822 1275 52 2105 1262 2398 1465 628 346 2669 1240 1026 2265 108 295 1789 1648 1008 1680 326 1050 1281 1335 1461 1481 192 2773 670 1111 2467 753 331 131 2687 877 2500 780 2407 2406 2770 505 467 890 200 587 1843 1662 452 1048 999 241 1875 772 2429 2765 2531 2236 484 872 534 1503
1624 1926 1752 2790 1545 1644 221 1407 1102 2528 2389 1316 817 2300 943 2817 1386 1146 1656 2832 312 547 2714 556 2707 860 2411 188 1202 1496 1934 987 2367 1218 1261 611 1405 2767 2439 1948 1663 2205 1658 440 1544 1416 2034 4 826 2023 1796 2352 1417 2837 1096 2584 1623 2069 1782 1411 2044 1381 1649 2545 2270 1328 2484 947 626 2501 169 635 1369 2836 1799 2433 2486 1319 562 2692 1569 2241 64 925 1584 1679 1054 2538 1617 59 600 1701 264 305 2721 712 194 2375 2556 1862
234 352 1572 1520 17 551 1571 2399 203 1629 1330 1283 1 1514 1284 2372 1837 2208 1227 1360 661 1295 557 1129 2298 1238 1181 2517 267 2194 2619 891 1025 262 1270 2131 1807 1684 958 46 1291 307 476 591 2253 1059 1814 2727 573 1409 273 1803 2524 913 1939 2138 237 2215 1338 1539 1698 2486 668 122 2168 642 1994 2269 616 1861 1556 846 30 1540 342 147 600 651 2174 226 1587 879 888 90 2835 2710 892 1630 810 2223 405 255 795 1030 2529 1618 1078 1095 2339 2246
1782 26 2241 1045 2454 169 1417 2836 860 712 1658 2300 817 1489 2837 2050 2130 2817 221 51 559 1381 1369 1622 735 1644 348 1656 2769 947 943 2714 1701 1926 600 2707 1623 1663 1710 1328 925 626 2790 1617 1405 1218 2840 1870 1679 1407 547 2649 1416 1261 463 445 179 642 1993 2439 1934 562 1624 1948 1096 1319 2011 611 2419 1649 1386 1437 1544 1552 2652 1545 1640 663 188 2721 2528 433 1796 305 970 2411 1983 556 1051 987 2486 2375 2069 1029 2100 1444 900 1752 2034 1208
205 834 2791 2641 2414 761 333 1907 107 1471 1198 1906 1177 2508 1183 104 327 2608 1400 2326 1080 2118 2503 1036 1727 2555 34 423 236 2749 55 1922 2303 1217 2169 2310 462 844 154 2351 1205 275 1326 924 1260 1502 2176 2357 2056 1057 1884 2058 229 2678 2620 2317 1596 980 2550 1277 1960 1254 2522 1841 183 2115 861 2128 398 117 2249 2388 509 1426 2019 2179 397 1765 466 1797 2448 2180 2014 2203 473 407 2604 2239 47 728 1669 2281 1507 957 2457 2623 2494 2182 448 1044
1547 2511 1463 1935 722 246 165 2068 1130 2558 2135 2665 2041 1134 725 2294 2305 1056 2813 1940 2207 1937 2728 1055 1126 2825 899 2842 686 1825 137 79 140 2382 1944 1212 1841 1868 1076 1606 2766 948 2741 2286 393 204 2506 804 2736 2292 1523 1452 751 447 1464 362 2630 2393 116 462 2319 1517 1734 442 692 187 2780 2248 1178 1067 2275 1639 329 2239 2136 97 1028 2436 2080 2296 2073 1192 1180 1482 2347 1669 146 2733 1626 494 2192 2326 993 210 339 67 2435 2605 1382 2297
1910 2520 1337 2578 571 2795 2468 2083 2513 2570 1806 147 2629 2798 2335 2498 956 2786 669 2094 2775 1065 1797 1736 2595 323 959 1588 732 2539 595 150 2071 43 640 1272 1596 2031 2428 1072 551 1429 729 2450 196 2227 127 2474 1132 511 377 1329 1355 814 1514 476 270 1638 1764 13 2602 1907 1377 205 698 1070 2839 1324 2168 2668 1803 2210 2120 1575 620 957 2013 1933 536 2631 2333 1049 461 2444 400 56 2188 2339 2141 166 585 1415 1949 176 1167 1761 1717 873 1418 685
1870 26 348 1369 925 2130 2649 179 712 1045 2454 2769 2241 1417 860 2714 64 480 1489 1658 2050 663 1701 735 1328 1381 2721 2034 2123 1663 2538 2545 562 720 48 2300 1796 817 1054 801 1993 1782 1316 1926 51 1710 1617 1679 445 715 857 524 439 1096 547 1544 1887 1569 2127 2840 1948 1416 1386 1623 947 1319 1407 1644 170 305 188 611 2356 221 1877 1649 2528 704 514 2659 2439 1545 1422 1656 77 550 1051 2836 169 2790 2289 2039 2552 1934 2817 892 2375 2837 421 1624
1489 1417 860 2817 1656 817 1782 1623 2300 169 1701 26 221 348 2528 1617 2790 2721 626 1624 712 947 1870 2411 1658 1407 735 1405 943 2454 1710 1644 2836 2707 1926 1261 1934 2241 1796 1679 559 2837 2769 2050 1045 1381 1437 987 1051 1569 179 562 2649 1328 188 1369 2034 1948 1218 1752 1102 970 635 524 1316 1545 1386 2084 925 1737 433 51 715 2130 1416 2439 1054 1993 611 547 1544 1649 305 1096 1319 900 2011 440 1422 2545 2076 2397 563 1663 1146 1444 4 2832 2714 130
1106 2190 2656 983 1559 1224 1178 1971 1743 2700 1900 1990 2441 2827 1561 695 44 2547 1713 1176 2149 1451 1773 95 1116 1361 132 766 1257 436 1693 1914 1760 2202 1999 1786 824 2437 2381 1434 1856 1137 1836 954 328 215 1798 2579 1483 101 545 2238 2745 1672 182 1535 1714 2523 2040 789 989 364 1087 926 596 564 2504 1818 2112 1996 1447 374 310 1883 1353 683 1091 962 832 1712 16 2296 777 88 617 792 2000 572 1685 1476 1785 1180 376 483 395 2277 1166 1469 1593 2756
2128 2494 327 1080 1960 851 1986 1548 1687 2303 40 1537 298 844 1940 2502 2179 96 205 2691 5 1326 1922 475 1426 2314 684 1964 1975 2030 894 1488 1591 2573 1453 375 1502 1184 277 1979 183 2014 2791 466 1738 537 2457 1938 1443 1364 509 498 2203 1391 1183 2612 1707 2036 39 1205 1285 148 1515 1365 2838 510 448 725 2763 1315 1952 773 23 1462 71 2542 2624 198 1198 1186 2506 2115 2460 493 2359 1733 1747 751 379 980 531 368 2497 2521 1064 275 2182 598 1725 2608
2178 2066 1213 1161 2113 304 1513 1019 1847 2546 1228 1300 149 1389 1773 63 1795 789 545 2784 1749 1115 2022 376 658 483 596 1176 1760 1693 1559 2190 614 240 215 1333 436 898 1785 2656 727 1898 1672 2437 2277 1900 16 132 2409 182 967 1178 2547 1447 1087 1483 1137 954 1166 1712 213 2024 1535 2700 1394 2827 1353 1631 962 1224 824 1469 1476 1990 2202 310 1836 983 44 1971 558 1427 2111 1743 291 2000 1175 328 1361 95 714 1244 2502 1106 695 1561 1928 589 646 2152
1145 1976 1163 2775 174 595 1415 156 1510 612 141 208 2587 1047 981 666 2098 1872 461 164 2679 1903 2055 760 755 2163 2747 1859 2009 460 1088 1023 2446 1808 2655 1933 2636 453 599 2274 2537 2122 2645 2469 2750 1321 2786 1784 99 2829 1717 72 1879 177 694 2227 172 731 399 2838 2577 516 2450 401 897 1065 1197 1089 1160 2126 1657 1085 2722 1098 935 2452 1436 571 2640 2342 1631 1999 1688 2071 2749 477 2333 729 1093 2798 632 979 1906 1241 2642 1736 222 147 2156 1628
192 2794 2025 61 1787 2396 296 356 207 1022 225 2173 2236 1282 464 1475 1262 838 239 1789 1378 2244 209 2059 1655 1923 139 2715 1813 653 455 2669 2232 495 484 314 1831 295 1465 245 534 467 2091 1050 1127 806 2280 1929 1275 1274 1503 1481 1706 2429 1062 418 129 1568 52 2765 1967 2142 2531 471 927 324 408 389 654 1932 1730 1039 1438 2301 999 1024 501 2137 49 2690 822 1755 2693 1875 326 758 2806 1317 268 1543 788 346 31 877 2465 2505 726 363 2053 2407
1710 1701 900 2769 559 1208 1437 1123 2652 626 2707 1617 611 1417 674 1489 977 2241 1782 978 1319 562 563 1878 2084 1253 2439 1381 2076 2454 1029 445 1983 188 1788 860 1658 2817 947 217 2837 547 2007 169 2375 1422 635 970 817 1656 1486 1624 433 2082 348 987 2836 2515 2391 1496 2200 826 1623 305 2011 524 675 497 2419 1848 259 1545 2427 4 712 2130 2012 1589 440 238 1468 1386 2270 155 319 2035 1218 203 906 1046 1636 221 59 1428 2826 2050 1045 685 1552 2213
1946 1271 2793 855 2519 1970 7 2243 1581 778 382 2299 151 2711 1142 975 1966 528 2196 1020 2290 660 1778 105 662 800 2394 2560 153 2087 1325 517 1243 1068 749 1040 2830 1403 593 2696 336 1968 1442 2697 1742 94 1186 1460 2746 1268 360 2336 2364 1105 908 1731 881 1913 2257 1854 2304 118 813 2416 1379 2251 369 605 2417 435 2664 1791 1681 2516 1498 1850 1554 1309 821 2488 1794 2843 253 568 710 567 717 2064 2792 631 416 1613 1573 870 2559 392 487 2618 1909 54
18 1842 1834 70 1753 951 601 1125 2077 2 2777 2818 1759 1252 2663 2772 2015 2478 2510 2757 431 2561 1557 2622 315 1035 1390 767 522 1839 2302 1448 2644 2579 67 1849 2756 2509 2388 1845 903 374 754 931 1165 1443 1689 2320 395 1900 1230 2702 2242 1728 2315 1908 2323 2746 1810 848 1798 1091 2504 1867 1830 529 277 2290 2624 75 1678 1383 1980 714 286 2615 768 1783 2040 1804 1833 1732 1334 702 789 291 1333 989 2413 1394 364 1265 2016 1747 1463 1149 284 328 2583 1904
1752 2790 1545 1146 221 2832 312 1624 1102 1926 2389 547 1644 2411 943 2528 1386 1407 4 2817 987 817 2300 1934 1656 2501 611 556 188 1405 1316 2069 2044 59 635 1319 735 1202 283 2836 2270 1636 626 440 2840 613 1496 2082 85 826 266 2538 1617 2241 2439 1737 1701 1796 2367 1108 169 2050 1544 562 155 2375 2725 1328 2837 1649 712 925 1381 1799 1369 1782 2289 947 1569 1840 1993 1862 2045 2649 2454 305 1658 1029 1623 2707 270 1417 64 759 1422 795 1870 2425 1983 2477
1948 2815 1316 1860 2272 1096 747 1796 1416 2034 1658 1051 1636 1569 497 1381 2721 258 1965 2241 1496 2309 439 2713 715 562 2545 2352 2650 2755 64 1993 1782 1586 246 1584 1261 201 645 835 1218 2454 2628 535 2433 692 202 2135 2741 305 1134 1490 2412 48 2826 1126 1320 2045 2836 2023 712 2289 100 410 1617 2376 1045 194 1544 1649 137 1148 2131 1212 1362 1547 1752 2069 2123 2837 2736 155 947 1319 440 2538 1432 447 1897 2130 1075 2319 948 2509 1800 1350 1453 260 2556 169
2437 1672 1990 1773 2202 376 1795 1483 1749 1836 1469 1447 1914 2190 1513 2784 2381 789 1304 1161 1693 1178 1535 1559 2700 792 1224 596 1103 1743 16 1847 1713 1999 95 2827 832 1900 483 646 1176 1106 2540 44 251 2441 1451 983 240 2745 132 215 967 2523 1300 2579 1434 683 1180 1353 291 954 1804 824 1971 436 1898 39 2054 182 149 364 2547 695 1620 441 1476 2656 2296 2000 1361 1116 707 2695 1120 777 803 951 101 1856 60 83 1714 1732 1427 1019 2504 2180 766 2024
611 1386 1545 2389 547 1319 2367 1752 59 2692 795 4 2840 700 591 188 616 446 892 1613 1242 2270 918 987 204 626 1491 1181 2089 1901 2069 1455 2553 2842 1978 1934 1407 1837 270 2515 631 2650 197 1498 1895 1636 937 1295 2289 996 451 2097 2085 2661 709 2001 562 716 556 2131 2440 271 790 2530 1640 817 2357 2205 518 2051 1490 718 1926 2208 2082 2675 1316 630 1072 1812 1029 1904 46 2595 1800 535 2391 853 1862 2300 638 1516 2375 1453 2559 1253 2466 345 168 1146
2050 1045 2241 1381 51 2130 2769 712 2439 2837 1782 2454 179 1617 1993 1658 169 925 1369 2649 1218 1552 480 1422 1544 735 1054 900 947 2826 1328 2836 559 2767 1663 348 1208 2011 550 445 1860 1710 1489 1649 563 2840 26 2538 645 440 1486 1444 1437 2714 663 2628 1870 1701 1417 1623 260 2076 562 2652 463 1679 305 1261 1307 2397 978 155 2707 1029 860 259 547 2650 1983 1840 2419 1622 1640 1051 2069 1123 2358 1796 2272 1878 635 2544 2574 2724 2088 201 2713 2375 194 2100
1132 1588 121 536 193 988 142 2090 569 1553 1430 1793 1431 1890 1888 555 866 680 802 1699 429 554 2217 1492 2423 36 427 2078 289 2117 901 2029 743 2415 868 2568 733 176 21 1053 1886 878 2668 1256 1562 2743 1268 302 681 62 2384 361 1065 2451 2267 332 292 500 2227 199 78 1393 1499 1418 417 893 1398 979 886 1233 597 2380 1033 2786 340 2629 2578 437 2539 2428 1249 975 2335 1686 1952 2108 323 1613 707 166 2798 2163 56 1337 399 1909 571 1271 432 1910
1780 1262 455 1127 49 1282 1438 1465 1274 2765 1503 968 464 363 89 478 1781 1140 471 192 2467 2794 200 2698 2465 2505 1506 1612 331 1885 2061 1024 1787 31 618 1039 936 2669 655 1022 1789 68 326 1395 1955 2715 525 2070 296 61 877 753 1273 2690 1314 113 1655 1317 52 2610 758 840 27 654 1164 1008 408 2144 963 2236 1135 129 890 2052 108 1921 162 1118 1706 2316 699 1831 726 495 346 484 245 1974 1378 2681 2301 1756 1543 2244 2265 806 1917 501 628 1505
234 1572 1520 913 1 1366 2092 1814 837 1009 1589 1776 1196 2727 2833 2139 2529 879 2399 2672 2215 1129 2633 1411 46 2455 1815 372 1816 1025 352 267 1824 2731 170 2484 1982 2371 1887 1291 2460 2185 1684 557 2063 1350 1994 2385 438 1338 797 2127 2844 264 600 770 226 1238 720 285 2541 1571 807 2412 1698 2298 1925 1622 2269 1360 1159 2584 2206 1522 667 307 203 2194 270 1629 1694 2797 880 958 82 1295 1619 2486 1122 1660 334 750 1221 1373 2223 143 2158 385 1807 130
2423 569 536 1888 417 802 142 1431 743 500 1890 555 429 1132 868 1562 681 2029 2668 554 2568 427 62 2451 121 878 1418 2117 1588 901 302 292 2217 1686 2415 2078 2108 886 36 2384 1793 199 733 176 289 1492 597 21 2380 866 2786 1065 1430 361 1553 340 56 680 2090 1236 78 1033 193 2578 1699 1599 1038 2629 1872 1398 2778 988 2267 571 2120 332 2539 1233 2743 1256 760 2163 323 1393 2428 2031 1399 1041 2320 893 979 291 2671 377 1272 2488 2421 2227 823 1557
142 802 1492 868 1431 555 1888 429 2029 2423 292 743 1890 36 2078 878 554 536 1132 1588 302 62 1053 866 733 2117 2217 176 681 1562 2428 2668 1430 289 500 2451 427 21 901 417 2539 597 78 121 1033 886 2415 1553 2384 979 361 569 1699 2743 2227 2568 2629 193 332 1398 1886 323 1793 340 1418 2578 2267 2786 2108 199 1686 1393 893 1374 680 56 2090 988 1256 370 2380 1236 13 1429 1233 2120 1272 377 1065 2520 1499 2210 2031 432 640 277 1249 1038 2047 437
924 1726 1363 1288 2153 2160 1703 1487 2502 1171 1315 894 2751 2678 2230 2554 1632 1702 2457 335 1214 2841 419 22 1364 2386 856 2216 1400 2152 2079 2182 1251 537 2760 1953 2706 236 183 96 2043 1907 1078 1471 205 2643 167 1605 1847 2608 2494 621 122 1687 1530 2339 189 1013 1217 1763 2567 650 762 2094 1032 1184 45 160 2595 20 690 1797 466 2666 2572 1199 226 732 2816 1939 1371 1744 957 1161 509 40 2522 2048 1865 1336 1139 2705 300 2060 1607 761 214 2348 1560 577
1038 2838 2786 340 2640 2227 979 176 154 1041 2421 783 2798 1393 104 323 2374 2775 1272 1418 1947 2749 2141 2210 839 78 342 56 796 2671 1521 551 1949 332 1049 1665 536 889 174 955 302 422 1668 2353 13 2263 2539 1059 570 2578 548 2743 477 2125 2668 1477 1145 127 2520 2629 2019 1033 196 1065 1183 640 2468 853 583 597 2384 1859 2457 1116 729 1374 732 666 2317 2623 697 2428 569 907 1415 327 546 1365 897 676 2710 2451 1170 2808 1093 2572 474 1103 2184 417
2623 546 620 285 2043 956 2572 1882 45 732 1458 2678 1487 2141 1371 2171 1184 181 582 2386 2348 1866 196 785 236 2761 1702 1570 2841 1596 2498 2522 40 2608 150 1221 2263 1318 1525 2048 1536 2726 2474 2197 844 909 851 2749 2503 1113 1251 1768 807 1665 398 1083 1365 154 2468 1183 2620 1697 2162 2760 1726 275 2751 1696 636 2174 2179 2230 493 2448 644 1198 2567 1947 1603 1280 1139 1616 2203 1515 2740 327 793 1380 2115 1738 1797 1724 1911 490 210 2838 205 510 609 1659
2185 1694 2139 1814 2584 2529 1925 386 2616 1411 1776 1982 2833 2298 1295 991 1129 1807 1191 1684 1221 667 267 1373 2484 888 1440 428 1238 1887 2092 2455 879 2731 264 1457 1619 2371 857 2321 2739 810 2844 1350 285 1122 299 720 1445 557 2771 262 2659 1043 2127 885 1291 1877 2223 1698 438 641 880 661 1432 1589 837 1863 2797 801 234 2672 787 1494 2269 690 5 1229 6 718 2727 1086 706 287 1196 1735 1366 1446 2187 2206 459 1520 2385 1816 1009 2726 1744 2271 2412 143
1993 2241 2289 563 2011 2840 1860 463 1422 433 445 1190 550 826 635 1895 2538 260 556 547 1386 1983 1617 1405 735 440 2574 1045 2826 2050 613 1552 1636 2082 179 2631 155 645 2130 2088 626 1901 480 900 559 2544 221 925 85 562 2769 1486 712 2424 2724 1381 2069 197 947 1369 2817 2270 2649 2419 943 168 188 134 1029 169 305 1782 2397 2454 1316 2650 1752 1658 2832 1656 1840 51 1649 1307 1146 486 201 1148 1934 2713 2375 259 1710 1569 674 1878 1437 2714 2337 339
1752 1545 547 1386 1146 611 2790 1319 556 2389 221 987 1926 312 2300 4 59 2832 2270 188 2367 2411 2817 1934 817 1656 85 2069 518 635 2051 626 1316 1102 1407 1636 2840 266 943 2089 735 2082 1649 2692 2528 1644 2538 1895 440 2044 2625 2001 663 2375 1328 608 2501 1617 1624 613 1658 2241 197 1276 1405 1716 795 2174 1045 1411 2216 404 2397 826 2220 2168 43 2352 978 2130 274 155 1571 1840 2199 2707 270 2725 1552 932 2610 950 1496 2584 490 169 900 2800 480 1201
1705 2085 2369 2600 942 2458 791 966 1031 1695 1287 50 2660 1978 2262 1508 2664 2596 1681 1495 512 2543 487 1565 1770 1331 1893 1119 1384 1673 1002 710 2803 54 519 1152 607 1614 2026 1739 318 631 1779 2453 2462 1853 2392 1000 812 1017 392 2147 908 893 2204 2734 2490 410 1077 2209 1138 1247 937 2609 2647 1290 2108 292 542 361 1036 1676 852 1398 2357 1800 1518 2093 874 709 1731 1595 886 1454 515 568 862 360 1049 781 1347 2603 984 1794 94 2157 2259 2186 883 78
2558 2207 165 2728 1825 1055 725 1463 2813 2825 1547 2292 1935 146 2135 1944 1056 948 447 2435 2511 1130 2766 1937 137 246 1134 1212 2639 2382 1841 899 2041 1899 494 647 204 1940 1126 2506 2842 2057 2780 692 1606 2683 2294 2248 693 2719 362 2393 2319 2736 1874 2286 2569 2741 722 491 1223 686 2291 97 1464 1185 2068 1639 1897 2665 1452 2376 1076 682 2368 1490 1362 116 2526 677 804 2586 202 2020 2704 1777 2580 279 1810 2438 1592 2305 140 2192 1868 751 529 2297 1805 1517
1702 1083 2643 582 759 6 2278 732 2386 1632 2807 2725 1364 894 1696 1889 466 2554 1221 181 661 2448 285 2182 45 419 244 2464 2760 2056 1013 636 546 2160 2171 2678 844 42 2810 2048 2751 1515 1858 1336 2079 1616 2261 1596 1797 2153 22 1536 2168 644 2572 922 2816 650 586 2194 1315 620 1661 40 690 387 1064 1458 498 2043 2124 1283 957 1602 122 476 2313 1171 473 1570 183 1726 2162 1603 744 1108 1214 1113 1318 2457 2425 37 1697 2014 592 1090 189 2263 1227 1251
793 1792 210 704 421 77 1276 2418 2229 1861 1580 2461 1665 1930 1358 1653 1576 1575 242 934 280 1169 2211 689 683 2039 2260 2004 1626 228 1716 2180 746 147 2094 158 1377 2125 1453 1072 82 2588 490 2327 57 2048 294 2174 1224 1113 1392 499 2233 1345 1488 2621 2718 263 969 66 1034 2508 2330 448 40 2581 570 2562 2234 1620 1193 2186 1732 1116 55 2542 1859 960 170 1318 1173 2374 728 861 2332 1365 1162 857 2604 2155 2446 2159 884 465 404 1718 1350 1638 1292 2188
1971 1257 1786 832 954 2700 44 1836 1559 1106 1361 2656 376 1990 2437 1224 1773 1743 2381 1483 1451 1672 1137 1103 1434 182 1693 1561 1469 1116 1447 2547 2149 1535 1760 2441 2190 1176 374 2540 1914 792 2000 60 777 291 1999 149 926 695 16 824 215 2129 1685 1900 1178 589 132 2827 1713 251 1856 737 683 581 2016 2202 983 1795 1593 1818 2296 1353 2172 395 95 596 545 2523 1476 1304 1091 1166 341 2408 1334 1714 751 101 293 962 2112 39 658 2277 1883 634 2504 940
368 249 2809 1555 1721 1725 994 2719 1473 677 444 1876 2509 1810 2291 968 408 1406 1874 1780 1223 2500 574 494 274 2813 173 2057 1899 864 1012 137 2435 202 1839 1592 1613 2698 2051 899 204 858 2583 2068 2248 1439 657 415 526 757 1650 643 1253 2507 28 2350 1612 1961 1937 722 1135 1823 2799 682 608 2708 1505 1945 2732 2661 739 782 1018 2665 623 2028 1212 999 484 2287 1775 2319 1001 356 1312 442 390 1075 1158 12 1639 2322 2553 1168 1733 31 1151 1969 655 2121
2252 1179 2682 1063 639 1977 1583 1578 1579 1920 2491 2328 945 2647 841 930 1651 2042 2097 1770 887 998 227 515 2723 952 114 517 916 1367 2778 919 1769 2026 748 118 1154 2459 1368 9 492 1239 1211 1354 982 2729 2310 2660 1657 2488 1031 928 512 778 819 1470 2536 382 2284 1791 2065 1800 1528 607 575 652 2019 2110 1667 2754 873 2796 1970 2575 2225 2426 566 311 1546 2711 812 2209 1906 2550 2125 2603 2379 2103 723 2080 1772 1531 1482 2792 1454 1136 1566 2018 107 2357
641 1652 551 1618 143 2619 2758 1445 961 2138 262 2738 1724 2339 1540 2468 451 1034 888 2524 1509 1129 2372 616 697 591 1811 1215 124 1803 147 342 2609 918 1421 1828 2444 2197 1358 2635 30 1619 1766 557 1491 1863 969 446 537 570 1025 1684 1373 2403 892 203 687 708 1119 1575 166 2460 1360 991 2662 1495 2208 2648 41 937 2710 17 1837 2771 1571 1567 1909 879 1607 1286 1295 2246 2363 1341 237 2835 1330 2399 2456 1112 2431 127 90 814 1880 2094 2614 2513 667 1234
