imageName,Corresponding Indexes
000001.jpg,1525 106 2386 84 6 244 2502 941 1221 1371 1083 546 298 2152 1882 2572 2263 2348 2115 582 1570 285 1139 973 353 1659 2030 851 971 2612 1515 1661 2474 1603 5 1113 372 2688 1364 448 2677 1198 409 2761 776 1605 759 214 2464 1203 515 1591 1205 2678 1768 474 2056 2705 40 940 2831 640 2706 985 1643 1199 2421 732 2324 1819 1342 13 481 1864 2359 1285 2623 1280 762 807 1219 844 1973 1015 425 1866 2841 2726 2656 1084 1537 1251 1616 482 543 1610 2691 1754 2768 2304
000002.jpg,188 2044 2501 1934 611 2397 85 2411 817 312 1552 1319 2528 2574 1102 2832 1422 2817 1405 197 1624 463 606 987 1656 2790 2082 635 1644 2837 1926 1993 2312 1029 992 1046 1151 260 169 74 2358 2606 1428 2270 2007 2676 2836 305 1617 1983 563 2724 2300 911 2133 556 622 2439 445 1307 433 2088 221 1878 1417 1782 2337 2011 486 2631 784 1486 134 2670 1544 2046 860 2375 562 1468 1386 219 1092 900 2800 1381 547 1208 1313 943 833 1190 51 674 712 2564 2419 178 2241 1407
000003.jpg,257 410 1516 1871 434 742 811 2485 1894 1079 2299 544 1800 1243 1007 2746 1131 1731 1609 648 773 404 2788 11 365 883 843 424 416 605 1075 1707 1133 1794 2763 248 2224 749 2219 1546 2613 664 1779 2341 535 1969 253 593 2364 2102 1992 1068 1783 2549 1005 2290 1511 1385 1195 604 2377 336 1527 2196 2701 1311 1247 58 1966 538 202 406 673 338 1645 2110 1192 2730 2516 1406 1424 2487 112 2345 2495 519 870 1498 1001 1849 2095 1594 1203 105 1138 2251 2121 1946 855 1454
000004.jpg,67 1725 368 2809 1463 1886 677 627 2294 165 1980 482 1055 444 1555 2507 2390 1721 1639 2741 2558 725 1944 2041 2757 2728 1473 2583 2657 521 1452 2617 1076 1390 2382 1874 1904 1165 2135 1777 1439 574 2302 2445 1185 2286 97 2427 1937 2291 2598 394 974 1478 1733 2021 116 1606 948 2526 1876 1212 217 1091 1558 682 2668 619 1892 2220 12 1931 975 1223 1075 1433 1579 1771 1553 1742 1529 1935 1330 2580 2744 997 2808 2207 2436 1879 2054 2813 722 2051 940 2704 2393 1430 2756 2315
000005.jpg,2422 34 1996 2523 407 2233 1228 457 1785 2489 1898 2555 2254 1513 47 2180 1846 1734 1161 2546 1538 1178 1727 465 1690 777 1091 2699 1713 576 1028 1116 1517 1169 2785 1714 834 1773 2700 2192 2745 2360 1847 2242 1224 2202 2234 1300 328 63 1856 2684 1019 187 1914 1626 2111 1093 1087 2159 983 1971 617 564 683 1838 462 2605 693 483 2827 1213 751 2780 230 1561 2058 2630 2066 357 728 499 341 695 1631 2190 1257 279 1693 2641 581 2368 1104 766 926 2586 2752 88 55 1467
000006.jpg,1569 100 48 1796 1644 2034 2545 439 64 1640 1624 2528 1490 51 2411 715 1584 2817 2433 2721 1453 2309 1658 1901 1934 1381 817 712 2376 1328 260 2836 2023 1782 1444 2439 1656 1218 2650 1407 2713 2241 1926 2501 1045 659 1663 2790 562 305 559 2826 987 231 59 1319 992 1617 2045 2088 563 611 1544 1489 497 2714 2454 925 900 2044 168 1486 1307 1752 1051 221 1102 947 188 1623 1878 547 2082 2130 201 1552 348 1369 747 312 1316 674 197 1261 2050 155 1545 2046 85 2133
000007.jpg,1938 2510 70 1833 431 767 1443 18 1842 2532 277 2496 2663 2561 2 1125 1035 951 1834 2777 369 211 2478 1753 1759 1747 2686 2757 2772 2015 1418 2818 2077 1839 601 1252 1460 1989 889 2315 2702 65 1186 461 9 931 1975 684 1391 315 1519 2388 990 1323 1767 1390 1512 502 1413 250 2443 1821 578 1340 297 2314 1579 2644 1801 1114 103 126 2128 1720 886 2622 597 2624 417 1686 156 962 543 1254 284 1219 1908 2276 640 5 1310 395 1256 1107 1557 1065 848 529 1235 1980
000008.jpg,2601 2624 103 2471 1235 1845 990 502 1323 848 297 688 578 126 1908 1830 1114 768 1608 702 65 903 931 1186 1413 284 250 1391 1767 1512 2276 1107 2388 1340 1310 1821 1720 2314 522 684 1975 835 1254 2478 2077 369 2772 1125 1515 2777 1834 2667 1759 1753 2457 18 1842 1397 2757 841 2015 420 1989 1252 1723 767 1905 70 2021 951 2663 2 1459 1460 1579 844 1748 2561 2768 5 469 1426 690 2756 2128 2532 1014 1390 9 2644 2818 2036 509 293 2320 1832 2620 1257 29 277
000009.jpg,1687 327 2303 117 275 1080 1659 2494 23 298 1973 1184 2014 2791 1198 690 1641 1400 1205 1502 423 375 2359 1061 425 281 1591 1922 2132 466 1488 20 2203 167 498 1738 2179 1285 2620 1426 2124 1979 2222 2623 2115 265 454 907 448 388 2677 973 510 2521 1537 1113 1802 2691 2263 1515 1570 1616 2101 781 1326 163 2726 2128 669 244 980 1397 2030 205 372 1423 543 2678 1700 1525 1371 474 381 582 104 796 1225 1199 2118 2768 2348 531 1954 1902 2572 351 546 2086 1884 1007
000010.jpg,1699 868 142 1492 2668 429 2217 1430 1562 1431 1553 1890 332 1793 427 2078 2415 2267 2380 2108 554 340 2568 289 743 1599 2423 1236 176 901 2074 2729 1888 802 1657 2227 1769 979 21 437 681 36 199 1256 555 380 930 2786 2629 536 569 2384 1233 1038 121 2451 399 1478 1033 2539 2029 2743 878 1588 1628 1374 928 1470 72 823 571 2009 78 2221 1398 1668 2778 2798 2304 136 945 193 1053 923 733 292 2047 1132 1241 2520 2828 1162 2483 866 2032 302 1585 1399 2320 2469
000011.jpg,1378 1011 268 653 1503 2794 53 2765 806 239 2693 2091 2236 1843 1789 927 2531 1755 1831 2285 464 1568 467 2142 1475 495 452 534 241 2232 331 1127 1655 1024 1875 1706 780 1282 1781 726 2465 2505 2429 89 2059 1756 655 1262 999 1039 314 1662 643 1967 131 1022 1050 389 108 408 2137 840 822 1274 2173 2244 1438 2402 390 858 455 363 484 786 2611 49 758 625 1275 296 290 1787 2017 471 1465 1972 2396 1356 654 1921 1635 27 1187 1248 805 936 252 1124 1317 2565
000012.jpg,897 1555 115 834 2249 754 1657 1728 983 2729 1995 832 571 1906 2641 1719 1637 2627 1449 1651 957 2333 2640 388 1769 1487 928 1047 276 187 163 36 1431 739 1578 1879 1880 1729 465 728 1979 230 695 924 387 1052 2042 2129 2351 2798 1061 2176 1266 975 444 1977 2498 2360 540 2539 55 1057 396 2786 639 1023 1725 569 1865 2073 2140 1987 594 1228 1271 2682 2296 979 2573 1217 1162 729 2555 1155 2808 1596 564 2508 2027 2839 1688 7 184 974 1104 1321 1785 2093 107 2234
000013.jpg,1434 1343 1298 1004 1535 1867 2744 1722 1365 182 954 1269 1849 2566 2354 2615 2390 291 424 2408 2603 1760 520 1075 58 1733 2112 1529 1712 1945 1749 149 310 232 2224 376 2827 19 940 1685 2737 2441 2016 540 832 1448 2656 2582 1928 1483 1103 1478 2116 2612 707 1336 1087 785 343 1251 2386 404 516 1693 24 695 1689 206 983 632 1204 604 1265 2485 212 1247 1019 1093 539 2141 1856 1805 1194 1364 2522 1064 2143 2638 2111 1347 2190 1725 775 1590 2211 198 1772 1579 303 1176
000014.jpg,2070 1141 449 192 1506 2025 356 139 326 200 1598 1021 2690 1692 2467 207 2316 2669 2062 455 296 408 654 1262 245 31 1505 2396 1961 643 625 216 580 209 402 1500 33 1612 679 2402 1356 61 2173 1941 1972 1097 2698 1282 159 1438 290 1297 1706 721 1026 858 655 1293 1787 346 1781 1780 1822 464 331 418 2017 1647 1472 2632 1018 2311 390 1248 27 2715 782 872 471 936 618 1140 1275 344 1704 495 2232 1912 1435 838 1378 1756 1568 1010 1003 49 225 52 1273 1127
000015.jpg,2605 1996 1254 393 834 55 441 2579 1277 1523 728 284 835 1107 1178 845 1401 1244 1691 328 603 2058 1620 2555 2754 1727 1450 2383 87 1898 751 2630 2395 1310 777 903 768 830 1512 357 1748 83 766 590 818 2239 2238 1016 2136 1169 1459 2176 2422 2202 1449 1014 2641 1120 695 2563 1971 1340 65 373 483 2242 397 2504 2275 1919 789 584 1908 469 2190 702 407 1057 1176 1943 920 2695 2080 2780 1732 926 1476 575 379 187 339 993 2586 1257 2073 132 1093 2651 1147 2388
000016.jpg,210 1665 2155 570 689 294 2662 704 746 2418 1792 1930 793 2125 1392 934 228 57 1276 1575 1859 2456 857 280 1576 1716 1375 1758 1580 2229 1861 493 1234 1348 1350 287 82 1457 2659 2039 2838 798 884 2694 1034 1765 2004 2332 170 2461 77 1345 1877 421 1724 2123 366 1947 1857 2327 2321 2198 885 1551 1542 263 2174 1664 2356 1887 1377 2184 588 1072 1043 756 548 2739 2206 880 158 1432 1776 656 514 1494 1292 185 801 2548 1229 1675 1193 976 1191 2186 842 2187 2330 720
000017.jpg,214 1602 2056 609 2348 1866 1199 2620 1515 1766 43 2591 2725 941 2831 1139 448 300 621 84 844 744 2115 509 1953 2464 2476 1364 2705 973 2498 2203 2222 5 2425 2386 510 148 1488 2124 620 2197 1610 1015 1889 2463 2109 2706 2678 1687 1738 1061 171 244 762 1596 2457 909 1723 2521 1768 1661 829 2096 45 1797 1322 690 498 971 1726 1203 270 2761 2230 398 2182 2160 1064 2014 1891 1397 466 2522 1556 2612 1525 2688 423 1802 732 2079 1342 1537 2608 935 2841 957 1251 6
000018.jpg,28 2028 1912 726 2407 999 1008 1787 331 430 532 1335 1037 1563 671 2236 1475 503 2062 580 1662 655 1730 1532 484 2715 113 1635 390 1124 2250 2557 1262 654 525 455 31 159 125 1715 1293 1706 464 633 326 2301 1297 1339 1831 2465 2505 1026 2479 1097 238 1568 2053 1967 734 1781 2687 696 2017 2806 1741 1921 313 1956 2742 1281 1932 478 2193 1875 389 1395 456 1317 245 711 2228 2059 2164 758 27 1789 1756 2611 840 2396 152 2091 49 1655 936 89 1827 1011 1929 927
000019.jpg,1316 1752 2556 1496 1636 1840 2241 1096 2272 1948 1416 1649 2628 1965 2836 2840 445 1051 1422 950 440 2433 1218 2439 1586 194 155 2352 2815 1123 2837 1045 1544 1782 1146 1658 735 1381 259 2088 51 169 1878 2289 2650 2069 497 900 1897 563 1569 260 1640 2826 1552 2367 559 992 978 1202 2309 197 1545 1261 1307 305 1993 1362 312 2545 433 613 2424 1148 712 2713 2046 1407 747 2389 4 1444 817 2832 2082 1319 2011 1102 518 1617 2454 2130 674 2817 675 64 2270 2544 1054 2790
000020.jpg,1539 2104 2524 1242 787 352 537 273 1514 1360 969 638 958 1684 557 2298 1355 30 1939 2619 1630 1445 2271 1411 2529 1167 143 1982 2226 2710 2584 879 127 2473 1349 2481 527 2833 810 1694 741 1540 46 1270 1129 2092 1 71 2339 17 237 2139 2371 299 2340 1440 697 1571 1366 1816 1122 2185 1807 651 1811 1373 264 685 1803 2363 2269 2460 2517 2811 1278 665 551 2444 1295 2385 1812 616 414 1925 1446 234 2576 2131 1059 2801 317 1619 262 2246 2138 2455 2731 1837 718 888
000021.jpg,1856 2827 407 310 2441 2111 1996 2202 1914 88 2745 777 751 2190 1476 95 1093 2422 1693 1091 1087 2489 695 983 1846 1116 2242 949 132 1713 1898 1561 2785 1176 596 576 1743 457 1517 2684 1019 1194 2733 1538 683 341 34 832 1169 540 1410 693 2780 2555 279 1714 2523 2525 45 462 1382 940 2699 2737 617 2233 539 1772 2586 2615 1683 1727 766 2547 1805 2447 1228 728 794 450 2386 1950 87 1838 1336 590 2558 541 1535 2254 63 187 165 920 1513 1631 902 1749 212 1611
000022.jpg,2281 2288 39 230 2239 1713 1194 2073 1116 1714 379 397 2202 187 926 1482 2745 728 2176 1593 1357 2641 1476 1091 1818 1919 2547 1856 2111 1996 1693 1601 983 920 777 564 55 198 2036 1459 541 2114 824 1838 1950 2785 1014 1836 751 60 1467 596 469 940 1036 407 95 309 736 88 683 834 2699 1224 576 1152 462 2497 835 2737 2190 917 2180 1400 2523 1200 549 1180 575 23 32 1198 2605 1304 1254 1450 1914 47 1007 1683 1971 265 1176 83 1177 34 2414 1340 2209 636
000023.jpg,177 850 2829 816 2122 401 1903 1023 2679 72 453 443 2355 1628 380 2055 1085 2163 141 586 1203 981 1504 1308 1162 1436 2218 1006 1155 1163 1082 1219 222 1688 2722 760 2274 755 2009 1352 2747 2775 1415 2535 703 1808 1763 172 460 399 2098 2463 1047 1322 1090 2512 2000 2483 1599 322 156 2342 1750 2593 1113 347 612 8 2362 640 2577 2074 1671 2636 897 1305 1272 164 2003 99 461 1233 2452 924 1801 13 1035 437 1839 975 1553 923 2587 2691 325 1666 676 409 1474 281
000024.jpg,312 2832 1102 1752 1405 221 440 987 1422 735 1840 2424 518 1636 635 2790 85 2082 155 2270 943 1983 2389 2439 2133 2501 1092 4 2837 259 1544 556 1407 1307 547 1934 1146 611 900 1202 977 1552 2556 2148 2088 2300 2652 260 445 1316 305 1545 1319 1624 2241 1486 1926 1051 463 2076 613 817 2836 2397 1045 2200 2454 2840 2538 2044 2411 626 906 1386 559 2069 169 965 1640 563 1782 550 1656 2272 1878 2289 2367 197 2650 2544 1569 433 2826 1208 562 319 712 2631 1148 489
000025.jpg,754 757 1728 1231 135 2756 2638 1597 213 1804 967 2320 2277 558 2021 2024 1383 426 545 2178 2413 2784 119 1296 1448 1427 304 1149 232 1265 1533 80 184 240 2295 2323 1478 2472 1394 328 101 962 1883 1558 2504 2615 789 2408 898 2066 1689 1945 2149 1801 695 1333 1719 2533 2022 2644 983 1353 1971 19 589 2238 2546 766 1176 1207 1312 2113 1984 634 658 24 596 251 2143 2090 2673 1798 29 483 529 1513 2566 520 1213 424 110 572 1334 2381 1761 1087 2111 2540 1610 1257
000026.jpg,2821 346 2669 628 654 2407 2467 2687 1787 2690 786 1048 1275 138 52 1662 2301 1356 2465 2505 1781 2311 1220 936 363 430 252 1929 1506 840 2061 1730 2070 2398 679 2142 625 525 1612 418 241 753 2632 1481 1141 1008 113 1923 389 2402 108 2698 2017 61 1317 49 245 2164 1921 2634 1395 295 758 402 495 467 2806 1756 1022 484 390 858 1465 471 27 1378 501 2429 847 1813 2396 192 1303 2137 1789 1248 53 1505 207 782 1438 2025 1647 822 1822 927 131 89 331 2611
000027.jpg,1055 2741 2766 725 1212 1606 2728 1944 137 2558 2580 2294 165 2319 447 2135 2207 2825 1463 1452 722 1935 1825 2842 1067 1986 1874 97 1223 67 2511 899 2665 140 2041 1547 2583 2305 2068 1868 1940 686 204 2719 494 2057 574 79 1899 1777 1639 116 1076 2291 677 657 2598 1134 2286 2736 1725 2436 1810 246 692 2435 2708 627 2393 2248 2292 1937 1185 1464 682 2382 1126 1075 146 948 1056 2509 1439 1390 2051 1406 368 2813 804 2054 444 2438 359 1130 1334 1478 2757 1886 2258 329
000028.jpg,776 98 353 1864 1625 910 869 196 1819 2474 851 2210 1226 781 1882 2218 549 2734 2103 1318 1402 2361 2278 1484 58 639 585 1643 1173 40 1162 2003 285 347 2067 1423 1729 2807 652 1477 224 413 1768 1066 1960 2048 1536 2824 15 636 975 2042 2793 2571 1976 2325 2086 539 1245 1835 2336 2726 764 276 281 1963 1772 738 1219 2761 1762 2647 1751 396 1504 909 2410 1221 409 914 1042 1351 1436 2260 640 2162 1272 69 479 1203 2081 2204 615 2485 829 2304 110 1744 604 56
000029.jpg,1929 2715 1730 326 1831 1875 1706 31 1655 1275 1011 2236 580 464 1475 2765 806 2396 131 927 389 1024 1787 1097 780 452 1568 999 484 2244 1262 2687 534 2062 268 418 159 331 726 1789 1039 1293 2301 2429 655 295 1503 840 245 1008 758 2531 653 207 1662 2059 1781 1822 2407 455 467 1378 2232 654 241 1912 1465 1124 2794 1438 89 2142 1756 2806 2091 1143 2025 2173 239 2053 53 390 1335 139 1967 1635 471 125 1026 1037 2285 495 346 356 1281 2280 2465 2505 1022 1297
000030.jpg,2641 2414 2326 55 728 1177 107 2176 397 924 1601 1104 187 2604 736 2036 1467 2073 1669 379 2239 834 2288 205 1685 1748 1714 2179 2111 2351 1471 907 1194 39 954 2281 761 265 423 510 1898 2180 1044 2169 1459 2258 2360 407 1502 1093 2203 1507 1357 474 1488 2016 2249 2700 149 309 465 1785 2159 2550 2027 751 1971 1014 564 2508 1487 920 1919 2234 306 182 983 2494 2591 897 34 1713 148 1106 2555 1213 2521 1596 2128 1198 462 545 2546 2523 2058 676 63 469 2422 953
000031.jpg,677 2825 1892 2438 2291 682 1721 526 1839 1771 2220 1592 274 2526 2708 240 864 1931 1035 431 447 1390 494 461 1881 491 2784 444 2625 2057 1725 1439 1874 2037 1185 2089 1223 2440 789 1027 146 574 994 2728 2569 477 1639 1166 2561 2719 2589 2409 93 646 2757 1558 329 2435 2475 2436 722 895 1408 18 2741 1606 725 368 1976 2054 1463 804 2510 1842 1928 608 995 2644 1173 2766 1759 483 2207 657 271 1452 898 2639 1834 521 2051 1056 1777 70 2382 2378 482 1590 2580 1501
000032.jpg,264 299 837 1122 2844 2797 2455 2269 349 2484 1694 2092 1009 46 2298 2833 1982 1440 428 2529 1814 414 2139 1925 2063 1622 2616 2576 143 2486 2100 2215 2709 2371 642 2158 1278 2185 2189 1684 2801 1735 2584 1549 2412 1807 892 969 1366 667 741 801 1 1229 2223 1520 1994 267 223 958 1238 1571 2356 1887 2635 2834 1615 263 687 386 2659 1698 1815 551 1411 2363 1071 195 2672 226 1350 1877 2127 1629 234 1421 1295 17 1291 1446 2524 2039 787 1619 2226 600 2123 2731 1589 273
000033.jpg,654 2062 2316 655 1781 1972 1706 1262 245 1831 326 1568 449 331 2232 2794 139 1248 1655 455 1297 464 1438 408 31 643 2402 2396 653 1787 625 113 580 33 1647 2173 2311 1282 1756 1356 721 1929 356 1011 1875 2765 679 89 1097 159 1505 858 1026 1503 1598 1912 1921 296 471 936 2236 1293 49 1335 525 209 1275 200 1612 1018 1755 1141 1730 2164 452 27 131 239 1127 1435 2137 2465 2505 1039 467 2280 1500 108 758 402 389 1635 390 2611 840 1378 2061 2715 782 268
000034.jpg,2386 2502 2263 1768 398 84 2056 941 2761 1882 2152 244 2348 2182 214 45 1221 1726 1144 1866 1515 732 620 2048 181 1458 2678 2115 1198 2567 1139 2688 236 2608 2623 2572 1364 851 1525 2464 423 2503 5 106 2160 2760 1251 298 6 844 973 1605 1744 2620 2498 285 971 1616 1322 546 481 1083 2079 582 2476 2591 1864 1371 270 1064 40 409 474 2725 509 909 1797 1819 2612 2751 2203 2457 1907 2401 1199 2705 2197 1203 1219 1591 1015 785 1342 1922 713 300 1171 1570 98 621
000035.jpg,1444 2836 440 1840 1544 947 2241 155 1617 735 1640 2628 992 169 2076 1422 1045 445 2439 1328 1679 2707 712 1663 2840 1623 2837 1552 1782 900 1218 906 1381 1054 1261 1208 2133 2352 51 134 1649 1029 965 1658 674 194 1775 2732 1586 319 305 1993 1983 1051 2046 2767 1486 1307 2735 559 497 2652 645 1897 770 1253 260 904 2272 74 1636 64 2088 2424 950 2419 2200 2084 1202 1468 1319 2650 59 747 2815 2753 1362 1710 860 1569 1799 489 2050 1965 197 2367 2515 2721 2011 562
000036.jpg,84 1661 1113 2677 851 629 2691 1819 58 676 1768 584 1016 2203 941 1864 594 40 1203 409 2494 6 1120 510 1591 986 148 1866 2518 1738 1949 404 2653 923 781 98 1882 1247 1477 2421 281 940 1371 909 1352 214 1536 2593 2115 853 347 574 2168 2304 244 1805 23 1219 13 796 2386 1601 1744 2761 1206 863 285 2605 448 812 1488 2291 2521 2571 37 2211 738 546 339 1751 1423 2048 2726 2162 985 1198 373 1055 2030 1221 2359 1579 1515 960 973 1255 2101 1928 482 2036
000037.jpg,2291 2057 574 494 1223 939 482 1874 2704 2639 1439 1931 2051 1433 2220 2526 2728 1558 2719 1725 725 2319 1949 2683 647 2183 1166 1055 677 682 2294 1777 368 2436 1928 146 447 2435 598 1937 2438 2589 2766 2708 165 2741 1892 1881 2054 804 1452 140 329 293 1771 1944 1868 1555 444 2037 657 948 1721 2475 2580 531 2499 2382 1408 1185 2569 895 526 2393 2421 1757 1592 93 2787 2207 646 2089 274 2248 1639 2558 1473 686 2617 2440 2813 1087 1899 1817 1942 995 2286 2378 898 1711
000038.jpg,1489 197 712 26 1710 348 2817 1983 1656 2454 1782 1045 2836 1328 1870 1934 2574 1640 860 817 2840 463 1624 1486 1444 1658 51 2439 2200 925 2375 1319 1417 2034 2545 260 2082 2289 433 1381 1544 221 1218 1644 1663 2790 1369 1617 2769 2650 64 1569 2241 1552 2837 2528 1407 1092 169 2411 735 1701 769 188 900 987 1679 1878 992 1926 547 1054 635 2130 2050 559 978 497 312 550 611 231 1386 1586 947 2501 2300 134 1796 168 1623 2010 2628 305 623 445 2424 1051 1752 2419
000039.jpg,2171 2043 2810 2816 2841 807 1153 650 820 1603 1260 1916 1953 1541 1891 2666 6 759 2346 2216 1723 956 468 2643 1221 411 1139 1703 334 1605 1188 475 1227 285 1761 5 924 909 1288 2768 1858 375 335 1232 922 1397 214 1326 2502 1487 1515 1296 1488 2348 2160 1738 2079 1558 1610 2179 1696 2521 1420 750 2751 1882 1199 2612 2021 560 510 1702 1363 2620 2162 1602 1922 1471 1257 1846 384 1177 2230 1502 1797 953 2152 971 420 1217 2726 189 2107 1995 2401 388 1687 1383 196 1975
000040.jpg,2528 2411 1656 1934 2817 1644 188 2501 817 2790 1926 1319 611 85 1102 2044 987 1624 1386 2574 197 547 2300 556 221 2082 312 1407 1489 51 635 1993 1617 860 1552 2454 1405 712 1782 2439 1381 2836 463 1658 943 2270 2832 1417 2011 992 2375 1640 2837 1983 659 169 1045 2397 1422 134 433 1544 1752 2631 26 1218 305 562 2241 1710 2419 1444 4 1151 2046 1701 2389 1569 497 2545 606 626 445 2424 260 2088 900 1649 2515 911 1586 1046 1328 2650 1428 64 1679 1146 2480 1870
000041.jpg,2465 2505 936 1781 2611 643 1921 113 1008 471 2164 1438 478 654 655 2091 625 858 1140 1395 49 1972 1317 1787 1026 1612 2017 331 1647 402 525 430 1220 2402 1011 580 390 1662 1715 2061 1472 2398 1598 1356 108 1297 1505 679 1293 1635 721 2765 1037 2311 1780 1097 1918 31 2794 159 1124 1568 653 753 326 2279 27 467 1941 1021 1024 1756 2062 786 1378 2407 2715 1503 2232 1187 1127 408 758 268 2406 89 840 1875 1967 363 1143 1216 2531 1755 1282 1435 389 1018 245 1822
000042.jpg,2492 774 1936 1094 855 2243 1442 1142 1850 2196 2417 2251 678 1174 1966 2697 2519 1573 673 717 1511 1913 1379 593 730 1969 1068 2006 338 821 2680 2516 2549 610 2005 2087 2788 1581 800 1424 881 1325 2377 1466 1311 1040 1020 2364 1243 1498 2830 749 2560 1526 2290 1005 535 1634 2730 605 1527 2299 1309 2746 2843 336 435 2151 1992 1670 1779 870 2219 1079 365 1968 434 1131 112 301 253 105 392 410 2102 7 1946 94 1133 937 1778 191 406 248 1110 519 1455 538 1516 288
000043.jpg,1083 181 1702 732 6 45 762 661 1797 2168 2386 2720 620 1882 546 2056 2643 2448 2498 1251 2522 582 2442 2725 1318 644 285 2688 2261 2831 1064 2194 2160 2807 1536 1364 2278 2678 236 759 1768 1726 1221 636 1596 1315 669 2464 1336 387 2608 2111 2188 971 2562 2079 2503 476 2761 752 2705 2476 2263 2048 829 1856 2554 2182 42 2623 171 2612 2474 1591 398 5 2313 621 1013 474 2760 2571 482 1183 2116 2203 419 481 1365 2591 1032 1153 115 1610 423 2141 229 844 1858 894
000044.jpg,848 1830 2601 2471 931 1114 1908 702 502 2624 1845 990 284 1107 768 103 297 1340 578 903 1235 250 65 1767 1310 1323 126 688 1608 2388 1512 1821 1720 2276 1186 522 1391 1413 1975 684 835 1254 2314 1842 18 1834 1759 2667 2478 70 951 1125 1515 2777 2077 2757 1753 2 2772 2015 2457 2561 2663 1397 1459 420 2818 369 1252 1192 2297 1832 1748 5 469 2345 601 2768 2630 1014 2644 844 2347 2532 1035 841 1579 767 2021 2128 2033 917 2510 1460 9 1570 1418 2149 1257 541
000045.jpg,269 1548 1450 1131 277 1252 2015 2315 1980 2818 830 55 845 951 1919 1753 993 2685 863 83 767 191 1243 2663 1732 2653 1834 2702 2161 2772 2777 2302 1125 2510 70 603 1073 728 339 18 2641 2275 2 1943 1842 1620 1195 2746 751 1165 1609 431 584 2605 315 2437 1016 87 1120 2290 404 5 126 379 2478 1581 1594 870 2757 1783 1646 2622 2621 373 1557 881 1460 1691 2299 1391 2314 1833 1309 1678 2118 590 1839 1020 1499 1759 1443 2077 1285 365 1413 1767 2518 2364 960 973
000046.jpg,2823 1797 924 2623 752 2643 1188 1227 476 1882 1260 1702 909 20 669 922 759 620 468 1080 956 1318 23 2128 2457 2810 1802 2807 2448 661 181 2169 2171 1911 586 1456 1426 5 2168 1891 423 1858 1889 2278 2726 636 1697 306 454 1488 8 1221 38 1596 167 1671 1284 724 2043 829 1560 284 229 1400 285 411 2464 820 1744 115 1865 443 1766 2162 1254 6 2498 2351 2599 650 2620 1700 1761 1487 2504 2691 1536 2346 1153 1200 1162 2388 1515 473 2167 224 2489 2816 957 1471
000047.jpg,28 532 1335 671 1704 2028 580 1532 152 1293 1339 238 1097 2557 159 734 2228 2250 633 503 1563 313 1026 326 2062 2193 390 1741 2479 1956 1635 1827 1297 2534 1787 1662 696 711 2715 31 1008 2017 1822 245 1143 2052 2407 354 505 2669 2674 1730 1967 847 458 2592 1111 1715 1037 654 1011 1262 1680 1921 330 2742 1317 2322 484 2232 389 331 1568 113 1506 936 2301 2687 1831 1124 587 2236 2025 758 1706 27 455 1708 125 1756 1378 1612 1395 2053 346 1141 418 525 1282 1472
000048.jpg,543 2443 98 1882 117 2677 2691 1219 640 1641 244 2359 298 281 1426 2494 2115 546 1198 1263 423 1973 796 1285 265 413 2132 1616 907 275 23 1221 1884 781 1519 973 1184 1144 1371 980 629 334 1700 2623 1113 1423 1570 2644 2656 84 327 1922 2118 962 1515 2421 1591 1007 285 531 372 1536 1015 2726 474 2210 941 2086 2263 375 1610 854 1035 5 1687 2464 2149 224 1272 582 1080 2203 395 1357 956 776 454 39 1744 1525 2502 20 1798 2561 2577 646 2128 1902 1162 13
000049.jpg,348 2649 1369 712 925 2050 2130 26 2769 1870 2454 179 1045 550 2714 1569 1983 735 1328 2840 1934 1552 64 2574 463 2545 1617 100 197 715 1640 2200 2034 2241 1092 1710 2721 2817 260 445 992 1486 48 1656 51 817 1319 2023 1624 900 1386 497 623 559 1586 2501 480 547 2836 1644 1444 1679 2082 1381 1782 1051 611 1489 659 1796 188 2375 2419 1151 1878 1658 1407 1417 2528 1663 168 906 1172 1422 524 1584 563 305 562 74 1544 2076 2439 860 1701 440 2650 2289 1895 439
000050.jpg,2827 310 2441 1856 1561 695 2202 2190 751 407 1914 132 95 2111 2745 1116 1996 1176 1087 683 1169 617 1693 940 88 983 949 2699 576 540 1713 1590 1298 1476 1343 1535 1538 2489 1743 2780 279 1004 1091 1019 832 1846 693 1714 1805 1772 1838 1093 2242 1103 596 450 777 2129 2700 93 960 1513 2737 1626 457 2621 2447 2586 1228 1517 2072 2209 2547 1928 1224 2785 2368 378 1382 1773 1685 794 895 2684 149 1194 2422 1346 341 357 1785 1166 2555 404 1749 1207 1410 1434 824 2523
000051.jpg,1200 1205 1113 275 327 1713 1838 2791 23 1116 1714 1548 2303 2204 676 1450 60 2691 683 448 2132 2180 1224 2030 2523 2101 1687 2726 1400 2288 392 301 265 1659 2195 1152 519 1077 298 824 117 111 2318 630 1973 2222 549 636 632 1170 2593 39 983 2281 1084 2547 2497 34 1992 1198 1482 2087 2623 95 1790 615 47 1960 198 281 1131 2487 20 830 1090 1990 404 1044 1304 1641 1036 834 2245 269 1591 1064 1536 2190 1080 1763 669 490 2763 187 2824 1751 1318 1007 454 907
000052.jpg,1644 1624 2411 2528 2501 1934 817 51 2044 1640 2817 2790 2837 1328 2439 1656 305 59 987 1926 100 547 2389 1407 1544 1584 1782 85 1545 312 2011 4 2832 1045 2836 2650 1489 562 188 1569 169 2082 2714 1663 1381 645 1146 1319 1386 715 556 2270 712 1102 947 2433 197 611 1617 1405 439 1799 1202 860 2088 2367 48 1422 1752 1444 2545 992 1796 559 445 2241 231 2023 2133 2574 1901 155 1552 626 221 2034 1658 635 74 260 1486 2312 1993 497 2454 2010 1417 1029 2300 64
000053.jpg,338 2243 2516 730 1174 1379 1094 678 2788 1142 1442 1466 1020 1913 1325 673 2251 937 749 855 2519 709 2151 1243 1936 1581 1850 2830 593 2492 1526 336 1670 2219 2560 2364 1455 2746 1005 2549 774 2417 2341 2005 2697 800 248 2290 538 2006 1511 1634 2087 1424 881 1966 1311 1131 2680 1309 1498 717 1499 1068 1573 2730 610 1794 984 112 1040 2446 2196 821 1969 253 1783 1133 1779 94 1968 435 1387 392 568 870 434 191 1992 1516 843 2299 2658 365 1546 500 733 301 1479 7
000054.jpg,472 2486 2253 1815 1009 1409 1622 307 2371 2092 2455 837 403 1520 2139 2833 2158 2692 1101 2100 2205 2635 2616 1615 352 1 1159 716 1694 223 1994 2412 2338 642 1095 2385 234 264 2063 913 1338 2484 90 1698 2717 846 2215 891 1025 195 685 46 2223 17 1572 741 1814 1509 1925 262 1059 345 573 600 2576 1071 317 1629 1530 2727 2273 2213 892 1295 2834 2811 888 267 1982 1411 1619 1571 577 2340 2801 1540 2776 1618 299 2584 1828 160 2513 1238 1660 1122 2399 2481 537 1201
000055.jpg,2045 463 1151 1895 1983 74 1029 2755 2574 1552 2545 1407 2023 1644 197 992 219 1934 2676 2817 1796 2034 2454 1584 2528 2544 26 911 2482 2419 1569 606 715 188 259 178 2397 2735 2501 2840 1489 1092 712 2010 1208 860 817 2670 611 2753 1319 445 312 100 2082 1870 659 2724 1624 2564 833 1656 1046 497 2046 2411 51 85 1640 1428 559 1045 675 1710 2439 1158 626 1369 2800 2007 1782 2832 1897 2424 987 769 1328 1586 900 770 2044 2837 1362 2358 2241 2721 1381 1701 2650 1218
000056.jpg,2545 2034 2023 1584 747 2045 2755 1569 1796 2713 2433 258 64 439 2272 48 168 2650 100 1316 2376 260 2289 1490 770 1640 715 1453 1051 2721 26 563 2309 231 51 1218 2088 1320 2556 1870 659 1407 1878 161 2454 978 197 2732 559 1901 2826 59 1658 1489 194 2439 712 497 2815 1552 1381 1261 2133 433 201 1895 900 2482 1148 1586 992 1486 674 1444 1799 1307 2628 2817 1496 906 1544 925 2769 626 1663 2553 1782 860 562 1710 2419 305 1545 463 2241 1045 348 1993 1123 2836
000057.jpg,98 1272 781 776 640 851 962 910 1219 1519 2210 2691 1819 1221 2443 796 285 1864 1162 2561 2726 2325 1232 2256 2218 281 2003 353 1744 2324 2677 2644 2149 2474 334 347 2162 2656 1035 413 543 1357 1042 1922 1976 1512 448 820 1423 65 40 395 956 931 1394 2103 1798 2304 529 1436 1954 409 1801 351 1882 2571 2502 2278 224 1113 1541 265 980 909 58 1558 381 39 1254 2152 13 156 522 835 940 1515 975 1484 1412 196 2497 650 703 1834 1975 1643 244 684 923 375
000058.jpg,505 28 1563 2193 313 734 2534 1827 2500 458 671 238 1741 152 2028 2283 1339 587 711 1896 2250 2181 2674 2322 532 633 1335 1708 2552 2479 1111 2592 1680 2819 523 503 2119 120 1532 849 2716 330 175 354 2191 2370 261 1787 390 2228 1635 972 1117 705 1543 1297 1730 2052 847 245 696 1967 1831 2365 1275 2814 1756 2062 2236 1662 1010 2742 1822 2687 553 772 1026 1917 1293 2199 580 2099 68 721 2557 1655 1097 81 2402 2689 1475 125 2806 2017 1715 159 484 2396 1956 780
000059.jpg,313 734 1827 458 28 505 2119 152 1741 1339 587 1896 2193 2674 2479 2500 1563 1532 1335 1635 1787 390 633 2819 671 2534 2283 2250 2028 2181 2557 2062 503 2228 849 580 1111 532 1708 1967 159 1662 2716 711 1715 1293 354 1680 484 1297 847 2017 245 2191 2236 1097 2396 120 238 696 2370 125 330 1912 2053 1037 326 2365 2552 1568 1026 2429 654 705 1010 1921 1972 1831 2742 1475 780 2681 2059 1704 1822 1317 1756 1730 1008 175 1376 2164 1011 721 2687 1465 1781 972 1124 418
000060.jpg,2386 2056 1515 2263 2502 844 2152 2348 1221 2182 5 398 1198 1726 1882 1768 1364 1139 2678 45 732 1144 582 244 2457 2620 851 2048 2608 2567 973 84 423 1397 1570 1922 2591 236 2115 1251 1458 941 2761 1083 214 2079 1605 2572 2160 40 181 2464 620 2612 1525 2401 1322 474 1064 546 2768 1866 509 1953 2760 300 6 785 1219 2463 1616 1602 2688 1907 2203 285 409 1371 1797 1015 1203 909 971 1744 2230 420 980 2623 1610 347 475 621 1819 2522 2476 1199 298 2841 2751 2498
000061.jpg,1481 418 484 52 1475 1787 2059 2429 207 2236 1662 390 2244 131 1465 1875 780 1635 61 268 534 999 464 225 2396 2407 1967 726 314 2669 1706 430 806 1008 290 389 2765 1831 1050 467 2715 1378 346 2025 1024 295 1317 192 53 1568 2806 245 152 1789 927 696 758 1756 1715 2301 2053 1929 331 786 1262 2017 1275 1655 1037 1781 452 326 654 2142 2821 2465 2505 363 241 1011 1039 1339 1022 455 2557 628 2687 89 1730 840 847 580 1532 655 525 2794 1124 1220 2091 679
000062.jpg,372 2677 2691 629 281 298 796 1113 1084 2726 640 807 2132 275 13 2210 1219 1272 1221 327 1285 196 98 956 1911 820 396 56 1973 543 1884 117 1371 2443 1697 20 669 973 334 2118 285 1570 2593 546 1525 922 2623 448 2162 1007 1402 2627 2359 829 1882 413 265 2030 1541 2572 224 980 6 23 481 1501 375 381 353 1744 459 1519 1750 106 454 2324 1180 2303 2493 1260 1227 781 5 37 750 1603 2268 809 1015 38 1659 1184 924 1065 2483 776 425 128 909 1610
000063.jpg,2792 998 1583 118 567 639 2328 1791 1977 1531 2711 1667 1179 887 1354 748 1470 1854 819 2491 778 382 2793 919 945 975 2647 1578 1579 952 2682 841 517 1063 2778 7 1651 1585 2575 1769 1970 2416 1770 9 2252 808 114 190 873 1920 928 2042 2824 1351 1271 1657 539 1534 930 2304 723 579 227 35 764 2723 615 2284 923 1729 914 549 875 492 916 719 1493 151 2459 2146 1864 1359 1772 2065 2333 1154 2349 2361 2225 1915 2334 2018 1136 1157 1577 2008 2585 1742 450 1819
000064.jpg,654 1972 2062 655 2402 625 2311 525 1647 1297 331 679 1921 2061 1026 1248 721 113 1787 643 245 1335 1781 1356 1505 1598 2316 1875 858 1831 936 1097 1655 2228 1438 464 27 1293 1706 1612 2611 49 782 1262 1568 2396 1822 2465 2505 449 1018 455 2017 2164 2236 430 2232 1282 408 471 1756 1912 2794 580 89 1435 131 139 268 326 2765 1475 125 159 927 252 1008 2173 356 1011 1929 1048 653 390 1500 1715 2687 33 1662 1635 1039 1755 1967 2142 1275 2407 1789 296 786 628
000065.jpg,251 2113 2409 1213 485 1798 589 1175 1306 1427 1951 727 2066 374 304 714 658 1166 2178 614 2504 803 2040 101 1115 1207 1230 898 1786 395 2149 2644 1558 1353 962 1394 646 2540 364 2546 1389 1137 1561 2072 1257 2381 2242 529 1451 789 1900 1928 989 2022 293 2759 1161 1333 436 2054 1334 1883 1513 572 215 737 1106 2787 2784 1785 2579 581 1971 240 766 2656 2277 1559 1228 2238 938 2323 1683 545 1361 1250 2024 1357 2542 1300 341 2000 634 1801 1847 328 2589 93 940 895
000066.jpg,1810 165 2728 627 725 1075 67 2207 2558 202 2509 1055 1733 1212 1825 2294 2583 1937 1076 1406 1944 249 2382 1464 1012 2744 1874 2135 899 1639 2813 948 137 1986 2248 682 751 2393 1056 1606 2766 2286 2438 2825 1841 2224 1448 1725 2708 1130 24 146 1940 362 1592 2390 804 2615 447 2436 2258 2683 1609 647 232 1452 541 2057 520 1223 1259 1590 368 424 1950 1529 1001 482 1945 2741 491 902 2291 1463 1777 1800 2143 93 1935 2736 2809 1867 1722 917 2637 378 590 2041 2842 404
000067.jpg,747 1316 2272 2721 1569 2713 439 497 1490 64 1218 1416 201 1261 1586 1860 1993 1640 1496 715 1965 2241 2815 2376 1444 992 2309 100 2650 1552 2433 1381 231 1362 1422 1623 1901 2352 1658 2556 1636 1123 48 659 51 712 1544 2439 1096 1679 1897 1328 1453 260 1148 2628 2046 1617 1663 2840 2133 2707 2732 674 563 1948 1054 445 134 169 155 2545 906 2837 947 2755 194 2023 1878 2767 305 2088 559 1045 258 1307 645 2836 562 168 784 2826 2034 1208 2011 611 1486 2553 2289 1782
000068.jpg,453 1085 177 2679 1903 401 1163 2122 141 2829 1023 2163 2055 816 1628 2009 72 2636 1155 1784 981 2274 1808 554 1322 2463 384 2775 322 399 121 1740 460 1420 73 2747 1688 2786 1089 536 569 703 560 1415 1588 1203 332 289 691 2668 1162 429 156 2098 2587 308 731 1047 1132 1888 2126 1404 2483 111 2227 1717 2107 2090 2469 1065 172 1160 1074 694 979 1510 988 1890 868 272 831 208 99 1666 1241 468 823 612 802 2722 760 1954 461 1562 142 2074 2577 1492 1654 164
000069.jpg,1890 1256 1065 1562 2029 569 1793 1699 2668 2108 571 554 1033 2415 1553 429 289 555 417 2090 2304 2210 1430 868 536 2078 193 199 1888 1132 1769 1588 2423 62 681 1492 2217 988 923 142 121 878 1219 2021 1478 36 1886 1431 1398 2520 2430 886 2743 975 597 427 332 1686 743 21 2638 634 2451 24 952 841 176 2354 2384 2143 56 979 1334 1579 1393 1162 528 733 1053 945 1241 2656 866 98 1657 2756 347 2577 1728 2003 80 361 2729 1689 500 2333 2408 2615 413 640
000070.jpg,1514 1539 1939 1445 30 2481 879 273 1355 2710 1167 787 1982 1360 537 557 1694 1411 127 969 2104 958 638 2584 1630 2298 1571 2339 665 1684 2833 2226 160 1278 2811 2460 1446 352 2185 46 1607 2139 1341 2614 1540 299 147 2529 1294 2619 2092 2524 1201 2576 2363 2271 685 1803 71 1324 2371 2340 17 2213 1242 577 1440 2781 317 226 264 2269 697 810 2444 2013 1964 2266 234 2138 1828 2595 795 1524 1129 2175 1078 573 2255 1629 891 846 428 1270 414 511 888 143 642 2517
000071.jpg,2769 2454 26 1870 348 2130 2050 2538 1045 735 550 197 712 925 1369 179 1552 2375 2289 2840 433 463 1640 2241 2650 51 2649 1422 1701 562 1710 1489 1934 445 1569 606 1617 2714 161 1993 2501 64 2817 1788 659 100 1656 440 2721 1328 769 1895 305 817 518 2574 992 2023 231 1029 260 168 1316 1319 1407 1840 1983 439 833 1644 1092 2044 2482 173 2200 2753 2088 1417 2676 715 2631 2433 188 2528 2545 497 259 563 2556 155 2011 860 623 1584 1901 1752 1218 2397 1381 2544
000072.jpg,2611 643 2465 2505 1781 936 654 1692 1140 625 113 580 2017 1008 1297 1097 1124 1972 1598 1293 1438 1612 402 1026 326 390 1472 2091 1037 1356 471 1921 2164 49 1011 2402 1021 858 2311 159 679 1715 1216 655 1635 1647 478 1505 1787 721 331 108 31 1822 2062 2279 1395 1780 2715 1317 1143 1378 245 525 1435 2061 1248 1018 1662 1756 2794 27 2698 2406 653 2765 455 1141 1187 408 1262 561 1829 1220 2053 1568 1335 2398 1967 1127 1503 753 2316 1941 89 449 344 363 467 1273
000073.jpg,100 2433 1569 2650 2545 2713 260 1901 168 747 563 439 2309 64 659 559 1453 2826 2088 2034 1316 1490 2721 1640 48 715 2272 231 2556 2289 978 51 2376 201 1416 1878 1096 1051 1796 2023 1218 1307 197 1148 1123 1496 2133 1486 1584 645 1552 497 562 900 1586 2419 2454 2352 712 2011 2732 2815 194 2755 906 1046 2439 2130 1870 1860 674 305 992 1658 1782 26 155 1965 2553 1261 1422 1045 1381 2769 2241 134 1948 2836 2840 2007 2050 735 348 925 784 1369 1649 445 1993 1437
000074.jpg,1640 51 2836 155 1658 2628 645 1782 2241 1381 2011 64 1422 1840 2815 134 440 1649 1045 559 1218 260 2439 2088 1544 445 1444 1307 2272 48 2133 2650 1319 1569 1046 197 2007 2076 439 1586 2352 1552 2433 1934 906 194 2556 674 735 2732 1316 2713 201 1617 231 169 2840 2735 100 978 2837 305 712 1054 1897 611 1158 1965 817 2411 497 747 1663 2501 1051 1993 1636 2652 2419 992 2817 947 168 433 2376 319 659 965 1029 1208 1486 2553 950 900 1096 1261 1416 2309 2528 1123
000075.jpg,1055 2728 725 2558 2766 165 2319 2741 1944 2294 1212 137 1874 447 2207 2305 1606 1825 67 2580 1452 1067 2135 2719 692 2292 494 1639 574 1223 2291 2057 2286 2598 1940 140 146 1777 1463 2436 2041 97 1076 1935 2511 2825 1899 686 1547 246 2393 1134 1868 722 2248 2583 1986 899 2736 2435 1130 948 1126 1937 2382 2665 2813 804 627 1464 1185 2842 293 2639 329 79 2506 647 2683 2068 116 2054 2787 677 1558 204 442 682 1592 1869 657 2708 1841 491 1166 1810 1725 2409 2475 1439
000076.jpg,2289 1489 433 1710 1417 860 1701 161 1870 769 2650 197 1569 26 1640 64 2375 2454 2023 712 2545 51 1051 1218 1895 231 1782 2817 2439 2628 2367 2755 1584 2836 48 100 1544 168 2352 1934 1658 194 1444 1381 169 305 2837 770 2034 2721 715 1617 1319 1045 1656 817 950 1624 1644 2045 992 1422 2272 1261 735 2241 547 1328 2528 606 1586 463 497 1752 348 260 1649 1407 1663 173 1552 1679 1627 1386 2200 2501 1983 611 2411 1486 2840 2433 562 2376 559 1102 2044 2769 1796 947
000077.jpg,519 2085 852 1705 2600 942 1479 2341 2543 1682 1131 392 1442 966 1331 1718 1779 1992 1243 1385 253 434 1455 1387 937 320 186 2318 94 2245 336 2458 1614 1133 248 1673 1379 1211 2446 984 1784 1200 709 1017 2195 2243 855 1384 114 2147 2618 1007 1770 1424 2559 1707 749 1739 566 2251 593 2763 2026 301 1969 678 544 676 512 1794 2219 2151 568 1548 528 2746 355 338 1681 1005 2087 1068 538 610 673 2519 773 2788 907 1311 1094 1546 292 1966 1511 2830 191 487 2723 1419
000078.jpg,1447 2437 1469 1990 44 16 1672 1483 376 834 1245 83 2058 1178 2190 1719 2296 830 47 983 269 2685 2129 60 1450 845 1224 2700 1836 1252 1914 2161 1714 1548 2202 483 1304 2015 2745 1103 2317 832 1499 2016 2083 1277 1620 2818 1057 603 897 1176 2080 1749 55 373 441 1838 1999 576 1783 1743 695 2288 1732 1131 95 1980 2335 728 2523 2087 132 1593 2235 1337 1016 584 870 2249 355 1713 761 2180 2641 683 2315 91 1633 2785 1476 1794 824 1919 951 1300 873 1790 1090 2395
000079.jpg,1301 446 1567 2049 530 1290 1518 1981 1604 1237 984 2658 2064 1909 1105 1271 7 311 921 2609 1058 875 1017 243 662 2140 118 2596 1613 355 1396 1978 1210 2796 151 394 2349 2093 2087 2793 2282 1384 451 2392 1906 2357 1331 1913 2310 528 579 2697 1879 2523 337 1209 253 1836 1211 2446 1673 25 288 513 34 2559 966 1174 1305 1742 631 1455 1142 397 2700 1992 2196 2642 571 1554 1865 870 1621 567 2065 187 808 2618 2006 813 1483 538 728 487 2326 2437 1614 1047 2111 2176
000080.jpg,2716 2365 2552 849 2819 705 2689 2191 2181 505 1896 2534 81 120 2119 2370 2479 2283 847 587 1662 390 2557 152 2398 2674 1827 1481 1741 1635 175 458 1003 1787 108 1715 2193 753 313 1339 245 2500 734 2429 525 654 1008 1117 1730 1317 418 1220 1875 628 484 1187 2681 2062 238 1921 1563 28 1335 430 1011 1967 2164 1822 2301 633 553 2407 471 1708 2531 52 1303 1026 1781 2527 207 326 1314 1037 1532 2144 2061 2806 1647 1111 1097 1756 1438 1018 711 2715 1612 782 1293 1395
000081.jpg,1387 1380 2691 2593 1697 1084 372 1911 629 2677 946 2318 2245 796 2355 1285 973 1525 2167 2483 546 1750 2268 1200 298 2132 459 1263 448 1479 1131 1682 1219 1267 1570 355 2118 1779 1537 1973 2514 2161 1221 1170 1280 1385 1763 1450 1113 2512 2195 2443 1425 2788 111 981 1783 488 1884 2362 582 2204 285 1548 256 1347 543 2535 1090 852 47 874 829 1790 320 99 632 1073 1082 554 269 1116 144 1966 2623 922 1794 724 2449 334 1714 2147 2463 2387 191 2121 281 549 2420 1352
000082.jpg,306 2508 2169 473 2027 2351 2128 1249 907 1093 2326 957 1426 630 1488 423 1502 1596 1326 865 2124 2203 265 1971 924 2570 510 701 205 2640 2795 466 498 1061 2288 1266 2317 1952 2839 1184 736 983 1696 778 1588 834 2014 2521 388 1975 2249 2179 2671 465 1329 107 1898 432 1170 407 1080 2176 1970 2641 2073 382 516 375 1601 187 564 1821 397 1610 2808 2700 183 1132 2281 2627 2031 381 1764 218 1245 1257 1423 680 1738 2498 2362 897 1637 1973 844 325 761 1671 1748 1041
000083.jpg,975 921 966 1017 571 1384 2416 1370 2064 1739 2660 7 2304 451 2349 355 1742 2600 542 631 1301 2140 942 54 2085 1518 875 2369 2282 1705 1031 1210 1893 1681 607 1567 923 1906 2793 1290 311 487 710 2458 164 1853 1211 660 1455 50 528 1657 2559 1058 2782 515 1065 908 984 1614 1396 1604 360 579 2341 2108 446 56 394 243 2519 530 2259 257 2668 1000 1415 2618 813 2786 1516 1729 2664 2796 253 156 554 2658 1237 301 1613 2722 1271 434 1331 1579 2147 1243 2093 928
000084.jpg,545 2066 304 1213 2113 101 2178 1394 766 2546 328 2504 1228 1389 251 572 1558 2040 1257 1785 2238 1900 2381 2579 658 2022 1230 1971 589 364 1087 737 436 2242 2149 1353 924 1027 215 1427 1333 2277 1683 341 962 1883 2784 1818 374 2759 727 789 1357 898 1150 1300 1786 1106 2644 650 2114 2779 824 2547 926 1559 1898 569 63 240 2589 2288 2756 2656 989 1176 1798 695 1666 2171 564 384 803 121 2540 1115 1801 897 1693 308 2666 754 1161 2323 536 1654 395 1892 2107 581
000085.jpg,2510 431 70 1839 1035 2561 1759 1125 1753 1842 18 2777 2772 2757 1834 2478 2663 2 2077 951 601 1390 2015 315 2644 2818 395 1252 529 2622 1557 277 962 1833 1938 767 1443 2323 1801 1230 940 2497 1798 2149 2302 198 1333 522 1747 1357 369 1165 1186 2656 2315 2666 650 65 1394 1391 1418 461 5 1213 2504 789 1257 297 2016 1323 1785 2314 1512 75 1548 2686 2066 2496 2702 2532 2128 1296 156 2577 502 889 240 990 931 2667 543 1334 269 182 1519 39 1340 103 1847 2277
000086.jpg,2293 377 1864 1949 270 828 9 1819 2210 2729 2520 2218 323 1342 347 1657 2647 2336 1352 1769 1504 2048 549 928 515 952 2354 985 539 1203 812 2108 409 1585 1643 604 923 2485 853 2578 2157 1436 2304 2141 1565 254 13 2718 1667 2047 1849 1206 1579 713 639 2032 945 84 2334 1768 941 332 429 2778 640 652 2081 1038 2483 707 624 58 2463 2582 660 919 2416 841 2828 3 819 1322 1272 2668 1531 2380 1033 738 1337 2408 1890 865 703 723 2792 1204 308 2761 492 1374
000087.jpg,767 2772 1753 1125 2777 2478 2015 2077 1252 277 1834 70 18 951 1842 2818 2315 2757 1759 2702 2663 369 1443 2532 2510 2 1938 315 1460 2496 1833 1980 2561 1989 601 2686 431 211 1186 990 1323 2302 297 1035 1839 103 1165 1418 126 1579 1390 1391 2624 2622 1235 2685 502 9 1801 1747 191 578 2314 688 1557 1767 931 65 5 889 1413 1519 2128 543 597 2276 2644 2457 1340 844 1908 1219 886 2443 1515 1845 1686 461 640 2388 2601 417 684 1114 1394 554 1065 1512 973 2471
000088.jpg,1938 1833 2510 70 1443 431 18 1842 1747 767 2532 2663 2 2686 1834 369 211 277 2496 951 2561 1125 1035 2015 1759 2478 889 2777 1753 1418 2772 1252 2757 601 1460 1839 2077 2818 1989 2315 2702 65 9 1390 684 1186 1413 2622 315 1579 461 1975 1391 990 1323 1801 1519 2314 578 1767 2388 2644 1512 1557 931 502 2443 2128 156 103 962 297 250 126 395 1980 886 1821 1114 1720 1256 1219 1254 1686 1065 1340 2276 796 529 543 121 477 597 2577 417 1235 2323 2624 650 1310
000089.jpg,1874 677 682 1390 1463 2291 2057 2757 1725 574 2809 2728 1558 482 2438 1223 394 2220 2497 2435 2021 67 2089 165 444 1433 368 1478 1567 1166 2708 494 1879 725 2526 1058 2369 940 1055 2756 1241 1087 1892 2507 2825 1944 1075 1553 571 1759 2294 1839 939 1928 2668 2808 1578 289 1733 2704 1952 1065 2207 607 1557 1931 1430 627 2558 2741 1639 1031 1888 1334 1555 898 2140 156 1721 146 2719 199 1771 2304 2436 451 1035 198 1185 1237 631 1027 2622 202 293 2561 2382 1693 50 1886
000090.jpg,2160 856 2079 2401 1907 1336 1214 2612 1217 2216 1363 333 309 1703 2230 1891 785 1288 2751 1315 335 2188 189 1365 2197 762 1927 1013 2060 419 22 1632 924 2816 96 1364 2841 2567 2591 2604 620 971 1889 1610 2153 2555 171 183 861 107 1251 1797 2554 894 2056 2498 732 1177 2643 45 2111 1727 2705 1153 506 2831 621 1032 5 1277 2386 957 959 1858 759 2608 2688 1171 2022 565 214 236 181 2278 2414 1723 2346 2522 42 2313 1064 1892 2476 468 1844 2141 1685 650 1108 1768
000091.jpg,505 2500 1896 28 587 2193 2181 458 2250 2819 734 1563 653 2396 238 2236 2674 1335 633 711 1827 1787 1831 1475 390 313 1746 2479 1635 2177 705 1967 2552 1655 1010 2119 2794 175 1050 2370 245 2062 1297 2365 2429 2527 2283 1011 2322 2228 1662 2316 503 1680 1339 2534 1543 296 1741 1037 1708 1378 1875 1789 2059 1756 2091 1282 484 523 849 927 2017 1026 1755 125 1039 1532 2173 1008 464 968 1376 2592 239 1568 1111 356 805 314 152 671 2199 2052 1187 1972 1441 780 2689 1715
000092.jpg,188 2044 1934 2501 611 85 2411 2397 1102 312 1319 2528 817 1422 1552 2832 2817 1656 987 1624 1405 2574 2790 197 635 463 2082 1644 1926 992 606 260 433 1983 221 2133 2836 2837 1993 556 2088 2439 1046 2241 2312 1029 1782 2300 2270 1617 134 1417 2007 943 486 169 1428 2375 445 563 1307 1092 2631 305 1386 2046 911 2358 1151 74 2011 784 622 2606 518 712 1544 860 1878 1486 547 2724 1381 2676 1045 51 1640 219 2337 562 2650 833 2454 155 1190 1208 1444 674 4 2670
000093.jpg,851 1744 2726 2162 940 5 1515 98 844 640 347 40 1371 1768 1219 2502 1113 509 1198 2324 1144 1203 2443 409 1882 1605 1434 2656 2457 84 2149 956 2761 2386 781 1960 1423 1801 2772 1839 2203 2115 182 479 2691 896 265 395 1579 2003 1616 2677 1162 2325 2644 244 1263 1035 214 2571 962 941 1426 6 2497 198 1226 2152 2623 985 1987 1819 543 1322 676 281 2494 1458 2737 1601 58 1864 398 1661 2036 23 1536 1798 117 1352 1641 2304 713 1591 1834 106 1342 2359 2214 1074
000094.jpg,1649 2836 2628 1782 1054 1381 1658 1444 1544 169 51 2837 1218 2439 1640 1051 1663 194 1840 440 1679 1586 2767 2707 64 559 155 1623 1261 2272 2241 947 2352 1316 712 2815 1045 978 1307 645 1948 1569 497 900 1486 260 674 1437 2011 305 1328 1552 735 48 1416 2652 2826 2433 2840 1617 1422 445 1965 2088 1123 906 2076 1775 1752 2133 100 860 611 2419 1208 1489 197 1319 134 1046 1417 1096 2007 563 1993 992 2556 2713 1878 2650 2309 74 1545 659 817 2545 1934 2411 747 4
000095.jpg,1882 1371 2623 2572 1525 1084 6 298 1221 2691 1661 2030 1113 1659 956 1280 1318 2807 973 2464 2359 546 2263 327 2677 2726 1536 84 582 1083 1768 2474 285 1744 941 629 2162 776 1205 448 2688 1198 2222 1802 851 1462 40 2678 829 106 636 1726 2386 196 275 481 2168 205 373 2115 2448 661 98 845 1911 2197 2761 117 2383 1219 586 2247 2695 353 1687 339 23 1285 38 1380 1183 5 281 1016 474 669 2725 372 724 2395 244 441 543 2498 2593 1400 1515 1750 732 1523
000096.jpg,1139 2348 2502 1953 1515 244 2152 2841 1605 475 1696 214 2768 1397 1602 909 1221 2567 844 84 2115 335 420 1922 1570 2612 2751 2386 941 2109 1916 1171 1616 2230 2591 5 1232 1199 785 1866 2620 851 375 1949 1768 1738 2160 971 2457 423 2706 690 1041 582 953 2401 2079 2056 980 1610 1364 1723 2346 2263 509 1603 1819 1891 2048 1214 759 22 2688 2421 938 448 1882 1426 2643 106 2203 1144 2498 2656 285 2182 1537 2816 2521 1907 182 2149 1657 1198 2494 300 2032 6 40 956
000097.jpg,1834 1842 70 951 18 2478 2 1125 2663 2777 2077 601 1753 2818 2015 2772 1252 2561 1759 2510 2757 431 1035 1443 931 1839 1833 1938 522 65 1114 315 767 277 369 2624 2644 2622 2686 578 1767 2532 1186 2315 1418 2496 1390 1908 990 962 250 126 502 1747 2667 1801 529 1557 1323 2276 103 395 1391 1413 1821 1975 211 1460 848 1720 1512 1340 1989 702 297 2388 889 1107 284 1845 2314 684 1830 2323 2302 1235 2702 2504 2345 2601 2471 1310 886 2149 5 688 1608 1686 2128 1798
000098.jpg,188 611 2817 1656 1319 817 1934 1926 1407 2082 2528 556 2574 1552 2411 1102 1386 2790 1644 547 85 2300 197 1983 987 1993 1796 2270 2631 2454 715 2397 659 2375 463 2501 1422 221 1624 312 635 992 2023 2045 626 2721 2670 1617 2515 1405 606 712 562 2832 900 2755 2046 1569 2544 1428 833 860 2676 1151 2545 433 74 445 26 64 1545 1381 2044 2840 1870 4 1489 1584 1658 1029 2419 1328 1046 943 2538 1878 439 100 2424 260 1752 1218 2800 1092 2358 2714 134 48 784 2034
000099.jpg,685 147 352 1069 1167 1341 307 2213 2246 2781 1939 1607 1837 2811 2710 1355 1514 2595 2460 2530 511 996 2339 969 2758 2614 1 160 1025 557 2131 2648 1181 71 1615 2481 697 879 1815 345 46 127 1539 2444 1445 1660 1811 2255 2298 166 1803 403 1964 527 30 1629 234 1988 651 2588 665 616 1524 1828 810 958 124 1812 2266 577 237 537 1349 1564 591 1060 2175 1078 226 2412 1324 273 2013 2104 2363 1520 2473 787 1081 1294 1530 1619 1587 2633 1480 1446 17 1572 2517 1366
000100.jpg,1067 79 2305 1547 2294 2511 722 2135 1935 2665 2068 2766 1055 165 1944 1076 2041 2558 137 1126 1606 686 1212 1463 2319 2207 2741 2825 204 246 1134 2580 2286 2736 725 2728 1452 2258 2813 116 1940 2842 2248 140 1825 899 447 1639 2292 1986 1464 1899 1937 2393 2382 2435 1130 1868 2598 948 329 67 692 362 97 1836 804 993 1777 1841 1185 1223 494 1874 1056 1919 483 146 350 677 1593 1672 1161 1743 442 1513 2436 2037 2719 1847 1300 271 359 657 2708 1869 974 1892 2506 1408
000101.jpg,1003 1156 2105 200 120 2265 2773 877 1187 1117 449 872 2764 2594 2025 2316 553 2610 326 633 1543 1302 1756 1314 1873 1506 33 1441 771 2789 192 356 1141 2144 296 245 139 2698 2070 2402 216 31 1282 1755 552 2306 1650 890 81 618 1500 2017 209 1730 721 1961 1967 390 1972 2365 1974 408 2592 670 1135 1917 507 2396 290 159 2062 655 207 533 1262 1635 2177 963 2690 68 2557 418 1708 1010 1461 455 532 1317 580 2812 2406 2681 1127 2715 2819 2687 2527 654 1021 2173
000102.jpg,929 1574 765 2434 825 254 14 282 652 1985 2336 3 2487 1121 2485 1246 66 2405 2536 1642 1289 2209 779 764 58 2019 539 1128 2699 549 1577 2146 604 1347 2284 212 2008 2018 2204 1538 873 874 812 1136 1493 35 1351 914 719 1745 2824 1772 190 2490 450 1672 2024 1513 2170 1247 2003 303 1958 2260 2605 2542 2129 1561 2551 1346 2247 1847 1203 2325 1157 7 1534 615 2324 1773 1162 1245 723 1403 2426 2157 483 404 2016 247 1719 789 373 2022 347 617 540 522 1729 2754
000103.jpg,1360 1982 2833 2139 1630 2092 969 352 264 787 1242 2797 958 2371 2269 537 2298 2481 273 2576 1684 1925 2138 1539 1694 2226 1446 299 638 1571 414 2455 1520 1294 2484 1618 665 1540 1122 30 1009 1445 667 2104 234 2635 317 891 2619 837 46 642 2524 2584 2616 1411 741 2340 879 1939 17 2710 1572 1349 2185 2529 1 2844 1338 1258 961 1514 2811 1619 2473 1355 1270 573 2213 577 2834 2801 2063 127 1238 892 557 1698 428 685 2223 262 2709 1167 195 1291 267 2412 90 2100
000104.jpg,1156 2105 1003 552 2265 872 890 1302 877 1314 1461 1543 1974 326 1506 2594 1756 2698 2070 1141 2715 2770 2467 159 580 2062 2789 2017 192 2690 418 290 1273 2610 2316 1972 1647 2402 1955 721 346 1921 449 120 670 654 1097 2669 2597 1011 1378 2681 1755 1135 1441 2812 2821 1297 758 1356 31 1293 2237 402 2687 2773 2061 495 1885 1187 2306 1917 2199 2025 1781 367 1332 1262 2232 1317 2565 1598 1117 1873 125 241 840 455 786 1843 1500 1612 2177 408 390 1787 625 1650 131 771
000105.jpg,1298 1343 1004 149 2408 1434 1685 182 1019 954 1712 520 63 2737 1760 213 2112 1269 2566 376 310 1945 1333 2615 24 232 2354 940 2022 1749 2744 695 1483 2111 2638 2430 2143 1265 2656 1535 1693 1478 2827 1867 1176 1849 424 1103 949 1722 19 1448 1999 2390 1336 707 824 132 1529 2441 1087 596 983 1093 2547 1928 198 1013 1365 1733 1856 2016 270 2149 540 291 2072 2497 2048 1743 614 2141 634 1166 426 119 135 2190 783 482 2603 95 576 75 1757 832 2413 1383 88 2745
000106.jpg,1116 1714 1713 1836 404 1601 2700 1990 2190 1224 2437 2288 832 683 751 39 983 603 269 2390 379 2275 2000 1620 1131 2036 2129 1838 1548 1732 1593 1529 1194 1693 1940 2202 2441 1483 728 60 1450 1073 2080 373 1243 1943 2745 2605 83 55 1914 1561 2656 132 2653 339 1346 1178 2016 2518 1120 549 695 2151 845 1176 2395 2239 1113 47 2746 1986 2788 1672 1867 2015 830 441 2209 1869 749 2299 1068 1447 1252 191 863 2359 1609 2281 2827 1075 2290 1482 1016 1357 2161 2302 676 2785
000107.jpg,2092 2833 2139 352 1982 2371 969 2797 2455 837 264 1360 958 414 1009 787 1684 2576 1122 2298 2484 2269 2844 299 1925 2226 273 234 741 1242 891 2616 1630 638 1540 17 1618 1694 642 2063 667 1571 2185 2529 1572 1619 1520 537 2801 2709 1446 1238 1539 2412 1445 30 46 1 961 267 2340 2584 1294 2635 2104 2524 195 1994 1291 1349 2619 1629 262 573 1807 1698 685 2100 1411 2481 913 600 892 428 1549 2834 2338 1514 810 846 2486 2223 1815 2473 71 143 2654 1814 2710 1338
000108.jpg,280 57 133 2418 1580 493 1792 2374 1758 170 2174 2198 1947 1861 2039 2456 2672 2659 1551 2206 228 1877 1930 548 884 2356 1348 1234 689 857 1887 2327 2123 82 2581 1392 210 1193 2125 1350 704 514 1457 1859 976 263 1665 801 2155 1375 1377 1776 1575 1345 1522 570 656 1724 2548 421 2662 880 2189 2739 1857 2127 1664 294 2332 2321 158 438 934 1229 746 1276 687 2187 885 1576 1030 756 842 2184 185 287 2229 1542 2703 366 1807 720 2590 1675 1716 1292 1043 242 1191 797
000109.jpg,2045 74 463 1644 1895 1552 2574 1151 1983 1029 2482 2755 2528 219 2817 2023 2676 197 2545 1407 992 2010 2034 1934 312 606 2501 2735 2544 26 188 2419 259 2082 911 2564 178 1584 1362 2397 712 2753 1624 1489 626 1208 1796 817 2454 497 2832 2411 2670 1092 1897 860 85 2044 987 715 769 1656 2439 674 59 2840 2790 770 1328 1569 1486 1710 1870 1045 2837 1701 1926 2035 51 2724 1158 1146 1253 833 611 1640 1046 4 675 1405 2270 1369 906 826 1102 559 1544 1627 2046 2800
000110.jpg,1325 1094 1779 1442 2516 1966 1850 673 870 1498 1526 2697 1670 544 2788 800 1936 593 112 2145 1311 288 2196 774 1992 2492 1516 678 406 1783 2549 1871 2417 1385 2519 1794 717 2251 730 253 1243 1174 2730 338 2102 2005 855 1634 881 811 1581 336 821 2219 2560 365 2364 1079 1969 2243 749 434 1707 1511 410 1645 709 1455 248 1913 2290 1968 2680 2377 1142 1379 1005 1424 1040 1020 1573 2746 605 535 435 1068 1007 1131 2613 2006 1309 2151 1721 1138 773 2763 1466 2299 1546 11
000111.jpg,379 1713 751 1116 1714 39 728 2699 55 2202 1693 2036 1194 683 2605 2641 1838 1836 2288 1601 1919 397 469 1482 2239 1224 2281 1014 1593 2176 983 1950 2190 549 1357 2745 1538 541 576 83 441 2547 1996 940 95 1476 1091 1459 230 993 2621 1943 824 60 1856 2700 87 1940 777 1176 2129 2209 187 404 1192 1743 845 1561 2656 373 564 198 920 132 832 2493 539 88 2111 1007 1467 2827 695 2497 960 269 1450 1548 1990 2437 590 1130 926 2441 2395 1986 310 1672 2073 1257
000112.jpg,101 2381 572 436 989 364 251 2040 215 2504 1900 803 1106 374 1357 1559 1798 1230 1257 962 737 1971 1786 1427 2149 1394 1451 589 2546 2644 2759 2409 1818 395 1361 1951 2114 581 898 1306 727 1353 529 545 2579 1558 1166 714 766 658 926 341 1213 1883 2066 789 328 646 564 2238 304 1389 2113 1137 2656 1115 2540 39 2277 293 2178 1928 2021 1207 2756 2242 2784 2288 485 1683 2323 1801 240 1180 2787 1175 2054 1334 2072 2000 1785 1693 695 1333 650 2247 614 1459 2320 1561
000113.jpg,2043 2810 922 924 334 1916 2346 650 980 475 2118 1891 2171 1723 2841 1884 1541 543 136 1558 1334 1882 1357 1711 1817 820 531 1487 375 1603 224 1582 2494 1570 2644 2599 1426 1881 372 1986 413 646 2666 589 1654 750 1798 2561 461 1501 1700 39 564 2589 907 1865 443 751 962 1219 465 1162 2409 2443 423 187 1027 1230 1605 1221 897 20 1902 453 2779 1940 1061 658 128 1007 1471 98 1250 1763 2288 401 1394 1628 1825 529 2388 2768 1065 485 474 586 2504 2656 796 1430
000114.jpg,1419 301 632 2331 937 392 355 843 1454 490 1729 2341 935 612 2249 187 2446 538 448 1550 2658 1131 1194 253 1546 519 516 1455 1621 94 2176 1424 2390 2452 1370 338 2096 584 1867 2204 1052 1673 2159 1006 1739 1529 1133 2101 212 7 1499 984 2117 336 2195 908 2326 1142 594 2243 1790 1903 1028 2750 1352 542 2261 1387 736 1637 730 2519 2360 2696 2156 2222 99 1396 2793 728 871 1722 2349 1321 397 343 1467 1200 1023 571 1016 1073 2830 1425 1483 1853 148 243 1243 2257
000115.jpg,395 1394 2644 589 1801 1230 2323 962 727 658 2149 1207 1683 529 2277 2759 1798 2656 2737 1558 2242 1786 1361 545 572 2497 1334 1561 714 1162 898 1257 1451 2504 485 374 1971 198 2072 614 824 789 2288 940 1728 596 2054 1306 39 1087 1074 1357 1213 304 2546 2238 949 1412 1928 581 1389 2178 251 240 1175 1137 1304 60 853 2547 2409 1666 691 754 766 1298 75 479 757 1333 1839 328 2112 1106 110 2381 695 1999 1322 1427 2003 2410 461 135 2579 2066 1954 803 1951 308
000116.jpg,576 1561 596 2547 95 824 1743 291 1538 1749 1928 1207 2542 1631 1176 1689 2656 2149 714 310 2699 2409 2827 1334 1103 2644 634 465 695 617 1693 898 2737 1178 962 1804 1683 395 1672 1333 132 2072 1166 1298 1513 240 1593 2638 1019 940 2323 407 1801 614 1087 63 2759 2242 374 2277 2016 983 2700 789 1004 683 529 1847 1535 1838 2143 1300 1137 2441 1394 2784 2022 1116 1343 251 1714 2523 1478 2190 1798 967 483 1786 1713 1999 182 1483 832 1685 2579 1976 24 76 2288 376
000117.jpg,1316 2556 1416 1096 1948 2272 1051 1752 2628 1649 1496 1218 2836 194 2352 2433 2545 1586 1569 1782 2439 1658 1840 747 2815 1544 1965 2241 1381 1307 2790 169 497 1261 2650 2289 2837 1636 2721 155 197 559 1422 817 1054 445 1640 950 674 221 440 2817 51 64 900 2826 260 2088 715 978 1796 1319 1444 1102 433 2309 1407 1045 2840 611 563 1552 1878 735 2034 1486 1123 312 1489 712 2652 1663 1148 1624 2713 992 2069 305 2454 2011 1926 860 1934 2832 943 1437 100 2367 134 1146
000118.jpg,2641 1104 1669 397 728 55 1487 2176 924 2536 1880 2019 922 2260 443 1471 1596 636 2434 701 42 2554 516 1488 1502 2489 1714 2700 586 1016 2278 2573 1802 2179 187 652 2027 1177 1224 40 1194 2203 476 2153 2326 1671 953 510 1846 894 5 107 419 2754 1536 2360 2604 865 2129 844 2111 2841 2498 2643 2555 2437 1093 1347 148 575 584 956 2395 594 1685 632 2521 212 37 2627 205 462 2043 761 592 2823 765 1365 695 2336 2785 2810 1601 1631 1973 2159 2405 34 2603 1260
000119.jpg,1055 2294 725 2728 1940 2305 1986 2598 2319 1944 165 2741 67 1825 1212 2766 137 2558 2207 1452 1076 1606 627 2436 722 2511 2135 1547 2665 97 140 686 2382 2506 1130 2068 1937 1935 1464 2292 2842 2041 692 2499 79 1868 1067 1869 1725 2813 2258 2393 1639 2580 2248 2286 368 948 1874 1243 447 1463 2719 1886 1075 899 2583 1334 1406 974 804 2395 1223 116 2151 404 329 1053 1529 2390 2054 1601 790 1390 646 2787 1120 1126 494 2291 878 1439 1777 2653 751 350 1016 1462 1557 812
000120.jpg,1272 922 98 2726 281 781 2162 2561 2256 2677 1519 2325 334 1232 640 1219 910 2691 448 37 1643 796 956 1035 962 1541 820 117 375 924 2443 1162 2218 543 1744 1884 298 381 1436 20 2003 1976 475 1834 1763 1221 244 2387 586 372 980 413 1819 2210 2324 56 2841 454 1402 2109 65 136 975 851 409 650 1916 70 1512 1973 1501 1922 1570 629 909 2132 2644 2577 224 285 128 776 1254 1042 347 738 2118 2304 1902 2757 807 1839 2323 2400 13 1759 156 2015 2571 1697
000121.jpg,1694 1982 46 2185 1925 1684 2298 299 2529 264 557 1440 1122 2584 143 2139 2363 1411 2844 1619 2616 1009 879 2833 837 1238 2460 267 2215 667 2484 2731 2092 1549 969 718 787 1129 386 1446 2371 2797 223 1291 349 1863 2710 414 30 1445 892 1807 1814 428 891 1514 1735 2635 1589 641 958 2481 2455 2541 234 2063 2385 1571 2340 1360 2213 2158 2269 1540 273 2412 642 795 1294 1629 1622 2517 2771 1520 1572 2524 1373 1196 741 697 1366 226 1278 846 2834 1615 638 352 961 1776
000122.jpg,2068 79 2665 722 1547 2511 2041 2305 1463 1935 2813 217 2598 686 1076 2427 1464 2248 2393 2382 1067 948 1639 140 1937 2842 2135 2554 974 1868 1606 116 444 137 2153 2617 2292 1632 2436 1725 1927 894 165 2741 491 1126 96 692 1330 1452 2060 1986 1212 1998 246 2286 790 419 677 1185 2319 2736 255 1962 1777 2258 1134 1032 2766 189 368 521 619 2308 350 2499 1592 682 2712 2580 106 2506 1483 2719 204 1136 856 899 494 2401 1315 2294 481 2569 97 37 2612 815 329 1223
000123.jpg,1996 2555 2233 2422 1727 1734 834 2254 1104 457 1669 2058 1517 34 2192 728 2523 575 462 2489 777 2249 2641 2684 407 1898 55 1846 761 2360 1028 2605 1690 2234 2159 1169 2754 861 187 2785 2733 1228 2550 2176 1626 357 1091 2202 2780 2745 397 2586 693 87 47 1382 983 1507 2368 2111 1856 1178 1914 230 1523 279 794 1611 2525 590 2190 818 564 1538 2347 1277 2447 2630 2106 2383 1093 441 845 2180 2604 2651 1691 1785 576 2395 2699 1482 2033 2621 902 926 2317 897 2297 2695
000124.jpg,2433 100 1569 2713 2545 2650 2309 559 659 1316 260 2826 1453 64 1901 563 168 439 747 1490 201 2088 48 2272 2034 1640 2556 2721 51 1416 1096 645 2376 715 978 1123 2011 1307 1878 231 1496 197 1796 1586 2419 2289 497 1051 1486 2815 1218 1046 1148 155 1658 562 1860 1552 1782 2007 900 674 2439 1948 1965 1584 1381 2836 2133 2241 712 2023 2352 305 1045 992 1649 906 2628 2130 2553 194 2454 134 445 2732 2755 1158 784 1840 2840 1437 1752 1544 735 1261 925 1993 1422 440
000125.jpg,1142 855 1174 2417 610 1913 2243 1020 1424 2006 243 2830 2519 678 1442 1936 2087 1094 1581 2251 774 2492 1850 717 2005 2196 7 2697 94 355 2560 1331 1105 118 881 1966 1370 1309 1634 984 1040 1211 1311 301 1573 567 966 2680 1419 593 1968 1325 1271 1614 1243 338 337 2793 530 749 673 1068 2420 1992 2711 1705 435 2446 1531 1131 1742 730 870 2341 1978 800 1379 1396 1301 1604 392 2788 1778 1554 2357 1305 2549 519 2377 2364 813 2310 2151 945 975 2394 1200 2609 2042 1466
000126.jpg,1188 759 2171 1797 2810 1260 1891 1153 820 2841 1761 2643 1227 6 922 1723 909 2816 1858 829 214 468 956 621 476 1221 620 2823 924 1953 669 650 1882 285 5 2043 1603 1541 752 2160 1889 1702 411 807 1602 2230 997 2666 2591 20 2169 1456 115 306 1931 1766 1061 2507 2725 1326 2351 2620 2168 1697 661 2526 1610 2346 388 2726 1866 2457 335 2118 2313 189 2124 762 609 334 419 1515 171 2162 732 2705 375 1558 448 1916 473 695 2464 1865 2060 2404 980 2608 2107 8
000127.jpg,1618 537 2100 2635 2138 307 1540 317 2738 1994 166 2340 1258 577 642 2223 1446 352 1520 2255 46 846 1409 1698 1294 2372 1571 2269 1009 2486 961 195 1622 1338 1360 665 147 2781 573 1572 472 1101 1630 2412 1837 2481 1 2399 414 17 969 1607 2811 2833 1615 1684 600 1341 837 1445 2648 2484 2338 2614 2595 1025 234 1201 2266 160 2139 913 2253 180 264 2801 2298 1964 90 1982 2371 2834 1812 2158 2063 1095 2727 1349 2455 403 1071 273 616 1828 2576 2616 223 2092 1366 912
000128.jpg,2613 257 2609 1894 1516 410 11 2095 773 2763 288 1871 811 2196 1800 870 2110 1546 416 1731 664 535 843 2417 105 2843 648 2102 1527 1138 1237 406 1992 2519 1498 446 2697 1645 1454 605 1007 1966 717 1981 365 2377 1133 1079 1094 883 1850 1142 742 253 1936 678 2251 1778 855 2680 1779 336 2549 519 2485 538 1424 1040 187 2487 1969 434 1385 1794 2243 1745 338 1707 2145 821 530 2049 2492 435 1309 544 1783 1567 610 2087 2788 2219 1690 2005 1068 2224 1634 462 774 1087
000129.jpg,1874 165 2558 1223 725 647 2135 2207 447 2766 2728 899 1825 2813 1841 2435 2294 146 2736 1212 2248 2292 1126 2319 137 1055 2511 1937 1944 1606 1940 2741 1463 692 362 2825 494 1547 1986 2291 2057 2683 1076 2382 2639 1899 948 1130 2842 204 686 2305 1639 2393 2258 2286 1134 1464 1935 574 2719 2436 246 1777 804 2580 682 116 2041 2438 482 2569 722 1067 442 491 329 1592 2708 2220 2665 140 677 1452 2598 1185 2506 2526 939 2068 1433 6 1056 2704 657 97 444 79 1868 1931
000130.jpg,2185 2584 2139 1411 1694 2529 1925 264 1982 1129 299 2833 2484 1684 1122 2092 2616 143 837 1622 1264 2298 46 2100 879 1009 557 1619 2731 1446 2844 2371 1238 1366 1814 912 267 1440 2363 2385 1549 2215 1589 1807 2801 349 1291 718 1294 1571 2771 2063 642 787 741 1514 2158 1360 1445 2460 2455 414 234 600 1735 2412 41 2486 2797 262 1295 2269 2213 2338 1572 795 352 1994 1095 913 667 846 1373 2075 273 237 888 195 386 17 969 1815 2189 2635 537 1540 958 1652 30 716
000131.jpg,70 1834 1842 18 1125 2777 1753 2772 1759 2561 2478 951 2757 2015 2510 2077 601 2663 2 431 1252 2818 1035 1839 315 2644 1390 522 2622 962 767 990 502 1833 1938 395 65 1557 1443 1801 277 2496 529 2149 297 1908 2323 1323 931 1798 284 2315 1186 2624 103 2302 1418 2686 1975 2667 2504 1114 1235 1767 2388 1165 1340 1512 250 684 1391 369 2702 2656 578 1821 848 1747 2601 126 702 1065 2532 1394 688 1413 1720 1230 1357 5 2471 461 1107 2314 789 191 886 1845 9 1310
000132.jpg,1055 725 2558 2728 165 2741 2766 2319 1944 137 1212 2294 2207 67 1825 1606 447 2305 1874 2580 1452 2135 1940 2583 574 1935 1067 494 2291 2719 1223 2292 1463 97 2057 692 2511 140 1899 1134 1986 2825 146 1547 1639 2286 2041 1777 2436 246 899 2598 1130 722 1868 1076 2248 627 686 2736 2393 2842 2435 2665 293 2506 79 1937 804 948 1185 1126 2683 2813 2068 1464 2054 647 2382 329 2639 204 1869 116 1810 2787 1558 677 1905 1406 657 2409 1166 1841 682 1725 2708 29 1592 1798
000133.jpg,401 1023 141 453 2055 2163 1085 177 816 2274 1808 1903 2122 2679 1688 2747 2829 612 1628 2098 1089 1404 1145 121 1155 1047 156 569 460 988 731 2126 1100 2636 2587 208 1588 2775 2793 193 823 2090 536 1163 1132 1510 981 1784 2577 164 2009 760 1415 2469 73 1717 1872 595 694 380 399 1160 1241 72 172 322 7 1203 2722 2786 2640 2074 1065 1599 1729 111 975 2668 99 571 437 1162 1621 1888 468 1740 554 187 1233 2483 2655 691 1006 2808 1271 1396 2546 499 979 2108
000134.jpg,389 1568 840 2232 484 758 2059 467 927 1378 1789 314 1831 464 268 1039 2765 1024 2091 89 1655 806 653 1781 1706 1662 2429 1787 2794 534 1755 239 1503 1282 1475 780 2465 2505 2687 241 786 1011 1022 822 2236 1465 495 452 1843 2715 2396 2137 1262 2164 49 2634 654 2244 2142 2407 131 390 1932 408 936 1875 2301 455 1275 1635 1921 1929 331 799 2017 2173 2285 471 1756 296 1395 53 2693 1967 1008 1124 1438 356 478 252 580 346 501 1317 1050 1026 1062 1730 1220 326
000135.jpg,165 725 1075 1810 2728 67 1212 2558 1055 202 2207 1733 627 2135 2509 1874 2294 1076 1825 1937 1944 2813 1406 1464 2382 1986 2583 2744 2248 899 137 1639 1606 682 1012 1841 948 249 751 2393 1940 1463 362 1130 520 1448 2766 2708 2286 647 232 2741 2438 2390 146 1223 424 1935 2258 1945 2842 2615 1592 2436 24 541 2057 1777 2435 2291 1722 2825 1867 1452 1609 482 368 491 447 1725 1950 2683 686 1259 494 1185 804 2224 993 19 1529 590 2143 204 902 2637 2805 2305 2211 2809
000136.jpg,1321 2156 1098 836 897 2096 2645 935 1425 1790 571 2450 1449 2750 834 1736 1145 2317 1709 183 1396 1906 2249 2342 1555 959 355 1550 1865 1614 1892 243 2432 2507 47 2032 396 957 2058 2357 1904 1052 2523 1910 2437 856 1023 2785 983 1065 2083 1610 1554 2190 2335 1990 832 829 908 1331 2640 1638 1719 1728 1015 997 444 1556 1673 1370 115 966 1057 2745 576 2313 2202 2098 637 1217 2089 1286 394 333 2625 2422 2688 2197 2118 16 1266 1088 2140 44 368 2808 255 2668 861 481
000137.jpg,1994 600 2100 2372 1409 642 846 1095 1258 2486 2338 2399 2412 1520 1837 1622 2253 195 1618 912 1735 2215 1129 46 1607 2223 1698 1828 2614 1341 665 2138 17 616 1812 1338 1540 537 573 2266 1 2063 307 352 961 1964 234 1571 1159 1572 1446 1630 166 2075 2371 2738 2758 2385 403 1264 2298 1009 2834 551 203 317 2635 1294 1181 1295 2158 1069 591 1025 2481 2648 1855 1101 1360 472 2835 1615 157 2484 2473 888 2255 798 2340 2139 2727 1684 1278 414 1807 127 2205 667 918 891
000138.jpg,546 1797 2688 669 115 1865 1536 2498 1560 732 582 1596 1199 1007 229 1882 1766 1387 1995 1858 388 1318 285 1221 181 1083 468 6 2203 2476 298 476 519 423 661 387 636 709 997 1687 1227 1904 2404 620 20 1088 759 1184 1610 1061 829 1702 2464 2725 38 1802 474 2222 2168 2278 1080 2720 1591 2194 973 2643 104 1462 1880 2313 2261 957 481 1992 744 2620 1200 1400 571 2249 2494 163 2521 1729 1285 2705 1426 2503 2763 690 1162 907 42 1084 284 23 1284 375 773 1456
000139.jpg,2827 310 832 695 1743 2441 1535 1561 751 1785 1693 1176 132 1228 1513 983 2242 683 1087 1169 617 1846 1928 2190 2129 407 182 1996 1166 1257 95 2238 2700 2202 2780 2489 1346 1116 693 2656 1773 1178 2586 1590 1805 766 1298 1772 1434 2621 1672 895 940 960 76 1847 2699 1019 576 2745 1626 2504 1836 596 2368 93 540 2542 794 1161 775 1538 1786 404 1685 1224 1103 1714 2630 279 1713 2149 1093 1999 328 818 2605 450 1593 2615 1856 2040 465 789 2447 1091 2021 357 1448 920
000140.jpg,2529 2298 1925 264 1982 1360 2371 1684 2092 2584 1411 2185 234 2139 958 1009 2833 1630 879 2215 1129 1572 1446 837 913 299 1238 1694 1735 2484 2063 2158 1619 267 46 1520 2455 787 2412 1294 349 2385 642 1571 1445 2616 1159 1122 667 1291 2486 2731 17 352 557 2100 90 846 143 1440 226 273 2844 912 741 1589 30 891 2635 428 1622 2189 718 892 2801 1994 2541 2771 1807 1539 638 2797 600 2524 2481 1776 665 317 1278 414 1295 2338 1814 1815 1270 1514 1366 1373 537 2834
000141.jpg,849 2819 2479 2365 152 2552 81 2500 120 458 587 2119 2181 2193 2716 1532 2283 1708 1339 2674 1896 313 2370 505 2534 633 1741 1827 705 1563 1003 2250 734 1635 390 2689 175 207 330 2592 847 2144 28 2322 418 553 245 238 1967 2681 354 1111 1662 711 2052 2099 2429 2191 1117 1481 1543 1715 1680 1746 2557 61 1875 290 192 503 1335 1441 1787 696 1317 523 1917 2025 2177 721 1756 2527 314 1730 671 1050 2742 2237 131 484 2402 1612 2059 2062 2396 1921 2017 2244 602 261
000142.jpg,899 2825 2558 165 2813 1076 2135 1937 2248 948 1944 2382 146 1056 1464 1639 2766 2207 1212 1935 1463 1606 447 1592 2393 725 2041 2580 1841 2728 2294 137 682 1874 2438 1825 2708 2286 2736 2842 2569 2435 1055 204 647 1899 686 2683 491 362 804 1185 1452 2526 2220 2057 2258 1223 2291 1547 2511 329 1777 2741 1126 574 677 2305 2639 494 939 1134 1931 1067 246 140 2089 1986 116 1087 1725 2436 1940 1892 1433 444 271 482 2440 1868 97 1408 274 2292 692 2719 2665 608 1942 722
000143.jpg,1444 2836 169 2837 712 1544 2439 260 1782 1663 2767 1218 1381 2241 1640 1328 1658 51 563 1623 1307 2628 1045 1486 2707 305 1422 2133 1054 1437 1649 1679 440 900 2790 947 1261 2826 2832 735 312 674 1840 1617 1552 2840 559 1586 2272 497 1934 1102 1878 194 221 1405 1208 2454 2352 1051 1569 155 2433 1416 978 562 64 2397 2714 2817 445 1948 2721 1046 2088 906 1993 1316 2076 2501 2545 1489 2411 2130 2034 992 635 943 1926 197 817 489 439 1897 2358 100 611 2082 134 925
000144.jpg,910 1976 2162 851 2003 98 224 1162 1625 2325 413 1484 2067 869 1643 110 347 776 409 585 738 2726 1835 1042 2218 1477 1960 2278 1226 781 15 2103 2210 2256 128 2571 1744 40 1173 479 2400 1427 1864 2081 1902 2361 1222 1272 1819 640 1318 1423 353 1436 1402 1954 1501 351 592 2410 1066 276 69 2807 691 755 1245 1241 1225 1074 1651 1232 2497 1987 198 809 2540 1729 789 2154 156 308 2042 2101 639 75 1740 1957 1674 703 1700 384 272 2107 240 2214 636 1688 915 995
000145.jpg,639 2729 2824 738 615 1162 1222 1651 2682 1351 779 1484 35 1179 1920 14 1344 2647 1985 1657 539 1578 2325 272 928 831 2042 2214 1957 479 975 1470 560 2170 1420 1493 764 896 812 254 1769 2379 332 2154 2405 914 224 1066 1528 765 1977 1654 2328 1817 9 1600 2146 1579 190 136 945 2778 1534 276 703 1954 1835 2483 308 15 3 1211 1225 2008 2485 413 1915 1791 929 2097 2107 1770 930 1772 841 2018 409 916 579 2252 1729 1245 2304 492 2400 549 1271 1173 1531 1819
000146.jpg,1316 2272 64 1496 747 2556 1965 2815 1636 201 1490 1569 1422 2713 2721 2241 1453 1218 260 439 1640 2433 2352 2088 48 2376 1658 2309 155 1901 2628 100 1860 51 2289 194 1840 1051 659 715 2650 1416 497 1586 1381 1096 1948 231 1123 1752 562 992 563 1045 712 559 735 2133 2439 2454 1148 2826 674 440 2545 1552 1261 1054 1307 2836 784 1649 305 1444 2732 168 2840 1993 518 1782 950 2755 197 2538 1046 433 900 1617 2046 1544 134 2007 486 445 550 2817 2069 1897 2337 906
000147.jpg,133 493 2374 57 1792 1758 1861 2672 1947 1859 2198 2418 548 2174 689 280 228 2456 1392 2184 2125 1457 1234 976 170 1664 756 1580 2039 2356 1877 1348 2581 210 884 801 2659 1930 570 1765 2189 514 82 2327 663 1575 687 2206 1522 294 349 656 1494 842 1551 1665 2187 1193 1375 263 158 242 1776 793 2155 857 2590 797 2123 366 588 1887 2662 704 1862 2127 2740 1724 1675 1350 746 1030 2229 2838 2588 2749 2332 2460 1196 1229 237 2548 2363 185 2739 880 422 267 1059 1440
000148.jpg,1545 626 2389 1624 2270 4 1407 312 2082 1644 2832 1926 817 2817 59 1934 1102 2790 2528 2411 1405 1752 635 2501 221 1656 1146 987 547 2300 1584 2367 1202 1796 2034 2023 2714 2044 1799 2045 943 2545 1737 1489 1544 2439 715 2837 1328 1878 51 85 1569 2721 611 556 860 305 1319 2544 1444 283 992 2515 1640 2433 1051 1552 169 1386 1316 1381 2574 1983 2272 1993 2755 188 1261 259 826 197 2069 562 1218 2312 497 1092 2840 2713 26 947 613 900 463 2836 1679 1658 1586 1710
000149.jpg,2574 1552 197 463 2045 1983 1029 1151 1407 2482 2817 2753 74 2676 606 1895 2545 259 992 817 188 178 2397 2528 1644 2755 2544 2023 2082 445 312 2419 219 85 911 2735 26 860 1934 675 2501 2034 715 1627 2724 2011 1796 1897 611 2840 2454 1362 2424 1701 833 1489 1878 645 1926 1569 712 1417 2375 987 1624 1190 1092 2564 1656 1046 626 497 2270 1870 2300 433 2439 659 1486 2010 1146 2790 622 2046 2832 1584 1710 900 2670 559 2837 489 1253 4 2515 2044 1586 1158 2411 674
000150.jpg,2171 2810 2043 650 2346 2666 2816 2841 2643 335 1916 468 759 1891 1953 1723 1702 1603 2216 475 2230 411 1797 820 924 1487 1541 1139 1858 1153 1221 285 1397 909 2128 2768 1696 2160 1188 1605 1326 1227 1232 304 1260 752 502 922 2066 6 2504 101 2591 1821 2414 1471 1975 1703 1841 5 1738 2090 2113 1602 2351 1515 1889 1720 1027 334 1882 1711 375 620 1257 1213 732 1177 2178 476 1150 1288 1426 1785 181 807 1560 545 1892 1333 8 844 420 2107 2179 250 2604 284 1558 546
000151.jpg,2415 427 571 340 2108 2568 1599 2217 2074 868 1793 2577 2423 1699 743 1890 2668 1562 332 930 429 1657 1553 731 760 554 289 979 1492 176 73 1065 1430 1628 1888 928 2469 1256 72 2227 142 2729 199 2267 1769 2786 901 164 156 2078 823 2380 2126 460 681 2384 399 437 555 1162 1241 172 1717 2722 380 2304 2032 1431 1872 923 78 2387 21 2009 802 536 1038 1478 2483 1219 2629 292 2015 2587 1236 1233 945 2379 569 2618 2778 302 208 878 566 136 1252 841 1047 413
000152.jpg,2171 2810 2043 2816 2841 1953 2346 2643 650 759 1891 1916 1603 468 411 2666 335 1723 1487 820 1153 475 2216 1702 1139 1227 909 1260 922 1541 1221 1858 1471 334 1188 924 285 2768 1397 1232 375 1326 1696 953 6 1797 2230 1027 807 1882 1738 560 582 2179 1761 2169 1605 1420 308 1703 1602 2128 2107 5 1560 2504 2521 101 1711 384 1515 980 2160 1488 1922 1975 1150 1061 420 423 752 2118 1610 2348 1257 2090 2591 1288 122 750 1502 703 8 971 938 2313 956 1558 476 1757
000153.jpg,46 892 969 2727 2481 1 2298 147 2340 223 846 1520 1009 2100 2834 642 2709 160 2466 1025 2635 795 2094 307 2486 1622 1684 577 1619 317 226 2158 667 697 414 1421 2838 1078 352 1122 143 958 787 1629 1814 718 1815 150 2513 30 600 837 2385 1270 264 1338 810 1615 891 1540 349 90 638 798 2266 2844 1572 2811 2273 1445 2595 2213 551 1366 2215 71 2524 2529 2412 2619 1925 1994 2104 2269 166 1947 2063 913 2576 1571 234 1716 2155 2455 1735 1530 2783 386 2271 2473
000154.jpg,572 2504 962 395 1230 2644 1798 2381 1394 101 2149 589 529 374 1427 251 2323 1357 2579 803 2040 364 789 658 1257 2759 1801 1558 436 1306 727 215 989 2277 1971 545 1786 304 328 1106 2238 1951 2656 1451 766 1361 1900 2784 2178 2409 240 1683 898 2546 2242 714 737 1559 2540 2066 1137 2497 646 39 581 1213 2113 75 1353 1334 1162 1115 485 1883 2054 1389 2114 1207 926 2561 2288 1561 940 757 2021 1035 650 1166 1928 564 1175 754 1818 341 1231 1839 461 614 2756 695
000155.jpg,1524 203 1811 1629 2444 267 1238 1291 2710 154 1059 226 795 2740 2473 2403 1348 551 1803 741 2709 667 1807 2749 1355 2385 127 1539 2189 1735 1295 1509 1619 1167 342 2783 2175 2339 1 814 2727 2266 1025 798 1373 537 234 1520 2226 884 687 2371 1837 2431 1863 1129 1375 2155 958 891 642 1270 2801 1278 641 2541 697 2662 1947 1540 2399 1421 2340 1360 1377 2731 2298 969 879 1716 262 2468 888 1215 1589 991 1122 185 1630 17 2215 2548 846 1580 1572 403 1392 2063 150 2834
000156.jpg,416 883 1946 257 1894 105 2485 11 1800 2095 1527 2843 1516 2613 1145 909 604 1871 2196 829 212 1729 2377 2331 861 490 2718 2786 1731 301 2841 664 43 971 1424 1546 554 535 2507 549 2110 2328 855 1260 2793 58 1808 1688 1761 1757 785 1778 2227 1153 462 2733 2487 959 187 2071 468 473 229 2763 2042 1017 232 778 983 2394 1237 2792 754 2251 530 1007 678 610 1740 453 882 1041 1613 1128 2483 446 1992 2519 424 935 2147 997 605 2463 2005 1645 2451 1068 1419 2682
000157.jpg,1513 1773 310 1161 2827 1847 1785 1743 1685 695 1693 1795 617 1561 2022 1019 983 1228 751 132 2242 1176 95 832 2441 1836 1333 1257 1166 1353 407 2202 2129 2699 1928 2700 63 1213 576 2190 1846 683 1116 182 1713 149 2745 1996 1971 2784 789 2546 766 1883 1672 2066 1346 1856 2113 2437 1593 2489 1087 940 1169 251 540 2238 483 240 2409 1300 465 2780 2504 1224 1714 2542 2540 596 1786 2656 1535 1838 88 2149 2021 993 1538 693 737 2368 378 1772 2621 541 1427 2563 2040 1905
000158.jpg,924 2346 1891 335 1471 1916 2841 1487 953 475 2216 650 1605 1232 2043 1177 2230 2768 844 2666 2160 2414 2171 2502 2643 1889 1515 1723 107 1703 2591 2816 1364 423 468 1139 443 2810 2401 1953 1397 1488 2604 922 2641 2179 2620 759 2079 5 1288 375 2457 2612 309 586 851 732 1363 1882 2182 1214 2326 2521 411 2203 181 1785 333 980 2567 2348 1702 1738 2751 1797 2128 1104 420 620 1315 2351 1502 244 187 1616 1570 1426 2060 510 2404 509 40 104 1198 2498 2242 1671 8 2386
000159.jpg,165 725 2728 2558 2766 1874 2207 1055 1825 447 1223 2294 647 2741 2291 2319 2057 1944 2435 146 494 1940 1986 2292 2813 2135 1130 2825 2736 574 2248 899 692 1899 1606 1463 1937 1126 2639 2719 2683 1212 1841 2580 137 948 2511 2393 1547 1639 1777 362 2506 1076 2382 482 2305 2041 2286 686 682 140 2842 1558 1935 1433 2436 2704 1464 1452 2438 204 2220 677 939 722 1166 116 2665 2526 1334 6 1185 2598 1725 804 2569 1592 2708 1868 329 491 1067 1928 1134 1439 2051 940 246 2258
000160.jpg,837 1009 264 2455 1735 2484 2412 2139 349 2833 1122 2371 2092 2269 17 741 46 2298 1622 642 352 1619 299 2063 2189 2486 1520 667 2801 1982 2215 1815 1 2797 2584 1925 1694 687 1278 1446 2185 1807 2158 234 2529 846 1994 428 1350 1238 267 1338 2844 1684 2834 1571 1294 2576 2731 600 1360 414 958 1229 1411 1291 1295 2100 1509 1862 195 1159 2338 2659 1095 2771 1409 2356 2616 403 857 577 2253 537 1776 2776 891 1698 1572 1618 2635 969 2710 573 77 421 912 2123 1630 317
000161.jpg,935 2081 355 1729 1145 1688 1305 1203 1162 2096 1352 1550 2335 586 2747 1090 2195 2452 1023 1419 1661 270 1808 2795 1790 2098 1047 594 1910 2048 1554 2249 612 2571 1052 7 2449 1671 347 1396 2839 2331 1960 448 42 851 2083 2293 1155 1082 141 1006 1044 1308 2016 1903 8 1763 2463 111 2570 2274 490 1621 834 325 584 2573 813 2218 599 122 632 836 1206 1370 1638 983 1271 1415 443 40 2793 1105 2446 1483 1322 2679 2537 516 2775 1447 2425 575 1013 392 2658 745 1342 2342
000162.jpg,642 195 1571 2223 1698 1618 1201 1540 46 573 2616 961 2269 17 2372 1994 1409 2100 1446 846 1694 1278 2584 2340 600 2481 317 1411 2484 1294 2486 892 1622 2253 180 2635 2338 299 2063 1826 2208 1112 349 2138 1360 837 2371 912 264 2399 577 41 1258 1630 741 665 2185 2139 1341 2781 1071 1828 2834 1982 352 1615 2158 1607 90 1629 2833 1338 537 1445 2189 1684 2619 2801 2576 1095 2738 1520 1009 891 203 1122 2205 1264 1939 1925 1129 2215 223 414 2412 2213 787 2835 2255 1837
000163.jpg,1525 2572 1083 1280 1371 1113 1084 2263 6 1659 1205 582 196 2464 212 2678 2474 2623 1347 2386 546 106 45 1482 549 1536 829 1064 516 636 1726 2030 1198 2493 1882 2247 2522 539 2210 874 1596 1380 1802 327 353 298 2699 1221 776 2691 58 956 2324 1661 2056 1973 1251 762 2554 1203 2222 40 845 941 303 732 2080 1016 1911 973 1183 1751 2383 285 1772 2688 2498 669 2359 1714 373 1713 1170 2725 372 407 1687 450 1318 723 1591 1462 2209 946 851 84 2520 1537 2395 1364
000164.jpg,2460 557 2363 797 2186 1539 2541 1724 1776 2473 1664 879 2710 2327 2581 1196 656 1575 2672 1440 2456 859 1191 2174 2330 366 2127 2187 2206 880 130 885 2298 267 2412 2461 1514 2584 228 976 1034 1193 537 706 1982 1792 1619 842 2175 588 294 1234 158 1947 2139 687 1807 583 958 46 2662 1238 1411 2321 1675 1939 641 1877 1758 720 2739 756 1862 2185 2590 299 2811 349 1930 1122 2215 1684 2529 77 798 1694 1392 2838 1129 143 82 2834 2694 1765 1522 1009 2548 1373 746 1457
000165.jpg,1797 2278 2720 2168 6 762 732 1702 2643 1083 2261 1596 2160 636 285 661 181 42 1336 1536 45 2498 2111 2725 582 620 476 1318 2079 752 2522 546 1221 1315 2188 2464 419 2688 669 2554 894 1856 644 2194 2807 1882 1726 2153 759 2056 1013 2060 1251 387 2448 1064 2571 844 2386 1364 956 2831 1188 2562 5 189 957 1032 1227 88 1846 2351 761 1761 1927 1260 1632 1153 1476 96 2476 829 695 2823 1907 236 2489 1108 2503 2202 1858 2678 2733 1889 482 171 2591 2827 183 2612
000166.jpg,1394 545 1427 962 1162 658 2381 251 2644 2277 589 2540 395 304 374 2178 529 2323 2546 101 1798 2579 1558 1801 224 572 789 328 898 461 1257 1213 757 727 2066 1115 1971 110 714 2504 646 1389 413 2149 1484 2003 1137 1786 2409 1883 1353 1207 1230 1666 2547 2113 1951 485 2759 240 824 2400 1106 1306 766 1976 2325 2238 1334 1674 1175 2024 1835 695 614 1173 2762 2072 1176 1225 1333 853 1654 854 1559 564 2784 1027 1900 2040 1785 2288 1228 1902 1357 2022 1740 136 1513 2779
000167.jpg,1516 1546 1800 2196 1894 257 2613 1645 2843 1871 1567 2609 288 2487 1237 2697 2219 446 416 742 811 11 2224 410 2519 434 749 1731 1128 2095 843 1454 2788 1981 1079 535 1613 1142 2763 538 1779 2110 648 1992 2485 662 937 2796 773 1498 1094 2682 1794 253 593 1138 1527 2005 2243 1707 870 678 2417 406 2102 1966 2299 2377 1936 855 2549 2087 2251 544 2341 883 1604 605 1017 301 673 1068 604 1621 1007 2364 1247 2328 1729 105 1455 336 1850 112 2536 2064 282 1133 1243 2147
000168.jpg,312 2790 2082 1407 2832 1926 817 4 2300 1624 1644 626 1934 2528 1545 2270 221 2389 1146 635 2411 1102 987 1405 2501 611 547 556 1752 1656 1319 59 2837 1489 860 1737 2544 305 1878 188 2817 1796 283 613 2439 2574 197 1544 445 826 1486 463 1386 2397 26 562 51 900 943 1993 1983 2545 2826 169 259 85 2034 1328 2011 1552 2419 1782 1437 1640 563 1569 1307 978 1046 1202 2454 715 1381 2069 2358 2840 712 559 1417 2200 2088 74 260 2721 2044 2836 2045 2515 2133 2424
000169.jpg,1301 1058 2140 2282 631 530 451 446 1604 1017 1237 2049 2796 975 2093 1567 7 1518 1879 1211 1742 984 1290 2519 875 2609 2064 2793 1384 1370 394 243 1142 1978 1909 1105 607 2843 2065 1981 1613 1210 1516 311 355 2596 1331 1729 2310 337 2349 118 2697 1271 487 2085 2416 921 2304 1906 2243 1614 2392 1396 288 1673 662 813 2196 1681 1800 1174 966 942 1850 2005 2251 855 1119 1554 1455 678 528 1791 2357 2087 1705 923 1966 567 2042 2452 571 2417 2613 2559 579 2660 151 908
000170.jpg,1579 639 2647 841 945 1920 9 1578 1977 748 887 2682 2778 1470 1179 2328 1667 1531 2792 2491 819 928 952 515 1791 998 1583 118 492 1769 1657 1354 567 1154 1770 1651 1063 919 1585 579 2416 517 114 930 2304 1854 1729 2459 851 1864 923 975 1367 2310 2729 2147 778 2575 1762 1368 2252 2793 1819 2042 812 875 1239 2349 2488 1219 808 2723 2824 2711 1226 604 1210 566 2293 382 311 2097 549 1351 2379 1423 571 1555 539 1512 1322 1162 1128 190 103 2225 35 2334 297 1342
000171.jpg,240 1304 483 824 834 2579 2288 60 2784 789 1449 983 328 2547 2058 2238 1749 1898 1300 39 1743 576 2381 1394 757 2281 2190 596 1176 695 766 304 1231 545 1106 1476 2202 1728 1801 1277 2644 2759 754 2625 658 2504 132 1804 1996 1971 1361 1693 2178 1683 2054 2317 1593 897 309 1892 1727 1786 926 1178 2149 1353 614 589 251 727 16 2197 1771 967 1451 395 95 2437 2242 1401 1513 962 2277 1672 341 2745 1447 1161 564 572 935 2323 1999 1257 1162 1719 2040 1044 2546 1230
000172.jpg,2836 2628 1640 1782 134 645 559 155 1319 1307 51 2011 2650 2088 2076 440 2439 1046 1658 1649 1840 260 64 906 2419 674 1544 1218 978 2133 1381 2433 1045 2241 2556 168 611 2652 2272 1208 817 1051 1444 2007 48 197 1569 950 2837 1624 194 1486 735 1316 1422 445 2352 2411 231 747 169 305 2815 2528 1586 2732 1934 100 1752 900 1552 2817 1123 1948 2082 2044 547 2553 1489 965 1617 2735 2501 2367 433 497 1644 74 947 1054 1158 1663 2376 1710 1437 1636 319 992 2289 712
000173.jpg,2173 2236 1262 455 1475 2280 239 2794 296 464 1274 2396 1831 1568 1655 1706 268 1282 356 89 139 331 408 927 1789 1127 653 1378 495 2244 209 780 2142 389 2765 1875 838 245 2232 2137 49 758 1787 1781 1967 1039 131 241 1932 655 822 534 1755 1248 1465 654 2429 806 726 295 1281 1275 390 1011 1124 1843 1662 2059 452 125 1024 999 467 2053 1635 840 525 2311 2025 1050 1037 1503 53 207 2091 484 2693 449 2687 418 456 2611 1756 1505 2407 1912 2698 430 314 2806
000174.jpg,2502 2152 84 2386 941 2348 1221 1139 1768 244 851 214 1515 1605 2263 2048 2761 40 1525 1882 2115 2572 106 2567 1819 1864 2056 732 398 1371 1726 582 1364 844 2612 6 1922 1219 909 971 1198 2464 353 5 546 285 409 2304 2688 1949 640 2768 985 1866 1342 776 1322 2841 270 1616 1602 1144 1744 2678 2182 481 1397 423 98 1203 1953 1199 13 2401 1041 2677 1083 1570 713 515 45 1643 1591 474 2324 940 1458 1661 1251 347 2503 2032 2421 298 2474 923 2160 300 785 2079
000175.jpg,1569 1316 1416 2272 64 497 747 1586 2721 1218 2713 100 1096 2433 659 439 2556 1640 2650 51 2815 2352 1552 715 260 1261 2545 1381 1993 2628 201 1658 2309 1496 712 1422 1051 2241 1948 992 2439 1649 563 48 169 1444 1544 1860 1617 559 231 2454 194 1965 2837 1490 2023 1663 2767 2289 2034 2707 2826 978 2755 1054 1679 1123 2836 2088 1362 1878 2133 900 1901 611 1328 1782 155 168 445 1897 2046 2376 1045 2840 197 1307 1486 2011 305 1796 1623 1148 562 674 1319 134 1584 645
000176.jpg,1507 1104 2550 1691 1669 1748 2586 2159 1014 2176 2754 2605 1611 357 2360 794 2326 469 575 2780 728 1690 1277 775 397 1734 2630 2192 187 2234 1093 1459 1028 584 1626 2641 1192 55 2383 2036 818 1169 2604 693 1805 2297 2347 279 2080 1467 1016 2345 2368 2555 2621 379 2254 2447 107 2136 1832 1517 407 1727 834 1908 1244 863 462 457 2651 339 1515 2752 1372 393 751 2489 736 2684 2701 284 2203 2233 2058 2457 844 2247 1523 1898 845 1601 632 1347 931 5 1177 2020 676 2211
000177.jpg,1785 1228 1087 1166 2546 1333 63 1928 1019 1513 182 1213 2542 1161 1257 1298 1561 251 2656 2022 1847 617 2066 374 2149 1115 1389 2409 1590 695 2700 895 93 1773 714 2504 2113 1137 898 2540 1334 2827 1176 1743 751 1558 1786 465 310 132 789 576 1685 683 2040 1434 2242 149 1353 101 1693 1971 76 545 1427 940 1478 483 2547 1772 1178 2209 1883 1300 1795 2016 596 1207 2784 766 1825 2207 304 540 407 1836 824 1116 450 1714 983 240 2238 1986 832 634 364 1004 2699 2579
000178.jpg,2377 1527 1424 535 605 1992 406 1731 1850 610 1138 365 648 1325 257 1040 1894 1079 1779 811 1645 2087 717 1094 870 1871 94 2697 678 338 410 1800 1309 2251 2417 1385 1007 1068 1516 1442 2196 2613 2680 2830 2516 855 1131 1969 1573 1526 937 1936 2145 336 1966 434 881 821 1017 1498 1581 1119 1455 2788 2243 519 288 435 749 730 1670 392 673 1634 2763 1020 2102 1546 2005 1311 253 1419 773 742 1142 2560 2843 2549 1243 248 1133 1379 2519 800 2095 2596 1707 2492 1511 593
000179.jpg,1856 2785 2413 2111 1914 2745 135 2441 2827 2615 1945 983 2295 2202 1804 558 1448 88 777 1996 754 213 967 1631 2073 1091 232 1728 2190 310 1476 1093 2756 407 520 832 184 1269 1231 2638 95 1336 419 1383 1846 2408 1898 920 1535 695 1743 19 230 1593 424 1265 861 1176 596 2489 80 291 2733 2354 1722 2737 2507 1693 1919 541 2554 894 2239 1296 2153 1749 1517 2021 2058 2242 1867 132 1841 917 1950 2566 1483 1927 462 1632 856 2033 2096 1013 902 1719 2042 590 187 96
000180.jpg,1744 2162 2726 2623 98 1371 2443 1113 2691 509 851 640 2457 2359 281 1219 1882 20 5 117 2677 327 543 1144 1515 2572 1768 1263 2608 298 23 1987 2115 815 1198 1318 940 2030 395 2772 1536 479 413 2324 1834 1226 265 1759 1390 621 844 1616 2757 1866 84 106 2807 973 2571 1035 1557 2203 1125 481 70 244 423 236 409 1203 6 2497 1753 1423 896 2086 2761 1084 275 347 2656 1426 2015 1960 2561 2386 1064 1400 629 1976 40 2644 1184 1839 2003 956 2502 2182 2263 2101
000181.jpg,761 1394 1087 545 1898 2317 2114 2277 1801 897 2288 834 824 1996 341 2759 2190 1683 581 2249 1558 1693 55 2785 576 1786 1300 658 2547 727 1228 293 983 1091 614 724 728 2238 1451 1476 2072 695 766 1162 1106 1631 974 803 564 1057 2495 2111 1361 1176 474 407 60 1207 1447 308 1559 2242 1727 230 2202 589 39 2040 304 2641 572 1178 1971 132 926 2000 2787 1449 898 1044 1257 63 2546 1740 328 2080 1483 16 777 2107 1719 1019 1027 2555 2281 2523 737 924 2656 1561
000182.jpg,483 240 2784 1300 304 789 1304 824 545 2178 1353 834 328 2579 1161 2546 1106 2288 1898 1394 757 1749 1513 1892 596 2547 1971 2504 576 2058 1883 1277 2149 2381 695 2625 897 2644 1719 1176 251 2238 766 1213 2054 658 60 1771 589 2409 727 1449 1743 1683 2066 309 2759 1178 1361 983 1804 2113 1333 63 935 1801 2317 754 1785 39 132 2437 101 1727 1559 1693 967 1257 2277 1476 1996 1231 1427 2281 1558 376 461 962 2111 395 2022 761 1786 1672 2656 1593 1847 1228 1389 1951
000183.jpg,429 142 1492 802 427 555 2415 2217 554 1256 2668 868 1890 332 1699 2078 901 176 1793 2029 1888 1588 2423 1562 340 1430 743 1033 2743 2729 2786 1132 681 878 1553 2108 2568 536 1065 289 979 2267 886 1431 2227 1657 121 21 569 930 62 2074 2304 571 2380 1599 417 1398 36 2451 199 193 399 2384 1236 437 1686 597 988 923 78 1053 2090 2778 1233 302 1393 361 2320 73 1418 380 292 928 1628 2054 1149 2416 1769 2483 1470 1162 893 2117 703 680 2163 975 875 2032
000184.jpg,1067 2305 1547 1935 79 722 2511 2665 2068 246 1134 2041 1076 165 1126 2813 1463 1639 2135 116 2736 1464 2598 2558 2766 2382 2248 137 2294 2393 2825 2292 725 2286 2319 686 1606 948 1055 2207 692 1937 1212 2728 2258 2842 204 2741 97 1940 2436 1986 804 1452 1130 140 1825 491 899 1944 329 447 362 1592 442 2719 1868 350 1841 677 146 1185 2569 1919 2580 2506 682 2427 1725 1874 974 2438 1777 444 1899 790 2435 494 1593 1962 368 217 1998 271 993 647 483 1408 1136 2440
000185.jpg,855 2243 338 730 2492 1243 1379 1094 2364 1969 1442 1142 2251 774 1850 2788 1511 678 2549 2519 1936 1466 1005 673 1573 717 610 1498 336 593 2417 2746 1424 2290 2516 1131 2830 1966 1174 1068 800 568 1634 749 2730 881 2299 1325 2196 1581 1020 937 253 1526 1913 2680 2560 2005 1311 1309 821 2151 1040 2697 605 2377 392 1670 191 2302 2087 2006 1992 112 843 1455 535 2341 1133 2219 1079 435 94 538 1165 434 248 1794 365 410 1387 1783 1546 1779 301 1527 870 2102 1968 105
000186.jpg,1810 627 2509 1075 202 249 1012 67 2583 1406 2728 165 1733 1001 725 1212 2207 1944 2558 1055 2294 1825 899 2350 2744 1609 1448 2825 1874 2615 2224 1076 24 2135 137 232 1259 1937 1056 751 2382 2121 2637 1945 1590 520 424 541 1464 371 1611 378 2447 2766 2701 2329 1195 902 693 2248 1805 1606 2805 1626 2813 1639 1986 404 1950 794 93 775 2143 2390 1841 2033 590 362 2708 2020 447 2368 1594 2240 682 804 2804 948 1382 1722 1529 917 1725 146 1959 321 540 1478 2525 1867
000187.jpg,2789 890 367 1099 553 120 1650 2597 877 2105 552 1003 1543 235 507 1156 2265 2144 2306 1873 1823 68 771 2716 1917 2594 2773 963 1885 1135 2822 1991 1117 1164 1314 2212 326 699 2365 1327 872 2610 1756 2237 449 2177 245 316 139 192 602 2316 1302 2527 261 1955 1332 390 2592 81 1187 2370 2343 1967 721 633 1500 1317 1461 2689 1635 2764 504 1972 580 2534 2557 740 159 356 1141 1050 2681 1755 1708 2025 2552 1109 290 533 220 2181 408 2199 649 2698 216 1111 2770 1921
000188.jpg,2792 118 567 1791 998 1470 2328 1583 887 1354 639 975 2711 2793 1531 1977 919 748 2491 1179 1578 1854 7 945 819 2778 1579 2252 952 1769 1667 778 382 2682 517 930 1651 2647 808 875 1063 841 2065 928 1585 2416 1657 1210 1770 2575 1970 1742 1920 2304 579 9 1271 114 1808 2349 2723 2042 1351 1772 2824 923 2310 151 539 1729 2049 2729 35 1211 873 2284 719 764 450 190 1493 227 982 2609 569 492 311 566 2459 50 914 1688 2225 615 2090 1534 303 1154 1864 1739
000189.jpg,1188 1153 922 1108 1456 42 924 829 1761 1610 476 2425 1227 2153 96 586 621 448 1090 997 1763 1858 669 411 2726 1671 2160 1560 1865 2476 2079 894 1284 468 1797 2222 2216 1891 1082 2554 1927 115 1632 2313 214 419 2831 1661 2816 2507 1260 1308 1556 1336 1064 1766 1904 510 122 8 2261 2197 1487 2705 2162 2498 37 2688 957 744 1488 2351 20 473 2404 2571 1995 956 2168 762 856 959 187 1364 1032 1703 2643 2109 5 2188 2169 189 506 909 2823 1286 2522 1744 1315 759
000190.jpg,2836 1782 1444 712 1658 1381 1679 1663 1649 1544 169 1054 1328 1218 1623 51 2439 1640 1045 2837 2628 1569 2545 2241 64 1617 2034 100 1261 735 2707 559 925 1051 440 947 1486 1307 1840 2767 900 1934 1796 1489 1369 305 1586 497 260 674 2454 2130 2076 715 860 2050 348 2840 1870 1417 1437 26 2574 2790 978 1416 197 1552 2721 659 2817 48 1422 1208 312 2826 1983 1624 2272 1407 445 817 992 2649 2652 2528 2419 2352 134 563 2082 2433 1316 611 1319 194 1656 1710 2411 155
000191.jpg,2545 2433 2034 100 1453 2713 1569 1490 1796 2826 2721 2309 1316 1901 2376 715 1640 439 563 260 64 51 2650 48 559 562 1381 168 2272 1658 1878 305 201 747 659 1584 2088 1486 1307 978 1782 2439 712 1218 2023 26 197 231 1123 900 674 2556 2817 497 2454 1965 1752 1860 2289 2045 348 1051 1416 2836 2419 1437 1544 925 1870 1489 817 1148 1586 2241 1045 2815 1369 2628 992 1496 1261 645 1046 155 2528 1644 1407 1444 1656 611 1552 2050 860 1617 2011 906 1993 1096 1319 2790
000192.jpg,1571 2269 642 352 1618 1540 2185 17 1982 2801 2833 969 2139 2100 195 2092 600 527 2298 264 1828 237 537 414 1684 2226 716 1360 2484 299 2584 1812 1514 1446 1411 2738 1622 2223 616 912 2340 46 846 1539 1698 1994 1694 2205 573 1837 2616 2835 2371 837 651 2576 2486 1201 1629 787 166 1009 2189 1630 1278 961 1409 1445 2692 1294 180 1122 1607 317 2138 1988 2710 1925 2455 741 1524 1060 2372 1341 2844 1520 2338 2635 2131 1964 2529 685 958 273 1564 2481 1349 2675 2797 2614
000193.jpg,1336 2612 2401 1013 2160 1315 2079 1364 96 1907 856 2230 1251 2554 762 2522 45 1889 2591 861 1632 335 2111 2153 785 894 1064 1927 2386 2555 183 1108 1365 1177 171 1797 1749 2604 419 2498 2188 42 309 2476 2056 1277 333 957 2141 506 1685 1363 189 2831 149 1214 1727 2278 2197 732 1217 834 620 107 1661 596 1104 644 2060 621 1032 181 1677 213 2116 236 2414 2608 509 1892 1669 971 2351 844 1856 5 106 2705 954 1891 2567 1456 1610 565 1318 1768 1019 2547 2720 376
000194.jpg,1125 2777 1753 1842 18 2077 2478 2772 70 1834 951 2561 2663 1759 2 2757 2015 601 2510 1252 2818 1035 502 990 431 1839 1323 103 315 297 2644 65 1186 284 1908 1390 522 767 2504 962 369 578 2622 2624 250 2149 395 529 931 2066 1801 1235 277 1975 1557 1391 2302 101 1413 2388 684 1213 1512 1821 848 1720 1114 1785 1798 2113 2323 304 2784 2022 702 1257 1165 2601 1333 2178 1830 1340 126 2314 1905 2315 1394 2656 2471 1767 1845 1357 1833 2546 1443 2277 1254 1938 2667 2496
000195.jpg,1713 2202 1116 379 39 751 2239 728 1919 1714 2281 55 2641 2605 1476 2745 777 1693 1194 397 2699 683 230 1996 1950 83 1224 2190 1838 2036 441 2288 541 983 1601 1482 87 95 993 469 2073 1836 920 1014 2176 1856 926 1357 590 1593 1538 187 88 1459 1091 2547 576 1176 1743 549 1818 1192 1943 2129 917 845 2180 132 564 902 2111 940 695 1180 2621 1517 2563 824 60 818 1467 1257 2733 1914 2827 2700 2441 2489 2033 198 462 596 2437 2824 2780 1971 834 2785 407 357
000196.jpg,79 1547 2305 1067 2511 722 2665 1935 2068 2294 165 2558 2766 1055 2135 2041 246 1944 1134 1076 1463 2207 137 2319 204 1126 686 2741 2825 1606 725 2728 2736 116 1212 1825 2580 1940 140 1452 2286 2813 2842 2292 2248 447 2258 1986 1130 899 993 1639 1899 692 1868 1919 97 2435 2393 1464 2598 483 1937 2382 948 67 362 494 146 1836 329 1161 1056 804 1185 350 1841 1513 2719 1874 1300 1777 1593 1223 1672 677 2563 442 1743 2037 1847 240 2506 1869 271 751 359 2437 1892 83
000197.jpg,1444 2707 1544 2628 169 1649 1054 2836 2837 1623 1679 1663 2439 1381 1782 947 1218 1658 51 1261 1586 1640 440 1840 2352 2767 497 2241 1328 194 1617 155 1045 2272 445 712 2840 1422 2815 1993 305 735 1552 64 1897 1051 992 2076 900 1316 1775 645 2133 1416 674 1307 559 906 1208 2011 1123 1486 1569 134 2713 1362 2046 1965 2088 260 2433 2732 1029 1253 965 1948 201 860 2650 1437 74 2721 978 1752 1096 1934 1468 563 1489 2556 747 950 48 1636 1878 2652 1496 2411 904 1319
000198.jpg,2171 2810 2816 1891 2043 1188 759 1953 411 1723 2643 2841 1227 1603 1260 2521 1153 922 1177 924 2414 1139 2346 5 475 214 1397 335 953 2179 334 510 997 1602 2351 375 187 2507 2216 820 1738 1610 807 1797 1916 2326 468 1326 1027 2160 1471 1605 2612 1087 2169 2348 2768 2176 6 650 148 2641 420 1761 2666 1515 1904 1560 1364 1467 1502 2620 1541 1858 1207 621 909 1846 898 476 1558 2489 1488 2153 2079 163 1221 1401 32 388 240 1702 1284 397 107 1632 308 658 122 1892
000199.jpg,1317 478 1395 643 2611 1921 390 1140 936 2402 1635 1715 2465 2505 1756 655 805 402 1972 2765 49 1124 2017 1008 2091 1967 363 331 1780 1781 1127 113 858 1037 108 2316 625 721 1438 786 1961 653 1941 1216 408 1026 1598 1273 2053 1662 580 2698 326 33 1647 159 449 1505 471 1282 200 679 1011 654 1050 2061 1435 1787 2406 1097 1472 1755 1378 2236 1024 2164 2531 31 1187 1293 1021 296 1356 344 2794 2693 2062 1335 2407 27 1648 1612 467 1706 726 1441 464 1220 131 89
000200.jpg,1798 2149 1175 485 962 1306 2000 529 2409 1394 2644 1951 714 1213 2113 589 898 1106 2656 1230 1559 1166 2066 395 2546 1928 251 2054 304 572 646 727 2178 1451 1334 1353 1115 2504 1558 1357 1361 1389 1333 1883 803 1257 1971 2323 101 2277 240 1786 658 2759 789 1207 1801 1427 2784 1137 2381 2022 614 989 2040 374 364 581 1161 2787 2072 293 1513 1561 737 634 436 2320 2242 1300 483 215 2540 24 1683 545 564 2288 2561 39 2024 1785 2143 2247 1900 2756 2777 426 182 1478
000201.jpg,1444 2836 1054 1544 169 947 1663 1679 1623 2628 1782 2707 2837 1649 1617 2439 1328 712 1381 1218 1261 1658 1045 2076 1640 440 2767 2241 1840 1586 674 900 1486 906 1307 735 497 51 1422 2352 1552 1051 64 134 445 2133 559 1208 260 194 305 2272 992 2840 1569 860 1775 155 1983 1993 2419 1029 2652 74 1489 747 48 2721 2732 2545 978 715 1437 2735 1416 1316 1319 1417 645 904 965 2815 611 1710 563 1934 1148 1468 2034 1878 2088 2046 197 59 1701 1897 1046 1799 2130 2050
000202.jpg,1524 1629 154 203 2749 2740 1811 1059 1803 267 2444 1238 127 1291 1167 2710 307 1355 2385 2340 2834 1295 226 2266 2783 2513 2727 891 2403 2468 1421 1540 1025 1129 147 1807 888 472 551 2473 642 150 2616 1 2063 846 46 166 1520 2481 537 262 700 697 2339 2215 798 1615 667 1509 2486 1622 918 1814 2158 795 1278 2371 2595 1375 2100 1735 1964 708 2738 991 1530 1837 2838 577 573 1716 2466 996 1348 428 1653 2776 2155 1694 342 1409 2530 892 1494 1947 1081 2399 2013 17
000203.jpg,2623 669 1697 1227 23 1080 20 476 1702 1797 1882 759 298 2643 620 650 2691 1318 1976 181 1184 2807 468 1254 275 1911 2504 1456 448 2167 924 423 922 454 1200 284 1284 2579 2608 1260 2823 236 796 1188 2726 1285 2128 117 205 973 2168 1400 2086 285 1858 2666 1512 546 586 1744 2791 661 38 909 104 732 2620 789 1700 411 1536 1221 2118 8 980 2313 1426 395 2268 2197 1230 240 477 1902 374 459 2410 379 2810 1007 1889 1084 1107 1310 37 6 167 327 2705 1449
000204.jpg,1569 100 64 747 1316 659 439 497 2272 2721 1416 2713 1586 1218 1640 2650 2309 1096 201 231 2241 2815 1422 715 2433 260 1261 1901 1552 2352 1123 51 559 2556 1860 563 1965 1496 1490 1993 48 992 712 1381 2732 168 2088 1444 2133 1051 2628 2826 2454 1658 1148 978 194 1948 2046 2545 900 1663 906 1617 1328 445 1878 2376 1544 2439 134 1307 169 1636 2837 1362 1054 645 2767 611 1045 1486 2840 155 1623 2836 2023 1649 1679 1897 1453 2289 2707 674 1208 2034 2011 1046 1319 1782
000205.jpg,2545 1569 100 2433 2034 64 2713 2650 48 168 1796 1584 439 1316 747 1640 2721 559 2023 715 659 1490 51 260 2272 1453 2309 2826 2755 563 2088 1051 1416 1901 197 2376 2289 2556 978 645 1096 1658 1878 201 231 1218 562 1586 2045 1782 1381 2419 2439 1552 2011 712 497 2454 1307 1046 1486 305 1123 925 2815 2007 2352 2836 1870 26 194 1496 1649 1948 2628 155 1407 348 674 900 2241 992 1544 1148 2133 1045 817 2130 1934 611 2817 1319 1369 2553 1261 2050 1444 1965 2769 2082
000206.jpg,115 1865 42 1761 2278 1271 2823 1995 2042 729 2260 151 956 1153 1471 528 924 752 1533 2570 1802 2169 1688 2222 396 2798 2559 1318 829 2726 755 909 38 1880 187 1260 1487 2793 1478 754 20 2101 2103 1188 1808 2677 1858 1383 2720 2638 1232 2640 1296 1155 763 2627 2093 451 975 1108 454 2507 2225 2472 2027 2256 636 2483 941 983 2423 1846 1219 2562 2342 1797 2618 98 724 2021 1651 2643 1744 2682 1638 7 1729 1272 122 2489 2162 2636 2508 419 1502 2807 387 695 644 1162
000207.jpg,546 285 669 582 1221 1797 196 1894 820 284 1007 353 1729 2245 1536 1992 732 1882 1596 1227 2763 1385 476 1779 1516 1170 98 1702 1911 406 2691 2643 759 11 1083 1687 773 1880 301 6 1865 1318 468 796 648 636 811 1138 298 2498 1199 1697 956 2168 1858 181 1080 1260 1802 1322 1973 2623 448 519 1546 2145 855 1502 2261 2278 2688 2222 2249 937 997 1084 257 1426 678 1560 1180 2678 2464 905 1153 1188 1184 1767 829 502 23 776 1850 1541 870 620 308 2474 2086 2251
000208.jpg,291 1298 1749 1103 576 1928 1343 1561 1004 2656 596 824 2547 1535 1743 1672 1689 376 182 1176 2149 1019 2542 95 2737 634 1631 1333 2827 63 1483 310 1513 2409 695 1334 2016 2700 149 617 940 465 1847 1434 1166 1207 1804 2112 1693 132 954 1685 714 1999 983 2143 2441 1178 1087 2644 240 2638 1478 2323 24 832 1593 540 967 407 483 1161 898 2022 1712 395 2190 1538 2430 198 614 2072 2699 1265 1137 962 1801 1760 1773 1683 789 1448 1836 1719 683 1838 1558 1990 529 1035
000209.jpg,2491 2328 1977 2682 1578 1179 1651 2796 1546 1645 123 2252 1516 1800 1567 2224 662 1470 875 982 11 1613 763 257 1058 1210 1367 311 1237 1894 882 945 754 2507 2225 742 2140 1731 916 2042 887 1707 930 2609 451 778 1138 2380 639 2809 2349 2150 288 579 227 2629 1879 118 2843 2613 2416 517 2459 1473 1555 2798 2310 1791 1904 2196 1017 1087 1729 2778 2219 1531 1761 2559 2539 808 748 1604 1271 1579 1871 928 1236 1721 382 446 1070 997 853 1970 492 1757 2364 2485 528 571
000210.jpg,1934 2528 2411 2501 2044 1644 1656 2817 51 85 1782 1381 987 1640 2836 2439 1658 1624 1617 188 2790 1045 312 712 817 2241 1993 1319 1102 992 1926 2574 305 197 1569 2545 1544 611 1386 100 497 659 1218 635 2088 2832 2837 2046 556 1552 1407 2082 169 1444 1489 1752 715 1405 2650 562 439 2011 1422 2454 547 2419 1586 64 260 463 559 1796 2433 48 1649 2034 155 1328 2721 2130 221 1840 1663 860 900 1584 1983 445 134 4 1417 550 563 1623 1679 2270 440 2300 2713 925
000211.jpg,484 1662 1395 1008 390 2407 1635 1124 1317 2053 1787 1037 2301 2017 2059 758 1715 1967 389 1781 1026 1220 1568 49 936 2236 1475 2687 2429 2465 2505 2396 1465 2091 654 1024 653 1730 1921 2164 786 840 478 314 245 847 408 780 2765 1039 1500 1756 2244 471 2715 2557 2634 467 1438 89 2232 2280 525 1282 2062 1932 125 131 580 1929 326 1875 1918 1481 1050 858 363 806 129 2173 2611 268 628 805 534 159 464 1755 1011 1813 139 1912 501 799 418 452 113 625 1062 1097
000212.jpg,1797 2643 2278 1702 2160 181 2079 732 2720 2498 42 476 752 1889 1315 620 2261 2168 762 2060 2351 2188 661 2230 636 189 335 1227 285 1336 759 419 1596 2688 1032 6 1891 2476 1188 2725 1858 468 1364 894 171 1221 1907 1318 2153 387 183 506 957 644 924 2554 45 2464 1083 1536 1632 2591 582 5 844 2522 565 236 1560 2608 1260 2111 997 621 2313 2216 1927 2171 2194 2612 2448 1013 2841 96 669 2562 1610 1766 1251 546 2807 1882 1108 1844 2507 1456 2831 1153 2128 2401
000213.jpg,2298 1619 2363 2215 2541 349 797 1009 2529 143 1440 557 1366 1776 2672 2460 1196 1122 687 2385 1660 969 2633 837 2158 1925 958 2590 1575 1684 1191 264 2607 859 1520 234 885 976 1457 656 267 2412 2455 667 1238 2473 2584 2844 1982 2834 46 879 1480 2709 1229 1 1291 228 2327 2797 2213 2206 2186 1539 1735 720 1724 1862 226 2356 2321 2374 2581 1861 1814 706 352 663 2174 1572 366 2123 130 2127 2092 756 1350 1837 2548 2431 2739 1816 1877 2271 2371 2185 1411 814 2187 2456
000214.jpg,1568 1262 2232 1282 455 2059 2173 408 389 464 484 239 758 1706 1039 89 2396 840 49 390 296 1662 838 314 2236 2280 1781 1024 2137 822 1475 356 1932 209 1635 139 653 268 2794 245 1787 806 2765 780 1503 2407 2429 799 1967 2053 1011 418 2091 2634 534 654 2244 1124 467 331 2301 1465 1050 786 1127 927 1505 1929 2693 1378 2715 1875 1755 1274 2164 1281 471 495 1843 1789 2142 2017 936 1037 1317 2687 2025 726 456 1395 2465 2505 858 207 295 125 131 452 1438 53
000215.jpg,1525 2572 1083 1113 1371 2263 2386 1659 2678 6 1280 1536 1482 40 582 2464 636 1726 1205 1084 2623 45 1198 196 1882 1802 1347 212 516 2474 1960 549 546 2522 2210 851 1596 1064 2056 1183 2699 2080 2247 327 2520 1768 539 829 58 828 106 1170 1880 1661 2324 732 762 2048 1318 1016 407 776 1203 265 941 874 2493 2383 2734 2514 2395 2448 2030 2761 1462 1973 2725 353 2278 845 865 1751 2691 1226 285 1591 1221 481 1251 2222 377 1687 2359 373 632 474 2807 2209 956 1380
000216.jpg,702 1830 848 1107 1908 931 2601 2471 1845 1114 1340 1310 284 502 2624 768 903 1767 250 990 1821 297 578 1720 65 1608 835 126 1512 2276 103 688 1235 2388 1323 522 1254 1391 1413 1975 1186 684 2314 2667 1759 2757 1834 1459 70 1748 1842 18 420 469 1014 1192 1125 2561 951 2345 1397 2478 1753 690 2 2630 2015 1515 2663 2777 2768 2128 2036 2077 1832 2457 2772 2297 1252 1570 2347 2644 1557 767 379 601 1390 2605 1426 2021 917 1537 2532 1257 2818 1922 1738 2622 5 369
000217.jpg,485 1427 2409 714 1798 1166 1207 529 251 2540 1175 962 634 1928 589 1137 2323 1558 2644 395 898 1334 1306 2072 2113 1213 2149 426 1513 1333 1597 374 24 646 304 658 789 2504 614 727 2143 1161 2178 2066 2784 101 1230 93 1847 2022 1257 240 2024 1353 895 1883 1394 2003 2054 1951 1115 182 940 2277 2242 1590 1839 853 2542 2656 2546 1785 2324 1561 2112 293 1786 2381 1390 1801 1478 1173 1246 2325 1689 2320 1971 2475 347 2430 1296 2040 110 2021 364 1035 617 2787 703 1484
000218.jpg,2068 1463 2665 2041 722 2813 217 2598 974 1935 79 2511 2305 2427 1547 1076 1937 2382 2617 2248 1725 116 1639 444 1464 948 1067 2554 1370 96 1483 2436 2393 2135 368 1632 2712 521 692 1606 140 677 2153 619 376 2736 2292 2603 1927 2308 894 686 1986 2842 1126 1452 1962 815 2258 246 2696 2437 97 350 255 1868 2657 2083 137 1212 2286 1777 2741 790 419 1185 1134 491 2257 165 106 1330 204 1681 1136 1836 1987 1554 1032 2719 1614 1742 481 856 2499 637 1998 2060 899 1384
000219.jpg,557 77 1776 2460 797 2298 1575 1196 879 2363 1191 2672 1664 2590 859 885 2412 2127 1724 656 706 366 2581 976 2710 1193 720 1947 704 2332 2739 2321 1350 1877 2184 1792 2174 1440 228 583 1684 2327 1278 263 801 1982 2187 1457 880 2694 82 2456 1542 46 2198 1939 130 1539 1735 1358 299 1234 588 267 2206 842 1862 1081 2541 349 577 2139 1930 2330 687 2662 2215 2185 1229 2356 1238 287 1497 2123 1494 234 2659 294 1522 226 2186 514 1009 857 2473 1925 2833 1675 1619 1122
000220.jpg,1667 945 887 2328 1470 819 1585 2491 639 2778 1977 1579 492 2647 1179 114 1154 2792 748 1531 2459 841 1770 2575 1578 2416 118 1791 928 579 930 2682 2488 566 1854 2723 515 567 9 1769 1657 952 923 1367 604 1210 1354 778 808 2304 2711 2026 875 2559 2349 382 2729 1920 1239 2293 311 2042 919 2618 549 517 723 190 212 1157 2793 539 2483 571 2334 554 1864 1729 1352 1583 528 1819 1209 1368 151 2487 1219 975 58 25 1534 2463 1342 1651 1322 7 1351 2615 982 2147
000221.jpg,2152 1515 2502 1219 2443 543 640 84 1570 2263 1371 423 5 941 1973 1198 2572 298 13 244 1525 844 1221 1922 2567 2677 1819 1263 2386 2474 1864 1768 1139 2348 973 776 1750 515 1285 98 980 2457 353 1144 2182 2115 1882 546 1322 106 117 1884 1519 398 781 851 409 2355 2118 2048 2359 2132 732 448 474 1364 481 931 2761 2691 1203 1352 1605 1591 1342 2334 1015 2030 1171 2688 1866 1659 2751 2464 713 1272 1744 265 582 236 375 1839 1184 509 2726 2056 2203 2503 629 909
000222.jpg,969 1514 787 2298 1445 352 557 30 143 958 638 1939 1684 697 1355 810 1167 46 71 1360 1539 2517 718 2271 2460 2481 1 2619 2710 2529 2213 1025 879 1540 147 1630 1524 1440 2104 127 2363 2524 1629 1619 226 892 273 1863 1694 685 551 1982 537 2339 2340 1571 1520 667 1411 1270 160 795 1837 1925 2727 2444 17 307 386 1242 1811 2385 527 342 264 234 349 2094 1803 1059 2584 665 1349 2187 1278 2266 203 1122 2189 687 846 1238 2371 2246 1572 1324 1947 2185 651 2635
000223.jpg,2113 2022 1213 1333 2066 2546 1115 1389 304 1161 2178 1353 1513 1785 251 1883 2409 63 2149 1166 1847 2784 714 1427 1019 485 240 374 898 1561 2504 789 1257 2542 1798 1228 101 1334 1928 614 2656 1773 1685 1300 182 1558 1137 658 2540 1951 589 2242 483 1175 2040 634 1230 962 364 2024 617 2143 1786 1971 24 2381 2644 529 1207 940 545 1087 395 1795 695 2579 727 803 1357 737 646 1394 1306 1743 436 2054 1683 2072 328 1176 2323 1027 149 596 766 1478 2699 465 1900 1693
000224.jpg,536 1132 121 569 1588 2090 988 1268 193 1213 2066 680 2113 1056 545 1065 2747 1162 1583 1047 666 1228 2589 998 304 1161 1089 571 2098 1333 2546 308 2504 2786 461 1404 1666 1881 1785 2668 1562 384 1879 335 1389 766 36 1027 2107 1087 1074 63 2230 278 1513 2333 2055 1100 293 2022 2178 1394 729 429 691 1888 2636 141 332 1257 560 1657 1674 1890 453 1023 2149 2787 930 289 1322 1150 118 1241 979 165 1470 2384 2207 2779 1817 789 1431 1651 328 1971 841 2242 2475 554
000225.jpg,352 1338 2138 1520 2100 537 600 2473 317 1360 961 1994 642 1812 665 1618 1630 1540 2486 2298 1622 616 2371 2635 1258 846 1009 307 2338 1 1684 403 414 1837 234 1982 2139 1242 46 1159 912 2455 90 1572 2412 2709 2833 1828 2614 1698 195 2616 2266 2340 2223 237 2481 1539 1270 1101 2484 892 573 2063 2385 1409 591 2727 472 2524 837 1294 2781 2255 2215 1025 2399 1446 2834 913 551 969 2092 1564 527 1571 1815 1129 299 667 2801 685 264 2213 2372 2584 1816 2269 741 226
000226.jpg,658 589 304 1898 1804 240 2178 727 1558 2579 328 1300 1389 1394 545 2784 2054 967 789 2546 614 1683 2238 2242 2024 834 2022 1087 483 596 1719 2759 824 1213 766 898 2066 757 2113 1207 16 2072 2504 2547 1561 1728 1176 251 2277 2288 63 576 2149 695 1801 1513 983 2381 2644 1333 1353 1743 2409 754 1161 1693 1019 1178 1996 1230 1228 924 1727 341 1427 1971 1106 60 572 2281 132 962 1361 714 395 1786 39 1162 2323 803 1244 2190 1449 393 564 1798 1951 1175 1304 2625
000227.jpg,6 732 2386 45 181 1318 620 2278 2474 2141 1768 1336 1536 851 2807 1083 1251 2048 196 285 2168 398 40 776 762 2111 2761 1882 636 1315 1960 2522 949 2720 1365 1064 270 2612 940 549 546 106 1702 1221 539 1797 2056 2116 1856 353 2160 2737 1364 1525 2263 894 2554 1108 2643 407 481 310 2827 661 1013 2699 1907 212 1693 183 1482 2503 2210 42 2623 2448 1726 1846 1226 419 2401 482 1113 236 695 2153 2582 2571 582 2688 2464 1283 829 2498 2079 1772 2572 450 1945 1004
000228.jpg,1087 2111 1945 540 520 2737 232 1019 783 1343 213 949 1228 135 695 1004 1693 1298 63 2555 310 2827 1856 754 536 940 596 149 983 1132 2190 2408 1476 184 1333 1176 2604 19 1749 1999 853 2022 1685 1588 1898 376 2112 2566 132 2638 1394 2441 576 424 88 824 988 1093 1513 2202 558 569 1269 1801 1996 1631 1478 1728 2507 954 2354 457 2224 2745 1434 1448 1785 2233 304 2413 2497 1207 308 2242 614 1727 1558 2178 2107 1074 1091 1483 2547 834 121 2615 2254 2220 182 539
000229.jpg,1125 2777 1753 70 2772 1842 2478 18 1834 2077 2561 1759 2757 2663 2510 951 2015 2 601 1035 1252 1839 431 315 2818 2644 962 1390 1798 529 395 2622 1557 990 767 2302 502 2323 1801 1323 1165 297 522 2504 1394 1230 277 65 1833 1186 103 2149 1443 369 1908 101 1213 2066 1357 931 2315 2624 284 1938 2113 1235 304 2496 2178 2277 572 1427 578 191 1391 2784 2667 1257 251 589 1512 2546 789 2656 1334 2388 1821 1767 2702 250 1333 1413 240 1340 1418 2686 374 1115 1975 650
000230.jpg,100 1569 64 2433 2545 747 2713 48 439 2650 2034 1490 260 1453 168 659 2309 2721 1316 1901 559 715 2272 1640 2088 1796 2376 563 1051 231 201 2826 2556 1584 2023 51 2289 978 1416 1096 1218 1496 2755 645 2815 2732 1123 2133 1586 197 1878 1148 1307 497 194 2352 1552 1486 2454 1860 562 1046 712 2007 2419 900 1658 1965 1948 155 2241 992 2553 2130 1870 2769 906 1158 2439 2011 1045 2628 2050 1381 925 1422 2045 26 1261 1782 305 674 1319 784 2836 348 611 735 1636 258
000231.jpg,2419 1029 463 1552 74 197 1983 2574 2676 219 715 2528 911 178 606 2755 1151 2735 1934 2545 2045 712 1644 2817 2397 1569 987 445 2501 85 2753 992 1627 1897 2023 2011 2721 2670 2034 26 1046 2439 559 1407 1208 1158 1362 1486 259 188 900 2544 1617 1381 2044 305 312 674 1701 2007 1045 1544 1782 59 2082 860 51 817 2840 1878 622 626 2724 169 2358 1428 2837 1926 2424 1796 645 833 100 64 1710 906 1328 497 1656 1640 2832 675 1489 2564 1870 1444 2836 2411 260 1993
000232.jpg,924 922 1487 2043 2810 1260 1153 1560 2627 468 586 2313 1865 481 38 443 187 396 1471 2239 1610 2823 1858 2118 2216 1227 2346 1916 1015 2260 1671 1570 419 2153 953 1703 476 1723 2171 1488 1995 8 1180 37 115 1891 2073 1502 2027 2641 736 2554 2643 1232 1284 475 1537 2128 375 980 2060 2388 1286 1402 2623 1919 411 5 1308 897 1632 1884 1199 96 1082 690 1603 1596 1288 122 1515 1987 1761 2841 541 2261 2042 1950 372 1032 2498 1745 752 1882 2793 189 1802 844 1702 1797
000233.jpg,945 2778 1667 1585 887 2792 639 2328 1470 1579 841 1531 819 748 1977 923 2304 2647 118 1769 930 2491 2416 1179 1578 952 1770 1354 1791 2575 928 567 1657 114 492 9 579 975 1154 1854 2682 2723 1583 778 919 2711 2459 2729 515 382 517 1210 998 875 2793 566 808 2042 1920 2559 429 1864 2618 1651 2349 2488 528 604 2026 1819 1063 1209 802 311 2108 2334 554 7 1219 549 539 151 1351 1157 227 1342 571 1729 2333 868 25 2293 297 1970 2668 190 2824 2483 1271 916
000234.jpg,757 1801 2277 834 1728 2644 1394 2323 2058 240 395 483 1304 754 962 1162 2288 1804 1300 1277 2784 44 576 529 658 789 328 60 824 1727 967 1427 1898 39 2579 545 1449 983 304 596 2381 16 2547 589 2003 614 1106 1361 2325 2178 1971 2759 1749 1176 1683 1786 695 309 1173 1451 2149 2238 110 1231 1230 1252 1719 1044 2197 584 2540 727 1839 2015 1593 2317 2555 572 1798 1743 2242 2504 1513 856 1483 2190 897 1672 2437 1691 461 2054 393 935 2281 564 1729 1178 2625 1999
000235.jpg,348 2050 2649 2130 179 1369 925 2769 712 26 550 1870 1045 2454 735 2714 1983 1569 2545 197 2034 1552 1640 2241 64 2840 168 623 1328 480 260 2200 1453 2817 1490 439 992 100 1092 2574 48 1617 1486 715 2023 1710 2375 59 2376 2721 463 2289 906 2424 1051 747 900 51 2650 2133 173 2732 1934 674 559 2010 563 1895 1172 524 2433 2538 433 445 1840 1878 1307 1584 1656 1901 497 2501 1796 1208 817 2482 74 1624 1316 440 965 134 2045 2419 562 1151 1444 2564 1658 1386
000236.jpg,2486 642 472 2635 846 1520 2100 2455 1698 2223 1540 2727 317 1994 195 1009 1618 1338 2371 1622 1 352 90 264 1409 17 1571 2340 837 2255 2092 2616 46 262 2484 1615 537 2833 665 2481 2139 1572 234 307 2372 891 1258 2738 2063 1360 888 2801 223 403 2253 1509 577 1446 1629 414 1815 892 913 2269 1982 1694 1159 2338 573 1278 2158 1294 2584 1411 600 2811 2138 741 2844 1295 1837 1025 428 1445 1071 2399 2403 2412 2576 1059 1122 2385 1630 299 1101 160 1807 166 180 969
000237.jpg,2691 1882 2677 1084 629 1371 546 1221 1536 2359 298 2623 1318 2593 582 2474 6 2572 1525 2030 285 327 1083 973 1462 2807 339 117 372 1659 776 1113 1744 281 1661 2263 474 543 98 2726 1198 956 1973 196 13 1219 1380 84 275 640 1687 1911 2162 353 1280 636 1183 1267 2210 1285 845 1646 2443 265 409 941 2494 2383 40 1591 863 1768 2688 1205 796 1750 481 23 2464 1272 2080 334 441 2168 851 829 2203 669 115 423 373 1400 448 781 2395 1570 1802 2695 5 1523
000238.jpg,727 2054 2000 1451 589 2149 658 1558 789 1361 2409 614 1394 2656 2759 1561 1389 395 1137 1928 2644 898 1798 714 1306 1230 1786 803 240 1207 962 39 2546 483 1175 2242 1166 251 2504 1106 1801 581 1115 2288 485 1683 1951 572 646 2238 2072 293 529 1513 2540 63 1693 1300 374 2787 1178 2040 1357 1213 1334 766 2579 1559 1091 2737 2277 2784 1019 1087 2209 1257 2381 1971 2323 2113 695 1333 1804 1162 737 564 1666 940 1161 339 304 824 967 341 1427 2003 328 1244 60 2114
000239.jpg,1145 908 1621 1790 612 2096 1546 490 935 516 2071 2335 2446 2195 99 2331 1419 1023 2747 301 836 1550 2087 1387 256 1203 2098 2539 2293 2537 1305 2763 2243 1352 937 141 2428 2629 981 2640 1454 105 2452 135 355 1499 1429 2362 666 1894 757 1047 1337 519 1729 1688 213 630 2798 983 843 2201 624 834 2512 2680 855 678 2750 632 829 2422 754 1321 2408 2196 773 2224 2507 1142 338 1098 2227 1904 212 2317 2718 1162 1424 243 1425 1415 538 1728 208 1719 2111 270 997 488
000240.jpg,2615 1849 707 1448 2320 1867 2354 1269 967 2756 424 1804 1722 2021 1149 1689 2408 2390 2413 291 754 1728 135 2533 1091 232 1383 1478 1719 1529 1535 213 29 119 19 1296 1231 218 184 1733 2295 2656 80 1334 1945 558 2566 24 2673 286 2583 2638 520 91 310 832 2172 983 426 2016 1075 2744 1265 2143 67 2235 1693 1561 2785 2024 2149 379 2323 1252 634 2242 2054 1016 1459 2395 2015 627 2737 789 1984 1672 1928 2441 404 2036 2277 2827 1343 297 315 1593 39 2757 1014 1801
000241.jpg,2057 574 2291 939 2220 482 494 2526 1931 2704 1439 1223 2639 994 526 864 2051 1874 2719 1433 274 2728 447 1949 1408 2440 2683 146 2766 682 2183 2438 647 1166 1942 1558 725 2589 2319 2294 1056 1055 1928 1725 608 2435 1592 2436 804 1881 165 2037 1944 2708 1452 1892 2569 2825 677 948 293 2580 1777 1771 93 2382 271 1937 1639 329 368 2207 2393 2475 2617 598 1185 2054 491 2741 2787 1590 1721 140 2499 444 1868 895 508 2558 1899 2089 692 1876 1606 1076 182 1087 2286 1555
000242.jpg,969 697 685 1355 1837 2460 2298 352 1514 2710 557 1025 147 2339 1167 2213 1 307 1939 1539 2363 2246 46 30 1629 2131 591 2481 143 527 1445 2781 1812 958 616 71 2811 2104 2595 1341 1181 2517 511 1069 1366 2530 996 2175 1524 879 1816 2444 651 810 537 787 345 127 226 1480 1684 273 1564 1660 237 2619 1815 349 1060 1988 2340 2524 2648 1349 2266 234 1615 203 1811 2473 1520 2614 1607 160 1540 2013 403 1324 414 1440 317 1278 1828 166 2588 1360 1803 1694 638 577
000243.jpg,767 1125 2077 2777 1753 2478 70 18 2772 1842 951 1834 277 2015 2818 2663 2532 1252 1759 2757 2 369 1938 2510 2496 211 2561 1443 990 601 1460 1833 1989 502 1418 2315 1323 2686 297 1035 431 103 1186 65 315 578 931 1391 2702 684 126 1975 1767 1114 2624 1413 9 1579 1839 1235 250 2388 1340 1390 1512 2314 1801 1747 2128 1686 886 1821 1720 2622 1908 597 284 2601 2471 1845 640 2644 848 5 1394 2276 688 889 417 461 1557 796 1519 1219 702 1980 2457 962 1830 2302
000244.jpg,2272 1316 1051 2556 1416 2628 1496 194 2815 747 1586 1649 1218 1096 64 1054 1948 497 2352 1965 1569 1658 1840 2721 1261 201 2713 155 2836 2241 1381 48 1636 2545 2433 1422 1444 1544 992 1307 2439 260 1640 715 674 169 51 2755 2309 1679 2767 1552 1860 1148 1782 439 563 559 1123 440 2840 1993 659 2707 1775 2088 100 712 1897 445 2133 2837 900 1045 1617 2650 1663 978 2034 2023 735 305 2826 2289 1362 2732 1878 2376 906 1208 1623 2046 134 562 1046 1486 2076 1796 950 1319
000245.jpg,1442 1969 593 1511 1005 1243 855 673 2364 2788 2746 1094 2516 2549 1311 1850 1966 1936 434 2299 1526 2290 1325 1068 2730 749 2492 2251 774 1379 2196 1498 678 1131 2417 1992 338 800 2243 821 1779 2697 2377 544 2151 1142 191 336 1573 1040 253 1794 2219 1424 1466 730 2519 605 535 1020 717 2005 410 2087 1913 610 2680 881 1581 1174 1670 365 2102 1783 1968 2302 1309 1871 2830 112 1165 1385 1527 2341 1079 2560 435 2006 870 1634 811 1007 248 94 315 392 2064 2145 406 1682
000246.jpg,333 96 2554 861 1336 309 2111 2160 1632 856 213 1013 2153 2612 419 1265 785 2079 834 2401 19 2641 1927 1856 1217 2555 1907 1685 232 424 1104 107 1669 1177 462 135 894 1269 187 1277 468 1448 2408 1858 2615 1846 1364 2414 2489 2604 2060 189 1315 2413 1467 983 1727 1919 2016 2591 2176 2313 2745 1734 379 1517 2058 45 736 520 807 2422 2684 2733 761 957 2566 106 499 917 149 1996 1251 5 1945 183 728 2476 754 1214 1383 63 2522 2326 1365 541 2233 1719 757 1950
000247.jpg,310 2827 1693 2441 1743 1087 751 695 2656 1561 1535 407 1176 182 1434 1298 1513 1928 832 2615 1019 940 983 1228 132 1785 63 2242 1257 1166 1856 1996 2190 693 2149 617 1091 1685 2780 949 1772 576 1004 2202 1169 1343 149 95 539 1773 2016 1333 2737 450 2699 379 2021 1846 766 596 2504 2111 794 683 2040 1805 2745 1116 279 1836 1161 1786 2238 2586 1093 2700 2447 1448 775 2489 737 165 1847 2368 960 1672 824 1493 2621 357 2209 2129 2547 818 540 541 1478 954 1760 1538
000248.jpg,2041 1935 1547 137 2511 2135 2305 722 79 165 1076 2665 1212 1606 686 2558 2580 2842 2068 2741 2766 116 2294 2258 1944 899 1452 1055 1463 1067 97 1464 1937 1130 2382 140 2393 1639 2506 2248 2598 2813 1126 2319 948 1134 2286 447 1725 1868 2736 1986 2292 725 1940 574 2728 2436 2207 2825 204 692 362 246 1841 804 974 539 2291 329 67 494 1825 55 1223 146 350 368 728 1899 1874 444 738 393 1592 2057 384 1646 1056 442 2719 584 277 2435 778 914 647 682 1016 1351
000249.jpg,2601 2624 2471 502 990 848 1845 103 1235 1908 1323 1830 1114 578 297 688 768 126 1608 702 931 903 65 284 250 1107 2276 1186 1767 1512 2388 1413 1340 1821 1391 1310 1720 2314 522 1975 684 835 1254 2478 2077 1515 2772 1834 369 1759 1125 1397 2777 1842 18 420 2457 2667 1753 70 2757 2015 951 844 2768 1252 2561 1723 1748 5 2663 2 767 1460 1989 841 1459 2532 1832 1579 2021 2128 1916 1905 469 1014 1426 2644 1390 2818 690 601 2036 1192 509 2297 2090 277 962 2622
000250.jpg,392 301 2318 1387 248 1131 2195 519 2331 1424 2087 488 984 2264 1479 2446 1200 2335 94 538 1020 2680 2420 2830 1499 1546 1133 843 1205 2560 937 1521 2296 2341 1548 2243 2222 1670 1442 2101 365 358 1992 1243 1581 1094 338 678 1309 2746 1719 1979 1329 593 2290 44 1073 435 1450 1379 1466 1474 1305 1779 1068 630 2839 269 1454 336 1483 1621 1419 2795 717 673 2549 16 2788 434 1990 830 1005 2251 1331 809 881 1142 749 832 2362 253 908 2151 821 745 1794 568 1511 1634
000251.jpg,1503 1024 2765 1781 1843 49 1568 2232 799 464 1011 654 2565 758 2465 2505 389 471 936 390 2091 1378 408 1755 239 1438 331 1127 1706 2164 314 2611 268 89 653 840 2794 655 495 2715 1635 467 2059 1921 1282 1395 1039 1262 1875 2017 2531 241 108 452 2693 1662 131 2173 455 1124 1021 786 1787 484 1967 1932 525 1475 2285 806 138 402 1008 1022 858 1140 643 805 1500 2398 2053 252 2396 625 2062 1715 2236 356 113 478 296 2142 326 780 1317 2311 2467 1050 346 1972
000252.jpg,2769 348 2050 2130 2649 2454 1369 1870 550 26 179 925 712 735 1045 197 2840 480 1552 2714 2375 1569 2538 2289 2241 623 1656 2574 433 2817 64 2200 659 445 1934 2545 2424 1617 2650 1422 168 260 100 715 1983 440 1328 1316 606 1640 992 51 463 2721 817 1386 900 2515 231 833 2023 1710 1319 259 1092 2501 161 1407 1840 1895 1993 2753 645 518 134 1051 439 48 547 2556 2011 559 173 188 747 1752 2433 2034 1148 769 497 2676 2045 978 1901 2046 2084 2082 1878 2088
000253.jpg,377 2227 828 979 2578 2384 1374 2798 2629 1562 2786 2539 729 2520 2602 1668 1033 340 2451 176 2668 332 672 2108 2640 2828 2743 21 1890 1393 2120 78 2647 1667 933 783 2031 1337 1266 1145 1495 2293 558 639 1070 1093 1920 983 1398 1429 80 945 2441 1585 2190 2210 2047 1038 536 617 1686 2514 865 1945 554 1588 569 2723 539 1952 310 2483 35 695 302 2221 2570 1769 289 2827 549 1226 812 1176 819 733 2808 1399 866 2029 1888 1999 597 841 868 1342 1770 2354 988 1074
000254.jpg,2510 431 1839 70 1035 2561 1125 1759 1753 18 1842 2777 2757 2772 2663 1834 2 2644 1390 315 277 767 2478 2077 601 951 395 1833 2015 1938 1557 2818 2622 962 1443 529 1252 1801 1394 1230 2497 1418 2323 461 1798 1747 2315 1357 2149 2302 2686 543 1165 2666 650 2702 198 2532 2128 2656 369 1162 2577 896 2288 2496 2443 39 889 1700 156 854 1519 351 640 1666 417 409 2277 2108 1186 9 1333 597 940 1562 75 1391 1323 191 1065 1219 1257 413 886 1980 121 479 1888 1241
000255.jpg,834 1044 1727 2555 2058 897 2550 575 1277 1507 2641 1898 407 761 728 1996 1104 55 2414 2111 34 309 2754 462 2422 861 596 924 107 2080 2249 2176 187 2523 1482 576 1669 397 1691 1749 777 2605 955 2699 2317 1729 2604 2489 1449 1093 2239 1517 983 1177 2547 824 1734 457 333 2233 1846 1200 2785 1856 483 1013 1536 2073 1690 545 1318 2180 1336 1538 2159 441 1401 2452 1677 1651 2202 2326 1971 2234 2197 230 1028 1919 1300 1057 1713 926 2254 1014 38 2160 751 2360 2288 1476
000256.jpg,764 2284 2008 719 2018 2146 914 539 2555 1493 1608 1128 765 2336 1351 2551 393 2754 835 998 1727 35 2824 1289 462 2019 873 1729 701 929 1772 2254 1846 2426 1534 1830 812 14 2489 1791 652 1254 1577 190 1734 450 1107 2260 1720 1310 2471 1044 869 848 2042 1487 1595 2066 303 569 397 65 549 1136 1651 1821 2210 728 1745 924 2434 187 874 615 703 2684 1915 702 1347 2090 2792 55 825 1985 250 1583 1517 1471 2536 1690 931 2733 1512 903 1157 2699 2111 2361 1104 407
000257.jpg,2502 2152 1605 5 214 1515 2348 84 844 941 106 2612 2386 244 1139 6 1364 509 2457 851 2401 1744 2567 2751 2056 2115 1768 1171 1199 1866 2162 2160 1198 2726 640 940 1661 2620 409 1616 985 2841 785 807 1434 1397 1365 2182 2768 1144 1602 1591 2761 1882 713 13 1251 2656 171 481 2324 1953 1342 182 1849 1987 2079 1839 1221 621 1214 1927 2354 19 1219 2149 2304 609 1891 1203 2591 909 1458 198 971 2203 2737 515 1603 420 398 956 270 347 2230 815 1643 856 45 1371
000258.jpg,1840 155 950 1544 1640 1362 1897 2628 1029 2439 2837 1775 2735 1202 2241 51 440 904 2272 2389 2367 2836 1045 1444 169 2650 305 1253 2732 1422 1218 194 2767 1993 1799 2133 2840 1586 2815 1381 2707 2376 735 445 2088 497 173 992 1261 1636 2753 59 1782 947 1658 2556 2312 74 906 645 2352 965 2713 4 1146 1617 1320 1468 1965 2482 2676 770 1649 1663 769 1788 1496 1752 319 1679 2046 1552 2501 1623 675 134 1123 2631 674 2011 1208 563 2553 1054 2044 260 1051 1316 2724 219
000259.jpg,1045 445 1640 1552 2241 134 197 51 735 463 2088 59 1029 712 1710 1208 2840 305 992 2376 1983 2650 1993 1840 1422 1328 2011 562 1617 2482 1701 155 440 497 2130 906 168 1586 1381 173 26 1782 1123 178 2375 1799 260 911 674 2076 950 415 259 219 2676 1788 74 2454 2272 1658 1895 2769 1636 2836 784 1897 1544 2735 2133 833 2713 2439 2419 747 904 1468 1202 2837 433 563 1253 2753 439 1046 1092 550 1489 2732 559 2631 2289 1362 64 169 2721 348 1218 2046 2050 2553
000260.jpg,188 611 1934 2411 2044 2574 85 2528 1319 2501 2082 1656 817 312 987 2397 2817 2837 197 1552 1644 547 1782 1407 169 2836 1386 659 2790 1624 556 1617 2439 1983 134 2832 463 1102 2515 1417 2419 1926 606 1046 1428 2270 1422 1544 74 1486 1444 260 51 1381 559 1993 2300 860 900 2545 992 4 712 1649 2007 911 1151 2133 2011 1489 978 2088 626 1663 221 1307 1545 1208 1218 1640 1878 1658 2358 1405 2606 1029 635 445 674 2046 906 1190 1328 563 2375 2840 2454 2424 1569 1679
000261.jpg,957 2249 1880 935 761 1006 586 443 2317 2096 1447 1469 1661 1483 1596 1090 861 745 1308 2081 1057 744 1802 2562 2464 1889 834 1671 1082 205 325 2522 1556 1474 1305 2498 724 1064 376 516 1790 2156 2425 2188 2222 43 1098 2535 2087 2442 2331 1016 2056 355 2591 1719 2197 1637 661 2725 1321 584 8 1052 2476 488 1621 1766 16 42 678 2831 1104 2117 2523 509 1280 2560 2446 1499 1560 983 924 2151 34 1178 2243 2457 1550 1203 2395 1450 2680 45 644 2136 829 1907 38 908
000262.jpg,1527 2377 519 1017 1138 1779 1385 1119 1992 406 2543 1731 605 248 1424 1040 1007 1894 742 1645 365 1800 2145 1068 2763 1516 678 257 870 2830 773 535 1707 610 1442 821 1871 1850 648 338 937 942 2085 1309 2446 2102 2680 2251 717 2596 2516 1290 1705 1200 94 2087 1546 1131 1094 908 1978 2600 2392 435 2560 2243 749 1133 253 1966 1526 1020 1325 1455 434 410 2005 730 1331 811 1311 1969 2660 336 2788 1142 1518 673 1581 855 881 1419 392 966 2697 2519 984 1379 1634 1243
000263.jpg,1083 1702 2168 732 181 1797 762 6 45 1318 661 2643 2522 2720 2111 2261 2807 2278 620 644 2386 1536 1251 2498 1336 546 2442 1064 2194 582 1856 2554 1364 1315 636 2188 2160 2831 2688 285 894 42 2056 419 2153 476 752 759 88 1596 669 1108 1221 1882 1013 2448 2612 2562 236 2725 1768 1365 462 2476 2116 96 2079 971 1476 2733 2202 115 829 2827 2745 189 1927 387 983 1632 2555 2474 2641 2197 2190 1032 2141 695 2258 2464 1176 777 1517 1260 2060 2608 1227 482 2048 761
000264.jpg,2050 2649 1870 348 2130 925 179 550 1453 26 2769 2454 1369 1552 197 2538 2714 2433 712 735 1490 260 1569 480 659 1045 1316 2574 64 439 2545 2011 747 2375 1901 518 2309 100 168 2650 2272 715 817 2721 48 2817 2289 2713 606 1878 2826 2007 2376 2840 2088 2241 1046 433 559 463 51 2397 1051 1656 2556 563 1092 784 2034 1640 445 1486 2676 231 259 1158 1148 562 833 1983 2424 2082 992 645 1422 978 194 134 1151 611 1710 497 900 1319 1190 2419 1965 1993 635 440
000265.jpg,1946 105 2364 2299 2416 7 749 975 1243 1068 2196 2519 1969 855 2243 1778 301 2064 1850 434 1142 2549 2788 568 1442 1511 593 2251 515 1379 2147 875 673 1779 2341 981 2304 1210 257 2377 253 336 2793 1966 923 2349 604 730 2219 1131 1613 662 1498 821 535 1415 937 58 2485 1682 11 1527 2658 2163 774 2005 1005 678 2492 1174 1352 2331 1707 320 311 2843 2697 151 1871 1936 1864 921 2328 2151 1573 2491 212 1311 1819 1565 2730 1504 1154 2679 1516 605 1455 2792 800 174
000266.jpg,106 6 1525 2386 84 2502 353 285 244 2263 1882 941 1221 1371 1083 2572 298 2115 2474 973 2348 409 2152 1364 546 582 776 762 2688 2612 2030 971 985 40 2831 851 2705 1139 372 5 481 1643 1251 482 2056 1605 1203 474 2761 1659 2678 1661 1342 1768 1064 1570 807 1113 940 515 214 732 45 1205 1515 1183 621 2464 759 1864 1866 1960 1280 1591 1198 1819 384 1504 1927 1015 448 2304 2725 2182 1726 1322 2623 2401 1603 1084 300 1285 1420 844 236 1032 1144 1987 425 2313
000267.jpg,126 2624 578 1114 2276 1767 1845 931 1413 103 65 1391 688 1235 2601 990 848 1323 2471 297 1186 768 2314 1340 250 2388 1608 502 1512 1830 702 2667 1908 903 684 1107 522 1720 1821 2663 1975 1310 2 2015 1460 1252 2532 951 369 1834 1759 2757 284 601 1989 767 277 1579 1842 18 2818 835 211 2315 2478 9 1390 2772 841 2077 1557 1125 1753 191 2777 1459 315 1254 1770 2021 2622 1733 1905 70 1585 2302 1243 1748 5 2653 690 1515 29 469 541 1537 2561 2036 2128 1014
000268.jpg,1141 49 1505 408 245 113 2311 1127 858 654 2070 2396 449 1781 27 356 1248 1612 655 936 296 625 1282 331 1780 2794 2669 139 679 383 2316 1598 2173 390 1500 1918 1506 1787 1140 326 525 2017 1921 1972 1220 478 1356 1026 1635 2765 2025 2611 1829 1435 108 2467 1568 1216 643 2164 2279 758 1021 1438 31 580 239 1262 2232 786 2062 209 89 2402 346 1692 2465 2505 455 1395 840 268 131 464 471 1662 2398 2280 430 1706 2821 1274 1941 33 1843 653 1961 838 805 200
000269.jpg,1513 1773 310 2827 1743 1161 983 1847 2441 1693 695 1836 2202 132 1176 832 2190 617 95 2745 1561 1019 1795 1685 1672 1785 2700 1713 1116 1856 576 751 407 2437 683 2129 1535 1228 88 1996 2242 63 1593 1353 2022 1714 1928 1333 149 1224 1257 1476 1838 766 789 1166 2546 1346 1914 2238 1103 940 483 1971 1213 2542 596 182 2699 1091 1300 2523 465 1999 2547 2784 1087 240 540 1786 824 2656 777 2422 1169 76 2409 2540 1990 2066 34 2111 341 993 1883 1093 378 954 2021 1538
000270.jpg,1415 2512 2775 755 1145 1085 2636 2274 2747 2009 1808 2587 2342 1023 1163 2679 401 1688 141 816 823 2055 453 1160 72 177 2463 2098 460 2163 1903 1717 1510 222 2410 560 98 1729 208 174 99 595 1322 156 2086 1047 1173 2829 703 2218 691 1203 308 1872 1162 1436 347 2071 1420 2122 1074 1155 399 1846 981 1241 905 612 2571 2107 2090 2362 2450 172 754 2655 2682 2021 1383 164 1232 1226 2489 2003 1296 724 1740 1089 1504 1222 1484 760 2074 2126 322 2786 1638 101 380 2504
000271.jpg,1304 240 824 60 483 2288 2579 834 2381 789 328 1449 2547 2281 545 39 1300 576 1394 2784 2238 596 983 1898 304 1743 1106 766 309 2759 897 1176 2644 1749 2317 1683 2178 2504 1593 695 2190 251 1353 395 1971 2058 757 1476 1361 1801 2625 132 2202 2149 2546 1231 1178 1786 572 341 962 1771 461 1804 16 374 926 1277 95 1790 1892 1693 1230 75 1451 614 589 803 1427 1357 658 2040 1559 1254 1996 1513 2323 1976 2277 727 1672 2745 967 1999 1161 754 2054 1883 2197 101
000272.jpg,1262 455 1503 239 89 464 1781 2142 241 1843 1829 2794 1706 268 1568 1378 2279 2091 467 2693 2470 1168 1299 758 495 389 840 1282 822 408 295 2285 2232 331 49 1024 452 53 1127 1662 653 1274 1022 799 654 2137 1011 1787 1039 252 2164 2465 2505 296 2017 2698 525 1356 2565 2765 2173 290 858 2396 2634 1789 138 1275 2429 2311 314 936 346 390 2806 430 27 2611 786 2280 806 1505 2821 2236 484 927 2715 383 1506 534 1932 838 418 1216 108 1755 2467 2059 113 2531
000273.jpg,712 1444 2836 169 2837 260 2439 1544 1328 1782 1640 1218 51 1663 2241 563 2767 1381 1658 1045 2133 1486 2790 1586 1623 2034 1679 1552 900 2545 305 735 2628 440 497 1307 2840 2707 1840 1261 1649 2454 1422 1437 1054 2832 2826 1934 312 1878 2272 674 559 1617 1796 1051 221 2714 1102 2817 978 1569 2411 947 1405 64 2433 1369 925 2088 1993 155 2528 439 194 2023 2397 562 197 2082 1584 1046 2130 2515 1407 817 1489 1644 1316 1208 992 4 860 1624 2721 1416 2501 1926 2352 179
000274.jpg,70 1834 1842 1125 18 2777 1753 2772 2478 951 1759 2077 2015 2561 2757 2663 601 2510 1252 2 2818 431 1035 315 1839 2644 1390 2622 767 522 962 990 502 1833 1938 277 65 395 1443 2315 2149 1323 1557 2302 529 297 2496 1801 2323 284 1186 1908 1798 103 2624 931 1165 2504 1418 2388 2686 1975 369 1114 2667 1235 2702 250 1512 1391 1340 578 1767 684 2656 1065 848 1821 702 126 2532 1394 1357 2601 191 1747 789 1230 1413 2016 1720 2784 2314 886 688 240 1257 461 1213 2471
000275.jpg,897 935 1006 443 2317 2249 1550 586 2523 1145 1308 355 1790 1090 2422 1082 1305 2096 2452 834 516 1671 908 2640 1023 2535 957 1910 325 141 836 34 2245 8 1047 2167 47 1249 2747 1474 745 724 2627 761 2098 1396 2268 2449 99 2700 1425 2081 2750 2071 459 924 2446 2055 1621 984 1763 2335 2763 1052 1352 1203 599 1178 7 1224 488 1714 1990 2508 612 983 2512 2201 1200 2537 1219 183 733 1637 2087 1321 1322 1719 1556 2795 1736 2839 979 2277 1729 1271 2645 1610 1093 2463
000276.jpg,1163 2679 2009 72 1903 2775 1415 453 2636 177 1085 174 460 401 2829 1023 2122 141 2587 816 2163 1717 2274 1155 1808 2055 156 208 981 1688 1872 322 172 2463 595 1203 760 1628 2722 823 164 2098 1322 1162 2747 2126 1784 2469 399 731 111 1160 1510 2577 1089 347 1404 612 694 691 1047 308 2483 1740 703 1074 1420 73 384 99 1342 1412 1173 461 2655 2003 1145 1100 1241 2664 1484 985 1666 409 2107 560 713 2218 1565 1739 1065 1654 2074 2668 554 479 1674 542 332 351
000277.jpg,2018 2284 2146 719 1289 914 764 1493 2008 539 190 1351 723 1772 303 1359 35 1534 1157 450 2551 1577 2585 998 1915 1583 778 916 14 2824 227 382 1121 1970 615 825 1745 874 873 1985 2434 1136 549 1246 2536 517 2405 929 812 206 652 1854 2336 343 1204 1651 2711 2485 1347 779 1247 2252 2204 765 212 58 1578 604 2209 1574 639 2462 2718 416 2792 2042 254 2426 540 1595 831 272 1729 384 1179 1819 2225 1344 66 2334 282 2453 2793 738 2361 1957 457 2353 7 118
000278.jpg,2801 2269 2584 1411 2100 2338 1994 1622 2223 912 1264 2185 642 1446 1112 273 2616 1571 2139 1694 537 2738 2371 1837 2529 195 1698 2104 2833 237 166 264 41 1129 414 1409 1445 2484 837 2486 1095 1009 1514 741 2844 2797 1540 2189 299 2781 1294 888 969 958 1360 716 527 1618 203 1122 1101 1982 1807 2092 2372 262 846 2675 2138 17 1684 2208 2524 1238 1201 1440 46 2253 1619 2205 1964 267 2063 2340 143 1341 651 787 1925 2255 1630 2271 867 1652 2834 1589 961 1607 600 2811
000279.jpg,1583 1579 841 1063 639 998 1578 1354 748 945 2647 952 919 1470 1791 9 1531 819 1667 1920 2792 2328 2252 778 1769 515 887 1179 1977 118 1970 579 930 1854 567 517 492 2778 1651 382 114 2491 1770 2333 928 2711 1154 1367 1585 2682 1729 1657 1368 1239 916 227 2225 2488 2349 2459 2042 2304 2097 566 2575 539 2026 719 975 1555 2224 982 2723 1725 923 103 190 1666 875 2793 723 2310 1210 571 297 808 914 2824 1323 764 1162 2065 873 738 1528 1740 1864 7 1344 479
000280.jpg,331 999 726 2407 1662 2301 1967 1438 1008 113 471 1317 2765 390 484 1635 478 1781 936 363 1756 2236 49 655 245 1475 1395 1140 1124 2465 2505 758 1505 430 1706 2091 464 1024 1050 27 2059 786 2693 389 314 2429 1715 1011 1787 1037 2053 268 53 1127 1503 2232 1568 408 2794 805 1282 326 1921 1929 1843 2715 209 1465 216 534 1755 654 108 1216 580 2611 1262 1875 625 2164 89 1378 402 131 858 1780 838 467 31 139 296 780 806 207 1274 679 456 2669 643 346
000281.jpg,1763 922 1090 37 586 298 924 1082 443 1308 1113 2726 2162 327 1882 1250 1697 372 2691 448 1221 1400 244 1659 2841 1973 938 1084 543 2359 973 2222 117 2115 2030 1744 459 8 2167 1687 285 2677 1525 1536 2494 423 1570 2572 1205 1671 1661 1371 2623 275 796 1232 2443 582 20 1184 909 781 1219 2268 980 2179 1162 2535 214 2109 115 956 1180 375 546 851 1285 2132 1502 39 6 2656 1203 2203 1995 1318 475 1487 1693 2605 1139 2474 334 454 40 2483 98 2540 629 1073
000282.jpg,2545 2034 1569 1796 2433 100 2713 64 48 715 2721 2826 1316 1584 1640 2650 2023 51 1453 559 2309 168 260 1490 563 2045 1658 439 1381 1051 26 1782 1416 1218 2272 747 197 1878 1901 659 562 712 1870 1307 2376 1489 2836 2454 978 1486 2439 900 305 348 2088 2817 1096 231 2289 817 925 2556 1407 1369 645 674 2628 497 1123 860 1586 1544 1444 201 2419 1649 1948 1261 1644 1437 2755 1934 1656 1710 2528 1752 1417 2082 1319 1045 2241 992 2011 611 2050 1054 2649 1046 155 1552
000283.jpg,2328 1791 1977 2491 1179 1578 1470 887 118 639 1531 2682 1651 982 2792 748 1210 1579 808 875 2778 945 567 311 1063 1583 2349 930 2252 998 2416 1769 1667 2042 2793 2459 975 2647 841 579 2065 1729 923 2304 928 492 1367 1657 1920 2333 1854 2225 517 916 9 778 819 2488 1154 1354 2729 2507 919 571 952 114 540 763 2073 2559 382 1904 227 1058 7 1770 539 2711 1970 1271 190 2033 2798 2224 2097 1567 1800 451 515 729 754 2049 1585 528 1448 1484 2140 1950 1555 902
000284.jpg,2586 775 1805 2780 1169 357 794 632 584 818 1611 279 2211 2447 2176 676 2621 1347 2605 1093 1626 693 2326 1104 2159 960 404 1016 2701 751 1691 1748 2630 1247 1192 2368 469 728 1669 2234 397 2651 1517 187 2360 1867 863 1014 2518 2020 812 2604 462 2036 2297 876 1343 1678 1467 2383 2080 1028 1450 2737 1194 339 2347 954 2345 1482 1459 2653 2641 1372 1609 2111 1195 2555 736 830 1832 2224 379 2733 1601 2354 2341 407 2804 2192 1690 371 55 1088 1722 457 2408 58 2684 516
000285.jpg,1107 702 1310 903 1340 768 2471 848 1908 284 1830 1608 2601 931 1845 65 1512 502 2624 835 1720 1821 1114 2388 578 2276 990 126 250 1254 297 103 1767 688 1235 1323 1391 1186 1413 1975 522 2314 684 1748 1459 1014 469 2605 2036 379 1834 2630 1192 2128 2457 951 70 2015 1125 2478 764 1753 1252 18 2251 2345 920 2818 2008 751 1515 690 187 1426 1842 845 1257 2757 393 767 2777 917 2772 1690 1832 2077 39 2239 1759 1537 2667 2561 2644 2159 357 590 1905 1244 973 2284
000286.jpg,2790 312 2832 1926 2389 1624 4 1644 817 2528 2082 221 1102 2411 1545 1146 1405 1934 2270 1407 2300 2501 1737 635 626 305 1752 826 613 2837 943 1544 987 59 611 547 2544 2439 1656 283 562 1202 2817 1878 556 445 188 1486 2397 1640 860 1328 85 1489 259 2826 169 1437 51 2044 2069 1319 2312 715 2011 2574 900 1552 2714 1386 2358 2721 463 1983 1782 1799 197 1381 947 1993 1796 74 2367 1422 1092 1307 1417 563 1569 2564 712 2836 2133 1468 1444 266 2724 2424 2419 26
000287.jpg,2437 1447 2190 1672 1469 2202 1990 1178 834 983 2745 1836 83 1483 1476 2058 830 1914 376 1743 16 845 576 1176 47 603 2129 95 441 1224 1620 2296 824 1450 132 2700 2080 44 1719 1749 1057 60 832 1300 2317 695 1277 777 1714 2523 1996 88 1693 2441 483 1713 761 2288 1732 1103 373 1838 2281 1245 55 897 1523 728 1304 683 2785 2249 1116 2547 1593 1449 269 2275 34 1482 2641 1919 2016 2239 2383 2180 39 2827 2209 1346 2087 596 1790 584 2395 870 1856 2605 1999 2555
000288.jpg,1856 2827 2441 310 2202 2745 1914 407 2190 88 2111 95 1476 1996 1116 983 695 1693 1538 132 751 1561 1713 540 1087 576 683 1169 777 1176 1091 1343 1714 1535 2699 2489 1838 949 1093 1743 2422 832 1019 617 2785 1846 1410 1517 940 693 279 1004 2780 2523 2733 1772 212 1298 1749 596 1382 34 450 2129 2737 1347 2684 462 1194 1103 2116 2547 2209 1631 2525 45 2447 2242 1805 2586 824 457 2555 1224 63 357 2386 539 1346 1685 2700 1365 2615 2072 1336 1513 794 149 1928 1228
000289.jpg,494 1874 1223 1944 1899 2057 1212 2248 2291 2741 2435 686 1777 2580 146 1055 725 2766 137 2286 2558 165 1463 2294 2135 2813 1185 1937 574 447 1606 2825 2708 2728 1639 1076 899 682 2393 2207 1452 2382 1464 677 948 1825 1986 140 657 2438 647 204 2436 1868 2319 1067 804 2305 2842 2719 1940 2736 1547 2511 722 329 2639 1935 1757 2041 491 116 1841 1725 2143 24 2598 2665 2068 692 246 1126 362 2683 1439 1592 444 1134 2569 1558 1886 2292 482 895 1166 1056 1478 1075 2220 2051
000290.jpg,939 2057 2220 574 2291 482 2526 1931 2704 1439 2051 2183 1433 2639 1408 2719 2440 2728 494 526 1949 1223 2766 994 1558 1942 2683 864 1725 1874 1166 725 447 1928 1892 274 2037 598 1771 2319 2294 1055 293 271 165 2589 1056 2825 2054 1452 368 146 2625 1721 1087 1944 677 1677 2207 2787 2741 1876 1881 647 1555 140 2436 2089 444 2558 2475 2499 2617 608 1868 682 804 2580 1228 93 182 898 948 2708 1592 2438 1825 692 1298 1777 531 2409 853 1473 2382 895 1937 1185 329 1639
000291.jpg,725 165 2728 2766 1874 2558 1055 447 2741 1825 1223 2207 2294 2291 2319 2057 1944 494 2135 647 899 1940 146 2435 137 1212 1986 1606 2813 2825 2248 1463 2580 2292 574 2736 2719 2511 1937 1899 1547 1126 692 2639 686 948 2683 1777 2382 1130 1841 2393 2842 1076 2305 1639 204 2041 116 2286 1558 1452 482 1935 140 722 682 1464 362 677 1433 2665 1134 2506 2438 2436 2704 1166 246 1185 1868 1067 1725 2708 2220 2598 2526 97 1334 804 2258 1928 939 329 2054 657 6 1592 2569 444
000292.jpg,1098 1321 2096 836 2156 1790 2645 935 1425 2450 2071 1709 2342 2432 1736 396 1556 2750 834 2256 2201 1638 908 2335 1806 1865 1052 829 1750 1933 2222 1550 1449 755 1305 1153 2249 243 1761 724 2081 1015 1673 1337 355 2083 1554 809 1614 897 115 2452 1610 2058 1057 1719 99 869 1331 222 1990 47 2264 1280 1396 1084 2627 2313 1402 2197 1910 38 2437 1661 832 1380 2317 2571 56 2032 2261 2245 1044 1370 861 1387 1728 1995 1145 571 1047 2523 1286 957 1987 2118 7 1637 2357 1300
000293.jpg,2111 213 1087 232 695 520 2737 1945 1693 2408 1176 1856 983 754 1019 1343 2190 1269 949 132 2638 63 135 310 88 2827 184 2566 824 757 2547 1476 596 2022 1004 376 1394 2413 19 1333 1231 1298 576 540 1228 1478 1336 2615 1483 1091 2354 1013 940 2441 1558 2756 1207 558 1749 2555 1728 1448 424 2202 2072 2507 1996 783 2745 1999 614 1383 80 304 1804 2178 967 997 1685 1631 2656 1904 898 149 545 2149 1265 2604 2021 1727 119 2320 1719 1513 761 2112 988 1898 1867 1841
000294.jpg,2365 849 2716 705 2819 2689 81 2552 2181 2370 175 2534 1896 458 2479 2119 120 2191 505 587 2283 152 2500 847 2674 2557 1708 2193 734 2250 313 1339 1111 2177 1827 633 2527 553 1003 1741 523 1532 1481 1117 2681 1563 367 390 28 1680 1635 2144 245 238 418 1917 68 1787 696 52 1873 711 1335 330 2237 192 207 1967 290 2592 1662 2773 2429 503 2396 2322 484 1715 1746 354 1612 671 1026 2025 1543 2017 2398 602 2597 1918 61 2316 108 1050 2062 1730 1182 1317 2099 33
000295.jpg,2601 2471 2624 848 1845 502 990 1114 1235 1908 1830 103 578 688 126 768 1323 297 1608 702 931 65 903 250 1767 284 2276 1107 2388 1340 1413 1512 1186 1310 1391 1821 1720 522 1975 684 2314 835 1254 2667 1834 1842 1759 18 2478 1515 2757 2077 369 1397 70 951 420 1125 2 2663 2772 2015 2777 2457 841 1252 1753 1459 1748 2532 767 601 2561 2768 844 1579 5 1460 1989 469 1390 1832 2021 1723 1014 1192 1905 2818 2128 2297 9 2622 690 2036 1557 541 2630 211 2033 917
000296.jpg,1567 1879 1237 1981 446 451 1604 1578 394 1301 1058 1017 1800 311 2796 2049 571 2252 2609 1651 2140 2093 2349 2328 2357 982 1645 2596 1977 530 2459 945 1470 227 916 875 579 2392 1516 1239 2682 2042 118 1367 2310 1210 2507 1894 1518 1613 2225 1179 2488 1271 2786 528 2613 2559 517 288 566 2026 2491 243 680 808 1145 121 1970 1865 2793 1119 1132 639 2090 569 778 1906 1087 1290 1904 1531 1978 631 2618 1854 997 2423 492 2660 887 1138 748 1657 928 763 1588 536 25 975
000297.jpg,2840 2515 2424 2084 2574 606 900 197 489 1656 1983 550 833 1190 1993 2082 445 259 675 1092 2753 2817 1552 992 1202 735 2454 2200 1422 712 1045 2397 623 188 2724 2241 1369 1319 480 2270 1878 970 260 1253 2050 2130 2676 1146 2046 1752 134 179 659 1934 1029 987 1407 817 2837 611 1148 74 2649 26 1386 2300 2769 2544 635 1617 51 1151 1545 1486 2010 312 524 178 1218 1870 463 2133 2439 169 911 4 556 2011 626 2375 1926 2088 1208 2631 319 1679 925 2148 559 2411
000298.jpg,536 569 1132 1588 121 2090 988 193 1065 1268 2786 680 1562 554 979 332 1890 36 429 2668 1431 2108 1888 2333 571 289 2029 1256 2384 2227 1793 555 1418 213 1033 176 2743 868 2078 729 681 142 1699 1657 1553 998 1430 1162 2729 886 1492 1583 2423 2295 21 199 703 417 2798 2415 1478 2217 1666 1448 597 1393 733 308 62 2107 2117 560 340 841 2638 384 1686 930 866 1047 427 1470 2539 1186 878 2451 1952 2413 945 802 1398 184 2031 1074 1333 1089 1173 1420 1729 118
000299.jpg,188 1934 1656 2817 2501 611 1319 817 85 2528 2411 1102 2044 1644 2790 1926 1624 987 1386 197 556 2574 2082 547 312 635 221 2375 433 992 1405 2454 2300 2832 1552 943 1422 1983 2270 463 1993 2631 1407 2046 2289 1489 2650 2397 659 715 860 260 134 439 51 2011 1640 712 2721 100 1617 1569 562 2545 2088 64 1752 1092 2023 1417 1218 2133 626 231 518 2424 2538 1658 2241 2439 606 48 2433 2836 1796 1381 2515 305 1710 1208 497 26 2352 1782 4 1045 486 2419 1878 2837
000300.jpg,2817 2545 2034 1656 1369 712 1934 925 1407 2840 26 1983 2574 1328 197 2023 1489 2649 2515 1870 348 1644 2082 1796 2424 2045 2454 1710 2528 1584 900 1545 817 1045 992 1679 2050 1569 2755 2439 735 312 1218 1444 2836 1319 1624 179 1051 2411 550 1552 715 1623 497 987 2130 2241 860 1586 1658 51 1663 2714 1092 623 1926 2010 626 2289 64 2790 169 1486 1544 1782 260 1640 1261 2837 221 2501 547 489 2270 2832 1381 2721 463 559 1878 2200 188 1386 1752 1102 2084 2300 1417 2769
000301.jpg,1301 530 2140 1058 446 1909 1237 1567 1604 1384 1673 2049 631 2796 875 243 1614 1370 2093 451 984 7 1742 394 2282 1396 1331 2357 1017 1210 1554 975 1518 1290 662 311 2793 966 1906 355 2064 1981 2609 1105 2257 2392 921 2696 2519 908 1613 1142 2416 487 118 2349 337 1879 1681 571 813 2042 1211 607 2310 942 2304 1978 2085 2682 2243 1910 2083 288 528 2452 1174 1271 2559 301 1179 2785 1739 2596 710 2660 151 1729 870 1578 923 2618 1987 2328 1455 54 1913 1579 1638 542
000302.jpg,1507 2550 1093 1277 2604 1104 407 107 2414 1898 1177 2754 1691 2326 2176 2242 1669 1748 2159 834 2630 187 2555 2351 357 2586 1169 1727 1028 728 1690 1797 2780 2605 2058 575 2641 148 1401 2234 2073 2360 584 397 621 596 748 55 1611 1996 1467 1517 1014 1889 2230 1734 2612 1531 1626 32 2489 920 1977 1683 917 751 794 1791 2111 736 2521 171 2591 2684 2192 335 2224 2457 457 462 1513 271 2203 1364 775 393 2752 509 1459 2033 693 818 279 2197 469 1013 1336 1470 2408 851
000303.jpg,2272 1316 497 747 2815 2721 439 1569 1218 1586 1993 64 2713 1658 1381 715 2556 1965 1416 1496 51 1261 712 1640 1617 2241 2023 1860 201 2352 1490 2628 2545 2433 1552 260 100 1051 2046 2439 1422 992 563 2767 2309 1796 1679 2376 1544 1444 2034 258 659 2755 1096 194 1901 1584 48 305 1649 1045 562 1328 1054 1663 2650 1623 169 1148 1948 1362 2817 1453 2836 1636 155 2454 2826 2133 231 2045 1878 978 1123 1782 900 2088 2837 2707 1840 674 1897 611 2840 1319 2289 1307 2069 1208
000304.jpg,546 1285 298 1015 1610 372 973 1557 1221 582 1387 191 285 2622 2688 2313 115 2302 315 1570 1252 1199 2015 1759 1065 1165 2757 1391 1425 1882 2108 1083 1767 1286 669 2118 2268 2677 1390 2161 2359 481 1884 2498 56 6 277 1560 571 1890 1995 767 732 2818 2719 2128 554 126 1219 1719 2210 1153 1256 2577 1980 807 2314 661 2464 629 951 543 1844 2725 1797 1702 459 2663 829 38 2685 1865 1697 759 1769 1562 1750 425 1536 868 289 269 1628 1084 2388 1284 2668 2276 236 156
000305.jpg,897 1657 115 1555 1879 1487 1155 928 2729 2093 2249 2786 754 571 1688 979 2640 1995 983 834 1047 1651 1977 1880 1729 1431 1728 2798 2140 1808 729 2333 36 1637 1578 1023 1719 1865 1906 832 388 1271 2641 187 2682 2129 453 387 2792 1017 540 630 639 1145 163 1621 2636 2042 1769 2747 569 2627 2573 1404 2351 957 1162 1533 38 465 2349 1061 1470 7 2260 1979 2539 1785 451 924 975 1228 1179 695 2227 666 594 141 2793 2295 528 2491 1266 1588 739 176 135 332 1478 536
000306.jpg,1620 603 2202 830 2080 2190 1476 1450 441 2275 2745 1732 1914 1523 777 1482 1678 845 983 1447 88 1713 1057 373 60 2695 1073 1469 1116 2383 1856 1483 1147 269 1224 83 1714 1838 761 1996 2523 1990 2441 2129 2317 683 832 2518 1133 1309 2785 2437 1120 1183 1194 2249 584 728 2830 47 55 16 376 95 834 132 2288 824 248 1091 2395 1178 87 1131 1016 2422 2281 2560 1836 1548 632 1176 1790 1693 2111 34 1719 2522 576 230 45 1205 2641 1064 695 870 1943 2239 2161 2605
000307.jpg,1753 2772 1125 2777 1834 2015 2478 18 1842 2077 70 1252 1759 951 2757 2818 315 2663 601 2302 2 2561 1165 2510 431 2315 1839 1035 767 1390 2622 277 1557 191 2702 2644 522 1980 1323 1186 2685 2667 395 297 2161 1443 990 103 1801 369 126 2323 1391 962 2624 688 1833 1235 2314 1938 529 2686 502 1798 578 65 2299 2149 1418 269 931 1767 2276 1340 1908 2656 2532 1413 1845 543 2000 1905 2496 1460 2653 640 1519 1548 1747 2577 2016 1989 5 1243 1075 2457 1394 1512 1114 2746
000308.jpg,1328 2130 712 2714 1369 179 925 550 1045 1663 2837 735 1092 1983 2439 1444 2050 1407 2023 26 169 2010 1218 2649 1624 2082 2840 2454 947 1544 1870 1051 2034 2817 2300 1261 2241 2545 1569 2836 1623 312 987 1656 221 2200 992 1644 1934 635 623 2574 2755 1926 2045 1584 64 2767 1319 1405 348 1679 817 480 2832 260 2424 1640 1782 1796 1102 51 2270 259 2790 194 1552 74 1422 1545 1151 715 2501 497 2732 524 1489 489 48 1617 547 900 2148 2411 1840 2628 1878 2515 440 943
000309.jpg,1939 1514 2619 1539 2481 958 352 787 1270 665 1360 30 1349 127 638 1445 1630 2710 2473 1258 1167 685 1341 697 17 2339 537 1607 46 969 1355 1540 2298 2340 2246 577 573 1684 1694 234 879 71 741 892 1069 1278 2811 810 147 1571 2517 2614 1242 1294 2213 267 1 2371 1446 1828 2226 642 143 2758 1129 1811 160 1411 2834 846 2189 2576 1215 2635 1982 1238 299 1619 557 795 273 1524 1807 2833 1291 307 1572 2529 1520 2139 2094 2092 1629 2104 2444 600 1440 2271 2584 2616
000310.jpg,550 2130 2050 179 925 348 2769 480 1369 2649 2454 1870 2538 26 1453 2714 1490 712 1045 735 518 1569 1901 260 2241 64 1552 197 2376 439 2817 2433 100 747 1316 2650 51 231 2840 817 2289 168 1640 2545 48 715 2272 2375 2721 1656 1092 2034 659 2088 1584 433 1051 1422 463 1328 1644 2574 2023 2713 2309 563 1658 1624 1710 623 221 1319 2755 1878 1934 2556 635 833 2676 497 2826 1895 1151 2200 606 440 2010 1983 562 2397 1381 2501 194 1148 784 1796 1218 173 259 1636
000311.jpg,2460 557 1440 2298 143 2363 2529 1684 1735 641 1619 879 2412 1982 46 697 2215 299 1122 1925 2517 2590 2139 386 718 1366 2185 1814 264 667 1009 226 2633 2541 1862 1863 837 2731 2833 958 1081 2524 1660 969 2092 2710 2797 1480 1539 234 1238 797 1360 2584 2484 352 1373 1816 2455 991 1694 1411 1807 1514 2175 1196 801 1191 2771 273 267 130 1446 638 867 1129 2104 1291 2607 1497 30 428 2844 2371 1776 349 2138 1630 2385 2473 1549 1445 1295 2127 787 1457 1264 263 414 2709
000312.jpg,2202 1476 1620 2080 2190 603 830 1450 2745 1914 441 777 1732 2275 1482 88 1523 1057 60 1678 983 1713 845 1073 1116 1447 1714 1838 1224 1856 1483 269 1990 373 761 1469 683 95 1996 83 1147 824 2437 2785 2523 2288 728 1194 832 2695 55 2383 2281 1183 230 2129 132 1790 584 47 1836 2441 2317 2522 1064 1133 16 2641 1176 834 2518 576 45 2249 2239 1091 2111 87 376 1309 2194 2422 2547 636 1120 1016 2830 248 1548 2395 695 1205 1693 1178 1449 1131 1462 762 1943 1719
000313.jpg,2825 447 2766 1212 1874 137 725 1606 2728 2741 165 2558 2207 2580 1055 899 1944 1223 1899 2135 1825 146 1067 2057 494 1463 1056 2294 2435 2708 204 2291 2736 677 1134 574 1452 246 804 2719 2319 2041 682 686 1935 2248 1185 2511 329 1639 2286 1547 1940 1592 140 1810 2436 116 722 2438 2842 1777 2305 1868 1126 2393 1076 657 948 2665 2813 1986 97 1937 2509 1406 2569 2683 2382 647 2220 2583 2598 2639 1841 2540 1464 1075 2526 93 67 692 627 249 202 2068 491 895 1725 1166
000314.jpg,377 1949 2293 828 270 323 84 2210 2032 13 2520 1352 853 1038 941 2108 347 1849 2354 2218 640 812 707 2047 2578 9 1436 56 1203 1819 1864 2729 2485 332 1769 1657 923 1342 2668 1890 2048 1033 1504 1579 1272 865 1661 1219 2304 2828 985 1768 2647 409 2227 1322 1343 429 554 2463 2421 713 1206 1398 1754 1374 802 841 2408 2743 660 1565 2602 43 1668 2761 571 2384 2483 1643 1667 945 1562 539 58 515 672 2656 1686 424 952 604 1585 549 928 1478 1337 2029 1945 1065
000315.jpg,310 832 751 2827 1693 1535 2441 1928 1561 960 404 1019 2190 695 2621 683 1169 1805 1087 1166 983 2202 1513 2656 1856 1116 940 182 132 693 2699 617 2129 1743 378 1176 576 2700 1836 1298 2745 407 1004 2701 2780 539 1590 1228 1685 1594 2586 1772 1195 775 149 1609 95 1714 63 954 1103 1343 794 1869 1713 2209 2211 450 279 540 895 1773 1091 1346 1996 1434 371 379 1785 2605 2447 291 993 1786 1760 1914 2409 2368 1611 1838 93 1959 1626 728 2242 2615 1672 1224 2651 818
000316.jpg,2522 2386 45 1364 1064 1251 2056 1083 407 2612 2678 762 2116 2263 732 1536 844 2489 1960 1797 40 1856 187 1336 1726 2111 181 636 1515 851 1846 1802 5 1198 2831 1768 1093 1702 1318 2457 582 34 2498 6 2422 2401 2827 1713 236 2203 462 1714 1596 2160 983 2476 1169 2733 2048 42 1482 1525 1517 2807 2608 861 2182 474 620 2643 2623 2278 2572 2523 2699 423 1203 2554 2761 1488 1104 1880 1013 2326 1729 2760 2591 1116 2726 481 1838 751 1315 736 621 832 2079 510 2521 1914
000317.jpg,550 2454 2769 2130 2050 26 1870 179 348 2538 2649 1369 197 925 735 1552 1045 2840 712 480 518 2375 2289 2714 2650 1569 445 606 659 1422 2241 433 168 833 259 1453 260 231 1316 1901 100 2011 2424 2574 2676 623 173 2088 2753 2721 1092 1983 715 784 440 2556 2433 415 2515 51 463 562 1148 64 2200 161 911 1388 1640 1752 2817 1490 675 645 1656 2397 817 134 1993 1046 2545 900 1895 1878 178 2376 219 1617 486 563 992 1840 978 559 1636 2482 747 1190 2732 1710
000318.jpg,2825 2766 1944 899 2580 1606 447 2135 1056 204 1212 2558 165 137 1463 1076 146 2842 1935 725 1937 2728 2207 2294 2708 2813 2248 1899 1874 2041 948 1055 2382 2435 2438 682 2057 1592 2736 686 2511 1464 1452 1639 2393 1223 1547 2291 1825 1841 2286 2741 2569 1185 494 574 362 1067 1126 804 491 1777 2258 1134 246 647 2220 329 677 2305 140 2683 2526 274 608 2665 1868 722 994 1408 864 2319 526 2068 2440 939 271 2639 1228 1087 1942 692 1986 2719 1940 116 1725 1785 2292 1333
000319.jpg,338 2516 730 1243 2788 1526 1379 1466 2151 2364 2746 678 1005 2243 1511 673 749 336 1442 593 2290 2830 248 1131 2730 1969 2251 1573 2519 937 1094 1325 1068 568 112 1142 2560 1455 253 855 1309 2299 1670 1020 1707 1581 2224 2005 1311 2680 538 2341 500 1499 1040 2549 881 2302 717 1634 191 821 1424 742 1850 605 610 1165 1498 435 1794 1779 2518 94 800 1557 1174 1783 1133 1992 2219 843 1936 1110 1529 709 1966 627 365 434 2622 2417 1016 2492 1516 1387 2559 1385 2064 2446
000320.jpg,851 98 2726 910 2162 1272 1744 1232 2218 2325 640 2324 781 2256 40 1042 1219 956 347 2103 1819 2210 2571 1864 1162 2003 776 281 1436 2691 2677 1643 1423 2304 58 1402 585 334 69 1113 413 409 2561 2443 224 962 2278 975 923 1515 1512 1484 796 1801 604 1579 265 924 2101 20 375 2042 381 522 1226 1960 1519 2502 738 65 56 196 1035 1203 909 2485 2336 629 1954 2644 285 703 1922 922 835 1221 543 1477 13 395 2656 940 2474 528 1882 5 931 1263 2416 1041
000321.jpg,609 2056 214 2348 1602 844 1515 2620 2725 5 2591 509 1199 300 2464 1364 43 2386 1605 2230 2457 941 2678 785 106 1139 84 45 1061 1889 1251 2115 2160 1953 620 621 1766 2831 1723 2567 1726 971 1616 2502 861 2476 6 1866 1610 398 424 1687 2124 762 2841 2612 2498 244 2705 2079 1722 1891 2521 171 732 1397 2522 909 1198 466 2203 1596 1458 2014 2608 1488 1015 2152 510 1797 1738 388 270 973 2706 2182 163 306 335 1768 2401 2263 2744 2816 956 957 1907 506 498 1591
000322.jpg,2552 2181 2819 849 175 587 2500 1896 2674 705 2283 505 2716 2119 2370 734 2365 2479 1746 458 2527 2689 1827 523 1741 2534 313 81 238 1708 152 2250 2177 1376 1339 1010 120 2193 696 1563 1532 2191 972 28 1117 245 847 1917 1441 1635 1182 314 390 1852 2199 1003 330 671 525 633 2099 1543 711 1662 968 261 2028 1050 2144 1875 2322 1967 1787 27 2091 68 2557 2610 2429 61 354 532 999 1111 2396 1395 2017 2059 2742 2316 1918 108 553 1921 2164 1503 2592 1956 726 456
000323.jpg,407 2522 2386 2111 1364 1093 1856 2489 2827 45 1251 1064 844 2612 1846 2604 1797 1177 187 2056 462 2326 1517 107 1104 1336 2733 2116 732 2684 2457 2591 1515 762 2441 5 983 1669 2176 509 1734 851 2233 1083 2160 457 1702 2550 516 2555 2254 2351 2744 736 1507 1169 2641 2615 32 1365 148 310 917 1467 2498 1434 1448 751 335 2401 954 2016 861 794 1382 1685 510 181 397 2422 2586 2447 149 1013 2106 1768 212 182 695 2192 2230 728 2159 856 785 2414 1733 2258 539 902
000324.jpg,1785 1228 407 2066 1213 1087 2113 457 2546 1561 2699 1996 2242 1161 251 2233 1846 1300 63 1257 2022 1513 2254 751 374 1019 2114 465 2489 576 1333 1898 1538 1166 304 1727 737 545 2040 1883 101 1683 1353 2504 617 1115 2555 2180 1847 581 1389 2178 2209 1971 341 1786 1427 2700 728 2827 2605 328 2540 1734 2579 2409 55 483 34 1116 2630 2360 695 1818 1091 364 1714 2542 1713 683 766 1693 803 2621 924 2780 1928 1773 187 2523 1825 2493 1487 2149 2784 2641 1178 1900 310 2422
000325.jpg,1571 2399 2372 642 846 573 1446 17 1540 1294 195 1360 1629 1698 1520 961 1939 795 1258 1409 1618 1445 2269 1278 203 2189 891 2635 1112 1630 2223 46 600 2486 1201 2253 892 577 2100 1291 1238 2616 1994 837 665 2340 2834 1009 667 267 2158 2584 2648 1341 1694 2710 1925 1615 2481 2412 317 2063 1524 166 1572 958 1619 1607 1684 787 2738 912 1270 2298 2213 1411 2338 1 537 1509 2138 1828 2595 223 2801 1982 2266 2781 2619 741 147 570 349 307 160 1095 1514 234 1622 1837
000326.jpg,2755 2045 2023 1584 258 747 2545 1320 1552 2034 1895 770 1029 2272 2482 1407 74 463 1051 2676 1796 1569 1640 1870 2289 2732 2650 2837 1328 1218 735 433 2501 197 161 26 1489 51 260 2439 712 2735 2133 606 1799 2556 1261 497 1544 59 2454 1586 2753 1362 769 1316 64 2367 1983 1045 2713 2574 2538 1934 2628 168 305 1663 992 173 2375 2088 860 440 2767 715 563 947 906 2433 2241 169 2397 2515 2840 833 2044 2352 1878 1782 1840 1422 626 1897 2836 2389 1701 155 2631 48
000327.jpg,726 268 1475 1875 2059 999 53 806 780 534 2236 1011 2429 1662 131 464 241 1024 1503 2244 1706 2531 1781 484 2765 418 1050 2407 314 1378 1568 1843 653 1008 1262 1465 331 2693 2280 452 1438 2794 1831 467 89 1967 239 2091 1039 471 390 2142 1787 495 1655 245 389 927 1037 1929 936 207 655 2285 1274 1635 2465 2505 455 1756 2396 2173 2232 2301 430 840 1730 758 113 1505 1789 295 1124 1022 2715 27 1317 363 1481 1755 209 858 1275 625 654 1506 139 805 478 679
000328.jpg,1076 2305 1935 2041 1547 2068 79 2511 1639 722 1067 2393 2382 948 2813 2665 1464 2294 1937 2286 1452 2135 686 1944 165 1463 1606 1055 2248 1777 2766 1126 1185 140 974 137 2580 491 2427 2558 2258 217 2319 677 2842 1725 350 2598 1212 1134 1592 2741 116 444 2736 329 246 1868 368 204 271 2825 1408 2292 2440 804 725 97 2051 2436 1223 494 1940 2569 1330 692 682 1899 12 146 2506 2708 1439 619 1942 2617 2728 1986 2435 2207 2438 2712 274 521 447 657 1130 255 2037 2499
000329.jpg,1980 2315 2702 2499 767 2757 1839 277 1390 2772 2302 1753 368 1165 1759 2015 2685 1125 1725 1252 431 315 2294 2818 2777 70 722 951 2561 1834 2510 18 1439 1452 2665 12 2622 140 1035 1055 2741 2440 526 191 1721 2051 271 1842 1557 1940 444 2445 531 598 1408 1868 2663 1473 2 2427 1942 2041 2068 2478 274 165 725 1876 521 601 2054 2728 677 1579 2077 864 2644 508 1067 67 395 2580 646 79 994 116 461 1944 482 1186 2617 1555 1606 269 2766 2238 2598 1076 9 1027
000330.jpg,1316 2713 2272 64 2433 201 1496 2556 1569 1965 2721 747 1490 1640 1453 1422 2815 2241 2309 439 1636 2352 260 1860 51 2650 2088 1658 1218 155 2376 48 659 1381 100 1552 715 2289 1586 497 1901 2628 992 1752 784 562 1123 197 1897 1993 194 231 2826 712 559 2007 1416 1840 305 2454 1096 2439 168 2840 563 1362 486 1045 445 2011 2046 2836 1051 1444 1878 433 735 1948 1782 1046 2545 1649 2337 950 1617 1261 1544 440 900 1148 674 2755 134 1054 1848 2069 2817 2133 2538 169
000331.jpg,2817 1656 817 1644 1319 2528 1934 1407 2411 611 547 188 1624 1926 1386 2082 987 2790 2300 2270 197 556 626 2574 2501 1983 2545 1489 1796 2045 1545 1102 2454 1569 463 992 85 64 2375 48 2023 1710 635 221 312 2034 1658 26 712 715 860 59 51 1092 1381 1552 1584 2721 2044 1405 1870 2367 1752 100 1993 659 1328 4 1417 1617 1640 348 925 1444 2832 433 445 2840 943 1679 1218 2836 1782 2424 1369 2515 2439 2755 2714 2046 2200 497 1045 2389 1586 1701 1799 1146 2650 2241
000332.jpg,2309 1453 201 747 1316 1490 2713 1901 1569 100 2433 2272 659 1965 1640 260 2721 2376 64 1860 563 2241 1123 51 2815 2826 1496 168 2556 155 559 1636 735 48 1658 2088 1148 715 1307 439 1840 2650 1045 562 674 900 1381 784 906 2545 440 231 1796 2050 1586 712 497 197 2628 992 1552 978 1422 1218 2034 1046 2007 1486 1051 305 134 1752 486 2840 1878 2454 1054 2337 2836 2289 445 1782 2133 2732 2439 2130 1437 1096 645 550 1848 1416 1649 2076 1158 2069 1428 2011 2046 259
000333.jpg,98 196 1226 2210 2086 1170 1911 281 796 1423 1477 2691 1222 1882 738 2623 15 2677 2734 2391 776 909 1066 2361 285 2278 276 353 1318 224 2410 2823 2001 763 781 729 560 413 1162 272 905 396 636 384 2042 2671 1819 2214 1957 2101 1344 2729 1420 701 808 2520 1113 1835 2362 1536 1255 1038 265 2225 2807 831 1651 982 2599 2824 1232 582 1600 2798 1221 809 2416 851 2483 2168 1173 1578 308 381 327 2107 839 1400 347 1351 1688 2762 2260 2380 640 1322 1657 1864 812 910
000334.jpg,2501 188 1934 85 2044 1993 2046 1552 2088 992 1422 2631 611 1656 2411 197 1319 2397 260 987 2817 1102 2574 2082 606 2133 1029 2528 2515 134 486 433 2439 2270 784 2837 463 1190 817 312 1788 1644 563 51 1983 2312 2011 2375 833 2650 1926 556 1624 1381 622 2606 2241 169 911 1218 1878 2289 2676 1617 155 1640 1405 1386 2790 219 497 305 2832 2724 445 2836 1202 1544 1468 635 178 1092 2337 74 2424 1586 2358 1658 900 2007 675 1151 1428 518 769 2840 860 4 1046 2713
000335.jpg,2171 2216 2043 2816 2666 2810 1891 650 807 1260 759 1703 2346 2643 1227 468 1153 2160 2841 1916 1723 411 2079 1188 1288 6 924 1858 1363 189 5 335 1610 2401 1797 2060 621 1953 2612 1605 2313 1702 922 2705 2230 476 1326 1364 1603 1217 475 419 1632 375 1560 171 20 1221 285 2751 2351 2153 1214 1515 1927 1177 1315 844 96 1397 2502 107 752 620 388 1995 669 42 1844 1865 2128 1199 1032 181 1284 2768 2620 22 762 2554 2414 2831 856 565 1487 1139 1296 1061 956 510
000336.jpg,942 2600 2085 1739 2543 966 1705 54 542 1853 2664 1017 1384 2458 1893 1331 1614 1031 50 2369 2341 355 1000 392 1565 710 360 1695 1370 1681 487 1131 571 2660 519 660 164 2446 1673 2259 921 1784 94 99 1065 515 908 1495 813 1243 156 253 694 2195 2782 44 984 2420 1554 1119 2318 248 1424 2108 1252 1499 1770 1867 2390 2147 791 492 2392 1287 1992 1455 2257 2357 566 191 1396 2026 1200 1387 2577 2668 1722 2015 2696 1479 1579 1585 2451 2559 60 208 631 2722 434 1239
000337.jpg,543 1882 98 2443 117 2359 546 1641 1973 2691 796 2132 776 265 781 281 1219 474 2474 2494 1884 2086 980 413 353 423 2118 2677 298 1007 1426 1285 327 907 640 1198 1423 1144 1371 1536 244 1221 285 1357 1570 1184 1263 1700 1616 531 1015 2115 1591 2656 646 2421 582 2577 854 973 39 375 275 1610 1113 104 477 1976 1519 372 2210 481 1035 84 790 1462 1922 962 2623 2288 2688 23 2761 1501 2263 2497 2644 2464 1230 2149 351 156 1318 1272 2791 1871 2247 2561 38 224
000338.jpg,1545 1407 4 2389 626 1146 1926 1644 2082 2790 1624 2270 59 817 2528 1752 1737 312 2817 1102 1934 826 2411 2300 1656 2367 613 283 1799 1405 2832 1202 221 2439 1544 2501 305 611 2069 1319 635 1328 1640 547 51 987 1878 2045 715 2837 197 1983 860 188 1796 2574 1993 1552 1569 2544 1489 562 943 556 1381 445 947 2721 1386 2023 2545 1584 2312 2034 463 169 259 2515 900 1486 2714 992 2433 1092 2200 74 2044 85 1316 2011 2755 1444 712 2424 2840 266 1261 2826 2397 2477
000339.jpg,70 1834 1842 1759 18 1125 2757 2561 1753 2777 2772 2510 2478 601 2015 431 951 2077 2 1035 2663 1839 1390 1252 2818 2622 315 2644 1557 522 990 502 962 767 395 1908 297 284 65 931 2624 1323 1801 1833 1938 1443 277 1798 103 1767 2149 529 1186 1235 2504 1114 2315 2667 1340 702 2302 2323 1512 848 688 250 2601 1230 2656 2686 1391 2388 1107 126 2496 1821 578 1747 2471 1165 1310 1845 1975 1257 1418 1357 1830 1720 2702 1394 1413 789 1162 1065 684 101 369 461 2276 2277
000340.jpg,1316 2272 497 747 1569 1586 1218 2721 2815 1416 64 1993 2713 439 2556 659 715 1381 1496 2433 1658 1261 100 51 712 1552 1096 1617 260 2241 2628 1640 201 2545 1422 1965 1860 2767 1051 2352 1679 992 1544 1649 2439 563 2023 1444 2454 169 2650 2046 1490 1054 2309 194 1663 1045 1796 2707 2034 2837 1948 1328 48 1623 1148 1901 978 2755 2133 611 1362 305 2088 559 900 231 2836 2817 562 1307 1782 2826 2376 1319 1123 258 1878 2840 674 155 1897 2289 2045 1584 445 1486 168 1840
000341.jpg,2707 1444 169 1544 1054 2628 2837 1649 1663 2836 1623 1679 2439 1381 947 2767 1782 1586 1218 1658 51 497 1261 1640 440 1328 2352 1840 2241 2272 194 1617 1993 1045 155 1775 2840 445 1422 712 2815 1552 305 674 992 1897 735 1051 1316 1416 64 900 1307 1362 1123 1029 2133 134 906 2011 1965 1208 645 2076 2046 1486 559 1253 2713 2732 1948 1569 74 1096 2088 2433 260 2735 1636 2312 904 860 965 1468 1437 950 2721 1878 747 201 563 2411 978 2650 1799 1752 2556 439 2270 2389
000342.jpg,348 2649 2050 2130 1369 2769 179 925 550 712 2454 26 1870 1045 735 2714 2840 197 1983 1552 1569 480 2545 2574 64 623 168 2241 2034 260 2200 2375 2817 1092 100 1640 715 463 2424 992 48 445 1934 439 2023 2721 2289 1328 900 1656 1486 1617 817 2650 559 1710 747 1453 563 1386 2010 1878 433 1051 906 51 645 659 1895 59 1172 2501 2538 1490 1319 2732 2133 1584 2376 1796 524 2084 2082 173 497 674 2419 1901 134 259 1624 1151 1307 2433 547 2309 2515 489 833 965
000343.jpg,922 1487 924 1471 443 586 1082 1865 2043 953 37 1308 2841 1006 1763 2810 187 115 1232 1995 2346 1891 1916 475 2360 2171 2159 1090 2249 2021 569 2234 1404 1310 468 2540 122 1821 8 325 2326 121 2093 2179 1284 1808 1533 1478 1723 2641 1107 1748 2535 393 564 2090 1155 2605 1186 2314 1720 909 1671 1391 1027 2024 2756 297 2388 401 1975 1296 1459 1100 1986 754 1340 38 1028 1560 1588 1254 820 65 375 1626 2754 684 250 1688 1061 1858 835 1413 1132 1882 184 1488 1426 1687
000344.jpg,2672 2460 557 1196 2363 2298 1947 1776 77 2581 879 366 797 2710 1193 1191 2412 1792 1575 976 226 1440 1877 704 706 2321 885 2127 859 656 2739 2590 1862 2187 1457 228 2189 697 720 133 1278 2184 1664 583 263 801 46 2185 2456 1724 1081 1939 2468 2198 1982 82 267 2332 2174 588 1684 1229 299 577 130 1542 1964 1497 143 2694 1350 2215 1238 1494 2356 1930 287 493 2327 1675 349 1660 1735 857 2662 2659 170 1925 2266 880 2206 294 1122 1615 470 2838 663 1446 2588 842
000345.jpg,1944 1055 725 2766 2580 165 2741 2558 2294 1463 1874 1212 137 1223 2728 494 2248 2135 1452 2825 1777 2813 1606 2207 686 1825 2057 1899 2286 1986 140 1937 1076 2291 146 1935 1940 2041 1185 899 447 1464 574 1639 2435 1547 2511 1067 2393 2382 1868 2319 204 722 2708 948 2305 2068 2842 116 1725 677 2665 2736 2436 682 2598 804 2719 246 79 692 647 1134 974 2258 2292 329 1126 444 1841 2438 657 362 97 368 2639 1886 1478 2051 1439 1130 67 1733 1757 1075 491 1558 2683 482
000346.jpg,143 2529 1440 718 386 2298 1684 2185 2363 1122 557 1925 1366 2517 1694 697 1982 2460 1735 687 2584 1807 1129 879 2731 1411 787 641 46 1514 30 264 1196 1549 1445 2844 969 2524 2771 299 958 1619 1191 273 2215 991 1295 867 1373 2590 2139 1629 2271 1816 2104 795 1355 414 1009 2710 1862 226 638 1497 2541 2092 1814 1589 1446 1480 2739 2127 667 837 706 1238 1494 2740 2797 1264 2412 797 267 810 2672 1776 2455 130 2833 2371 2616 2703 2484 2385 2466 1524 842 1660 1291 2321
000347.jpg,2185 2584 1411 1694 2139 2298 1982 2833 299 1446 879 1684 557 1009 267 46 264 1129 234 1294 1238 2460 1619 349 837 2363 1366 2484 2616 1291 1440 2529 2412 1514 2092 1360 1925 143 2215 1445 226 2844 1122 2213 352 846 537 2100 1520 697 2455 1572 642 1622 2371 1735 1862 1828 2710 2635 2138 1964 1815 2731 1615 795 1571 2063 787 2481 2158 1776 1278 685 913 2269 1660 1837 1480 1629 912 1814 1539 2266 600 1264 969 2486 1549 958 223 1159 2385 2797 2834 2835 1939 718 273 2672
000348.jpg,2424 2515 2840 992 675 2084 2082 197 606 134 2574 2753 626 1656 445 1752 2270 1146 1253 1993 1202 259 900 2817 489 1319 2046 1878 2367 1983 178 1710 1552 1586 623 645 4 1545 1190 911 1897 2724 950 611 497 2200 1386 1046 2439 1679 1123 1623 1737 1444 833 817 674 1627 169 74 1414 188 173 1316 1148 769 559 1029 2011 978 1362 2735 319 2676 547 1092 970 1775 659 1544 770 1486 1218 2836 622 2389 2480 1617 2241 987 2837 59 735 2289 2606 1658 712 433 826 1158
000349.jpg,119 2021 2756 754 2320 1231 757 2149 1296 1478 1383 1149 2323 80 1597 962 1798 1728 426 2178 1427 304 2277 589 2024 2638 1265 2784 1558 2644 240 1394 898 24 1334 2656 2504 529 251 2615 101 1353 1333 1448 2143 634 2546 2533 1883 789 213 1533 1971 714 2408 2066 485 572 2409 2381 1257 2022 1928 1312 2673 2054 395 1984 1166 1213 135 2113 967 545 1804 658 1230 29 232 364 424 1801 184 727 1207 1689 1357 2430 2040 695 1900 1513 2472 19 707 646 558 2737 286 436
000350.jpg,2381 436 101 2040 215 989 364 251 1900 803 572 374 737 2504 1357 1106 1559 1818 1230 1257 581 1798 1786 341 2149 1394 1451 2114 926 1427 1971 395 2759 2579 962 2546 1361 2644 1951 564 766 545 2409 1353 1213 646 1883 328 2238 2066 1166 2656 293 529 39 589 1306 2540 789 1558 2288 304 727 1115 1180 2787 2113 1389 2021 898 1928 2178 714 1137 1683 658 2242 2756 2277 1785 1693 2323 2281 695 2784 824 1801 1334 2000 76 1228 240 2547 1561 2561 485 2497 1175 2086 2054
000351.jpg,557 2363 1684 2460 143 879 2298 2529 1440 1816 1982 2524 1619 1366 969 2104 1925 1480 273 46 2185 1735 2517 2139 1122 718 2584 30 2215 2138 1411 697 2412 264 1009 797 299 2633 349 2590 1129 2833 2092 1360 1539 1660 641 2541 1514 226 2484 234 2213 2455 638 958 1862 1694 352 1446 2175 386 1191 2710 1264 1294 1776 414 1445 2844 837 1814 667 2797 912 2731 687 787 2371 130 2635 2127 2158 1863 1572 2834 1242 867 1196 961 1238 267 2607 1497 2266 2481 1457 1355 656 223
000352.jpg,188 611 1319 1552 2817 2574 2045 2082 1407 1983 197 1934 817 1796 992 860 1656 463 312 547 2397 2528 1102 2411 2023 2270 2755 626 1489 2545 1926 2046 987 85 4 74 1644 900 556 2419 2790 1993 606 659 1417 1386 1428 1701 2544 2832 1624 2501 2375 1208 1584 1046 1545 26 712 1029 1151 715 2515 2454 2676 1405 2300 433 1895 2439 2837 2272 258 2424 2358 134 1486 1799 1381 1617 2670 2007 1544 2034 559 1878 2721 221 219 169 911 2564 833 1218 747 1569 1444 445 1422 1146
000353.jpg,446 1237 1981 2049 530 2609 1567 2613 1518 607 1017 631 2596 1800 288 1290 1301 1604 2392 2093 451 2682 1879 2282 1871 1645 257 2843 1516 1058 1578 2796 1909 2140 2793 2310 875 1138 2636 579 554 311 416 1470 2416 2328 2064 2349 1808 921 1731 1007 2042 1211 1894 1613 394 1179 639 492 887 2786 487 1688 118 868 1729 2009 975 2274 7 1977 664 942 187 11 1721 2090 2357 870 1210 945 883 528 1888 2668 2459 808 2304 25 2491 1053 1853 243 121 569 2085 1651 1579 1742
000354.jpg,1782 2836 1444 1381 169 1544 1328 712 1623 1679 1658 2837 51 1663 1218 2439 1640 1054 1649 1261 1437 947 559 1486 900 2628 1489 2707 860 2545 2241 674 1569 1307 305 1617 1045 2034 1586 715 100 1552 445 2826 1417 497 978 1051 440 1710 735 2721 2272 1701 197 2840 2767 1046 64 1316 817 2082 1208 1934 2574 1840 1796 260 1878 2790 2528 2433 562 992 134 312 1416 2419 611 2713 563 1624 74 26 1926 2352 2358 2076 1644 925 1422 2011 2411 2652 2832 2817 1993 2397 659 2007
000355.jpg,1525 1083 2572 582 6 2386 546 1882 1371 2263 1536 1084 1113 1726 45 2464 2678 1659 2623 196 732 1221 2474 1198 40 1280 106 285 1768 2688 941 636 851 1064 1205 2056 1318 2761 84 829 2247 2522 762 1596 1591 956 2048 776 474 1183 2210 181 353 1661 2030 1462 1251 1802 481 2807 2498 2324 2699 327 2278 971 482 298 1347 1687 2493 2115 2168 265 669 1364 2720 661 2203 1482 2691 2725 212 2359 2448 2643 1973 973 1702 407 1960 2677 1515 1336 620 549 539 2726 398 1380
000356.jpg,843 648 1133 1516 538 1424 535 338 410 773 1894 94 187 605 2763 424 1634 2087 1131 1309 248 257 365 678 2519 610 519 811 1517 1142 1040 1454 2243 2196 1466 1722 855 1546 2102 870 1068 717 1867 2788 434 1527 1992 2159 821 2251 435 937 917 1498 730 2377 2830 1007 19 336 749 541 1850 1028 2733 392 1243 1075 2033 462 902 2697 1966 2744 693 2680 1251 2341 2746 2224 1609 736 1467 1020 1714 2299 1690 2331 1626 2005 2615 105 2560 1110 1379 2234 2684 1871 1419 920
000357.jpg,1705 2600 1681 2085 942 487 1739 1853 1000 2543 1893 1695 2664 966 2026 54 1614 50 1384 542 337 566 1331 360 1770 2259 528 512 710 2618 2782 2458 2559 660 1673 2369 492 579 1742 1241 2042 289 1154 1769 2723 791 1508 2108 114 1784 292 1888 1579 975 2808 2469 2304 151 631 1396 1528 25 731 2126 2570 2459 607 1211 1370 2097 21 1266 1920 1017 2668 2577 2793 1518 1585 156 2722 923 893 1565 1890 2423 1290 500 164 2392 9 2335 1271 2596 1053 945 2795 355 1031 554
000358.jpg,1335 633 503 1704 2028 580 532 159 326 2557 2062 1097 31 1293 1297 2534 1532 671 2592 1143 28 1635 972 1956 238 1026 2479 1680 27 2250 245 2316 390 734 1118 2052 1262 2370 1967 711 1787 1008 2715 1117 2228 2017 1917 1472 655 1339 705 455 2193 1822 696 1187 2232 1972 1921 1011 408 721 587 1715 1141 1648 1111 2406 49 968 1037 1568 1376 1756 1780 654 1755 1438 1505 772 200 1127 1662 331 1124 356 449 354 1317 2402 125 113 2099 2396 1912 1647 261 1050 1708 152
000359.jpg,1125 1842 1753 2777 18 70 1834 2772 2478 2077 2561 1759 951 2757 2663 2015 601 2 2510 1252 2818 1035 431 1839 502 990 315 2644 1390 522 65 2622 297 103 1323 1908 767 395 962 284 529 2149 1186 2504 2624 1801 1557 277 931 1798 250 2302 1235 578 1512 2388 2323 2315 1785 369 848 1114 1213 2066 1975 1391 1333 1821 1413 2784 1165 2667 1257 101 2656 2601 1340 702 1720 2113 684 126 2471 789 2022 304 1394 1833 2178 1767 1845 240 1427 1443 1830 2277 2314 1938 2546 688
000360.jpg,573 642 1618 1540 1571 17 2269 961 537 846 577 195 600 1341 2266 1607 1258 2340 2399 2372 2738 166 1446 317 1698 1939 2223 616 2138 1294 2100 352 1812 1349 2255 1360 665 1837 1201 1994 527 1520 2635 2648 1409 1630 2298 2710 160 2481 46 180 127 969 1684 912 1828 226 795 1982 147 307 1181 2486 124 1 237 2614 2619 1278 1964 591 2576 1445 2595 892 1270 2131 1622 414 1338 2226 2371 667 1421 2412 1539 2801 1009 891 1564 1629 2781 2189 2253 203 1078 651 741 2530
000361.jpg,1752 1102 2270 547 221 2790 2389 817 312 2082 987 1926 1545 2367 1656 2817 1934 1624 4 1407 2832 85 2424 2300 1316 611 1386 1319 1146 197 2501 556 635 626 2556 2840 1202 2411 943 445 2069 2289 1405 2528 2454 1422 2650 259 59 440 2439 900 1636 1552 2375 645 155 950 1983 433 1569 1544 1644 1051 1840 518 735 2044 2836 2011 2515 2241 231 613 2574 1878 1092 2721 51 2837 2133 463 1796 283 1489 188 1782 992 715 2544 2433 1640 2545 2714 1649 2628 260 2397 2088 1307
000362.jpg,2644 395 1162 962 529 461 2323 1394 2400 1230 1801 1427 413 658 2277 1839 136 789 1666 1035 1484 1798 1902 1976 1027 224 2779 1954 1674 1334 646 1225 589 2003 240 1700 1817 545 2540 2325 110 854 1835 1115 1654 2546 1150 1683 1501 278 1984 2154 2149 2561 485 351 2472 944 2497 2409 1213 128 479 251 1257 1173 1711 121 738 1389 2589 2381 374 1306 198 1312 727 1971 2762 2504 2542 2054 1250 15 304 915 2599 2410 1513 2066 1881 1786 1582 572 1222 409 1951 569 477 2475
000363.jpg,1871 1007 2613 406 1138 1800 1779 1385 2763 1645 1707 1731 773 2145 1992 1894 742 11 2102 1721 257 410 1516 1876 1969 288 1511 811 664 1325 519 2757 1986 1526 2516 1725 2392 870 365 535 444 1406 878 1165 1241 2377 2110 1759 544 1527 2302 531 605 434 2809 253 1442 1237 883 1243 681 554 446 368 694 2596 289 1390 1850 1518 416 1053 881 1553 202 627 751 199 1940 2788 680 112 2294 187 1017 336 1783 375 631 2299 249 1784 2746 2667 1012 1567 1733 733 2095 1430
000364.jpg,802 142 1492 555 2217 429 2415 2078 2029 868 554 1890 1256 1033 878 886 2743 2668 427 62 332 1686 417 176 1699 597 1398 743 2423 78 1562 1793 1888 302 1431 361 1588 21 2568 2108 340 681 901 36 2451 2267 979 2786 2227 289 1599 1430 2384 1053 1132 292 1393 2074 199 1553 707 1236 2380 536 923 1418 1065 2117 2304 2729 1668 1374 569 893 1849 866 2354 2520 2047 121 370 2671 193 1038 571 733 73 2602 988 380 44 191 672 437 1189 2828 1886 1719 2320 680
000365.jpg,2045 2755 2023 1552 1584 463 2545 1029 2837 74 1407 1895 2676 2034 197 1870 860 1489 2574 26 2482 735 606 1796 2454 747 2272 169 1544 712 2397 258 1701 1983 1051 1934 1328 433 1782 2501 2439 2753 1218 1569 2735 2628 2836 1045 51 2289 1151 2767 1417 1640 497 1586 2044 1663 1644 440 188 1261 2817 1320 2650 906 611 1486 1649 2840 770 1369 675 2515 947 260 305 2732 674 2375 2419 2528 312 1878 900 817 4 59 2082 1381 2411 2133 925 1799 1319 2724 445 2010 833 161
000366.jpg,1316 1569 2272 747 1416 2650 2721 2556 2713 1096 715 100 2433 1496 1261 1490 439 497 1901 1218 2309 201 231 1965 1123 1552 1640 2352 1860 1948 2011 1422 64 659 1993 1586 1453 1362 563 260 645 2815 2289 1148 559 1307 1636 1544 2826 2439 51 2837 2241 1878 134 169 906 1444 1381 674 2133 992 445 712 194 2628 2376 2454 2088 2545 48 168 1897 784 562 2732 1051 305 2707 611 197 1752 1623 978 155 1486 2767 1663 1046 900 1658 2046 221 1617 1208 1679 1649 2840 1158 2836
000367.jpg,1804 1719 16 328 789 1447 2238 983 240 967 1176 695 2579 1898 1178 614 2759 2190 1672 766 132 2784 589 483 824 44 2072 1728 2547 1207 658 2288 1996 1743 898 2785 757 1469 834 727 2054 1558 2202 2504 754 60 1693 2745 1483 2277 1476 596 1137 2317 714 1513 1561 2546 2242 2281 2409 230 1087 1091 576 1300 2024 2381 1801 88 95 2644 1361 1394 1971 2523 1304 39 1449 1790 1353 1593 2149 341 803 251 1836 395 777 1427 2827 2437 304 1451 2540 1093 1389 584 1631 1683
000368.jpg,2064 2282 7 975 2843 2416 631 530 1237 446 2793 1742 1017 921 1909 1301 2049 2093 1613 451 607 1518 1290 288 875 1058 2596 2140 1370 1604 2796 2349 1567 2609 2304 662 311 1271 1808 1981 243 1211 1100 1105 337 1384 151 1879 1729 487 394 942 2658 825 2392 1210 301 2519 966 2310 2274 2792 1404 2613 923 1688 887 1142 2163 513 118 1906 1516 355 1705 2600 1681 579 453 571 2085 401 2682 1396 434 1800 2251 1850 2636 855 25 1739 2196 528 1871 1209 2005 1853 257 928
000369.jpg,757 754 1728 545 2178 304 2277 2756 1231 328 135 558 1394 2320 2784 1804 1533 2504 967 2638 1149 2066 240 2644 2021 2323 1427 213 101 766 2238 2024 1801 1597 1971 789 2546 184 1296 1213 962 1478 1383 2113 1898 80 426 898 589 529 2579 119 1558 1883 1353 658 1448 1719 2149 395 2472 695 2759 2413 1207 2381 1333 572 2022 1257 1798 2295 251 1513 1087 483 232 2533 983 1900 1161 2242 1228 1176 29 2072 1785 1689 286 1300 2673 2540 2040 1334 1683 729 2615 1106 714 1265
000370.jpg,2045 2482 1552 74 1029 2676 2755 2574 463 2023 2545 1895 2034 1151 2753 197 1584 606 497 1407 219 2735 1983 2010 26 1586 1796 992 2397 1644 2817 1253 911 1362 259 2419 178 712 833 2528 1870 2564 1489 2724 2454 1897 2544 1934 2501 626 2840 1878 675 2082 2837 2287 860 312 51 168 1045 173 2272 2035 1208 1486 59 1369 188 817 445 906 2439 1046 1701 2732 1627 2670 1328 1261 674 2046 1092 1158 4 659 770 1640 900 1569 1624 559 2832 1544 769 2411 109 1218 1993 489
000371.jpg,338 1526 2516 336 1131 730 1466 2788 248 1243 1670 2746 605 2549 937 1379 1969 1424 673 1511 2830 1455 1442 1309 2151 1325 365 749 1005 648 593 1133 1634 538 2364 2560 253 1779 2290 1094 1498 678 2243 1992 1794 94 112 1020 1581 519 717 1040 568 1068 610 2341 392 2730 1385 1311 2377 434 2251 544 709 1707 1850 881 1966 1732 2680 1783 742 870 1079 2102 435 1142 1573 843 811 2446 2275 2219 2087 855 773 821 1936 1073 2519 2145 1387 410 2763 2302 2005 1557 535 800
000372.jpg,176 1033 2668 2539 1562 2786 979 1065 554 2640 2743 1588 2227 2798 569 2839 1132 2629 1890 571 2682 332 1888 2042 1256 2808 868 897 1266 2108 729 36 988 536 1337 597 1070 1393 429 1429 2031 2451 193 1431 199 1686 2090 873 555 21 886 121 340 432 1179 1398 289 680 1952 2029 2384 142 2426 2729 1492 733 1145 639 866 1729 417 2423 2335 964 802 2120 2083 2570 1162 1023 1651 2078 1578 1176 983 1245 2437 681 1249 62 1418 1053 78 1329 1399 2221 703 2647 355 1770
000373.jpg,2439 1544 712 1045 1623 169 1679 51 2837 1444 1782 1381 2836 1617 1658 1328 260 1640 2241 735 305 1486 1218 1993 440 1663 1840 900 2515 563 1369 2082 2130 2133 2840 1261 1552 179 925 1208 2088 947 906 497 2574 1307 550 559 1656 659 155 2050 1437 992 26 2826 1934 312 74 1586 1878 674 978 2454 2397 1046 1422 2628 1054 134 987 1983 911 562 1489 2046 2424 1151 2790 2528 197 2707 259 2419 2832 1796 2358 2817 4 1405 2411 445 860 2034 1148 2606 2545 2767 1092 489
000374.jpg,537 1994 1409 472 2100 1837 1618 1540 307 1571 2063 2486 616 2781 996 2530 642 2253 573 2385 2338 195 1698 2138 1520 2223 2371 1095 124 352 203 1812 17 846 1607 237 1025 2131 1181 345 2372 1129 2255 1341 1491 317 1101 527 1622 1201 2484 1 2412 166 2075 2834 90 551 262 577 403 1338 600 2738 2205 1360 2139 2811 2473 1630 1803 2833 1071 1446 2399 961 1258 234 1278 2616 685 665 1159 1572 1828 1564 2614 1059 147 1509 2092 2801 1069 591 2727 888 2266 1167 1660 716
000375.jpg,1008 331 1293 655 1912 159 1097 2062 580 654 113 1781 478 1921 471 936 1026 2407 1635 726 1395 1438 1787 326 2465 2505 1317 2611 2715 390 430 1972 1715 2406 643 1037 1220 1140 1124 2402 1011 1941 2164 525 31 1297 1500 1662 1756 1875 1967 1505 2316 1647 999 346 455 49 721 2301 2061 131 449 1706 1568 2017 1730 2467 1822 1262 625 464 245 858 1932 1281 456 2311 1475 1503 268 1648 786 33 1143 2398 1024 2232 2236 1378 1843 402 2765 758 1755 108 1506 1335 2557 2053
000376.jpg,2401 2612 1013 2160 1315 1336 42 2079 2153 2554 1364 411 122 96 1632 1927 894 1456 1284 762 1188 6 1108 419 1064 1661 586 1177 335 37 1286 2326 2571 2831 1227 2278 1467 1251 1104 217 736 2705 2476 187 106 1610 2060 2386 2162 448 1907 2313 189 1488 171 2521 2425 856 510 1032 1889 1671 1318 851 2179 2591 953 1669 2604 1960 2498 1082 2427 1308 1515 596 759 468 2726 1738 1891 2159 506 45 1560 1471 1502 2111 924 1844 1536 2522 1797 1232 476 621 205 2795 2404 2234
000377.jpg,2777 1753 1125 2772 2478 2077 1834 18 70 1842 2015 1759 951 1252 2757 2561 2818 2663 2510 315 2 1035 601 767 1839 431 2302 990 1323 2644 1165 103 297 277 502 1186 1390 962 369 2315 2622 1801 1557 2624 522 1235 395 2702 1443 529 1391 65 1798 2323 126 1833 931 1908 191 578 1394 2149 1340 284 2314 688 1460 1938 1767 1980 2457 1413 1845 2496 1230 2601 2000 2656 2277 5 1512 1418 2504 1065 1114 2128 2388 1989 1213 2667 848 1905 2686 2113 702 1357 2066 2471 2532 250
000378.jpg,1558 1394 658 898 589 727 1087 714 304 2149 1333 1166 2504 545 1207 2178 2644 101 1928 962 251 395 1801 485 1137 2546 1228 1798 2277 1213 2409 529 2113 2072 2022 2323 2656 1257 1427 182 2066 789 572 614 940 2737 1175 2054 1785 2497 2784 2112 757 240 2242 1298 374 63 1161 75 1115 1162 1230 1951 1389 1306 1513 695 1839 1027 308 1786 949 2040 1361 1478 293 853 1971 2107 426 754 1451 1434 2238 198 2759 1106 1334 1597 766 2540 691 1683 2024 1035 1004 1693 1357 824
000379.jpg,2591 2160 2841 2056 2386 1336 732 333 2230 45 609 1364 5 2079 2182 844 1013 1458 309 6 2464 1251 1882 924 785 335 861 2567 2608 236 620 1515 1726 762 2571 2725 1064 2620 1605 856 300 1907 1217 1315 2263 398 2678 1198 2401 1083 2641 1693 1269 214 1889 949 1891 2502 851 1487 2737 2612 2522 1703 1199 1288 1797 2118 546 582 940 2111 96 106 2457 1856 1093 2476 1768 2503 181 462 2498 2404 1139 2780 308 189 424 1632 407 1610 980 183 2348 957 2656 187 1867 621
000380.jpg,1149 2320 29 2533 589 754 286 1361 2172 1451 757 2673 2024 80 119 1296 2054 1728 727 426 2323 1383 2021 2756 707 1231 1394 1798 2277 1306 572 1106 962 2644 1984 967 2149 658 1533 558 1478 1804 1597 802 184 1334 1175 529 142 1312 1559 1801 485 2472 395 1492 213 135 1849 2354 1971 1207 1719 2638 2408 1230 293 1951 1558 898 1448 1427 1689 789 564 2759 714 2413 646 2078 240 2000 2615 2656 2409 2178 218 1357 424 304 1236 2288 2504 2072 39 545 1786 1529 2381 989
000381.jpg,2381 101 2040 803 374 581 251 1818 436 926 989 364 564 215 1357 1900 737 2114 395 2759 1257 2504 341 572 1786 1106 2644 1394 1559 1971 1180 2546 2579 2149 2409 39 2288 529 1166 1451 1230 962 2656 1801 1427 646 328 1137 1928 76 766 2540 1798 2238 1115 2787 2277 293 545 1951 1683 230 2281 1883 789 1213 2021 1353 1361 824 2547 2242 1785 1693 1558 2066 2000 576 465 1306 2756 714 1561 589 695 304 1091 812 1254 1389 2113 898 727 1228 2323 2561 2178 2699 2542 1300
000382.jpg,46 2529 969 264 1694 143 1629 1925 837 2776 1122 1549 1619 2271 2595 1807 2340 787 1446 2844 299 1238 1 1009 810 1366 1291 2797 2616 2158 2710 147 71 577 1622 697 386 1524 1445 667 1735 892 2731 1520 2481 958 1440 30 1355 2385 414 2104 879 267 2185 718 2063 1982 1294 1295 2727 262 2484 2269 1514 2834 2092 2576 1509 1540 2100 2215 642 2298 2833 223 2371 638 1571 741 273 2584 2466 1684 1939 160 1572 1815 2635 349 1167 2189 1530 1814 2455 888 557 1589 2139 913
000383.jpg,70 1759 1842 18 1834 1125 2757 2777 2510 1753 2772 2561 431 951 2478 2015 2077 1035 601 2818 1252 2663 2 315 1839 2622 1390 767 1557 277 990 2644 502 522 284 65 2302 1323 2315 297 962 1908 395 1801 2149 2624 103 1165 1186 931 1833 1938 2388 1391 1340 1443 1512 2323 2702 369 2656 1767 1235 1418 1114 529 250 2496 1975 1075 1065 848 578 2601 2314 1798 2504 702 126 2667 688 1254 684 1413 2016 1845 2471 1310 2532 5 789 1107 1333 1720 1821 1830 379 2686 1448 2497
000384.jpg,653 1655 2173 1282 239 1831 2396 356 296 1568 1262 2280 408 139 2236 455 806 2142 2232 2794 1789 389 464 927 1039 2244 838 1011 1275 1706 125 209 290 1755 534 452 780 1274 822 1127 2025 2137 1475 418 89 1378 295 2429 2693 1813 501 129 1503 1929 1465 655 495 268 758 331 1062 31 1787 245 390 1875 504 2687 467 1281 484 1932 2806 788 1967 225 1635 241 654 53 324 2285 2316 2715 449 840 207 52 314 2053 49 326 1050 1481 2059 2062 2765 1781 1912 1662
000385.jpg,8 1671 1006 443 745 935 2562 957 1889 586 2464 1474 1090 1766 488 1447 2096 2449 2442 2249 325 2725 2317 761 1047 2535 724 2448 661 666 1483 1162 695 1057 1556 1178 1429 983 2016 2083 599 1596 2098 1449 2747 2539 1719 2798 376 1082 1621 132 1308 2333 2197 2404 924 744 1176 1469 2591 2190 2498 1321 1637 453 355 1891 2167 306 834 594 2188 43 2351 2446 461 393 729 897 1797 2700 509 2129 1098 2745 2537 1093 1638 2629 2831 2617 2546 614 536 1015 2720 974 36 148
000386.jpg,2790 312 817 1624 2389 2832 1926 2082 987 2411 2270 1752 2528 1102 547 1644 1934 2501 221 556 85 1319 2300 611 626 635 1407 4 1405 1656 2817 2837 1545 2439 1146 1386 51 2011 188 197 2088 1544 1552 1993 1202 2044 2133 2367 1878 59 1316 1782 445 1640 2836 169 1307 259 900 1422 563 2574 978 2556 2840 2397 943 305 1381 645 260 463 2714 1649 2826 134 2069 562 2650 1737 1569 2424 659 1051 2544 1983 283 1489 613 1328 1663 559 1046 1486 950 2433 155 2721 1045 2631
000387.jpg,1797 6 732 2168 2278 285 2720 762 1702 1596 1083 181 620 2643 2261 661 2160 2725 636 582 45 2498 546 1221 1882 1536 1726 2464 42 669 476 2448 1336 2688 1318 752 2079 1315 759 2678 2056 2571 2807 2188 2194 419 2111 2522 387 2386 2503 2591 844 2831 644 2060 5 1013 957 609 1260 2554 1889 482 236 1227 1251 189 1188 1858 1488 1032 2351 1907 894 1364 1064 621 196 1856 1768 2562 2608 171 2476 1927 956 2153 1846 829 300 1632 2474 1602 851 1802 23 2823 1693 1891
000388.jpg,28 1335 1097 1293 633 159 1143 1730 1822 2557 2062 580 238 326 1912 152 1563 313 1111 125 503 2193 505 2715 711 2365 2552 1787 1635 2479 2534 1008 2806 1827 1715 1532 390 2228 2250 1741 2119 2592 2028 245 1118 1708 1026 1339 2716 847 1929 1967 654 2687 31 2283 2406 671 734 1037 2301 1648 458 1662 587 1921 1756 1896 1003 2407 532 1187 430 705 1281 1297 2017 120 2674 1704 1275 1972 1680 1262 81 1317 655 1647 696 721 2819 628 1813 999 788 1875 455 484 525 1011
000389.jpg,284 1254 1107 903 1310 1908 2471 1512 702 835 768 848 65 1608 2601 2630 1830 502 931 2388 1340 1114 1821 2605 2754 1720 1845 990 250 2276 2624 297 578 818 103 590 2579 1235 2563 1832 1996 2033 357 688 1748 2297 917 1626 87 2780 902 1690 2684 126 1459 2347 328 2368 393 1014 1192 920 1391 1323 1277 1767 845 1919 187 2651 1186 1691 1169 2586 2159 2804 469 1413 2555 2073 2360 2166 993 1028 751 441 2383 1178 522 32 1372 2239 1975 2752 1259 2345 2242 2504 789 1517
000390.jpg,52 1787 1481 484 1662 2429 1465 61 207 2236 2669 418 2244 1475 225 390 2396 2059 467 2407 131 268 346 786 780 534 1635 464 430 2025 1967 999 192 1789 1378 1022 2821 295 1875 1275 1831 363 389 314 927 2465 2505 1706 290 501 2765 1756 2794 1317 1781 2806 108 2142 726 1008 245 758 1050 2634 129 806 628 53 241 1929 525 331 679 654 452 1568 456 1024 49 2053 2311 89 2687 625 2091 2301 696 858 455 840 1655 1339 1220 1262 252 1715 1923 1741 1039 113
000391.jpg,372 2677 1285 629 298 973 543 334 1697 1557 425 2001 546 796 1219 2443 2359 20 750 117 646 1501 1603 1390 2132 2014 907 281 1221 2691 191 136 413 1884 423 375 128 115 13 1073 915 2222 1061 820 1882 275 1537 1267 2622 1007 2494 1519 1902 2118 531 1973 582 944 1700 980 2124 1541 2757 1184 669 315 1654 640 1763 1272 1570 1165 2015 448 2577 1082 1462 1080 2818 1582 1426 2302 1759 1628 854 339 1090 2387 224 2161 1834 459 1015 1252 829 454 1380 1084 1387 1610
000392.jpg,2294 1055 1944 1076 2558 2825 1452 2207 2766 165 2305 2286 2728 2580 1935 725 1067 2135 1639 1825 1464 1777 1899 2435 140 1937 1212 2248 1463 1185 2382 2041 137 686 2813 1606 2258 2708 362 1841 204 146 2511 447 1874 1547 2736 2393 1056 2741 948 1868 682 2068 494 1223 1126 2842 1940 2438 804 899 79 116 329 246 722 677 1134 1986 2665 491 1743 1592 67 2183 2540 2436 695 1892 751 1836 2291 1725 2051 2827 2440 444 2598 940 274 2220 2073 271 1027 1408 1439 526 1087 1593
000393.jpg,1179 1977 2491 2682 1651 1583 998 2328 2792 639 1578 1791 1367 118 952 2252 778 2647 916 887 382 945 2778 928 1351 1657 1970 1579 2333 1920 227 1729 2097 1531 1344 841 2225 2824 114 190 1470 1854 748 615 2042 539 2729 35 492 1354 2711 1770 738 2459 1667 1154 1534 930 763 1493 919 517 1420 272 2488 914 9 1222 2575 2349 308 1162 560 1819 1957 2304 982 808 2107 1769 1484 579 567 703 875 723 1915 873 1368 923 1063 975 2334 2214 819 831 2462 2416 2793 1157
000394.jpg,13 2218 1272 2210 640 1436 851 323 106 2502 2152 1643 776 353 2726 84 1504 6 409 2162 2828 98 1744 807 5 196 1113 985 2324 2304 1661 923 1754 1219 372 910 1371 224 1625 1221 1605 2336 2474 2001 975 941 1579 781 2612 56 2520 347 2677 9 481 1478 182 1864 1342 796 2032 2149 413 40 528 1515 128 1226 639 672 1296 1769 1685 2793 2497 2647 285 1819 1063 676 2021 322 156 2325 222 1954 2656 1987 2042 820 1162 2003 940 1949 2081 1041 2421 1383 1402 956
000395.jpg,1317 2465 2505 363 936 1756 2611 402 1438 1395 1781 625 1967 390 1124 2236 108 1662 1037 679 2091 2053 1008 471 2765 1921 786 2402 1635 49 1378 643 1475 2407 1715 653 1972 268 858 1011 2017 654 467 1755 408 805 478 2301 484 1248 1435 331 1140 1843 1282 2429 1356 1875 1273 1024 2531 2794 1787 131 1127 2693 2285 655 2059 113 2061 1647 2698 464 758 53 1465 241 721 780 1831 1050 1706 216 239 534 1598 252 1018 1568 2164 782 430 806 1918 389 2244 1187 1505 927
000396.jpg,207 61 2025 131 268 495 2794 290 452 2396 225 858 2285 192 1481 1787 1465 241 1875 1662 2669 418 2531 53 1022 1781 1282 1127 1843 1024 52 2429 296 1378 2173 390 346 780 27 1612 2244 2565 2693 245 2765 113 1505 252 239 2164 2091 408 786 840 49 464 534 679 525 1706 2142 1635 1503 2311 806 2059 838 654 2821 467 139 653 1918 1475 625 2280 356 1506 1141 389 1780 1568 1967 1274 1220 936 108 1598 331 2467 2398 726 209 1039 314 805 1011 1050 1317 1532
000397.jpg,1481 52 2396 1787 418 207 2429 225 131 2244 268 534 61 484 389 1662 2059 1465 2025 501 452 780 1568 2669 806 1875 346 290 2173 239 1475 2794 758 455 1022 129 840 1262 2280 2634 1378 192 1062 2236 467 125 390 1781 1282 2232 1923 2821 245 2687 356 786 139 654 296 464 326 2164 2765 408 525 241 2017 927 1789 1755 1039 2715 1220 858 2142 1024 1929 1831 1635 1967 49 1127 1274 1813 2557 1706 314 31 495 653 1932 53 580 2311 1756 324 788 430 1275 2407
000398.jpg,406 1779 2145 1385 1992 2763 773 1138 1894 1645 2102 1871 1800 742 1731 519 11 2613 1707 1007 2377 1527 1325 535 1526 1969 605 2516 1511 870 1442 821 811 288 338 253 257 1850 648 2680 1721 1516 2310 1498 1466 763 678 410 1613 365 1040 730 1094 881 2392 94 336 2596 1966 800 248 301 1133 1068 1424 662 2219 739 2095 2196 1017 2251 2225 187 982 843 1546 709 2243 2788 446 1876 434 1729 1119 2101 2519 855 717 1714 2640 1237 1454 610 937 673 2697 1311 528 2559
000399.jpg,2204 392 2603 301 549 632 981 1633 58 862 2318 7 1247 1751 343 2593 276 3 1933 1245 825 874 2012 2264 212 615 1205 206 254 2487 2101 809 1600 66 871 1958 1642 1347 929 1548 2824 2718 2793 490 1128 1565 2485 1344 1352 60 765 381 652 2087 2195 2839 2691 2331 2157 2129 2416 2251 1763 1133 1200 151 1131 796 1049 2081 2405 14 791 1999 1271 355 243 1174 832 94 604 404 2334 2243 2030 1729 910 2640 1779 2453 35 839 1581 539 1351 1203 2560 954 1329 1521
000400.jpg,2825 1944 1056 447 2766 899 2207 1212 2135 2580 2728 2558 2294 165 1606 1055 204 137 1076 2708 1874 2736 1825 1463 725 2435 146 1935 1841 2842 1899 1452 2438 682 1937 2382 2286 1464 2248 2041 1639 2813 686 362 1067 1223 948 1126 1592 2511 2057 804 1547 2305 2291 2258 2393 2741 1185 1777 2220 2569 329 1134 2526 246 140 494 1087 574 677 491 274 1785 1228 1590 994 864 608 647 2665 1868 526 939 1166 2683 2319 722 1986 93 1940 692 751 2719 24 1333 1725 2292 116 1408
000401.jpg,986 882 123 1236 1255 554 2380 796 1757 909 2150 2405 1041 868 560 2267 2121 1420 334 2483 2667 2485 2350 2362 437 399 2074 1222 2532 308 1767 2658 2107 249 1888 384 2671 427 1958 1519 2686 2423 743 703 473 1012 820 2462 1430 2599 1233 1871 2496 831 893 111 886 2128 1600 1406 1834 1711 58 15 176 211 2463 2227 1492 2490 292 429 1219 1153 2788 1006 1670 2170 1747 2786 1553 2214 907 2697 1001 1541 1570 1390 1443 2118 2668 1157 2334 2415 1474 1696 416 749 889 1203
000402.jpg,63 1019 1333 1087 1513 1161 695 1298 1785 1847 1928 1166 132 1176 1228 2546 1773 2022 149 182 2656 2827 2149 2700 617 1795 1685 1693 576 2409 310 1213 898 1743 1137 983 1561 1004 2547 1389 1115 714 614 824 1178 2190 1672 2016 240 2542 2441 1749 376 789 1300 596 483 2066 251 1257 1343 1207 95 1478 1353 2072 1483 954 940 374 1712 1434 1631 1999 1103 2113 465 2112 1760 2745 949 2784 1971 2143 540 1535 2202 1334 1786 304 407 2504 1447 24 88 499 1394 1558 766 2242
000403.jpg,1840 1045 2241 440 2836 445 735 1202 1029 155 1544 1640 2439 2628 2837 2076 645 2735 2840 1617 169 51 134 1422 1444 1799 1782 950 947 1552 59 1897 1218 2011 906 2732 2088 1381 2133 992 1775 1261 904 1253 2650 2389 1658 2272 305 965 319 1362 74 1993 712 2753 1146 1663 1649 2376 674 1208 173 1307 1586 1328 2767 197 2815 1623 2676 2367 1752 1679 770 4 497 2424 2130 675 1054 2724 1636 1468 260 2707 900 559 2482 2352 2046 1320 178 1983 194 2553 2419 2556 433 1486
000404.jpg,1810 2509 627 249 1012 67 2583 202 1075 2207 1406 165 1944 2728 2294 1212 1055 2558 1259 1733 1056 1076 2637 1825 725 1609 378 902 590 751 1001 2805 541 2329 1626 2525 2447 899 1874 2033 2135 1382 1464 1611 2804 2368 371 1950 2825 2382 2240 87 1937 137 1590 917 2744 2350 1448 2020 2224 693 794 2615 1841 1639 1195 2701 321 93 2651 2286 993 804 2708 920 1594 362 1959 1805 1772 232 682 424 1800 404 2106 1606 24 2563 775 279 2390 2780 2248 1945 1986 1410 1943 2258
000405.jpg,290 2794 452 207 268 1378 241 1022 464 131 495 1706 2025 2142 61 1781 1843 2285 2669 225 1612 1503 1787 346 192 1568 758 2396 467 418 389 653 1262 840 654 1875 1831 2173 239 53 1127 858 1475 1024 1506 1655 252 822 1356 138 2091 1282 2137 1141 49 1481 2821 408 2236 936 2467 534 2465 2505 296 780 2017 525 2565 786 2232 1465 52 455 331 1011 806 2765 927 27 1918 2164 2059 2311 113 89 356 2531 1275 2693 1789 1662 1505 2429 1755 1303 2070 2698 1780 2244
000406.jpg,407 1093 2522 1364 2111 2489 2386 844 2612 1846 187 2326 1177 1064 107 462 1797 2604 1251 45 1104 2827 1856 851 732 1515 2056 1517 516 1669 5 2176 1336 2159 2550 2733 736 2744 1734 2615 2457 2591 148 2160 954 1083 1507 1467 1434 510 1702 183 2684 785 182 1685 2401 2360 2116 2233 762 1365 40 2351 1690 2603 1448 1733 149 2016 2254 2192 457 509 2234 397 2090 213 2585 1028 335 2441 917 32 212 2408 983 181 1269 856 1696 1867 2521 794 1359 2224 2641 2203 2447 347
000407.jpg,802 142 1492 429 555 2217 2415 554 868 2078 2029 1256 1890 2668 878 2743 1033 886 332 62 427 1686 1398 21 597 417 1699 1888 176 743 1562 2423 78 2108 1588 361 302 681 2451 1431 2384 289 2227 2786 2267 1430 2568 1793 979 1132 340 1393 1236 1418 199 2380 1553 36 901 2074 1065 292 1599 1053 536 2729 893 2117 569 866 121 73 988 707 193 191 733 1849 2304 571 2671 923 2520 399 680 1038 437 1374 1668 2354 2090 370 380 315 2047 2320 2483 1657 1233 1958
000408.jpg,1944 1055 1463 2294 725 2558 165 2766 1606 2135 2728 1212 1935 1874 2580 2207 2248 1986 2041 1223 1777 2813 1825 2741 137 2825 1076 204 1937 2511 1452 2842 948 2286 686 1464 1547 2319 1639 1185 2068 899 722 677 494 2708 2382 447 2435 2665 2057 2736 682 1940 2393 2719 1899 1067 140 1725 692 146 2598 2305 116 2292 2436 2291 444 574 974 97 1478 1126 2438 79 1868 2258 2051 67 368 246 1197 804 1439 1841 1433 362 491 1134 1555 657 1733 1075 1592 2143 627 482 329 1087
000409.jpg,967 1804 2320 1149 1728 754 1719 2024 2533 2323 1478 426 2021 2756 1383 184 789 29 135 757 1296 2277 2354 589 2054 213 44 1558 1597 91 286 80 2673 1334 1689 240 1448 2408 1984 898 119 2472 2413 658 483 792 2615 2638 2172 558 707 2540 1427 16 1231 1867 2235 2295 1849 634 1269 1886 727 218 739 564 1431 2078 1593 224 2644 1533 1207 2784 714 60 2430 2149 1265 646 2390 983 1162 1801 962 2288 1928 293 2409 2656 1971 1529 36 1722 24 424 1492 1394 1513 1761
000410.jpg,1728 754 757 135 558 1533 2277 967 2756 2320 2295 1231 1383 2021 1296 80 2413 1448 1801 1804 2323 1149 213 119 2533 184 2644 395 2638 218 19 1984 2615 424 1971 232 1719 426 29 2472 2673 1265 983 2024 2354 529 1478 1689 962 2408 286 1394 2242 707 1683 1945 1898 789 2504 1269 2178 115 1427 695 1257 240 499 2238 564 2149 304 328 2172 1722 388 1597 545 2759 1867 1334 2784 1513 1312 91 1849 2143 230 2288 766 2656 1162 2066 24 1230 1176 1093 1995 2546 739 1512
000411.jpg,2644 395 962 1230 1162 529 461 2323 1394 1801 2277 572 658 1683 2400 789 1035 240 1666 413 1427 1976 545 1839 2561 589 2410 1225 2504 1700 1954 2381 110 351 2759 1798 1835 1257 2003 1902 1173 1654 2149 1484 39 1971 1334 479 136 854 1027 2325 2579 224 2540 1674 727 646 738 1250 691 1786 1066 2154 2288 20 15 374 2546 251 278 423 1226 1357 2779 1817 1389 1501 2242 121 409 1222 1150 2054 2497 1115 1219 938 1213 328 1711 766 483 1412 2589 1423 2107 1984 2784 70
000412.jpg,1217 2060 189 1858 419 1321 1987 115 1032 959 2688 2089 333 2153 481 856 1865 2313 2554 1844 1703 2079 1907 1761 1995 565 387 96 1632 1260 1286 894 396 957 2188 1153 2567 1288 506 1363 38 815 2498 1927 183 1449 2160 309 2216 2720 571 829 754 1610 1560 255 1315 1728 1098 1214 2450 1638 2032 1555 2750 2756 468 897 971 2261 941 956 1015 1336 106 807 2194 2627 42 924 2751 2156 2058 2476 661 935 922 2278 1892 1797 2197 56 300 2555 1402 1199 1709 2093 975 834
000413.jpg,503 633 711 1111 2592 2193 1335 1680 2365 602 721 81 2052 2250 1297 1972 28 2479 587 2119 238 2534 1635 390 772 1756 1117 2689 2322 2370 2819 1967 1472 2181 159 261 1293 2557 1010 1143 2237 2062 740 580 705 326 1097 1532 1755 1332 1708 152 1339 1715 1822 2228 1704 2552 458 849 125 2402 1187 1921 1787 505 1647 671 2177 1376 1896 2610 1912 1441 2017 2527 313 532 2681 1026 972 1118 1317 1956 245 655 2028 2500 847 2199 1050 31 330 2316 92 805 696 2674 2715 968
000414.jpg,2034 1584 2545 2023 2755 2713 2045 1569 258 747 2650 1796 2433 64 48 2376 2289 2272 439 770 168 260 1316 2088 1640 231 1051 100 1218 563 194 1320 51 715 2556 1799 59 2732 161 1895 1453 1490 1878 2721 2439 1407 1658 197 497 433 1261 992 1586 2309 2815 2367 978 2241 559 1552 950 2352 769 712 26 2133 1496 2482 2454 1545 1045 2628 1381 463 2826 2419 1901 1489 2046 900 1029 659 1123 2836 626 1416 1486 201 1544 2817 2501 305 1096 1148 925 1870 2375 1444 1983 1782
000415.jpg,41 1684 1411 2208 1264 2524 1652 912 2584 2298 718 17 1571 2801 961 2138 1964 1060 2529 2104 616 573 2614 1129 642 130 237 1242 143 1828 1522 1360 527 600 30 273 2517 1735 1440 1112 1215 2412 2127 317 641 349 1373 1122 2231 2371 2731 2185 969 756 591 687 1445 1812 2100 867 1994 2771 2338 842 2541 1694 1338 1497 2834 2186 638 2187 414 2619 651 2215 1494 2484 1622 1807 665 2063 1589 46 557 1181 2131 195 2255 2811 1540 1564 1514 1630 2835 797 470 1675 958 2486
000416.jpg,2081 1910 2096 1790 1625 935 869 222 1305 836 2083 1321 1933 2218 1283 1436 1052 2071 1638 2750 2452 2342 2335 1108 355 2571 1098 2087 2795 1736 270 2645 1763 908 2450 585 1145 1963 7 1504 834 1337 1806 1142 1336 829 1090 2156 2196 42 2058 1709 762 755 2425 592 2201 2067 1425 2793 856 2197 1672 1203 1688 2554 1643 2839 1729 96 1808 983 2261 2512 2243 2313 183 187 2103 813 83 1960 2831 861 2153 586 2570 2519 1761 1661 1415 1105 1556 1865 2260 1047 636 1396 2168 1987
000417.jpg,100 1569 2721 1640 2545 2034 64 715 712 51 1796 562 305 48 260 1045 563 2454 1782 2439 2433 1307 1381 26 2713 2826 1490 1870 900 2130 674 1617 1369 559 1486 1658 348 1453 168 1544 1218 1316 2650 2050 439 2023 2836 1901 735 1051 925 2272 2241 978 2376 1584 2309 2817 1878 169 231 659 1444 1123 906 2649 1489 1328 197 1679 497 440 1934 1422 2088 747 1656 1710 2289 1983 550 817 1416 2837 1840 1148 2045 1437 1586 2628 1407 1054 2076 2840 992 2528 1261 1644 1046 2769
000418.jpg,6 285 546 1882 1083 582 1221 732 2386 762 181 45 1702 2168 1797 2056 661 759 973 1591 2160 23 620 2678 2643 1723 2725 482 236 2688 2831 621 669 2608 2498 1891 1687 2571 2720 2263 1536 2623 1726 5 2464 1315 1768 2194 384 298 1596 1251 2474 1153 1400 2761 308 2620 1318 1488 2203 940 1064 1693 2591 1364 1198 353 1603 1144 2705 398 2448 1610 971 851 2261 690 1458 1738 807 474 2079 1420 372 2442 1336 844 2048 2841 1515 829 2807 1113 1525 2313 2348 106 2182 2278
000419.jpg,52 2396 1481 2429 1787 225 207 2025 418 2244 61 1465 2669 2794 1662 131 346 290 534 484 239 268 452 2173 786 1378 389 1282 1022 467 192 1568 780 2059 296 1781 2280 408 806 758 501 139 2634 2821 356 2236 455 840 241 129 245 1789 2142 390 1475 49 1262 2232 1923 1062 326 654 2164 927 2687 1875 1127 858 1755 1929 2765 125 525 653 464 1831 1274 495 1275 2311 53 1756 209 314 2017 31 1635 838 108 2091 1813 1967 1706 1141 580 2465 2505 89 805 1220
000420.jpg,2612 2401 2160 1336 2079 1315 1013 1364 335 96 2153 1632 2554 1927 1177 894 1214 1365 1907 856 42 2386 785 2230 22 1251 419 2591 762 1171 2278 2604 1889 2060 189 2498 2751 1064 171 45 106 183 6 107 1032 2109 2841 2567 411 1363 851 1891 2643 1108 309 2476 2831 506 1661 924 2705 1188 1685 2111 861 2414 214 2522 1515 1858 333 1471 1217 2188 759 2326 181 2162 953 565 1227 2313 2216 205 1610 1797 1139 510 1744 844 732 2404 1768 2056 1703 5 149 1318 2571 971
000421.jpg,2502 244 2152 106 84 13 6 1605 640 1515 2115 941 1221 5 1616 1371 1882 2421 851 2612 2324 2348 1744 1139 2726 2677 1661 1603 807 1949 2386 940 844 409 98 1525 1754 2162 214 1199 1113 1198 285 1219 2841 546 2656 334 298 2572 182 2567 1591 2210 2768 481 776 1364 375 353 2304 2401 1272 2149 985 2457 956 2032 2751 1922 2474 676 2263 543 372 1819 56 1397 781 1570 2160 1171 1434 2571 2497 2688 750 40 1541 448 117 909 582 1643 482 425 1768 1864 2706 1610
000422.jpg,2293 1038 2047 377 323 853 1949 828 2108 2032 1352 429 1206 1657 1820 2483 2602 2729 743 56 370 2578 1374 941 802 2668 13 571 865 933 1890 84 624 1668 1189 1661 2463 2227 1219 2001 142 923 2828 123 2629 2520 2217 2304 78 1203 488 672 496 2380 2514 554 930 332 2423 1769 1322 868 1398 2379 2210 1492 1342 2539 2416 713 1255 1429 738 176 44 409 1272 2054 347 1337 555 1819 829 882 640 1562 2267 928 1162 1033 2078 2120 2354 1256 2221 2038 2031 1436 2428 432
000423.jpg,848 1830 702 931 2471 1114 2601 1908 1107 502 2624 1845 284 768 990 1340 903 1310 250 1608 578 65 1767 297 103 1821 1720 2388 126 1235 1512 2276 1323 688 1975 522 1413 1391 1186 835 684 1254 2314 1842 2667 18 1834 1515 70 420 1459 1759 2478 1397 951 2457 1748 1832 1125 2630 2297 2 2077 2768 469 1192 2757 1014 2777 2663 2561 2345 1753 5 2347 2015 2772 917 844 2036 2128 369 2033 32 379 2818 1252 2021 601 2532 541 2644 1259 1570 818 1916 1372 902 1723 690
000424.jpg,2381 101 581 2040 803 436 989 215 1357 364 737 395 2114 1818 251 572 2504 926 374 2759 2644 1900 1106 1257 1559 1394 1786 564 341 1230 39 1971 2149 2288 1451 529 2579 2546 962 1801 2656 766 1180 2238 328 646 1361 2277 2409 1798 1683 1427 2281 1166 1353 789 2021 1951 545 1137 1115 2787 1883 1213 2000 1928 2242 293 2540 2561 1306 589 2066 1693 2756 76 1558 304 824 1389 1785 727 1254 230 2113 1561 2547 1035 2247 658 2323 465 714 1091 1228 898 576 2178 1113 695
000425.jpg,922 334 115 820 2387 1865 475 1541 2688 909 1221 1232 2179 37 1502 84 1082 1995 244 941 750 2210 2260 98 2657 2150 375 924 2841 875 372 1761 1763 1487 1478 953 196 285 1916 781 1430 1603 586 528 1139 1308 7 882 829 594 2380 543 582 1153 1236 1390 1858 2618 1973 1613 2559 151 1553 2366 411 38 796 1882 381 2494 975 481 956 353 1471 443 2793 1272 2278 2348 2043 1987 1560 2421 701 1477 2691 2021 2143 1657 1922 2140 2521 981 2346 1570 56 980 1233 2093
000426.jpg,468 1080 2643 759 476 1227 23 1702 669 1184 1797 2128 181 620 1697 2623 924 2179 20 423 1488 2810 284 298 1456 1426 1502 1284 1560 1738 2620 980 2203 922 1107 448 650 1858 2346 1671 690 1821 1260 236 2118 411 546 8 1570 1254 2608 1188 732 1285 2167 1310 229 2313 1720 1916 1889 973 2666 909 2457 1975 167 1400 1911 281 275 510 2169 2171 2823 1512 2498 752 2521 1882 2791 285 1340 586 835 1884 1200 2036 2351 1326 702 2535 104 375 1318 502 2841 2268 1221 1515
000427.jpg,2298 1619 2363 349 1440 143 1009 2460 969 557 797 2541 2215 837 1684 1776 1122 687 2672 2529 2834 958 1196 1925 2590 1520 2844 2213 234 667 2158 264 46 1 267 1238 2412 2633 1660 1291 1862 859 976 1366 2455 2385 885 1191 1575 2709 223 352 720 2127 130 1982 2607 1457 879 656 2797 756 2186 2473 2187 892 891 2727 1572 638 2581 2584 226 787 1522 1539 697 1480 30 1360 1877 2206 2327 158 1735 1814 1947 1229 2431 2271 2174 718 2456 706 228 1664 1350 2092 1816 2739
000428.jpg,2785 2413 2745 2295 2441 1914 1631 983 1856 2827 1804 2202 1448 2111 135 967 777 2190 2615 1996 2073 88 1593 1091 1728 1535 832 1743 2756 310 754 95 213 558 1945 1476 499 1176 1689 407 1714 291 1093 695 2638 1719 2239 1672 920 1116 856 232 184 424 2058 1846 230 541 1919 1561 520 1693 1265 132 1483 2281 596 1749 2242 1343 1950 1103 1836 1898 576 1383 1722 419 1269 2554 2489 861 19 917 16 2408 1478 1538 2737 2021 1838 2437 1999 187 1517 462 2784 96 2733 2354
000429.jpg,999 28 1912 503 1335 633 2028 726 1532 1563 2557 671 532 2250 331 1787 238 1635 2479 390 655 1008 734 1037 2407 2236 2062 1662 430 245 1967 580 1730 1475 484 711 456 587 1741 505 1124 113 125 2396 313 1281 326 159 478 1827 152 525 1715 455 696 2193 1317 1339 1026 1704 2017 2742 1097 1875 2053 1293 1956 2674 1262 31 654 1756 2429 2406 2552 2301 2091 1706 464 2119 2280 1297 2059 2715 1395 2164 49 1505 1140 354 27 1376 2025 1465 1050 1781 2465 2505 1708 1921
000430.jpg,1938 2510 1833 431 1443 70 767 1747 18 1842 2686 2663 1834 2 277 2532 2496 1035 1759 2561 2015 951 211 2757 369 1125 1252 1839 601 2777 889 2702 2315 2818 1753 1418 2478 2772 1460 1390 1989 2077 315 2622 1519 9 461 684 65 1186 1391 2443 1975 1579 1413 1557 1801 2314 1767 2644 2388 1323 990 1219 543 2128 1512 1980 578 931 395 962 126 886 250 1256 502 156 417 1340 2276 1821 297 2577 2302 1165 477 1254 640 103 1065 597 796 1686 1114 121 529 1720 1272 531
000431.jpg,493 2374 228 2456 1877 2327 280 1930 1457 2418 2174 1575 2125 2039 2659 1665 2229 976 2356 210 2739 1792 689 263 1947 1580 2694 746 857 2155 242 1758 1724 2332 2672 884 656 801 2662 1350 1887 1229 1542 1348 1861 57 934 704 133 82 2321 548 1234 1276 885 2198 170 1375 1776 150 2206 880 366 77 158 2548 514 1664 2123 294 1043 1857 1191 185 2184 287 1551 1193 706 1576 1675 842 797 2330 588 1392 720 2581 687 1522 1086 2838 1716 421 1859 859 2127 663 570 2590
000432.jpg,584 1661 84 1016 851 941 1768 2518 6 58 5 270 844 214 1203 1120 1515 1579 2571 409 2168 1819 1691 574 956 40 2677 2386 1805 2494 985 629 1987 2203 347 1219 510 1882 1949 1352 923 676 2115 2653 1113 1866 2048 1458 2304 509 762 2761 2605 1864 1591 604 909 1738 1733 2197 986 398 285 863 2056 940 1744 812 1198 2457 2291 815 2656 1221 23 148 632 244 1206 2421 1596 829 482 2691 1725 373 339 404 621 845 2701 713 1536 2211 2464 1867 579 1488 2726 853
000433.jpg,1141 49 2311 113 1505 655 1781 858 1612 525 654 2794 936 1127 245 408 331 625 27 390 1918 1787 430 2396 2164 2070 1220 1921 1972 2017 1506 1248 1780 449 1635 1829 2398 679 108 1500 1692 1598 2669 356 326 2765 2611 2465 2505 1140 2821 1282 296 2279 1356 239 2316 1568 346 1026 31 478 580 268 1216 2173 2467 1715 753 643 2025 139 1662 786 1021 758 131 1262 383 1875 1472 2402 2232 1438 2091 1967 2565 455 2062 53 840 89 1395 471 467 2280 721 1024 2142 2698
000434.jpg,1713 1116 1224 2202 2523 1714 1200 1476 1838 2190 60 2745 1450 2180 683 39 983 1990 2288 132 441 2605 1178 2281 47 230 695 1996 95 88 34 830 2700 1773 341 1176 1914 269 1482 777 1971 1693 2383 1180 2437 2422 2641 1836 1091 2129 576 824 926 564 676 1548 2547 603 1856 83 2824 2699 2080 1152 55 1786 615 1795 728 23 1357 751 448 1257 1194 1113 1205 2785 845 2111 1561 1672 1538 940 1169 1036 2441 111 818 2239 1620 373 357 834 187 1400 2114 1732 1743 581
000435.jpg,1524 203 1811 1059 2710 127 1629 551 2444 1238 267 342 2473 1291 1863 667 2740 1803 1355 226 1735 1539 795 1129 1619 879 2385 1167 814 1278 537 1807 1295 1 2266 798 154 2727 2339 687 991 1540 2403 2468 2189 1421 969 1373 2175 2371 2783 1837 846 2298 2662 46 1025 1360 307 557 1947 1375 1445 1348 234 642 1520 2431 1514 2340 741 1939 888 1684 150 2749 891 958 787 697 1630 262 641 160 2063 17 1122 352 2584 147 1509 2709 2731 1572 294 2399 2187 2155 2215 2460
000436.jpg,1380 1570 1697 459 2268 372 2167 1285 973 946 1750 2691 1525 1387 1763 2593 1090 1911 2677 298 922 1084 2118 443 1082 586 355 2132 448 981 1308 144 1783 543 2483 1219 1646 2535 2362 2355 1973 629 2788 2443 1537 1884 1131 1006 796 1267 582 269 2263 554 1170 1548 437 2161 980 2512 546 2463 1450 1233 401 2658 191 2245 1670 1263 1794 1203 399 7 474 1628 868 1553 1250 1221 111 1430 2449 938 2572 1244 2030 47 73 863 878 289 2514 1280 1425 2074 1322 544 2290 37
000437.jpg,338 1526 2516 1466 336 730 1131 248 2788 605 2549 1325 1670 648 937 1243 1424 1779 1969 1511 1379 1133 365 2746 1634 1442 2830 1455 1309 749 1094 673 2243 593 1992 1385 2364 94 2290 2377 2560 2151 1040 1068 678 1498 392 538 610 1005 1581 717 253 1020 1794 112 519 1707 881 821 1079 1311 2102 568 2680 2251 2730 870 2341 811 1850 2087 406 1966 2145 773 1142 1936 1783 709 435 434 2763 544 742 1732 1573 855 535 410 2219 843 2519 2275 1110 269 2446 1548 1479 2302
000438.jpg,2510 431 70 1035 2561 1839 1842 1759 18 2757 1125 1753 2772 2777 1834 2663 2 951 2478 2077 1390 601 2015 2818 1252 315 2644 1557 2622 277 395 962 1391 65 529 2388 767 522 931 2323 1186 2314 1833 1938 1340 1230 2302 1323 1767 940 1418 1357 1443 1975 1333 369 1512 2149 502 684 1165 2656 103 543 990 250 2497 1747 297 2667 1801 2504 789 1413 1296 198 182 240 156 2496 1785 1720 1334 1114 126 1798 1908 2784 465 578 379 1007 1254 1513 1257 5 848 2624 1310 101
000439.jpg,85 2501 2044 1934 188 2574 1552 1656 1102 992 2411 987 463 2528 611 312 2046 2082 1993 2817 2631 1319 2397 1644 1405 1190 2790 197 2088 2832 635 1926 2270 1029 817 1624 606 1386 556 1788 1983 497 2439 1422 2837 2300 563 51 260 1586 74 221 833 547 2836 2676 1151 1381 134 1617 2011 1202 1092 2133 911 2515 1878 2375 4 2724 1640 433 445 1407 169 784 486 178 2650 1417 1782 943 305 1658 219 626 2424 860 1218 2241 1208 2389 2312 2419 1544 2840 1428 659 2670 2753
000440.jpg,1470 2328 1791 118 887 639 1977 2792 567 1531 2491 2778 1578 1179 808 930 748 1667 945 1354 928 1651 1769 841 1579 975 919 1657 579 2682 2647 952 2065 819 875 1210 2416 1854 2304 2349 1583 2711 2793 982 998 1770 492 1920 311 1585 923 114 517 2575 2459 778 2252 2729 1154 2042 566 7 1211 382 9 2723 2225 2488 2379 1063 1162 571 1729 2559 1271 2310 2026 151 528 227 1851 25 2824 1209 763 916 1819 1555 764 451 1528 1970 1484 515 1367 1351 2097 1864 2147 539
000441.jpg,2185 1694 1411 2584 2529 143 1122 1684 1440 2298 2731 1129 1925 718 2616 2139 264 46 2484 1814 299 557 1264 837 1619 1982 1238 2363 1589 1445 267 2833 1514 2092 1807 1009 386 2460 2771 2844 2371 879 787 1291 2517 1446 2100 1366 991 2215 2385 912 30 2455 2541 1622 349 969 641 1196 1373 1295 1735 273 888 1360 1776 1549 2063 867 667 1571 1294 234 642 638 2271 958 2801 697 41 741 1191 810 223 687 2412 414 2338 797 130 600 2797 2524 1652 2104 1863 2710 2213 1629
000442.jpg,1145 2747 2775 2098 666 1023 612 2587 2636 460 208 1415 1047 141 1203 156 1160 823 1089 2009 1784 694 1688 2055 595 174 1241 164 2463 2227 172 816 2126 1155 731 401 2786 1510 1162 1740 111 72 322 1588 2108 347 2577 2722 2446 569 1717 2668 1132 1808 1342 536 2274 1074 2224 2640 988 2798 453 2090 1322 1085 308 691 540 1872 2469 2629 2483 979 121 1729 1065 571 2042 1903 983 1945 232 2107 760 424 2195 1739 2163 599 177 2664 2679 184 755 2335 187 399 1517 630
000443.jpg,396 636 2627 1318 2261 2823 2807 1227 1536 669 2726 481 476 1260 2623 2554 327 1084 42 2194 956 2101 1919 2153 23 2691 661 2239 1180 419 1987 894 1032 2168 1882 1113 1402 592 2162 924 2791 2474 281 2278 1449 2060 829 2027 115 1200 2030 1205 2222 1632 2359 275 20 38 37 1802 1057 298 1450 96 189 2688 1280 2571 1016 629 2498 1638 1153 1108 835 1995 1170 1387 1610 83 1456 1596 2313 1425 1064 1371 1659 2677 1525 448 6 845 441 1286 1044 922 993 1797 2103 1198
000444.jpg,212 2386 1347 1525 2263 874 43 6 2623 2056 58 2572 549 45 1365 1083 971 516 1768 829 407 1203 2718 909 604 1251 539 1113 2761 2678 941 2699 2048 2324 2522 1064 2448 1247 1882 343 1802 2582 1364 851 2116 582 1198 1093 1856 1515 1772 724 1144 450 1726 762 2463 2485 270 2489 2498 310 632 723 1960 2562 1846 2348 1371 2514 40 1596 1322 2585 1714 303 218 844 84 206 2204 1538 1659 2612 1577 2464 490 940 5 1205 2260 2209 2827 106 1537 387 1488 2188 2111 448
000445.jpg,751 1116 1714 1713 2745 2202 83 1224 2239 187 777 1914 87 1919 590 1856 683 2190 902 1996 1838 993 541 1517 1476 1950 983 404 2605 2733 728 917 1943 2033 1836 1169 920 88 1194 55 1450 2073 2785 832 1609 2129 2111 2176 2441 2641 2563 2437 441 1467 379 462 1990 2827 2422 2525 1410 269 2621 47 845 1091 603 2684 1195 2395 397 2523 378 95 34 1382 830 2296 1678 1672 2036 736 373 2780 1601 1538 1732 818 1192 1594 2699 132 357 1593 2700 2258 469 32 1176 2489
000446.jpg,407 2827 1856 1093 457 1996 2489 2441 751 310 2111 1846 1087 1169 2422 540 1517 1914 2780 2202 2586 2684 693 2233 279 2745 2242 2254 1382 1805 34 695 95 1898 2733 794 777 2785 1538 2447 1611 1091 617 1626 1019 357 1561 1228 775 983 2555 2190 462 832 1116 683 132 1513 2621 88 2525 2192 2523 1734 2368 596 1714 187 960 1785 1772 2699 2637 1713 2701 1693 902 1535 1259 1176 2106 2176 576 728 1194 2211 2020 450 1685 2651 1476 940 539 1410 2033 1166 397 590 1928 1631
000447.jpg,2778 887 945 2328 1470 1667 2792 1531 118 930 1977 1579 639 1585 748 2491 923 819 841 2304 2647 2575 928 1179 1791 2416 1657 492 1578 1769 952 567 1770 1210 114 1154 9 1354 2459 1854 515 579 2682 975 808 875 311 778 2488 566 2723 2729 2711 382 919 1583 2349 1209 1219 429 2293 2074 2793 1864 1651 998 604 517 2559 1920 2026 868 554 2483 1239 1819 1367 1322 2618 571 549 1599 1729 1157 2463 1342 2042 1351 2379 2147 2824 802 2334 539 7 2064 1915 2668 399 151
000448.jpg,1179 2491 1977 2328 2682 2778 1579 2647 887 639 9 945 1470 1578 748 492 2729 928 1657 1154 2792 515 930 1531 1791 998 2459 1583 114 1770 190 841 778 539 952 1729 1920 1667 1651 2416 1367 1041 1351 615 604 2325 2485 118 2824 723 1344 2042 812 382 2488 1210 1819 2483 347 875 1769 1772 1534 2334 882 1864 703 2293 35 923 1162 517 2304 303 579 1854 2585 1420 819 2008 1354 916 1493 571 1157 308 58 2379 311 1565 2793 566 2462 1585 2603 549 2097 2150 1484 2107
000449.jpg,2827 310 2441 1561 1856 2202 407 1996 2190 1914 751 2745 95 1693 695 132 1116 617 1091 1176 2111 88 983 949 683 940 576 1713 1743 777 1476 1019 2699 2209 2242 1087 1535 832 1169 1538 1714 2785 1343 1838 2700 2737 1772 1103 450 596 1093 540 1836 2489 1004 1224 1298 2547 1513 2780 1672 2129 341 1846 1346 824 2523 2422 63 1590 34 1773 1194 1178 693 2072 1805 1631 279 1928 2386 1228 2656 165 2621 960 1749 539 1685 149 2542 1493 2395 766 404 93 1207 378 2586 2555
000450.jpg,1038 2210 370 2047 2828 2520 743 2001 13 672 372 640 1890 2423 289 828 2108 2671 2380 554 1374 1272 1189 1754 868 1949 681 1668 2421 2602 323 429 1699 2217 332 2415 409 796 738 1430 2074 1888 142 1553 2568 413 915 353 933 1819 2729 776 1256 878 1219 555 2214 1562 2668 2629 128 1398 896 944 2334 377 1599 646 384 2078 893 136 1501 2029 224 292 417 62 1492 2267 831 176 1657 1236 272 196 2475 1864 1162 302 802 78 1666 1420 2003 1654 703 2539 293 1957
000451.jpg,2840 1444 1993 2241 2837 1218 2439 497 1586 2650 992 169 1544 1422 2767 2515 2046 2836 2133 51 1663 1640 1261 1658 2713 947 2732 1381 2628 1328 194 2289 1897 1362 1045 1623 134 2352 1316 2433 260 1029 712 1617 439 197 1552 1202 563 2088 2272 445 1679 900 231 2753 1123 1840 1878 2707 1752 2312 1253 2424 769 2815 1649 74 606 2817 440 1054 735 950 1782 2556 433 2367 1775 1496 1965 155 1636 1569 904 675 259 2376 2501 2735 2676 747 1799 2631 1051 1486 550 2309 1934 64
000452.jpg,1717 2163 823 2655 399 2469 453 2126 2009 72 731 460 2122 1510 177 595 2829 1628 2636 73 2587 2775 2074 1085 401 2679 208 1163 760 1415 1599 2577 2722 156 380 1872 172 437 1233 1903 816 164 99 174 1160 981 2098 1023 2064 461 2055 451 631 1047 427 429 141 923 1808 2274 607 2282 1657 930 571 868 928 1404 1100 694 2668 1241 1784 1888 2093 1155 2108 2747 2729 1739 2304 2568 743 1058 311 975 2415 332 1688 477 660 2380 340 2423 1256 2349 1162 1210 1017 921
000453.jpg,1188 1797 1761 2643 1153 829 2188 759 956 752 1260 620 909 971 1221 2816 6 2823 214 2464 2171 2168 419 2160 2442 2725 2720 2278 1891 2498 661 1882 644 2688 42 5 762 1227 476 1953 1596 1889 2169 957 1858 922 2841 1907 621 2562 115 306 1702 732 820 669 2810 997 1602 2448 2261 924 2351 285 2079 181 609 894 1603 1723 1610 1315 1108 1802 468 43 1336 1318 1061 1766 959 582 2591 2153 2476 1927 411 2043 506 844 1866 388 2831 473 189 2056 2521 1515 2060 423
000454.jpg,2190 2202 1476 1447 1620 830 1914 2745 1450 603 1469 60 2080 983 1732 1483 88 441 16 777 2275 1057 1990 1224 2437 1713 1714 845 1523 1678 761 1116 2317 1482 132 376 1178 1073 83 95 1176 1838 44 824 2785 2441 2129 1790 1856 1309 695 269 832 1836 1996 584 2249 2523 373 2830 834 683 47 1672 1133 1304 1131 1103 1147 1719 728 2288 55 2383 2560 2547 2111 1200 1693 490 1743 2522 576 248 632 2281 2641 1194 1016 2695 94 1183 1064 2087 870 2700 2680 1020 2685 1548
000455.jpg,2840 2515 2424 2084 2574 197 1656 1983 489 900 2817 735 1092 606 550 445 1045 1190 712 2082 992 2050 260 2454 1552 1934 2241 833 2130 1369 259 970 134 987 2837 179 623 2649 1486 2200 188 2439 26 1878 2397 1993 1202 1319 1253 1422 1386 1752 675 1029 2753 312 2724 2133 169 1407 2836 51 2411 2270 1870 2769 2676 74 1146 817 440 1544 1617 463 559 1208 1218 611 2010 925 1545 659 524 1328 221 2289 635 2046 2300 2375 1627 1151 645 2501 547 1148 433 2528 1658 965
000456.jpg,188 2574 1934 611 1552 463 74 197 2045 2397 1407 2528 1983 2411 606 1029 860 1489 992 1319 2837 2501 2082 312 2817 1644 2044 2545 1417 1151 900 169 1782 659 547 817 1428 2023 1701 2676 2419 1624 1544 2544 911 85 712 2439 1486 2358 1796 1046 26 2836 1656 2832 2755 1617 2007 1208 1586 2724 1328 497 2046 559 2735 987 1870 2454 1386 1993 445 1584 2515 51 626 1381 1663 259 2790 2424 2840 978 2753 1649 219 4 134 2034 2564 1627 1895 433 833 1444 1045 1848 2270 1102
000457.jpg,1238 267 837 1009 1291 264 234 2092 2371 2455 2731 2529 1807 2139 1129 1925 2484 1619 2185 1122 1411 1589 2063 2833 2584 1684 2298 1295 2844 1572 1694 741 17 891 2215 2771 2385 1814 1982 913 2486 299 2412 2158 1360 1622 1 667 1735 1366 2616 1446 1520 46 642 143 991 2717 1264 262 1571 2797 879 2834 2801 1373 352 888 557 1660 349 2403 1440 2541 787 1994 1159 2776 1445 912 1480 1630 641 1294 2100 2189 2727 958 2338 969 846 1815 90 1776 638 342 718 2399 2635 1629
000458.jpg,998 1583 778 1651 1578 382 1179 1854 1970 517 1977 1063 639 2252 916 227 719 2018 539 2792 2146 748 2711 841 2682 1579 2647 723 1791 2491 1531 2284 2008 190 1359 764 2328 914 1351 9 873 1534 2585 1493 2042 1289 1657 1204 1667 2426 2551 35 1470 819 615 1920 2333 945 1772 1157 2224 2434 549 2604 567 1915 2824 118 812 206 2550 303 1132 1588 928 107 2536 1729 492 2225 272 1745 1770 1154 343 887 450 114 579 952 1577 2582 540 2729 2793 919 14 1136 1177 2603
000459.jpg,1390 2757 1839 2302 1165 2051 2702 2315 2499 1759 1452 431 1439 767 1055 1725 677 315 2294 2772 1980 140 1035 531 2561 191 725 2054 2510 1753 70 1868 1125 2728 277 1557 12 2580 2427 444 722 2015 368 1027 2440 18 1252 2741 1558 2777 2622 1834 598 1842 1721 2589 2663 2665 1553 2818 646 1430 482 951 521 2 2644 1944 1473 2766 1881 271 217 1408 574 601 2183 1555 1777 1076 409 526 2445 2207 2291 658 2617 1579 1940 1228 2540 67 1886 2319 637 1825 2719 2825 2304 1639
000460.jpg,2467 2821 2690 346 1048 654 2669 138 628 1356 252 2632 786 2311 936 1612 2070 679 625 1506 2465 2505 2061 1781 1787 1141 1275 2687 2398 402 363 2407 1220 753 2698 2402 241 858 2142 1662 113 430 840 525 52 2611 782 49 495 471 1438 2164 2301 108 1248 1598 1929 1647 1505 561 1921 1730 61 1378 1273 2017 331 27 1395 418 1021 467 1008 389 1692 1317 53 192 1022 1918 1481 1972 2025 1843 412 452 1303 1435 1822 245 758 131 2285 2137 1465 1500 295 268 1756 290
000461.jpg,67 627 1055 2583 2294 1944 2558 2728 165 1810 2207 725 1869 2509 2748 1825 1212 1452 1076 1959 1406 2135 1733 1012 1986 1075 2320 2021 2615 359 1130 29 1874 2390 1905 249 202 1091 137 378 293 2286 1935 1606 2756 993 87 1772 1940 2741 2766 24 86 539 140 1448 751 2305 1478 103 1463 2248 2533 590 1721 2041 286 1149 1639 1777 362 1809 1937 1841 876 1943 2580 10 899 2436 2744 310 424 1464 97 2382 1868 2813 1529 2242 1876 2598 1867 940 126 1323 145 450 1223 2172
000462.jpg,682 677 1874 1390 1463 2757 2089 2438 2291 1725 2728 574 482 2057 2507 1058 67 2220 394 1223 2809 444 1075 1759 368 725 1557 2708 1567 2435 1879 1733 165 2825 2526 2497 2622 2140 1952 1478 2808 1055 2369 494 627 2021 1558 571 1839 1166 940 1944 1553 2294 1433 1639 2207 2741 451 202 1578 1406 1241 1555 2382 1931 1892 1430 521 2668 1888 2436 2719 2756 431 146 939 1606 289 1065 1592 607 1928 1185 1087 204 1579 1886 1031 2558 447 1721 2510 1301 491 1904 2304 1810 24 1035
000463.jpg,2054 1561 614 1558 789 727 1137 589 1928 240 2409 2149 2656 2000 714 1207 1804 898 658 291 1451 2242 483 39 1672 1166 2072 1178 2288 2759 1389 1798 2644 1394 2784 1334 1091 2238 1513 1693 2737 395 1361 962 967 251 60 44 1019 1801 1087 2540 1786 63 1483 1300 695 803 2546 1683 832 2209 1175 940 2323 1230 485 1836 132 646 1743 2437 1593 824 1176 2504 1103 2785 983 1016 1333 2024 529 766 2547 576 1996 1162 2579 1719 2190 1298 2605 581 2003 2016 376 16 1847 564
000464.jpg,1316 201 2309 2433 2713 1453 2721 1860 2272 260 1490 747 1569 64 2826 563 1965 155 2241 2556 659 1552 2088 1640 51 1381 2815 1658 100 439 562 784 2376 1901 559 2007 715 1496 900 1123 1218 1422 1636 1307 2628 735 2337 48 1586 497 305 197 1045 1840 1046 486 674 712 1752 992 1878 2545 1416 2352 2650 1148 1486 2439 440 2836 1096 1993 1796 1948 2454 1428 2289 1051 611 906 1054 445 2840 2011 2133 1437 2046 1848 2397 1782 606 168 1444 978 1544 1649 2050 2817 134 1158
000465.jpg,1856 2827 2441 407 310 2202 1914 2111 2745 1996 88 2190 777 1476 1116 751 2422 95 1713 983 1693 695 1091 2489 132 1517 1093 1194 1169 2785 683 1714 2733 1846 576 1176 1410 2684 1087 2555 1561 34 2523 1382 462 45 457 949 279 540 1743 1538 1838 2525 1019 693 832 2780 2386 2699 2242 1224 1727 1772 341 450 1805 1898 1749 1336 212 2522 2586 596 87 728 2447 2106 2129 617 1535 2233 940 1343 1482 539 732 794 590 2700 2737 357 1347 2254 2547 1611 2209 902 1631 2116
000466.jpg,1781 113 654 2407 936 430 525 1008 2164 1011 1037 49 1124 331 2311 2301 2611 1662 2236 2465 2505 390 1635 1787 471 1715 1438 1220 1475 2053 27 53 346 1967 858 245 1921 758 1395 1140 580 1097 1293 1026 1918 1024 625 1505 1929 2062 2765 2091 268 1568 478 1612 2669 1317 840 159 326 1730 786 1506 1843 464 89 389 2715 2821 1706 1875 1780 679 2232 1262 1216 643 655 131 455 2794 726 1297 108 2142 467 484 2398 534 2467 1756 1127 628 138 1972 1932 1356 1048 1503
000467.jpg,1360 2619 1373 1630 1807 958 1129 1295 2731 1539 537 638 1215 1514 991 1238 1270 1291 2529 1735 787 1939 2298 741 267 697 2771 1349 641 1411 262 30 1445 573 665 1684 234 17 795 642 2371 2271 2584 888 891 2403 2473 2189 1446 2481 127 2339 1524 1589 2226 2801 2710 1258 1440 352 1242 2517 1112 667 1571 143 718 2185 1122 428 1572 1982 846 687 2385 1694 2524 1278 2399 1294 299 2709 2139 71 1009 1994 2833 1520 226 810 90 2834 1 2092 2444 969 2412 1811 273 2662
000468.jpg,2813 1937 1076 2382 948 165 2248 1592 1464 899 2393 1639 2135 2558 2569 491 146 2438 1463 1841 2825 682 1935 2041 647 1056 1606 2286 725 1874 2207 1212 2683 1944 2294 1185 2766 2708 1825 362 2842 804 2580 2639 2258 2728 2435 2736 2220 137 686 447 2526 2291 677 1547 2057 329 204 1452 1777 2511 1055 2089 1899 1223 1126 574 1986 2741 1733 2427 1134 1892 116 444 494 482 2436 1448 1931 1725 939 246 140 1433 1940 335 1130 2440 2305 255 271 1330 2507 1408 274 1868 217 1797
000469.jpg,851 940 40 584 2604 107 2737 6 1579 2386 1177 1960 1768 1601 2036 1987 1434 812 285 2571 1016 379 676 1591 1578 1113 1458 469 2656 2042 2761 2048 1864 492 2726 1203 2647 2149 1882 2162 818 2494 1198 1014 956 1744 2780 58 1423 841 409 510 98 347 214 1738 270 1515 781 398 985 1536 198 1154 639 844 2203 84 1819 1920 2160 5 725 2414 1693 1221 1733 776 1371 2612 1488 19 1482 1661 1192 1691 2152 2304 1365 2605 579 1945 945 265 2521 397 2497 539 604 2630
000470.jpg,757 1728 754 1533 135 2277 558 1383 1296 2756 2021 1231 2320 499 1149 184 2295 80 2323 1984 119 2533 1804 1427 1971 967 213 1719 1801 218 424 2644 2178 529 1265 1448 2413 789 328 395 304 2472 19 1689 2673 2546 2638 1883 1513 1478 2784 2504 101 29 240 232 1353 564 2024 286 1257 983 545 1161 962 2066 1898 2615 634 2540 230 695 426 739 2238 1228 1312 1394 2143 24 2172 1334 1785 1213 91 2242 483 766 2235 1597 926 465 1593 2381 1846 251 2759 1945 988 1176
000471.jpg,639 1977 945 2647 841 1579 2491 2328 2778 1179 887 1470 1578 928 748 2792 9 2682 1531 1667 492 1651 1791 1154 515 1657 1920 952 1583 2416 819 114 998 1769 930 2488 118 1770 2459 579 1367 1585 1729 2379 2304 2729 975 1368 1354 517 923 1162 2723 1854 567 1063 1864 1322 2293 2824 604 566 778 2349 571 1819 347 2575 624 1074 2042 1239 919 539 2793 479 2225 1210 2463 1351 1219 190 808 1203 311 1342 2325 2333 409 549 382 2252 615 2775 875 982 2483 691 1550 738
000472.jpg,46 2298 892 2481 1735 2727 1009 2340 798 2709 2838 1 147 1520 1622 2811 1122 1814 2412 414 2834 317 2100 969 1338 577 307 642 2473 428 2635 846 2215 2385 1684 90 667 2486 1421 2158 150 2524 1270 2466 1994 2063 160 1619 223 2255 795 264 891 1572 226 2403 537 837 2783 234 1366 2094 352 961 1078 1258 697 1072 958 665 2266 2269 1925 1025 2104 1816 2484 1660 1615 2155 859 1360 2186 2529 1295 2138 1815 1294 600 2513 1446 1982 143 2595 2844 1539 1480 2619 718 2273
000473.jpg,446 1237 1567 1981 2609 1800 2049 1301 2613 530 1879 1516 1017 1604 451 1058 2093 288 1894 631 2140 2796 1645 257 1518 2682 607 1871 2596 311 2843 1613 2349 1909 1290 394 2328 2282 1007 1578 1546 2064 664 875 921 2392 187 2252 416 2042 1138 1729 1179 1977 1517 1651 11 2489 2793 1210 462 2636 1846 579 2310 1621 1731 2733 1865 1470 571 2491 2090 2159 2519 662 1808 883 2234 1087 569 453 2196 2699 2459 975 1721 2360 2786 2809 2176 7 2416 2326 1579 2357 243 554 1978 1088
000474.jpg,207 131 268 1875 61 1481 418 2059 1475 495 1662 2025 2429 52 2396 390 2244 192 1024 241 1787 1378 314 2173 464 1967 1465 1050 290 1635 2236 53 780 1706 2794 225 2669 1506 1843 805 534 296 2280 726 1317 806 245 484 2765 1781 452 2407 27 1755 346 2693 858 1282 2142 654 786 2285 239 927 1568 1274 1756 2698 999 1532 1789 113 1505 1022 331 139 625 936 49 679 2017 356 758 2311 389 525 2465 2505 449 1262 2531 1141 2821 430 467 363 408 1831 1248 1127
000475.jpg,2528 2411 1644 1934 2817 1656 2790 2501 188 817 1926 2044 1624 1319 85 987 1102 611 1489 197 2574 1386 556 1407 2300 312 51 2082 860 221 547 1617 1381 1658 1782 1417 2836 1993 1405 2439 712 635 1640 463 2454 943 2837 2832 169 1045 1983 2011 1544 4 992 2375 1552 2270 134 1752 2419 659 1218 305 1444 1701 1146 2389 1710 26 2397 2241 433 626 2545 562 1422 1151 497 1679 1649 2046 1328 2088 260 2631 1569 1796 2515 900 2367 2650 559 1202 1586 2034 1545 445 1208 1663
000476.jpg,1482 575 462 2080 2202 777 441 1996 2733 2754 2605 2190 983 1517 1476 818 1169 2058 2745 834 230 1713 695 1693 812 60 2780 1856 2281 2073 187 2111 407 1523 2383 2239 1200 1176 357 835 2441 1091 2647 88 861 2684 926 2785 1116 639 1277 132 2522 1093 2547 1914 728 1254 39 95 2641 1920 1743 2630 683 2129 2495 1224 584 2827 40 2489 1838 1194 1898 1846 1727 87 1400 824 1178 830 596 397 2824 751 1536 1714 615 549 2242 2555 832 851 1691 2180 1318 1336 1014 2176
000477.jpg,2501 1934 2631 992 2046 1993 188 1656 85 2044 2088 987 1552 2817 2411 1319 1102 2528 1644 611 1422 2082 197 2574 2270 497 2515 1788 260 1624 51 1386 463 817 556 1190 1926 1029 2650 1586 2133 2439 439 1640 1381 2375 433 312 1658 2289 1218 1983 635 2241 134 2790 606 305 1202 1617 2837 2352 1407 833 2011 2397 1362 1878 2312 1405 2023 563 445 2840 547 769 219 2832 486 784 1092 169 562 2836 1799 155 2713 2300 1897 1544 1752 1444 659 4 2424 2676 2755 2721 74 626
000478.jpg,959 1260 1797 620 956 1288 829 1907 2160 1865 1703 2823 2197 861 732 2216 856 997 2079 214 983 2688 1336 2507 1761 909 1153 924 621 761 1904 189 419 1108 2156 115 695 398 2476 1277 2464 96 183 1176 1610 43 2150 957 2792 1740 2643 1363 11 2190 476 2567 181 1044 2096 1858 2841 2153 2725 2060 2498 45 639 2056 894 1693 609 1188 1217 1987 1251 1766 2682 1013 754 922 834 1221 5 284 807 1844 2387 820 468 506 106 785 105 20 1995 333 752 2169 1412 2230
000479.jpg,331 478 1317 655 1008 390 1756 1124 1715 1635 580 113 1912 326 936 1781 2407 1140 31 363 1438 1395 159 430 1921 1967 2715 471 1706 2301 786 1662 726 1011 1037 2053 999 2465 2505 1505 49 2611 2062 464 643 758 1568 1097 1262 2232 245 654 1787 455 1293 389 1972 402 484 2765 408 456 2236 1780 1929 2402 1465 1281 1503 1506 346 1755 53 2693 2467 858 1282 1730 1647 2406 268 721 209 1216 534 1026 108 1050 2091 1378 2429 33 1843 1475 1127 27 780 2669 2061 467
000480.jpg,1248 408 1781 356 245 653 2173 49 2311 1282 654 139 625 2091 296 525 2794 239 936 2164 2280 2465 2505 2611 89 1438 679 758 209 1505 390 1662 2765 1356 2396 471 1972 1635 858 1787 1967 1568 27 1921 113 455 1395 1435 389 1127 449 1262 402 241 1274 2236 1755 252 1918 1124 2402 326 2017 840 464 1303 1024 1037 580 2279 1756 805 2137 1011 1317 1598 125 643 1875 1612 1297 1503 1932 2232 1706 131 1039 467 108 838 1475 452 2142 1829 2062 2285 2698 268 1008 721
000481.jpg,768 903 2624 2601 1908 848 2471 702 1845 2276 1830 835 1340 1107 931 522 990 1767 65 126 297 1235 1114 688 578 284 1512 2388 103 1608 502 1310 250 1323 2667 1186 1413 1720 1821 1391 1254 2015 2314 684 841 1252 1834 1579 1975 1759 2757 739 2315 2622 2021 2251 1557 1769 1748 1390 2224 945 253 1192 1014 469 639 2647 767 2036 2605 404 951 1459 2323 218 1016 2756 24 9 751 184 2485 541 1516 1601 1334 1578 1075 18 920 2656 601 1689 1448 2320 315 1728 2644 764
000482.jpg,1221 759 546 6 285 732 2643 807 582 1702 1882 181 2666 1603 1797 1083 650 620 2502 2841 1139 2160 411 1891 2171 2810 2348 1723 2612 2079 2474 468 2043 1364 820 106 2688 1227 1605 2152 1199 2705 1610 1916 2401 1541 372 5 2816 189 298 244 669 236 2498 353 2060 1515 423 2346 2386 214 1591 2567 2313 1858 956 196 1570 1315 2768 2182 1007 2179 1260 1397 621 2608 2591 1687 1502 308 1738 2620 2751 475 973 1953 2203 1184 762 375 2831 335 334 844 940 1420 1032 2476
000483.jpg,1475 1831 2236 1378 1655 464 1787 1706 268 131 2794 1662 2465 2505 241 2765 1875 89 1024 2091 2429 495 534 1789 467 726 806 927 1022 2407 1011 2059 252 484 679 1503 625 452 653 2142 1275 858 1008 780 999 2396 1465 1781 2285 331 786 2531 239 2611 1967 53 654 1435 1274 2017 1568 1438 389 471 1756 363 390 1755 840 1127 1843 936 2244 2693 2301 1282 108 1612 1273 1262 2687 295 1929 1635 655 758 113 643 1039 27 1124 2698 1297 1050 2311 2232 1918 49 314 296
000484.jpg,452 290 1481 268 418 207 2429 131 2285 2244 2396 653 534 52 806 2173 1875 239 2531 2280 2794 780 1465 2025 1568 225 1127 467 1011 389 1282 1787 1274 408 61 1378 1262 1662 1024 139 241 838 2059 2693 1475 356 1781 484 53 296 2765 464 758 209 455 495 2142 858 2232 2236 1843 1022 390 192 1039 1929 1706 314 840 786 245 1503 346 2091 1755 2164 2669 2565 822 1967 1506 49 2715 799 295 1635 31 525 1275 654 326 129 625 2137 1831 2311 1050 1756 27 252
000485.jpg,26 1701 1489 1870 1710 1417 2454 860 197 712 2289 1569 348 2769 2375 433 1328 769 1640 161 1552 64 2817 2650 2023 51 1045 2721 2840 1617 2755 1895 1218 2439 992 2045 1934 1544 1381 2352 2241 817 1656 1752 735 305 715 1444 445 1983 925 2753 1369 1584 606 2837 2574 1422 2545 2482 947 463 1658 169 2130 173 2628 1788 1319 100 1644 1407 2397 2034 2050 1799 1782 611 497 1878 1993 1679 74 562 59 1586 2676 231 2433 900 1663 2836 1627 2528 626 770 1261 1029 2714 2501
000486.jpg,1647 2402 1972 2062 2061 655 721 33 782 654 1438 1018 625 2316 643 1026 449 1248 216 1756 679 471 402 1598 1097 1921 1187 326 1929 331 2632 108 245 2406 1500 1048 1356 1822 159 200 1730 1293 1648 1435 858 1275 1941 1875 2311 139 1912 936 580 1505 1008 1612 1011 1706 1781 1317 1262 1715 1655 1831 1297 356 1967 786 31 1282 2467 113 390 408 27 1335 1692 464 2301 1635 2690 2232 2765 2687 525 268 1143 1787 1141 2812 131 192 455 363 2396 653 209 1843 999 2611
000487.jpg,2022 1161 1785 2113 2066 1333 1213 1513 1228 304 2178 1019 63 1166 310 1847 1353 1773 2546 1883 1087 1300 1928 1693 2784 1561 2149 1685 251 1743 695 2827 2143 1795 1257 2409 2040 24 2656 101 1115 182 576 1389 617 1176 240 2504 483 407 2699 364 2242 2638 766 898 2756 374 737 614 1971 132 2542 1900 341 714 149 1996 1478 983 450 634 940 789 328 949 2021 499 2238 2555 2745 596 1786 1846 1334 2441 1772 751 1298 95 1091 2190 2202 465 2780 2615 545 1265 1137 293
000488.jpg,1545 2389 59 4 626 2082 2270 1407 1146 1202 1926 547 1737 1624 817 1644 2528 1656 312 1752 1934 283 2367 1799 2411 987 51 2817 2832 826 2439 2501 2790 1544 1386 305 2300 1640 556 1993 715 635 1102 1319 860 1328 445 1489 2574 1444 2045 613 2837 611 2515 197 562 85 1552 992 2545 1381 1405 2721 1796 645 1569 2011 2023 947 1878 259 2544 1679 2069 2034 188 169 1584 1623 1983 2650 221 2713 1261 2714 2044 2753 1782 950 1362 1617 1417 1701 26 2840 2424 219 2046 712
000489.jpg,472 307 537 2486 1025 1 1520 2385 1101 1530 352 262 2253 234 147 888 403 1540 1618 1059 2727 2340 2100 1009 2371 1509 2205 1409 1815 2092 891 1622 846 642 1629 1295 2811 2139 837 577 2833 90 1615 2717 1803 551 685 267 2455 2616 2635 741 1159 317 46 2692 1837 1238 2412 1994 1078 1814 160 1095 573 2063 2740 2513 2255 342 2781 2094 1338 17 1694 2158 1291 2484 2738 2576 1619 2213 810 264 1071 2399 1807 166 71 2481 2595 665 2273 223 2834 1660 2338 716 203 2776
000490.jpg,228 2739 1575 1877 1457 1724 656 2332 263 2321 1542 885 493 1191 1664 1229 2327 801 1776 706 2694 1350 746 2356 2456 242 720 880 2659 1086 77 797 976 82 1887 2206 1358 287 2229 170 934 1193 210 2590 2039 1345 366 1665 514 704 1043 2127 857 158 2123 1432 548 2662 1930 2581 1196 2672 2184 2174 859 1675 588 842 1276 1551 1792 1765 1522 2418 294 2330 2548 1580 2187 2198 689 2125 280 438 884 470 1234 2374 1494 1758 2186 1857 1034 1375 756 583 57 1947 2703 1348
000491.jpg,631 2140 1058 1301 2282 530 2093 2064 446 2796 1017 1384 2049 875 1370 451 921 1567 1237 311 975 607 1909 1210 1742 1604 1673 2519 7 1518 1290 813 2793 394 2349 1879 1142 1614 2304 1729 2416 1105 243 984 1396 1331 2609 2257 2310 1554 2328 1906 118 923 1211 2392 355 662 1681 2682 571 966 487 288 1739 1613 2243 942 2596 887 542 1579 579 2357 2085 337 1853 1047 1179 2042 1271 1516 677 928 2696 1977 1455 528 815 870 1800 1769 60 855 1657 1978 1470 1981 2559 1578
000492.jpg,2272 497 1316 1218 747 1569 1586 1416 2721 2713 1993 439 2815 64 1261 2556 2433 1096 659 1552 2767 51 715 1658 1381 1496 1617 260 100 1679 712 1422 1640 2023 201 1860 2545 2439 1544 2352 169 992 2628 1362 1444 2650 2241 2707 1051 1965 2046 2837 194 1663 1623 1649 2755 563 2454 2309 1490 1897 1328 1796 1948 48 2034 1054 2133 2088 231 611 305 1045 1901 1148 2376 562 1878 2817 1584 978 900 2836 258 2289 2840 1319 1782 559 155 188 2826 2045 1123 1407 445 1208 197 2631
000493.jpg,851 2218 2502 13 2152 323 106 1272 84 1605 640 1436 2210 40 5 923 2304 2032 1504 941 2726 1643 1744 985 6 1661 409 1949 2162 1219 807 347 956 1754 975 353 776 56 2324 2421 196 2567 1515 1579 528 98 2571 1041 1342 224 2336 481 2841 2278 2612 1954 1987 1113 9 1960 322 1162 2325 1371 2042 781 1657 1995 928 1769 1625 107 1819 2520 1864 2081 2054 214 1685 2729 844 2003 703 270 639 308 1654 1412 856 1074 2149 1315 2060 750 1177 1221 2401 2656 2647 182
000494.jpg,2377 605 1527 535 1424 1992 336 257 410 1850 365 94 1131 1779 392 610 648 1871 338 1068 434 1040 2549 1442 749 1969 1007 406 1309 811 717 1707 1325 2788 1385 1243 2102 248 1079 673 821 1455 1498 1526 1516 2830 519 2516 937 870 1133 1731 773 855 1511 1379 1573 2251 2243 253 1634 1094 1311 678 1966 2763 730 2145 2196 2299 593 1138 881 2613 1466 544 800 2290 2364 1936 2746 2697 742 1020 2680 2087 2519 1894 2417 1142 435 1794 1005 2219 2341 1670 2730 1581 1645 2005
000495.jpg,2236 2173 2280 1262 653 1831 2396 1655 139 455 239 1127 464 1475 2794 1706 408 1282 296 1568 356 655 209 89 1274 1039 1011 331 2765 2232 245 806 838 2244 1275 534 780 2137 389 449 452 1378 1875 2142 2053 2316 1789 467 1787 1124 1503 654 927 2693 2429 822 295 495 49 268 241 1465 31 390 1967 2025 1781 53 758 125 290 1929 1755 2285 1635 999 2062 2091 27 1248 840 326 643 1024 2687 484 2806 625 1756 192 207 2531 2402 726 131 1972 1297 1505 1662 1912
000496.jpg,1728 754 967 757 1804 2320 213 135 2277 1149 789 2323 1904 240 2756 2024 1597 426 997 2408 1719 2507 1558 589 1401 1231 2021 658 1801 16 1448 1394 1383 2354 962 44 558 2413 2504 2784 328 2644 1427 232 1296 545 1971 2054 2089 2238 2533 2540 983 483 1478 898 184 1898 119 1162 80 1651 115 2295 727 2472 60 584 1269 766 564 2638 395 695 1533 2149 1176 304 1449 2682 1207 1334 1725 1729 2546 1555 1865 29 110 571 1867 1588 2579 1761 1984 2178 2656 2288 529 1304
000497.jpg,1782 712 2836 1045 1444 260 2439 1486 1658 1983 1617 51 1640 1679 1328 1381 559 1623 1544 1218 169 900 735 925 2574 1656 1489 2419 659 2837 134 1369 197 2200 1319 26 978 1663 906 1934 2241 2076 2545 2082 2034 860 2817 2840 1307 2130 1208 348 2454 305 2050 1054 440 992 2088 1261 947 1840 2133 1417 2649 1569 2424 64 563 2652 1796 674 1552 1649 188 1092 611 987 2628 2528 1046 463 1870 2411 1437 1386 1644 100 550 817 1993 179 1710 1422 445 2790 2826 1624 497 1407
000498.jpg,2502 2152 1515 5 2348 1605 844 941 84 244 106 2386 2612 214 1364 2115 1139 640 1198 851 13 1744 1591 2401 1199 2567 1616 2457 2056 2263 985 6 409 1221 1219 2726 2677 509 2768 2841 1397 1819 2162 1171 1525 1661 1371 1922 676 40 2160 1251 1768 1866 2182 2620 1882 1864 1144 481 785 2751 940 375 1603 1754 807 423 713 2421 1973 2304 2761 1064 448 2572 2203 2324 45 265 1602 515 1434 1570 1342 971 609 1687 2079 182 690 1960 298 2656 1953 1315 420 347 1113 334
000499.jpg,105 2394 1778 549 11 212 2718 1854 1946 604 778 874 2793 2711 58 1271 2551 1894 382 7 2204 539 1565 2485 517 1527 2763 1419 1585 519 253 819 114 1992 2647 515 9 945 1347 1729 343 855 1424 2147 2487 615 2824 639 490 2792 206 1667 998 1970 1915 301 243 2377 1154 2575 151 723 975 1770 680 1850 492 1269 1442 94 2042 1577 2102 1745 2251 2519 1247 303 2459 873 1142 1157 1534 610 773 916 870 2310 2110 248 257 337 2095 416 678 1068 1583 1351 1454 450
000500.jpg,1684 2298 1122 2403 2524 2584 557 1411 428 299 1242 90 46 2363 2710 1440 1735 264 349 2104 1009 891 2844 2215 1694 2185 352 879 1814 969 2541 2460 1278 1982 2138 2455 642 2635 273 2484 2412 1373 1238 837 846 2139 2340 2834 1129 2731 1539 267 667 143 2127 961 1925 741 414 2590 859 1497 2486 577 1615 641 223 77 706 1589 1338 2529 1807 1622 2371 30 2633 2189 1619 2797 317 1295 1549 2339 537 2092 2481 1360 991 697 17 976 1816 2158 1291 892 2269 2616 885 2473
000501.jpg,1343 983 1693 1019 695 310 1336 520 213 861 2022 2111 2737 1269 1945 2827 2408 1176 2190 1004 63 232 2441 1013 1749 2615 2566 2230 1087 1685 132 376 1298 2202 1856 1999 856 614 19 940 1743 149 1447 824 2745 1333 270 2141 1483 2160 834 424 1458 1434 2354 1867 2056 1093 16 1722 576 762 949 1103 2656 2547 1251 333 540 182 596 1448 1469 407 88 45 60 2016 1231 309 2048 1476 785 2413 707 2386 1849 2638 1161 954 398 1513 2149 2591 1535 2072 832 1228 1478 1907
000502.jpg,677 1839 1035 1390 1976 2291 2561 1874 444 725 1892 2497 2294 2757 1223 526 431 1439 2825 722 2728 461 646 1555 368 2510 1721 1725 2051 477 413 494 224 2741 2207 2436 447 1501 2440 1408 1055 1759 2625 1771 1027 574 789 2435 274 1166 482 2526 940 2665 2499 18 329 240 1928 1558 271 1940 2540 1606 165 531 2037 2542 1942 2003 1241 2057 198 2622 1677 1173 2089 1842 864 2784 2054 1944 2315 2580 1162 70 2766 2409 2220 1931 2772 75 204 657 395 1197 1463 682 2577 1825
000503.jpg,550 480 2130 925 2050 179 1369 348 2769 2454 2649 2538 26 1870 2714 1453 712 518 1490 1045 1569 1901 735 64 100 231 2241 2840 260 1092 168 2376 439 1552 48 197 2817 817 2650 2433 2289 715 1584 2034 747 2545 833 2375 1895 1640 659 1422 259 463 2721 1983 1316 433 1656 2309 2023 2574 1328 51 2200 623 977 1624 219 2088 2010 2676 161 563 1644 221 1151 1051 1172 606 173 1319 1710 2732 2397 1878 2755 1934 2272 1796 2544 2826 635 1388 2501 1148 784 2482 445 74
000504.jpg,2437 1447 1469 1672 16 60 2190 44 1990 1483 983 834 2202 1304 830 376 1836 1245 2058 1743 2745 1178 1914 2317 832 1103 1719 2129 1999 1176 1749 1450 95 1476 47 83 1224 2288 1593 576 695 824 132 2281 1277 483 2080 1714 2785 1838 2700 441 603 2296 1790 2016 1693 1620 845 584 1057 2523 309 269 897 2685 2441 2547 88 761 1996 39 1300 1713 2180 1548 2249 1449 1482 2083 596 2161 1919 777 1773 94 575 870 683 1252 2087 1131 1732 1980 1804 2239 2426 1499 1116 2335
000505.jpg,2288 1990 1601 1714 39 2437 2700 728 2000 1836 55 1224 1073 1116 1713 603 751 2275 2036 379 1450 1131 1732 269 339 2190 404 2080 2641 1620 845 832 83 1194 1529 2129 983 1548 683 47 2296 2390 1940 1483 373 863 397 1593 2239 1838 2605 907 60 1016 543 2016 2176 676 2656 441 1357 2745 2202 2395 44 2151 1693 1178 1243 1462 2518 2359 830 1447 1719 2494 2161 1914 1113 2281 1986 2015 187 1120 1053 1252 2653 564 2383 132 584 1867 1176 1672 2788 2441 695 1794 191 1346
000506.jpg,2210 98 640 2475 1501 128 1272 413 776 944 915 1241 224 995 2421 2828 2378 1162 136 409 353 738 1902 781 2520 2003 1674 13 2325 1038 1817 15 351 1711 1219 1954 347 2214 196 796 308 1700 703 1582 1819 1835 1553 672 2001 1484 272 1654 384 1430 2154 2599 646 1225 2589 156 1949 1666 691 2577 1957 831 1478 1222 985 2107 1976 370 569 2380 110 289 1074 293 1657 854 1793 2474 828 121 323 2054 2090 1420 2108 1864 1881 1558 2671 1226 1928 933 896 1699 2808 1890
000507.jpg,2173 239 2794 653 296 356 2280 1282 1378 1127 1755 408 268 2091 1011 1274 1568 2236 2396 805 2765 1843 1050 1475 209 139 2693 2232 758 455 389 1262 1875 89 131 452 838 467 2429 495 806 780 2285 534 1789 1967 1022 1781 314 390 1831 2059 49 927 464 1756 31 1655 822 799 1465 2244 245 1706 2137 1635 1662 1787 241 484 331 2316 1024 2465 2505 125 478 1039 655 290 2142 840 2531 726 786 1248 53 2025 1932 326 580 449 501 2698 1317 858 1438 2164 1503 1972
000508.jpg,1810 2509 627 1075 249 1212 202 1012 2583 1406 67 165 1944 1733 2224 2728 725 1001 899 137 2294 2207 2135 1076 2558 1055 2825 1937 2744 1825 2382 1448 1464 2350 1056 1874 1606 2615 1609 232 24 1639 2248 2708 541 1945 751 1590 2813 424 1259 2766 2286 2121 948 902 540 1841 2390 1986 520 362 404 2258 1950 1529 682 2033 2637 371 1725 804 1626 2393 590 1611 1722 2447 2020 1382 920 93 2701 378 1452 1867 2329 917 2143 447 1195 1805 693 146 794 2525 1800 1463 499 775
000509.jpg,2327 2456 1724 2174 280 1947 1792 976 2418 1664 228 1575 1580 2125 2374 1234 1877 1930 1392 1758 1348 2694 1276 1776 263 588 170 57 1375 493 210 548 1193 2548 2206 133 2659 514 801 1457 880 884 857 2330 2581 885 2198 583 2672 1350 2229 1292 656 1665 130 2127 1345 746 82 934 1857 1861 2356 797 366 1887 158 704 242 756 287 1522 2321 689 1086 2186 2187 2739 1542 2662 294 1551 2332 2461 1765 1229 1675 2039 842 2123 185 1377 1432 1191 2184 798 1043 2004 1034 663
000510.jpg,1791 1470 930 118 2065 517 982 1977 1651 2252 1578 2225 1531 2310 2778 875 579 1210 567 311 887 808 2328 1854 748 2349 928 778 1583 227 7 841 639 2711 1657 382 2491 1063 1271 916 945 1970 2357 25 1179 1851 1209 2793 2796 571 998 2682 975 763 1579 2416 1058 2609 2042 1367 2559 2140 1567 513 1211 2049 2792 1354 919 1769 566 2379 1301 151 2304 1645 528 1667 2459 1978 1132 114 2723 451 2488 2729 492 819 2575 1604 1879 1555 243 2647 288 1588 2446 1174 1770 2026
000511.jpg,2311 49 858 1612 525 1918 113 2164 1781 2794 1141 654 1505 625 27 1787 430 1829 936 1220 679 2398 2396 1506 1972 2465 2505 2279 1692 1598 252 655 753 1216 245 2611 408 1921 331 1127 390 1472 108 2091 1662 1248 1356 2821 2017 239 1168 1299 1635 2402 2669 1568 131 268 721 346 643 786 1780 467 840 2467 2765 383 1140 1024 1282 2025 2070 452 1875 449 2142 138 1500 1021 2061 1465 2634 53 1715 2173 758 464 89 225 1262 296 455 2285 52 1048 1435 2137 1378 628
000512.jpg,1381 2545 1658 2034 1569 1796 51 1782 1640 2439 2826 712 1218 1444 2836 100 715 1544 1328 2433 1623 64 1261 1679 1926 2721 1878 305 260 48 1437 1407 1486 1617 169 2713 2790 900 2082 559 1663 925 1045 2241 26 2309 1316 860 563 2837 2300 439 1369 1584 1489 2528 674 978 562 1644 2817 221 817 1752 2023 1307 1417 4 947 2272 659 2454 2574 1490 312 2650 943 497 1870 1934 1545 2045 1649 1656 2628 1993 1405 348 2411 2130 197 1901 1624 2714 2419 611 1552 1102 992 2088
000513.jpg,2644 529 395 962 1801 2561 1035 1839 2323 1394 1230 2277 70 1798 1125 1753 2777 2759 2510 461 1683 2772 1834 2149 2015 18 2478 951 2818 572 789 1842 2504 431 240 2077 1252 1971 1213 2242 39 1162 1759 2066 2757 1257 2546 304 2178 1357 1334 1666 2288 1115 646 2656 545 2443 1306 2128 2000 328 2054 589 757 2457 1175 1389 1938 766 2113 483 315 2663 581 374 2579 485 658 1161 1561 1219 1427 2784 2238 101 1353 2381 1786 1700 1513 1976 2003 1418 1451 2409 1951 1847 1833 1689
000514.jpg,2018 2284 914 1493 719 2146 764 2008 539 1289 190 1351 35 450 1772 723 303 998 1577 1534 1583 2551 2824 2585 1359 1157 1121 873 778 1915 14 2536 615 382 1970 2434 874 1136 1985 517 1745 2209 1854 916 812 825 929 2711 227 1246 765 652 549 1651 779 2336 1574 1347 2426 540 212 2252 639 2019 1578 2792 2485 1791 2042 2405 254 118 1204 1729 206 1179 1213 1063 66 343 2333 2066 1247 282 1470 1595 2225 604 1785 1087 2682 2718 58 457 1997 7 841 1977 2204 407
000515.jpg,536 569 1132 121 988 1588 2090 193 1268 1065 1145 1047 2747 571 2786 680 1089 2108 2668 2098 332 1162 1562 2333 2384 156 979 1418 2227 1651 429 213 666 554 729 1241 1023 2577 517 1404 1657 1888 1203 2798 731 1074 2743 1890 1729 2029 2629 103 1970 1793 2636 199 841 1186 308 1448 778 1323 2471 1256 2314 1391 1431 930 164 1578 688 703 135 754 36 2539 2107 691 1470 2055 2624 289 886 2042 823 347 1033 502 401 2078 427 232 141 2126 2423 995 2599 945 1100 1740
000516.jpg,1791 1977 2328 1531 748 1583 1651 1578 1179 1470 2349 118 2778 1579 2792 2491 998 517 2682 778 639 567 930 1063 982 579 887 875 928 311 1854 1970 2793 382 1729 2416 2252 916 42 945 808 841 1210 1657 975 297 851 1667 1904 2225 227 2065 2471 284 492 2612 2042 2711 103 2459 2160 502 2507 2333 2647 2304 1232 1769 1354 923 1154 335 7 1271 1177 1512 997 25 2090 214 32 684 2079 2224 2601 819 9 1401 917 2729 187 919 1757 2033 990 952 1235 1448 2073 1797
000517.jpg,2433 100 1569 2650 2545 2713 64 439 2309 1490 2034 168 1453 1640 48 559 1901 659 2826 563 747 260 1316 51 2721 2272 2088 2376 715 201 2556 645 1416 2289 1096 231 1796 197 1051 562 1584 1123 2011 978 1878 1586 1218 497 1307 2023 1486 1782 2439 1658 1496 155 305 2419 1046 1381 1552 2007 2836 1948 2352 2815 712 2241 2755 900 2454 2133 992 674 1965 2628 1148 1860 194 2553 1045 1649 906 1870 2130 1544 2732 1840 925 26 1261 1158 735 348 1752 2769 784 1422 440 445
000518.jpg,472 1520 1 352 551 1025 1059 2092 2371 2486 2139 1540 2833 537 1837 234 1009 2455 741 2385 403 2801 307 2727 2100 837 1618 1629 913 1572 642 1982 264 1815 1619 342 1994 1571 2253 1622 685 1409 2616 46 2412 203 2340 1524 2740 2635 1925 17 787 1660 2063 1366 262 2338 2158 1159 846 810 1101 1698 2484 2269 195 1360 2844 2223 1201 267 1694 891 2576 2205 716 1807 667 1122 969 2692 1509 237 71 1338 1295 1445 317 1238 2189 2584 892 2213 2781 1630 90 888 577 1071
000519.jpg,2249 355 897 935 761 957 1006 443 586 2167 1425 1790 1057 834 2452 2422 1865 2523 924 1449 1090 38 8 1052 1321 2317 1145 1305 2268 468 1671 2555 1308 1560 459 724 1044 2446 2449 1082 34 2245 516 2096 2058 2750 2111 47 1098 1200 1396 599 1858 1697 2261 1104 666 1621 448 2535 1065 2168 1661 2362 1995 183 1550 1610 2642 2627 393 1132 2277 2313 325 2747 2591 728 328 2118 836 187 42 1047 229 1727 1219 2498 2700 1391 908 661 2188 1669 1906 205 571 141 1588 1596
000520.jpg,376 1483 1447 1749 2190 1469 983 2202 2441 1476 2700 603 2111 728 830 132 1178 1194 824 1176 1914 1620 695 1672 1856 1990 1336 1450 2080 2745 60 1103 149 1013 88 2522 16 2827 832 95 1004 1867 2317 55 2547 1298 834 1999 2275 2129 1836 1714 1343 2437 584 2422 632 1093 1482 1732 2523 1019 2016 1064 397 1713 576 1838 1224 45 2641 2141 1743 2116 490 1535 954 1996 1760 2176 63 1678 2785 1104 683 34 2058 1693 44 516 1147 1269 441 1016 2737 777 596 1712 2048 1116
000521.jpg,1578 1920 2252 1651 639 2682 841 2357 945 2647 2042 2310 517 1367 118 1566 1770 2723 1179 1791 1977 1063 1579 114 2328 2097 2660 1239 1667 916 1657 1368 1470 1531 1211 2711 2491 819 227 778 928 539 1854 2225 887 1583 2778 2792 875 952 998 1585 2026 9 1769 2575 382 579 1354 512 571 567 566 919 975 1970 930 2304 748 2793 2392 1772 1210 394 1493 2824 914 492 1567 982 25 2729 1729 1351 35 763 1271 1879 549 1132 615 1906 873 2488 450 1449 2426 1209 190 1588
000522.jpg,2185 1440 143 2363 557 1366 2460 1694 2529 1122 2298 386 2844 267 1196 299 1982 1238 1807 1925 2584 2139 879 1684 1549 2672 1619 2215 46 1291 2468 1411 1660 1776 2633 1009 718 1814 264 1129 837 2092 867 1191 2739 1877 263 2833 1480 2616 1514 656 2731 1629 349 226 2710 706 2385 801 2075 697 795 2321 2484 1264 1295 2797 1542 1622 2541 991 2127 641 2590 2703 1494 2771 234 720 969 2206 2517 885 1862 2607 1522 1816 130 667 797 2356 1735 1445 2371 2412 1589 2189 1571 1947
000523.jpg,574 2057 2291 1223 2220 2719 494 939 2526 1931 2704 482 2051 1439 1408 1433 1949 2766 2440 2183 1874 1558 447 1942 725 2319 2294 1452 2728 1725 1944 2054 1055 1166 2580 2741 677 994 864 2089 2617 1555 1928 1056 2825 2037 293 1868 853 274 722 1777 140 2589 1892 182 526 1771 1881 2475 2665 2639 2436 2143 271 619 682 1478 2787 409 24 2625 1333 165 692 974 93 1605 790 2207 2438 368 2708 895 116 1606 940 146 1937 110 2435 1185 1228 995 1087 2409 646 444 1298 804
000524.jpg,1373 1807 1122 2731 1295 1440 2771 299 262 741 1539 641 2403 1238 2584 267 428 2185 2298 1411 2139 557 1684 1814 2529 2524 991 1291 1694 1242 143 264 1129 1982 2797 2189 2710 2844 888 1589 2371 2833 537 273 2092 2104 969 2269 1735 642 891 2455 2226 1514 2709 2801 2363 2473 1360 46 837 795 667 1925 2385 1549 2484 17 414 879 1009 867 2776 2127 1278 958 787 30 2271 2460 1619 687 90 352 2616 697 1622 234 1571 2174 1366 1446 2541 2340 386 638 2576 1522 1 226
000525.jpg,2138 2298 912 1994 537 2473 1735 1684 2100 2412 600 1264 2614 1360 2185 2215 642 1129 1258 961 665 1446 2338 1338 2584 1622 299 1009 46 1630 1294 2139 414 1411 41 1964 1982 352 1828 2484 317 2460 428 846 2371 2266 2269 166 557 1814 1837 616 1812 1618 2486 2186 1520 2833 2524 237 1122 1373 2738 2481 1539 2529 837 2223 234 195 264 2063 2635 1440 641 2820 2616 2399 1698 1270 879 1575 1652 2372 1571 1341 2834 349 958 1095 2801 667 2731 2255 130 867 157 1159 1607 1572
000526.jpg,1785 1228 2546 1166 1087 1213 1333 251 1928 63 2022 1257 2066 374 1513 1161 182 2542 1019 1115 2409 2113 2149 1389 1561 2656 2504 1847 695 714 1298 898 101 1558 1137 2540 2040 1427 1786 1353 617 1334 895 1883 545 93 789 304 1176 1590 1773 1971 2700 1743 364 2242 132 576 465 751 1300 2784 310 1685 2178 483 2827 2547 76 1693 1478 940 1207 395 766 240 1357 2579 2207 2381 737 1825 824 1434 2699 2016 2238 529 634 803 1798 1394 596 2209 2072 683 1772 328 149 436
000527.jpg,2456 2174 2327 1877 228 2418 493 1724 1457 1575 2739 976 1930 1234 280 1665 1229 1350 2659 1758 82 656 2039 857 2332 77 2356 1792 1276 2374 1191 1776 704 263 1542 885 2206 801 1580 210 2321 170 1857 746 1887 2198 57 2694 2229 720 2662 797 1664 934 2672 1551 1375 880 1861 2125 1522 1043 242 2548 514 2123 706 689 287 294 1196 548 884 421 1193 1947 2461 1030 1086 133 1358 366 859 1675 756 2590 2127 1348 158 1345 185 2330 2155 2581 1034 842 1576 687 2184 2187
000528.jpg,1882 244 1768 2386 1139 214 851 732 2160 1221 2348 2048 2115 2502 1616 1515 398 2203 2761 181 1458 84 2841 285 1953 2056 620 6 1605 2612 844 941 40 1797 2498 1889 1726 2464 2688 546 909 2567 45 582 2182 475 2503 2263 1744 2278 1738 2079 335 1602 1866 1426 2620 1891 1232 1315 2591 423 2401 1397 1144 1907 1536 509 2230 2457 2404 1364 2751 2521 2643 1198 5 2109 2656 2608 1083 2768 1199 940 2494 1488 2152 2623 1596 2149 474 510 1318 420 1610 956 759 1214 2421 2197
000529.jpg,2792 1354 1583 998 1791 919 639 118 952 1470 1579 1531 887 1769 841 2328 567 748 1977 975 1578 945 2647 2778 1179 1063 2491 1667 1651 2682 930 1657 9 2711 928 2252 2793 2304 819 1854 778 382 1920 517 1770 764 808 2416 2065 2729 923 1970 7 1864 579 719 1585 1819 1351 2284 114 2575 539 2824 2361 2042 2333 2349 2334 875 2008 1729 2225 2097 492 2146 914 515 35 2459 569 1493 190 982 1344 1211 2723 536 2018 1154 1985 571 1772 2462 1512 873 738 1162 2090 103
000530.jpg,1394 1801 614 1137 545 658 2277 2759 1786 1087 395 727 374 2072 1207 2644 1389 1115 589 1898 2546 529 1451 789 581 1228 1971 1178 2540 1213 1683 766 1361 304 328 2242 1162 2000 1106 2238 1257 2579 898 714 1558 1513 341 483 1561 2054 2504 60 1161 2178 2700 803 2409 695 2288 2114 1785 572 63 564 251 1230 1559 132 1951 1452 2113 1306 962 2785 2317 240 1173 1166 2066 1175 617 2787 2580 1447 2523 1928 757 1300 1798 824 1027 39 2381 1093 2323 646 2003 2149 1019 2040
000531.jpg,2612 2401 2160 2079 335 1336 1364 1214 1177 2230 1315 1013 1907 924 856 22 2591 2604 1632 1891 309 2751 107 333 96 762 2414 2554 2841 2060 1171 2386 2216 2153 1363 1889 1251 189 1471 2567 785 894 1217 419 1703 844 2705 1927 5 171 42 1515 1104 2555 2643 2498 1605 45 1064 2831 183 1365 851 1032 861 2608 1723 2278 2457 759 2313 468 1685 732 2182 953 1610 2641 2571 1288 1487 1277 236 1797 2476 2346 181 2111 1727 6 2502 2188 620 300 2162 2816 411 1232 621 1661
000532.jpg,1752 1316 2556 1840 2241 1636 445 440 1496 2840 2836 2272 2433 2628 1416 1649 1096 1965 1051 1422 1146 2439 900 1948 735 1218 155 1782 2826 1381 1544 197 2289 1878 1045 2837 559 1307 1658 950 2650 563 1123 259 978 2088 2815 51 1552 312 1569 2309 1586 260 4 2352 169 1545 2424 2069 2545 1407 1640 194 1148 433 2454 221 2832 1102 2790 2082 992 712 817 305 1901 1319 2270 1486 2713 2011 1993 1796 747 1261 2389 497 613 2817 2652 1202 611 2721 1437 2367 1934 562 675 674
000533.jpg,1221 285 6 546 759 1541 820 732 214 2348 2643 1603 956 1882 334 181 582 1139 196 1797 620 372 1744 909 244 1318 448 2203 411 298 750 807 1738 2726 669 1400 2179 2841 1488 2688 1602 1084 621 106 1687 2386 1315 922 829 1536 1227 2521 5 1153 2612 2807 2502 2677 1184 409 2474 2160 1412 236 1364 1502 1702 2162 1083 1768 1420 2623 973 2691 1866 510 45 1188 308 384 1761 476 2476 1251 2608 1322 1953 84 690 2620 2107 1203 2171 1064 560 322 1525 2079 2210 2263
000534.jpg,1636 2556 518 1316 1752 1422 1840 2272 155 950 2538 1102 1496 2367 2832 2069 2088 1405 312 440 194 635 2352 1965 1202 2389 2133 735 1319 2241 2270 2628 2082 260 1948 221 2631 626 987 2439 1051 1148 1146 2837 1775 2312 611 2044 613 2840 85 563 2501 1544 1307 1045 2424 1362 1552 747 259 2289 1649 2433 2650 2836 2148 1092 1096 1624 2790 4 2815 1878 2397 556 2652 433 463 817 2732 319 2300 784 1640 1983 2735 943 1569 1545 231 445 1029 906 978 1934 675 606 305 977
000535.jpg,2522 407 2386 1364 2489 844 1083 1064 462 45 2612 187 1093 2111 1846 732 1251 2326 1797 1104 1515 1517 1702 1856 2056 516 5 2457 2827 2733 2263 2498 1177 736 2159 851 1336 183 1669 2643 1734 2591 861 2360 2684 582 1596 2254 2019 40 762 1536 1467 2233 107 181 2604 2555 2641 1347 1690 34 2422 2176 457 2160 212 1169 2234 954 2192 636 1028 794 148 509 917 1488 1685 96 2203 510 2090 2401 1696 1729 1318 2536 2116 2278 2260 2447 539 2129 1626 2586 1714 680 2016 2128
000536.jpg,484 1568 390 2059 389 1635 2232 2765 758 2091 840 314 1967 49 1662 467 1781 478 1124 653 1755 1282 1039 408 1317 2053 1024 2236 239 1395 1932 268 2429 1475 89 2465 2505 1378 2173 2407 822 1037 927 786 2164 1789 2137 780 654 1011 108 1262 356 296 1787 1756 936 464 2794 2017 1008 1050 2687 2715 245 1220 2301 1715 1465 1127 1921 2634 799 2611 1026 455 2396 805 806 125 2244 534 1843 1500 326 1706 471 1438 131 1875 331 456 580 501 2280 1813 129 139 1281 1831
000537.jpg,1389 1115 2113 2546 304 2178 1213 1951 1353 2066 251 1175 614 101 2409 374 1798 589 727 658 989 2040 2022 1883 1306 2381 803 364 1106 898 1230 646 545 2504 485 1333 1559 1137 436 714 1166 789 572 1427 962 215 2579 1161 1394 2149 2054 529 240 2644 1900 2759 1558 293 2540 1300 737 1786 2784 2000 328 1785 1257 395 1683 2787 1513 1971 581 766 341 2238 1334 483 1357 63 2072 2114 2024 1561 1451 1228 1928 1207 2242 2323 2277 1361 1818 564 2542 1027 695 393 2589 1019
000538.jpg,240 483 1304 834 1300 309 2784 824 60 1449 2058 789 2579 304 1394 2288 757 576 1749 328 545 596 1277 1898 2178 1801 2644 2547 2381 2281 983 1743 2625 897 395 39 1804 2238 1106 1176 1683 2149 2317 1593 1353 695 967 2277 962 766 2323 2504 1892 2759 1728 1771 754 461 16 1231 333 1672 1161 2190 2197 1971 856 1178 251 1513 1976 1727 1719 614 2546 529 2437 1162 1254 1999 132 1883 1361 44 1790 1476 1044 1427 2202 589 572 1447 658 2054 95 1786 1996 1693 1230 1245
000539.jpg,1782 2836 1381 1544 169 1658 1444 51 1649 1663 2837 2439 712 1054 2628 1679 1218 1623 1640 1045 1617 1328 2707 947 2241 305 1261 497 1486 1586 2767 1569 1307 559 440 100 1489 674 1840 260 900 860 64 445 2840 735 1437 2272 2826 1422 1934 2545 715 2433 1051 563 2130 1993 2528 2817 978 817 2352 1552 1416 925 2034 1208 2721 2790 2076 992 1624 1644 1417 2713 197 2411 348 1878 562 26 2574 1796 74 2454 134 194 1316 1710 2815 1369 2419 1123 1046 2133 2397 2650 2358 155
000540.jpg,2437 1447 1469 1672 2190 44 16 60 1483 1990 2202 830 376 983 1178 832 1450 1103 1836 834 1719 845 1304 2745 2080 441 1620 603 2288 1476 1743 824 1914 576 483 1749 1693 2058 47 373 1176 95 2317 1057 83 1482 2129 2296 695 132 1732 2281 1224 1245 584 1999 1300 2523 39 2275 2785 1996 1714 2016 1838 2441 2161 1593 269 1713 2700 1277 1131 1073 55 777 728 1016 1523 2383 1790 2605 683 761 2547 1309 291 88 1252 549 1116 1804 1449 1535 1980 1919 2830 2560 1548 1093
000541.jpg,1643 549 2734 1625 910 2210 2204 2081 1963 233 539 1255 196 1600 2218 1864 254 1819 353 2824 2001 1504 2336 2485 1041 615 1347 639 914 765 212 1351 1272 448 1915 56 701 2391 909 1762 776 13 1595 35 1402 2361 2032 1751 1436 781 3 1525 585 874 2647 58 2793 652 2334 323 812 869 1642 214 2067 1534 2416 1754 1371 1113 9 1493 1157 2551 851 764 1226 1577 222 2841 719 2691 84 1985 1477 1322 409 928 640 1661 1121 1245 956 1757 2348 347 450 98 7 1657
000542.jpg,401 177 453 1903 2122 2055 1023 2829 443 1085 2163 2679 816 461 586 2274 141 850 1808 1006 72 1082 380 1308 1628 1090 1155 1763 1688 2535 981 1163 2342 924 8 1736 1162 1839 325 2644 1035 2747 475 755 897 703 2636 2355 2009 1801 477 1487 760 1047 1671 2775 2561 2450 1173 935 2098 460 2841 1976 2361 399 529 745 1305 2362 459 594 1404 1027 975 1233 1474 922 1219 1394 2750 2700 222 423 1415 1322 156 1203 2335 1599 395 2167 2443 834 2587 2218 2463 1504 2003 2808
000543.jpg,1520 2635 317 1338 352 642 1 2486 537 1618 2727 307 1540 846 2100 472 2340 2255 234 665 2371 1360 1572 2455 90 403 1258 1009 1630 46 1622 1994 1837 2481 2138 741 2811 17 2092 264 1159 262 2833 2139 891 577 2385 2412 1698 414 2403 1025 2484 1509 2399 837 2223 2063 195 1615 913 1446 1982 600 573 2298 2269 1815 1101 1409 888 1294 1571 1812 2738 2616 1278 892 1122 2801 1629 1735 428 616 147 1295 961 1411 2584 1684 1059 2158 1181 2338 2372 2253 969 2710 1366 551
000544.jpg,658 589 727 1558 898 1394 2178 2113 1389 304 545 1213 572 1951 2066 2546 962 1175 714 251 1230 485 1798 1027 1106 2277 2504 2644 1306 2409 101 2024 2054 2149 1559 1228 2022 1115 1333 1257 529 1207 2323 1801 1087 1166 2072 1427 2589 1162 1786 2242 1357 1881 1971 1353 1785 395 1451 1361 2759 2000 924 2040 938 1683 581 1334 240 1666 2784 650 2381 789 2114 1250 1125 1711 63 374 2579 2288 1928 308 1839 1597 1883 2777 2656 426 766 614 803 364 2841 328 121 989 737 1900
000545.jpg,2018 2146 2284 719 1289 2008 539 998 764 190 723 1534 1157 914 1351 1359 1577 2585 778 1915 1493 35 549 1583 2551 382 615 303 2824 1772 14 916 2405 873 1970 1985 825 1745 206 227 450 1204 2434 343 1121 874 652 1651 604 58 1854 929 2204 779 2792 2336 2711 212 1246 517 1128 1578 2252 1136 2453 1247 639 2536 831 272 2426 812 1179 2485 416 384 1957 2582 2334 2682 1420 2361 2042 560 738 2462 2214 2718 1347 254 1222 765 1997 1344 2107 3 1588 1574 2157 1595
000546.jpg,6 1221 285 807 759 732 214 1603 2841 1139 546 2348 2643 820 1891 1723 2171 2160 582 1797 1882 620 1541 2810 2612 2502 5 1953 650 2666 106 2816 2401 411 1605 2079 621 1602 1153 2043 2152 181 956 940 244 334 1199 189 1702 1260 1364 1610 1515 909 1083 1397 2688 2060 1916 308 2386 2230 2056 468 372 2346 1188 1433 2567 2591 844 196 2751 1217 1227 2705 1927 171 1558 384 1420 2620 1336 1858 762 409 609 375 2768 475 1315 335 1738 2831 2107 1296 1251 236 1761 2725
000547.jpg,113 331 654 1008 1715 430 936 1781 1921 1635 390 2407 655 2611 1395 1293 2402 471 1438 1317 478 1097 2465 2505 2062 580 159 643 1505 1787 2061 1972 525 1140 1912 2164 1967 2311 1026 1662 2406 625 49 1220 326 1647 2301 245 2467 858 346 786 1756 1011 679 1124 27 1929 2398 1730 726 721 1506 1037 363 1875 2715 1612 1648 1706 131 402 1048 108 2765 1216 1024 999 1941 753 1018 464 1598 628 1822 449 1780 2821 2017 782 31 1503 840 2053 1356 2236 2669 268 1568 1475
000548.jpg,939 2057 574 482 2220 2291 1931 2526 2704 1439 1408 2051 2440 1942 1433 2183 526 994 2639 864 1223 494 2728 271 2719 598 2766 1725 274 1874 1558 725 1949 2683 2294 1928 1892 1166 1771 368 1055 2319 165 1452 447 1555 2037 293 1087 1944 1721 2589 146 2741 2825 2054 2499 2558 2617 677 2580 647 608 2625 1056 2787 140 444 2436 1228 2089 1876 2207 948 1777 1868 804 1937 2445 1677 93 1881 521 2382 895 682 1590 1298 853 1473 1639 2708 2427 1825 2475 1185 531 182 1330 898
000549.jpg,2640 2798 1145 729 979 2539 2786 2629 2668 1023 2227 897 2839 1266 141 135 2108 36 499 2042 1431 988 1588 1631 340 569 213 2570 1562 558 1047 2098 2295 536 1070 757 193 1033 332 1132 2317 983 2111 2808 571 1952 2031 2747 2335 121 1906 1685 2384 2451 1329 1621 21 540 1429 2221 243 733 666 149 2090 2413 754 176 1065 954 2055 1304 2190 1890 554 1396 1719 834 2795 184 1999 1728 1271 1268 1483 394 2555 832 2745 2729 1176 2140 1499 78 1865 1651 16 199 612 866
000550.jpg,1588 1132 569 988 193 121 536 2090 1431 36 2078 1492 142 1793 1065 332 2668 802 1553 1430 1699 554 429 1256 1562 2786 2024 2743 1888 1033 886 213 1890 555 2108 1478 2029 868 979 571 1686 597 199 1393 1886 289 21 184 1719 2227 680 2217 2415 340 176 427 2384 1418 967 2451 135 1053 2638 2423 1236 2295 878 1383 417 1398 558 426 2413 24 2729 1268 1162 1296 2143 499 2430 681 1334 733 1689 901 2380 1804 2320 1448 424 2323 80 62 111 1688 1984 1404 401 1728
000551.jpg,1810 627 249 2509 1012 1075 2583 1212 202 67 1944 1406 165 1733 2728 2224 725 2294 1937 1076 2207 1055 2382 1056 2744 899 1464 2558 1874 1825 2135 137 2708 1001 2825 1448 682 1639 948 2813 2248 1606 232 1590 1609 24 2438 2615 751 541 902 2286 2393 1945 2350 804 2390 2766 1725 1841 424 1259 1986 2033 1592 1950 520 1529 540 146 917 93 362 1452 371 2020 447 404 2057 1722 2637 1223 590 2258 920 2143 378 1611 1800 2701 2683 1867 895 2447 2211 1195 2329 1626 2291 2121
000552.jpg,2249 761 443 586 1057 834 8 2449 935 1447 1449 1671 1090 2464 393 2641 1425 1006 728 355 957 2058 55 1596 1104 2117 488 745 2129 325 845 924 2555 897 2317 1880 2452 2096 1277 1065 36 1321 1669 983 695 1462 1474 2190 2535 1588 2167 1719 1178 2136 2016 2745 1621 1499 1431 2725 1132 83 1047 2296 632 187 594 599 2197 2258 661 1483 2498 1176 666 1244 1727 2442 2627 38 2562 2268 2747 1729 2333 1487 1082 1865 762 132 1523 1016 571 516 1308 536 861 1469 584 1380
000553.jpg,1447 1469 1483 376 2190 16 983 695 614 1176 60 2317 834 2202 132 1019 824 63 2111 1476 761 1693 2745 88 1343 2547 2441 2016 1749 1178 1914 44 1856 2080 2737 1004 2249 1450 1719 1996 728 632 576 2827 584 490 1672 149 1298 1999 830 2129 1087 2700 2288 1103 55 2656 1093 1482 832 861 603 1091 1867 1743 777 1836 2437 2641 2555 2523 1194 1620 1104 1269 1898 949 1336 940 2785 1304 1713 310 1990 355 1685 95 1013 2149 596 1073 954 2197 1394 2390 1458 393 1224 39
000554.jpg,569 536 121 1132 2090 1588 193 988 1793 1430 1553 554 1699 429 1562 1065 1492 142 2668 1256 2078 1890 1888 868 332 289 36 1431 2786 2217 2415 176 427 571 555 681 2108 199 979 1162 2729 1657 1711 703 2029 2227 1033 136 802 878 901 2423 2384 886 680 340 1268 2599 308 401 1817 453 2743 2107 1654 930 1478 1053 560 2304 21 417 1666 1582 62 1484 1886 2568 1173 1954 2380 1027 938 1225 2475 743 995 1334 691 738 1074 928 2589 2267 1420 1418 384 1296 1150 1952
000555.jpg,2217 2078 1793 1699 2108 1492 2415 1890 2423 142 429 1553 1430 802 417 1256 555 743 199 2304 1033 923 1562 2668 78 302 62 500 2029 868 2568 554 323 886 1398 878 597 289 1065 21 1686 332 1888 528 292 1588 1769 681 2520 901 56 1599 2210 427 1478 361 2743 569 975 1886 1431 1053 193 2032 2559 988 1132 2380 176 2618 2451 571 1499 2267 2047 893 2430 1038 733 1374 340 1189 660 2384 2090 2533 184 2074 432 1770 640 36 866 1236 2227 2671 1393 2729 1418 2354
000556.jpg,72 461 2679 1163 453 177 760 2122 2829 2775 164 156 460 1903 2009 1415 1628 2577 816 515 1872 660 174 2722 1065 2163 401 2108 2304 2636 1717 1219 1023 975 172 1739 1256 571 9 1599 399 2668 1769 1808 2218 1085 50 332 542 1162 1579 923 2587 554 1893 380 2664 2074 1657 1504 1976 1155 886 2469 981 208 2782 1418 597 2098 99 477 2274 1000 595 2032 1890 417 731 355 2729 1839 429 2443 141 322 897 2055 1688 2369 54 289 2126 1853 1035 1252 928 1394 1510 73
000557.jpg,1006 586 8 443 973 468 448 1090 1766 1015 1697 1671 453 935 744 325 2535 2404 745 1515 1610 1474 1570 2115 1891 2464 2498 1858 2124 1082 1139 2109 1162 244 2118 1866 1723 1308 2167 2249 205 2706 1285 2705 2725 2313 2591 1203 2620 980 1889 229 423 1596 2096 609 909 1979 1321 1380 2016 957 1426 355 1763 461 2841 2366 1560 924 393 488 2156 2831 2449 1061 177 2688 1322 1537 298 1616 1953 2457 1884 1696 1065 2163 84 459 571 37 688 761 2829 425 475 2463 971 1250
000558.jpg,2794 239 2091 2173 653 1282 1378 356 1011 1127 296 2280 1781 408 89 467 2765 49 268 758 2465 2505 1568 389 2396 452 2236 1022 2285 139 1843 2164 2137 840 209 131 525 838 2142 245 1475 1789 2311 495 822 455 1662 1755 936 1262 1787 2611 2232 1274 1248 241 464 2429 1875 1831 390 625 786 858 654 534 331 1024 1465 780 31 806 927 1655 2693 1706 1039 1967 125 2634 53 484 1635 1503 1356 805 108 1756 478 580 1050 27 1918 2531 643 1505 2244 113 1921 1438
000559.jpg,1221 6 2502 1515 2152 1199 1603 1605 2348 5 1570 285 980 1884 1610 2118 690 1723 1139 807 1397 759 973 1922 244 844 2620 375 546 1285 1537 582 298 420 1015 1891 425 106 2768 334 448 1687 475 372 1198 1364 531 1602 1738 1591 2666 1916 1882 2115 2705 2457 2706 2494 423 409 2612 1953 820 2567 650 411 2079 300 2841 1488 985 2043 1007 1616 2056 750 1628 2401 322 2386 126 1061 1296 1973 1083 2128 474 1342 1767 84 214 2014 1412 1954 931 941 1541 1654 2263 2303
000560.jpg,100 2721 64 1569 1640 715 48 1490 2545 1316 2309 439 747 562 2433 2272 51 2034 1381 559 2826 1307 1453 2713 1416 1796 201 1658 1901 305 260 674 712 563 1051 1218 1782 1054 2836 2628 659 1123 1649 497 1586 2556 1860 2241 2376 1948 2439 1965 1444 1096 900 2352 168 1486 1544 2650 155 978 2088 906 1045 2815 2023 1148 2454 1878 1840 735 169 992 1261 1679 1422 1552 2076 1496 1437 194 1617 440 1870 1046 197 1584 134 2817 26 231 1328 817 645 445 2419 611 1710 1663
000561.jpg,1776 349 2206 1619 1009 1861 267 837 2298 2158 1238 1350 2672 2123 2541 720 1191 2844 2215 857 797 1122 1291 687 1575 2327 2548 2356 2456 885 264 1877 1193 656 1724 2659 2581 1 2385 1229 859 82 2834 2797 1930 228 1925 2198 880 884 1520 667 421 2321 158 1887 2739 2584 891 1440 706 234 1509 741 2412 2461 1792 1457 2189 2590 2332 2662 969 1862 756 976 2455 2174 2529 1522 1196 958 1542 1684 2371 1580 2127 2039 2709 557 2363 2330 2186 438 1758 2473 1375 130 2187 2727
000562.jpg,1453 1316 2713 201 1490 2309 1860 2433 1569 2272 2721 747 1965 64 260 2376 1901 2241 2556 1640 563 100 2826 1496 439 659 1636 2815 51 715 1658 1123 2088 155 48 2650 1381 559 784 497 1218 2007 1586 562 1422 1552 735 1045 1148 992 2545 1096 900 2628 712 1416 231 1840 1752 2840 168 1307 486 305 197 1046 2439 2337 674 1878 2046 2289 1948 1993 1486 2454 2050 440 550 1051 445 2352 134 2034 1796 978 1848 2732 906 1158 1054 2836 1428 2011 2130 1444 194 2133 1782 2069
000563.jpg,1578 2252 2682 1179 1651 1977 1367 841 1583 639 1920 945 2328 1791 2491 1063 1579 517 2310 118 1657 887 2097 998 2647 928 2778 1566 916 2042 1368 227 1531 1239 1354 748 1470 114 952 2792 778 1770 930 579 982 567 975 2225 875 2723 1667 1729 919 382 2304 2357 9 1854 819 1210 2711 2416 1970 492 2349 1769 2459 571 2333 311 1154 2488 2729 2793 808 25 2026 2575 763 539 566 1211 2065 515 923 1585 512 1271 2824 1879 1493 1351 7 2379 2559 1772 1528 190 1864 528
000564.jpg,2371 2092 2063 264 837 262 2484 2139 234 2833 1994 2616 1360 1009 2455 1520 888 2486 2727 741 1622 2412 2100 1572 1630 1 1814 90 1982 2635 642 195 1694 2797 299 1409 1571 2223 1122 267 1698 428 2338 1238 1159 2385 913 1295 403 1446 537 2584 2811 352 1589 2801 1338 1411 2844 1540 1618 891 2576 1807 2731 472 665 2403 667 2834 46 846 317 17 1925 1129 1619 1735 1294 1509 787 1291 1258 2340 2255 2481 2138 2185 2215 600 2253 1112 1684 414 2771 2269 1815 958 2158 1373
000565.jpg,2138 1994 912 41 2298 1684 2100 642 961 1982 1129 600 1618 2185 1630 537 2338 2139 195 414 352 299 1360 2371 1264 1446 2529 1009 2223 2473 1698 2584 1828 665 46 1411 2616 2833 1622 1258 2484 2269 2215 1540 1294 2460 2372 1440 837 1735 1652 264 2208 1571 1373 846 958 2412 317 2797 667 237 1338 1837 2801 2399 1122 166 616 2481 1112 1520 1814 2614 1812 641 2738 428 867 2486 2455 143 1964 1539 1619 1925 2524 557 2266 718 2063 687 2731 2771 969 1445 2231 879 1514 2835
000566.jpg,1567 446 1237 1981 1604 1301 451 1017 530 1879 1290 1058 1518 2049 1800 1909 1613 2796 2140 2093 1865 2609 1516 2596 1894 311 2392 921 662 2349 1271 1645 1978 243 2613 528 187 2176 397 2064 631 579 2282 1145 1119 1007 115 2507 2328 394 875 1578 151 728 984 288 2559 1977 1546 257 571 2042 2326 1621 2682 2179 1992 1904 1210 510 2357 982 2159 2658 1087 1517 25 808 666 1871 118 942 1209 2786 983 7 1729 1179 2543 1200 1155 2310 2489 2459 1470 997 1651 897 1138 1194
000567.jpg,2489 2823 1669 42 2641 1104 909 894 2176 419 1487 1846 1471 397 1488 956 2278 1177 922 2153 2111 924 1365 2604 2434 476 5 2643 728 107 2326 2554 2260 540 1734 187 1761 510 2254 55 1671 2169 6 1685 1188 516 1260 2612 844 953 2555 212 1502 736 2447 473 2159 829 1797 1467 2360 462 695 2521 2621 1517 96 1153 2841 701 1108 1757 153 2192 2128 2160 196 1626 1880 457 2699 539 2351 2684 1596 1515 2203 794 2368 1802 2508 357 652 917 1448 122 1093 8 58 1227
000568.jpg,2054 727 646 589 658 1306 1951 2644 789 1798 2409 1451 1175 962 1361 293 395 240 1230 1394 2323 1558 485 1106 2759 2149 1427 898 2000 529 2787 1928 2540 251 572 1683 483 2504 2024 2546 1115 1559 2381 714 1334 2277 2579 803 614 1389 1162 1207 304 1801 2238 1786 1804 101 967 1149 2784 2003 2242 374 1166 1353 2178 2320 1561 328 2656 545 2072 426 1728 1971 2288 1137 1213 1300 1513 766 224 29 757 2113 496 1357 39 1257 413 853 1161 564 1597 754 581 2040 2001 1501
000569.jpg,726 999 1475 1662 331 2236 2765 2693 1967 758 2429 464 1706 390 268 1050 478 1465 1317 113 1781 1635 2091 2407 2465 2505 2059 1503 1008 484 1787 389 245 780 1395 1505 1756 131 363 2794 1140 534 936 1378 1124 89 49 455 209 2715 805 1024 1127 27 1568 53 314 1011 1037 1262 1282 207 296 655 1438 2244 806 241 408 786 1875 1216 2232 326 456 139 61 1022 2053 2396 1274 471 430 1755 1843 580 2611 838 1281 2301 31 495 467 1506 1831 2280 2173 1780 643 2025
000570.jpg,998 1583 2792 1791 1354 1531 748 118 1063 1651 841 567 919 639 517 1470 952 1977 778 1578 1579 2778 382 1769 1854 1970 1657 2252 930 2647 945 887 2333 928 1132 2711 808 2328 569 536 764 719 2090 1588 2729 9 975 2225 1667 121 1179 2065 545 2682 1351 1162 2471 2491 1864 2361 103 819 2008 2793 1819 502 2066 982 1323 297 1493 738 1213 539 1729 35 579 1666 2824 110 914 2284 2353 227 272 729 1512 2113 2575 384 2601 1908 1186 2304 990 1952 1235 1484 2146 988
000571.jpg,1444 440 2836 1544 2076 947 735 1840 169 2628 1663 1782 2241 1617 712 1045 1679 1054 1623 1328 2707 155 1640 2439 2837 1422 1381 1649 445 906 1552 1218 1208 900 51 1307 1261 674 2840 2133 134 1658 319 965 992 305 1486 2352 559 645 2652 2767 1051 1029 1586 64 2050 260 194 2732 2735 2272 2419 1775 497 1983 1993 74 860 2011 1569 2130 1417 1897 904 747 1253 2046 1468 1437 2084 2088 2721 489 2815 1319 562 611 1489 1934 1710 2200 2424 197 1636 715 1148 1046 48 1701
000572.jpg,2171 2810 2043 2816 468 759 2666 2346 650 2643 2841 335 1891 1916 411 1723 2216 1702 1953 1603 475 2230 1260 1487 1858 924 1227 1139 2768 1397 1471 375 2591 1326 1797 1153 807 2313 1696 1703 1605 5 820 2414 980 953 2160 2128 922 2179 1975 285 1188 1221 2118 732 1515 181 1150 6 1027 1288 1738 308 1560 2066 2090 909 384 1602 545 1420 1177 2504 423 752 560 1720 1570 1610 101 1541 620 2169 1502 2079 304 2060 1821 2107 684 1232 844 1711 189 502 1892 2351 1889 2620
000573.jpg,837 2484 1009 264 1122 2139 2185 299 1129 2371 2063 1622 2455 2584 1982 1411 2833 2215 1925 1684 2092 2529 1264 2298 2844 1694 2731 642 912 195 2412 1619 667 2338 1814 1735 2616 2797 1776 1589 1698 1994 1238 2356 2100 2206 2486 267 1350 600 349 687 1652 1807 46 1360 1229 1159 2771 428 41 1446 2223 1571 1440 2659 1291 2123 641 1095 1877 143 234 1191 656 1887 885 2834 1295 1112 263 706 2801 797 801 961 720 1549 1373 867 1294 1457 17 414 846 2739 1630 1542 2541 2269
000574.jpg,734 2500 587 1896 458 2674 671 505 532 28 2181 2028 1335 1827 1339 2250 2193 1741 2534 653 390 2396 1635 245 633 1282 1787 313 1967 2370 1831 238 27 1187 2402 1378 1972 1297 1010 1563 356 2316 2794 296 2119 2283 2017 1756 1662 1011 721 1026 2819 1532 2062 968 2429 2091 1789 2236 1706 1655 553 2177 1921 464 408 1472 2479 1568 2228 1376 1598 1755 239 1050 927 1262 1543 1956 2059 705 858 2025 711 503 643 580 2552 455 654 1746 2173 655 805 525 33 1917 108 1317
000575.jpg,2377 1527 535 1424 605 1992 1850 648 338 410 365 717 1040 336 870 610 811 406 1325 1094 1969 1871 1442 257 1068 1131 94 1779 2516 2549 1634 1309 1079 1526 730 1498 1731 2697 2102 821 1516 2613 2087 2196 2830 2417 1311 678 1966 248 434 2251 1936 1138 1007 1133 253 855 881 2680 2145 773 1573 2763 2788 673 519 749 1894 2243 1511 1385 1455 1466 937 1142 1707 392 1243 1645 2519 1020 1581 435 593 1670 800 288 1379 1800 2492 2005 538 742 2560 774 2095 2843 1546 2219
000576.jpg,1122 2403 2524 2363 2844 1684 557 2298 2104 2633 2797 2710 961 1925 1982 1242 969 1440 1009 2584 1549 2460 299 1366 428 891 1816 2834 264 414 1660 2340 143 273 2215 2709 2541 46 837 2185 1814 1589 2175 1480 2455 2635 1411 223 879 2269 867 1060 2607 667 2138 1238 2158 2139 1694 2127 641 90 1619 1807 2092 642 2226 2529 2731 1373 1735 1539 1196 267 2484 577 741 1615 1652 1129 2371 687 349 1522 1295 1264 1540 706 1629 2198 2189 1622 2833 892 2412 17 2063 1191 1291 1278
000577.jpg,59 1545 1584 4 2045 1407 2389 2023 626 2755 2650 645 1983 2545 2034 547 1799 2367 2424 770 1895 1552 2574 2200 197 2439 74 906 1202 2270 445 231 168 2676 2419 433 2837 1320 965 950 2082 2289 2735 1544 2482 1569 258 1029 987 2840 1640 463 1051 1092 2732 134 259 947 1146 2501 2375 1253 623 2148 1328 1782 1319 1386 2088 559 978 2836 1261 2515 1486 2044 1796 173 1752 48 440 992 2272 2753 1444 1190 735 1775 2133 860 1624 169 312 2713 1489 2076 900 1405 2553 1878
000578.jpg,505 2500 175 2193 1563 523 2181 28 1896 2283 313 1827 2552 2191 587 2819 705 458 849 2479 2365 2689 2534 2250 711 2119 1111 734 1741 2322 2674 2681 238 1708 847 1339 2370 2716 152 1787 633 1680 484 1635 2687 390 2052 1662 2236 1475 120 2527 2396 2592 1532 2199 1010 81 602 1441 1967 1117 1335 2237 1730 2059 2429 245 2177 2228 1875 1011 780 330 1715 2244 1746 968 1037 1003 1831 1929 1543 1822 525 354 503 125 2164 2806 2028 1039 92 131 806 696 1109 654 1293 452
000579.jpg,2365 81 2819 2479 849 705 1532 2534 2370 2119 2689 2557 2193 1111 587 458 2250 120 2181 1827 1896 734 2283 2716 2674 152 847 1003 1741 238 633 1335 2062 2552 1708 1339 28 313 671 1563 2681 2228 2237 505 503 354 1026 390 2592 1680 1635 245 1967 1187 2177 602 2773 2500 418 2316 2322 1293 1097 711 1297 1704 1730 2017 1787 532 330 1917 1755 2052 2527 696 553 1117 33 1612 159 1756 2191 1376 1822 782 2105 968 326 580 1715 1018 1010 1647 175 1662 721 1972 2028 1314
000580.jpg,2567 959 1217 1703 785 1858 2060 2688 333 2751 1088 2079 1214 1288 189 2216 183 1321 1865 856 1987 1363 1995 571 309 1260 1171 22 2498 2313 115 2160 1907 2156 935 481 387 43 1032 2197 971 2841 2032 957 468 1610 2089 38 1015 1761 2591 1153 1199 300 2503 941 807 2188 829 897 2476 96 1098 2096 861 1560 815 2141 1844 565 924 419 1728 2750 1632 754 1579 956 1065 834 2625 1892 2404 975 732 2093 1657 2230 1336 620 84 2793 1555 1315 2554 423 1044 2118 56 1904
000581.jpg,431 2510 1839 70 2561 1035 1759 1842 18 1125 1753 1834 2757 2777 315 2772 2663 601 2 2015 951 2478 1390 2644 2818 2077 1252 2622 395 1557 529 767 277 1833 962 1801 1938 1443 2302 1165 2323 1418 2315 522 1798 1747 2686 2702 191 1394 1230 2496 2577 2149 2532 1519 461 2497 2667 369 889 156 640 597 2128 1186 543 886 2277 1548 2656 1357 1391 1162 1666 65 789 896 2443 1980 1686 417 1065 1323 198 297 990 5 2314 211 2161 2003 269 409 940 2132 1219 2504 2325 1767
000582.jpg,2145 406 1779 1385 2763 1871 773 1992 1138 742 2102 11 1007 1731 1707 1800 1645 1894 2613 519 1969 870 1511 1527 1526 811 2516 2377 365 535 1325 648 821 1442 605 257 248 338 410 1466 1516 253 2680 730 1721 1850 739 112 1040 881 76 1068 435 94 2095 2809 187 1966 1133 678 336 1311 733 1424 2788 404 2239 1017 434 1783 1309 610 1116 500 2288 1498 288 230 1184 1502 564 1613 1670 1876 866 2495 2746 855 1131 1110 1714 749 2560 2219 717 673 39 2179 1094 2605
000583.jpg,70 1125 1753 2777 2772 18 1842 1834 2478 1759 2561 2077 2757 2510 2663 951 2015 2 1035 601 431 1252 2818 315 1839 2644 1390 962 767 2622 990 395 502 1557 529 1798 277 297 1801 1323 65 2323 522 1833 103 284 1186 369 1443 1908 1938 2149 2302 2315 2504 1230 2624 1235 1394 1512 931 1165 2066 1391 578 1213 2388 1340 2496 250 1357 1821 1975 1767 702 1413 684 2702 101 1720 2532 304 789 2113 2277 2601 1257 1107 126 2178 688 2784 1114 1254 1427 2656 572 848 1310 1418
000584.jpg,2389 4 1545 59 547 2270 1146 2082 626 1202 2411 2528 1934 1624 312 987 1407 1926 1752 817 2837 1386 2501 1644 645 860 1737 2044 2574 2515 85 2439 1544 2832 556 1656 51 2367 1319 611 1489 2790 1444 169 1552 2011 2300 2817 947 197 445 992 1623 1328 1102 283 1782 188 1993 1878 1799 1417 134 2753 1701 2545 2424 1405 1261 826 2650 2836 1569 1640 1381 2707 1679 2433 675 74 635 900 2840 715 1983 2046 259 305 2735 1253 1617 906 1029 2482 1307 1486 674 2713 221 950
000585.jpg,2790 2082 817 1926 1624 1407 2528 1934 312 1644 4 2389 2411 2832 1656 2270 556 1146 547 2501 1319 2300 1752 221 626 2817 987 635 51 1386 1993 611 1545 1102 197 2837 188 445 2544 1489 2439 2574 259 59 1544 305 2454 1405 85 562 1552 463 2011 26 1202 1878 1640 900 2840 283 1328 826 860 712 2397 1422 169 1737 613 2515 1983 1782 563 2044 1045 1796 2714 659 2200 2367 1617 1486 2088 1381 978 260 2424 2069 2133 715 2419 1569 645 1046 2545 559 2826 1316 1369 74
000586.jpg,2825 2558 1056 899 165 1944 2135 1212 2207 1076 137 2728 1606 2766 2248 1937 725 2813 1825 447 2294 1464 1935 2382 1055 948 2580 1463 1639 146 2708 1841 1874 204 2041 2736 682 2286 2842 2393 2438 1592 1899 804 2435 362 2258 1452 686 1223 2741 2511 1547 329 1185 2057 2220 2526 2305 2291 1067 2683 2569 647 1777 1126 677 491 1134 1986 1940 574 1087 494 246 140 2436 116 97 939 1725 1810 457 1931 1868 751 722 2665 2719 1590 2639 444 1228 2089 1892 1433 2604 2598 2509 24
000587.jpg,1179 1651 1977 639 2682 2647 1579 1578 2491 1063 841 1920 998 1531 945 9 2042 1791 952 748 2328 2252 1769 1583 2792 723 615 624 1667 2778 539 1770 778 1470 1728 118 517 114 2097 916 2824 1342 919 1854 190 873 1970 2711 887 959 819 492 1204 1354 382 1729 515 2585 754 2434 1367 2333 479 409 1351 604 1657 2582 549 1154 1074 923 347 2304 2426 928 567 276 1493 738 2325 914 1484 2293 227 1128 1585 1359 2224 35 592 764 2723 1448 2081 812 2729 975 1534 2459
000588.jpg,1681 1853 1000 1739 2600 487 542 1705 710 54 2664 660 1695 2085 942 2782 360 1770 1614 1893 2259 337 2026 566 1331 1384 2543 1585 1673 2126 731 2469 1742 50 1396 2618 2559 528 114 512 151 1784 2570 289 2793 1241 2042 1508 2723 1769 492 966 21 791 355 1370 2722 1154 399 1888 579 2575 292 2108 1628 1745 975 2668 7 1271 2357 1890 2074 2009 25 73 981 1023 1565 868 1579 2416 893 2596 2795 554 2636 1053 111 694 9 1554 2078 78 500 1717 813 2640 733 945
000589.jpg,169 1444 2837 1544 2628 2707 2767 1663 1054 2439 1218 1623 1649 2836 1679 1261 947 1782 1381 194 1586 2352 1658 440 1840 497 2272 1640 51 1328 2241 1617 1422 1045 712 1051 1775 2815 155 992 735 2133 1897 1993 305 2840 2732 445 2046 1307 674 1416 906 1208 1362 1316 260 2076 900 2713 1123 64 1965 563 904 559 1486 1552 2088 2433 74 1569 2312 1948 2650 1253 950 134 860 1096 1029 965 1799 978 1496 201 1636 2721 1489 1752 1878 2556 1148 1437 2130 2735 747 439 1468 2376
000590.jpg,2777 1125 1753 2772 2478 2077 1834 1842 18 70 2015 951 1252 2818 1759 2561 2663 2757 2510 1035 2 601 1839 431 315 767 103 1323 2644 2302 297 990 369 1186 1165 277 1801 502 962 2624 1390 2315 395 529 931 522 2622 1557 1908 1443 2149 1833 65 126 2323 1235 1394 578 1391 1798 5 1460 2656 2457 1938 2702 1213 1905 2277 1065 1340 2113 191 1333 1767 284 2314 2022 2066 1114 1413 2667 2000 2504 1845 1418 2496 2601 304 1785 2016 848 2653 1357 688 940 1512 1989 250 844
000591.jpg,2546 1785 374 1213 545 1228 1115 101 1389 2066 2579 2113 304 328 2759 2504 1257 251 1161 2540 2178 1353 1971 63 395 766 1513 2238 581 2644 1394 2381 789 1300 1883 1786 465 1847 529 1106 2040 1178 1427 2700 1137 2409 1333 483 695 617 2149 1951 2542 803 1166 2523 1559 2180 2242 1773 1087 737 658 1683 341 132 240 2022 1230 2561 2000 407 589 1801 564 436 989 2277 364 1357 576 1928 1019 727 962 1900 1176 2787 1451 924 182 1487 2114 461 47 2656 2784 646 215 1035
000592.jpg,936 1781 2164 49 2465 2505 525 2611 1505 1921 2311 113 654 1918 245 2091 1037 1395 1438 471 625 27 1662 1124 643 1140 1356 2765 390 1612 1297 1008 1026 331 408 2794 430 679 858 1568 1635 1715 1248 1972 1011 758 239 139 1282 2402 1967 402 478 1024 1317 89 1216 1187 1787 2061 2232 655 2236 2407 2017 2053 2279 209 1647 653 1503 840 580 389 1829 721 268 1932 252 1220 383 1598 464 1475 1127 356 2280 1756 2062 2173 363 296 1780 2406 1472 53 455 1262 2137 31
000593.jpg,1752 312 221 2790 2832 1146 4 1102 2082 943 1316 1926 817 440 1405 2300 900 2389 613 1407 1545 2069 1307 1437 259 2439 1544 1840 2826 611 2837 1782 2836 735 1636 1489 2544 2556 1624 1422 2270 2397 860 1486 445 559 1934 1878 1319 197 626 2454 305 978 1202 635 563 155 1983 2424 2528 2652 1656 260 169 1045 2840 2411 1417 2241 1051 2817 1796 2628 987 2133 51 1552 463 1381 2088 1640 1644 2433 2358 2367 712 26 283 1046 489 1737 2501 547 2272 2574 1092 2419 1569 1649
000594.jpg,967 1149 2320 1804 754 1728 2756 2021 2533 789 29 1719 2323 2277 2054 293 1478 286 1558 1334 2024 589 1383 757 2644 2540 1296 2172 80 2673 213 2238 135 898 240 184 2504 2078 1431 658 1427 328 483 2656 2354 2149 558 426 1971 564 1231 119 695 727 1176 1928 766 2242 2295 962 2638 646 36 1448 2615 792 1394 1886 1091 1693 2288 2409 1492 2759 44 1451 1207 2413 1513 1984 571 1801 2784 634 1361 983 91 1898 2408 2430 218 1588 2579 24 733 1597 2472 2546 1689 714
000595.jpg,707 1849 2354 2320 967 1804 1149 2615 2408 2533 1719 29 1269 1689 213 1867 2413 1448 1728 135 1478 424 80 1529 291 2756 2021 286 2390 1334 1722 558 754 2172 2054 1383 2656 426 119 2673 184 802 91 1296 2149 2295 2024 218 2638 232 24 2000 2235 2323 44 1091 19 2583 1535 1451 1984 1016 1733 634 67 2737 520 2143 1075 1492 1945 1561 1231 2078 2430 2288 142 2016 983 1265 1801 2566 1928 315 2644 2277 1597 1431 627 832 2744 1798 1207 1483 1361 1343 1693 757 584 1252
000596.jpg,1569 100 2650 1416 747 2272 1640 1316 2721 439 1096 64 1123 2713 2433 1261 715 2309 645 659 1901 563 231 2011 1218 51 559 497 1552 2837 260 2352 1878 48 2826 1307 906 201 168 1422 1444 169 445 674 1586 2241 1544 2556 1993 1490 1381 1948 1663 2815 134 2439 2707 2088 1148 1362 1486 712 2545 1965 2133 2836 1496 1860 1328 978 2454 1782 305 2628 992 1658 900 1636 155 1897 2732 562 2767 194 2840 1617 1045 1649 197 1623 2376 2289 2034 1051 611 1453 1046 2023 1679 1208
000597.jpg,1115 1389 2546 304 2178 2113 646 1951 1353 2054 2409 251 727 658 614 1213 789 589 1175 1427 2022 1798 1137 2540 240 485 101 374 2066 1230 1306 2579 1558 483 1161 1300 1166 293 1333 224 2037 1883 2381 2024 2787 545 2504 898 1513 2784 1561 328 529 1785 2644 1683 1771 1334 962 1394 2542 2040 714 395 2242 2149 364 989 1928 63 695 2323 393 436 617 1162 2238 803 1019 564 1106 1027 1900 116 1847 2003 447 1501 2759 2625 766 1257 413 1173 1786 2741 2736 824 132 2589
000598.jpg,2601 502 2471 2624 990 1235 103 1845 848 1323 1908 297 578 1114 688 1830 126 1608 768 702 931 65 284 903 250 1186 1107 1413 1767 2388 1512 2276 1821 1391 1720 1310 1340 522 2314 1975 684 835 1254 2478 2077 2772 1125 369 2777 1834 1759 1515 1842 18 1753 2457 1397 2757 70 2667 2015 420 951 1989 1252 2663 2 1460 2561 1459 767 5 841 1723 1748 1905 844 2768 2021 2532 1579 1916 2128 1390 1832 469 1426 2644 2818 601 1014 690 2036 2756 2090 2149 962 1192 509 1257
000599.jpg,1038 729 1266 828 2798 738 2629 2108 2520 289 2640 1222 1374 1162 1668 1888 2808 979 2539 2828 617 1066 2786 15 2602 1835 1957 332 272 1173 868 1952 1562 2210 2214 1984 2542 1226 176 569 554 121 560 1890 2227 831 2410 865 351 413 1225 1954 384 1241 2762 340 1312 21 681 2047 2086 2421 703 1420 2423 224 2668 370 1553 199 2636 1484 1711 2599 2570 691 308 2107 672 2671 193 2472 893 2361 2497 1478 2154 536 1654 409 429 1296 1700 474 2090 292 1817 1430 783 988
000600.jpg,2820 1081 2298 46 1421 1278 349 1497 2672 1440 1575 299 2184 2269 2460 1792 1765 386 1664 588 1629 1615 2473 2266 583 2412 969 2481 2187 2213 2581 166 600 892 2363 2486 642 577 352 1862 1828 2694 1947 846 307 1684 2635 1193 663 798 2127 1964 366 2189 1622 2013 2100 1234 2215 958 1724 264 2838 2738 223 147 226 1009 2590 77 143 1446 1776 976 801 2340 2844 1122 1694 294 414 2125 842 1 263 2155 793 2648 203 2834 1520 1735 514 2158 2174 2588 2513 1358 428 1524
000601.jpg,1578 841 639 945 1920 2252 2682 1367 1179 1651 1583 2647 1977 2097 118 114 2491 1770 2310 1063 2328 517 1566 1579 952 2042 1368 1791 2723 998 1354 916 1239 1657 887 778 1667 1470 2778 227 2225 2357 382 928 2792 1854 1531 2711 919 819 1970 748 2575 930 579 567 9 1211 539 982 875 763 2304 2026 1769 566 512 1585 492 975 2459 2488 1210 1729 2824 2333 1154 2729 914 1528 808 190 25 2793 1493 1351 571 1772 2660 2416 1344 2349 615 2065 35 1534 923 1915 311 1271
000602.jpg,1460 2772 2818 2777 951 767 2478 1125 1252 2015 1753 369 2077 2532 70 277 1834 211 1035 1989 1418 2510 2561 5 597 886 18 1842 1759 1065 2496 2757 1839 1186 844 417 431 1686 1391 1219 1323 1515 931 543 2663 640 990 126 103 2314 1443 1884 2624 9 1938 1579 554 1833 2128 315 1256 2 1767 2457 2276 2118 62 1272 962 2686 1890 1394 2577 2644 1908 2443 988 156 2108 2288 2029 1519 1801 297 2302 578 2016 1340 601 289 502 1165 2315 1562 2656 65 1747 1610 973 569
000603.jpg,312 2832 1624 2790 2389 4 1926 1752 817 1545 1146 2837 1407 221 1644 2411 2439 2082 1544 2528 2270 1102 2300 305 1405 59 2501 1782 1934 169 2836 987 626 1202 1328 1486 445 943 635 51 259 547 860 1640 1437 611 1489 1878 2826 900 1381 2397 1307 613 2714 2544 1737 947 1983 2574 1552 1799 562 1319 2011 978 1796 2817 197 440 2358 559 2367 2069 85 826 2044 283 1656 556 1417 1444 2419 74 463 2628 563 2840 1663 1045 1569 188 1422 712 715 674 2433 2652 1316 1046
000604.jpg,1260 1227 2060 476 189 1032 1217 2823 2554 419 807 1044 2153 115 2627 20 38 669 2194 2313 1632 96 829 42 1995 333 396 856 924 1153 2261 1108 1858 1560 1188 1363 2476 1927 309 661 454 2160 592 636 894 1703 1456 956 1315 2216 2239 1318 1865 183 1844 2425 1797 2498 2079 236 5 2278 752 2726 1610 1907 1987 2807 2168 1919 761 834 1286 481 959 1288 2608 565 1284 122 1638 2688 897 1283 468 1761 2641 2222 23 506 2162 37 1064 1536 2643 1556 1702 621 815 922
000605.jpg,633 503 711 2592 2193 1111 1335 1680 28 2052 238 772 2250 587 2322 261 671 1339 313 2181 532 2500 458 721 1972 2819 1635 2479 1896 152 390 2119 505 2028 1956 602 1532 1756 1967 1708 2674 2534 1543 1010 2228 2552 1297 1741 849 972 2610 81 1704 2402 1441 1921 1376 245 1472 2370 1117 734 159 1715 2365 1755 696 2557 2283 1293 580 2343 120 1827 330 1787 1912 1026 1317 740 2689 1647 1187 1563 2237 2062 125 1097 2212 1327 326 2177 2017 847 354 2681 1143 2061 1332 1135
000606.jpg,2600 1705 2085 942 1681 1739 1853 1000 487 966 2664 2543 1695 2026 542 566 1384 1893 54 1770 2458 50 1614 360 1331 2618 512 2259 660 528 2369 337 710 791 292 1784 492 1241 2559 1479 2782 289 1673 2108 1508 1565 1154 114 1769 893 2577 1707 21 579 1579 2668 2723 164 1211 1396 2459 731 1890 156 631 1888 302 2126 1287 199 1585 1682 355 607 2469 2722 2042 1398 2341 1065 78 2803 2304 554 417 62 151 1370 1017 1725 975 694 886 1031 1053 868 1528 2423 9 1745
000607.jpg,2320 1149 589 2533 754 29 757 426 119 1296 286 2673 727 1728 2024 80 1361 1798 2021 2323 2172 1597 2756 2054 2644 1383 1451 1306 962 1231 2277 658 485 707 1394 2149 1478 1175 572 1106 529 1334 558 1533 1801 967 1984 184 142 1804 2638 1492 802 213 2472 395 1312 1207 135 2408 1558 1448 2354 1971 1849 714 1951 2615 1689 898 240 1559 1230 1427 24 789 2409 2178 2078 2656 2759 304 293 2072 2413 634 2504 424 2784 2143 646 1236 1257 232 564 1719 101 429 2242 545
000608.jpg,392 301 2331 937 1419 2318 1546 1200 94 1387 248 519 830 2335 2243 1454 538 827 1329 2195 1131 2087 338 1205 1133 488 843 1634 2264 2680 1424 1466 610 2661 400 1309 2795 717 1992 2830 2446 2791 490 358 2839 984 2101 1979 678 1479 1499 908 2341 1142 648 1379 1550 1094 2420 1483 1621 870 2296 1790 2560 632 983 730 1450 1068 855 365 2257 2519 881 2190 1732 774 821 1556 355 1620 2492 1020 1469 605 568 448 1442 2222 16 2203 253 1913 2102 336 2763 2251 1455 1073
000609.jpg,2460 557 879 2363 1982 958 2186 30 46 1360 1539 797 2710 1939 2481 2473 2298 665 969 1863 1514 1684 1619 2213 2662 2138 638 2811 2187 2175 1445 2412 1630 1440 127 787 1034 1196 1167 1776 1446 1575 366 537 158 687 1925 273 1270 892 2517 667 1294 2584 2529 859 1675 2595 2013 299 1411 720 577 2139 77 1664 1358 2541 2461 130 349 2833 147 294 2104 1191 842 2215 1694 2672 2588 656 352 2266 961 2330 685 885 1324 143 1735 1278 1765 234 414 2524 798 2648 1009 1258
000610.jpg,348 925 2649 1369 2050 2130 2769 179 1870 712 2454 26 550 1045 735 2714 1569 2840 64 480 1934 2241 2545 1640 197 1328 1617 2817 100 1552 51 2574 2034 2023 1656 463 1983 2289 2200 2375 2501 445 1584 260 992 1051 1386 48 439 623 2538 715 2650 1624 497 817 1319 1644 2721 1422 2836 1710 1658 2044 1092 1586 1840 1489 440 433 659 1407 1218 168 2528 1782 1663 1796 1381 547 1444 900 1895 987 562 2045 747 2411 188 1993 2439 2433 1679 1486 1701 1417 606 2424 1649 2046
000611.jpg,2825 1944 447 1056 2766 2207 899 2558 2135 1212 2580 2728 165 1055 1606 2294 2736 137 204 1874 1463 1935 2708 1076 146 1825 2842 2435 1899 1841 725 2041 2438 682 1452 1937 1223 362 1126 2286 2511 1639 2382 1464 1547 686 2813 2248 948 1592 2057 1067 2291 2741 2305 804 2393 2220 1185 2258 1134 2526 574 2569 246 494 1777 329 647 692 491 939 2683 677 2719 2319 140 2292 1087 1590 274 722 2665 1228 1785 93 864 526 608 994 1940 24 2068 457 1868 1986 1408 1931 1166 444
000612.jpg,84 98 334 1949 941 2421 820 1541 2559 2618 2688 528 743 882 1761 2387 1221 1851 196 1657 657 2210 1477 2423 677 875 928 750 353 975 115 2150 244 1819 311 2032 2304 1757 2380 387 909 982 763 2796 151 2349 1613 451 2416 776 56 123 2379 2140 923 781 1041 1255 2677 285 2179 1865 631 574 1555 2021 2101 1553 1430 662 1478 372 2089 571 1153 986 2267 1502 1210 1199 2278 922 2729 375 582 2001 1864 796 381 1058 186 930 25 1603 2047 481 1219 1236 1882 546
000613.jpg,1631 465 576 2547 1561 1689 1334 824 1513 596 2409 617 2656 2542 1300 1333 2644 2277 1176 1928 63 2699 1847 2546 634 1804 2149 95 2700 2827 395 1683 407 695 1538 240 1166 529 1593 962 2523 2759 714 483 251 1743 1161 1019 2022 1693 2323 789 983 1801 898 2295 34 1672 1427 2784 132 1714 1207 1353 310 2242 1883 2288 135 291 499 2072 2143 2381 1685 1087 2638 39 1838 1137 1478 328 2737 1178 230 1257 2281 1394 374 1558 1836 967 1228 1785 1713 834 1971 1162 940 1749
000614.jpg,406 1325 1779 1498 288 870 2145 410 1385 1094 811 1871 2613 2102 1992 2516 1966 2763 1526 2196 1645 1850 1936 535 1442 1516 2697 2377 773 800 544 1079 1894 1670 336 365 1007 253 11 2492 717 605 821 2417 2788 774 673 1424 2087 1800 678 434 881 1527 1969 2680 338 1138 1783 1794 1040 1546 1581 2560 1311 2519 648 1511 730 2549 2251 1707 1634 855 1309 2095 435 843 2005 1243 2243 1133 519 1731 593 112 2219 94 1455 248 1068 1142 749 1573 2310 742 1454 1131 2609 1968
000615.jpg,1568 1262 2059 2232 1282 2173 484 239 389 408 2396 455 464 314 1039 1662 296 390 838 1706 758 2280 356 1024 1475 2236 840 1635 49 268 1781 209 2794 245 89 1787 418 139 780 2407 2429 806 653 1967 2301 2137 822 799 2244 1011 1932 534 654 2765 2091 1503 1050 2053 471 1875 207 467 2634 331 1465 1274 2715 1929 1505 1124 495 2025 1755 1378 927 131 2693 1127 53 1481 2164 1438 27 858 2017 786 726 452 936 2142 430 525 1789 1843 1317 1008 2687 295 225 1275
000616.jpg,2353 2293 839 2361 865 828 569 1203 377 2449 347 932 1352 2792 1588 2108 2520 549 703 2157 1162 1145 1757 652 1249 1819 1688 2463 988 2090 738 1136 554 1132 1864 1322 998 812 1985 111 2485 2536 409 825 2227 2483 14 1745 536 1337 1173 323 322 384 624 2067 2210 2416 1342 2336 1657 1487 2798 539 2434 2083 308 2333 2640 2839 2048 2334 1740 1245 1420 1041 2218 2786 1477 2426 1038 272 233 1949 639 2718 630 909 929 1065 176 58 2793 985 7 1583 35 604 1890 1351
000617.jpg,505 2500 458 2819 2191 587 2119 1896 2193 2181 1827 313 2716 849 2283 1563 175 523 28 2365 2534 705 1741 734 2674 2552 2479 2681 1111 633 2370 1339 2689 152 120 81 711 2250 1708 1635 125 2236 390 484 1335 2322 1787 2429 330 847 2062 2059 1475 2557 418 2028 1662 1568 2396 238 2053 1831 1715 1967 780 788 806 1481 1912 1680 354 1026 2592 1011 2806 2228 2687 2244 1730 2099 501 1037 503 1655 1297 772 1875 1532 534 207 129 653 671 2017 927 1187 1822 1921 1789 2199
000618.jpg,712 1782 2836 1486 2034 559 2545 900 1444 1328 2439 169 2817 2574 1544 2790 2837 1489 1983 1381 1934 2082 1679 2419 260 1658 1407 978 1623 197 1045 1640 1437 925 1218 51 1369 860 817 2528 312 1319 1656 1307 1796 4 2840 26 1710 611 1644 1261 735 1545 2454 2411 1624 1663 1569 674 305 1926 1878 1617 1046 947 1417 2832 2241 348 1208 1552 2652 74 1054 2826 221 1051 2300 489 1405 188 1586 2200 2628 1649 2397 463 1870 64 134 100 992 2130 987 2424 563 440 2023 445
000619.jpg,1713 2239 2281 1116 2288 1714 39 230 1838 379 1194 187 541 683 2073 2202 920 2745 1919 1950 2036 1476 728 23 397 751 2547 2176 983 1459 1014 1856 469 1601 1357 1593 1224 1200 2641 1467 2699 824 95 1482 83 1693 576 926 1818 55 1836 2111 549 736 88 564 1113 47 2180 2523 198 917 777 834 87 1091 2497 1538 835 1996 2190 590 596 60 34 1007 32 327 1036 309 407 902 1152 676 1400 265 1192 2605 1180 636 2033 1748 940 2422 1198 2791 2114 993 2700 1205
000620.jpg,2790 312 2832 1926 1624 2411 2389 2528 817 1102 4 221 2082 1644 1934 987 2501 2300 1405 2270 556 547 2837 85 1146 635 611 626 1407 1545 1544 188 2439 1737 1656 943 1752 1386 2397 2817 1319 169 2044 826 1486 2011 283 305 1489 1437 2574 1307 860 1202 51 613 1878 900 1782 2133 1328 59 2358 2544 1552 2826 74 2836 445 2714 1993 259 2312 1640 978 197 2419 906 463 1417 563 1663 562 1046 260 1422 1983 1381 2424 2606 559 2088 2069 1444 1208 947 2367 2200 1151 645
000621.jpg,1132 1588 536 569 121 193 988 2090 1431 36 1065 2668 2743 2029 554 332 142 1492 1256 1793 1562 1033 2786 429 2078 555 1699 1430 1890 680 886 802 1553 1888 979 1393 1686 2227 1268 597 427 2384 1418 868 213 571 2108 289 21 2217 2415 901 417 2729 176 2117 62 681 2451 199 1398 703 878 2423 733 184 2380 1478 866 2024 2107 1053 308 1236 340 1162 1089 998 24 347 1688 1448 135 401 1249 1657 1074 1150 2638 743 560 322 558 1027 1404 2408 2295 2333 729 1333
000622.jpg,577 741 2710 2189 537 1509 1278 2473 57 1234 2662 1242 1539 2584 1939 17 1580 317 2339 2226 2461 573 1861 2269 2811 1122 1360 127 704 642 160 2371 90 2403 2174 280 352 2576 1792 2418 1411 2548 1930 421 1375 1694 570 2206 287 307 2776 1338 2801 1294 2298 857 1446 1392 349 2340 2139 2659 846 1862 1350 2198 2412 2709 2619 2255 1276 1758 2833 147 2185 262 1735 2063 1716 428 793 667 299 1571 527 2213 264 1551 891 2092 130 267 1295 1078 2834 2672 969 2385 1 1341
000623.jpg,851 2348 909 1139 214 244 2115 84 2421 196 40 2841 1819 941 1515 1643 2278 1882 2612 1602 701 1616 2109 448 1866 956 1953 1768 2502 98 106 6 1605 781 1477 1371 1657 953 2464 1232 910 1757 2152 2726 2263 285 1471 2162 2160 1221 1864 928 1525 1488 2572 2048 353 2386 2210 1960 2498 776 844 1041 2623 387 1426 924 2203 475 1113 1987 42 2688 1255 1171 2416 940 582 812 1949 1738 335 2761 2401 1696 56 1596 2404 1744 1226 1661 517 409 2567 1397 1199 1659 1891 971
000624.jpg,2601 2624 297 103 1845 2471 848 1340 990 502 126 931 768 1830 1323 702 903 1235 1114 2276 578 65 1767 688 1908 284 1107 1608 1391 2388 1512 250 1186 522 1310 1720 1413 835 2314 1821 684 1975 2015 1252 1515 1254 1834 2667 2457 951 767 1459 2818 5 2036 2757 844 690 1753 1748 1759 1125 2772 2128 1842 379 277 18 2251 2315 1579 1014 420 2777 841 1397 1016 2478 469 2016 2612 2620 1537 1601 187 917 2176 70 541 945 369 9 2077 1738 1448 347 584 2647 1950 845
000625.jpg,1567 1237 1879 446 1800 1981 2093 1017 2049 1301 2613 530 1058 1516 1604 451 2609 2140 2682 607 1645 631 2596 1894 1518 2796 394 2392 2328 2282 2349 1871 257 288 311 2489 1909 1729 921 1290 1977 1578 2064 187 2536 1846 2843 1651 1613 1179 664 2042 416 1087 1007 540 2786 875 2491 308 1420 560 1517 2326 1721 453 2176 1546 2090 569 2636 554 579 2252 2809 677 1808 375 897 397 401 1210 1228 1487 2416 1138 924 751 121 1473 465 2310 2699 916 571 1470 2163 975 2234 2540
000626.jpg,2315 277 1980 767 2702 2663 2 2818 951 2015 18 1833 1252 1753 1125 70 2685 1842 1443 1834 2757 2777 1340 315 269 2772 1938 1759 2561 2532 2478 2510 1767 211 65 369 2388 2686 126 1548 2077 431 601 931 1460 1391 1747 1186 2314 684 1413 578 39 1512 191 2302 2288 1165 2276 1989 1035 1519 1975 2128 297 1107 531 2496 1390 9 339 543 1579 250 1418 1839 1821 1254 1323 2622 990 889 103 1557 2624 1310 2644 1114 1720 2443 907 1801 1219 522 886 1357 688 502 1401 1992
000627.jpg,1903 177 401 453 2122 2829 2679 1085 2163 443 1023 2055 816 981 586 141 1006 1308 1163 1082 924 2274 1808 1688 850 703 72 461 2535 2009 1162 1763 380 1628 1090 2342 1155 399 475 8 325 2839 1839 1487 2636 897 1671 2775 755 2463 1233 1173 1203 2700 2335 2362 1322 1305 2218 1035 1736 1910 2841 1329 1474 2808 1471 935 1801 2483 437 745 594 2795 2361 2747 1952 222 909 1415 2512 2644 1266 1436 922 560 182 148 938 1027 1990 1047 460 459 2640 554 2450 2355 322 2792
000628.jpg,1085 2163 453 1903 2679 816 401 2274 177 1808 1688 1233 437 981 1155 2122 2829 380 1628 1163 72 2009 1023 399 1404 2636 460 2126 2055 1100 73 2722 141 731 2775 172 760 1415 2469 208 1510 1872 2587 823 2380 2074 2577 1599 7 1717 1236 1047 1553 2793 595 2747 612 1089 156 1430 164 2098 121 1241 1699 1006 975 1160 2267 1162 1082 1308 1784 554 571 2483 174 322 2729 868 427 151 111 569 8 193 1145 1203 461 1271 1613 2449 2535 1256 1588 1671 99 694 2640 586
000629.jpg,152 1532 734 1741 2479 1339 1827 2674 671 313 2557 696 532 1563 1708 2119 847 354 2742 2283 2250 2028 1635 245 1787 2534 587 2062 390 28 458 2819 849 418 2017 1662 330 1967 654 1875 999 1896 1730 1956 207 238 1026 1335 1317 1704 131 61 2059 2407 1481 1715 1010 972 2552 120 2402 1008 1921 484 192 525 1003 2193 52 1475 81 726 655 268 711 1756 331 1912 2396 505 2687 2429 1297 2228 449 2669 27 1505 1376 1568 1781 1275 2244 1262 1395 1465 1293 1506 113 633
000630.jpg,484 1662 1395 390 1124 2407 2301 1317 1635 2053 2687 2059 2017 1008 1787 1037 654 389 1781 1967 840 49 1715 1024 758 786 2465 2505 1921 2091 936 1568 1730 1026 1220 2765 2429 314 1756 2236 2396 245 2164 1500 471 1039 1475 467 2634 1929 1438 2232 363 464 2611 125 2244 408 1465 89 268 131 927 1706 2062 326 1932 478 1282 780 1789 241 653 2715 239 1912 580 1275 847 628 108 1918 1813 1831 1755 1503 346 159 113 1505 430 1378 1262 625 858 402 1097 525 679 806
000631.jpg,572 101 251 2381 364 2040 1106 1394 989 1559 2504 1230 2149 1257 1357 962 436 581 589 2114 374 215 545 2546 1786 1798 803 1951 2644 1971 727 737 395 658 1900 2759 1306 1451 1213 2066 1361 529 1389 2409 1115 898 2656 1558 304 2113 341 1818 714 1166 1427 39 2178 2277 1353 2579 1683 2288 766 1883 926 485 1801 564 1928 1175 789 328 1137 293 646 2238 1207 1785 2323 2242 2000 1333 2540 2021 2787 1228 650 240 2561 2054 1180 2756 1334 2784 2072 2547 2589 1035 824 1693
000632.jpg,1944 1463 2766 2580 1606 725 1055 2294 2135 165 1212 2558 1874 2248 2041 1223 2813 1937 2741 2825 1935 137 1777 1986 899 2728 1452 948 686 2057 2842 2207 1076 1825 2382 2511 2393 494 1547 1185 1464 204 1639 447 2286 1899 146 2708 2291 140 682 2435 677 1725 2736 2319 2068 1940 574 1868 1067 722 116 2598 2436 2665 444 2719 2438 692 2258 2051 804 1478 246 97 2305 974 1134 1126 2292 491 362 1841 1439 1733 368 1592 329 2143 647 1886 2639 1056 657 24 482 1555 79 1757
000633.jpg,2328 1977 2491 1791 887 1179 2792 1470 2778 118 1578 1531 1210 1583 2349 930 748 639 1651 2682 311 1579 928 567 2416 998 945 875 1657 1667 808 579 982 2304 923 841 975 952 819 778 1769 1354 1729 2793 1854 2252 492 2065 2647 1154 382 2333 515 2459 919 9 517 1367 916 1063 2729 227 7 2042 2488 2711 1819 114 1162 1074 1920 2575 1322 308 1271 190 1484 2225 1585 1864 2293 604 25 571 539 1041 1970 347 723 212 1239 1420 2224 1555 2559 1368 624 1493 2107 110
000634.jpg,1776 687 2298 756 1350 976 2461 797 2174 1861 130 2456 1191 2206 2123 2662 2541 1196 2356 1877 228 349 82 2198 2672 2590 1684 2739 1575 2584 720 1122 2659 1457 857 280 1792 2548 885 2327 2321 1522 1724 884 470 880 170 1947 2127 656 1580 1411 1030 2385 557 842 1539 2371 2332 2186 2187 859 1930 1193 741 1358 1542 801 514 1392 143 2189 2703 1278 158 1619 1234 1440 267 1034 2460 2581 706 366 287 2039 1375 1887 2731 2529 1 1857 1229 2412 641 1664 2418 263 958 667
000635.jpg,2529 2455 837 1009 264 1238 2797 143 1589 2844 1619 2484 267 2731 1122 1440 1925 2215 1291 1366 2371 1694 1129 2092 1814 234 2298 1572 2616 2185 1735 1480 2063 718 2584 1684 1807 2139 2833 1816 1982 913 1264 1446 2412 969 46 2158 1411 1445 958 299 1622 2771 912 1159 2541 787 2834 1660 2338 414 2633 1994 2486 638 667 1373 1294 1815 1520 879 2385 1360 1295 557 1112 349 71 2607 30 1630 273 810 2271 697 687 888 352 1549 741 2635 1095 386 223 2363 2460 2104 2524 428
000636.jpg,2216 1703 1288 1487 922 2841 2043 1891 924 2171 2816 475 953 2346 1916 1232 1363 335 1471 2079 1153 2810 1953 2160 2612 2401 1865 2230 187 1315 1605 2643 1723 1139 1610 650 214 2768 1797 909 411 759 2507 2521 510 1188 1221 1336 856 115 189 1177 2090 1995 1397 2073 468 2604 1260 375 2326 1738 204 1296 1227 1846 894 1603 732 2153 42 997 1882 1515 334 2567 621 419 2060 1502 1761 107 2726 1199 1364 695 2242 2179 1488 971 521 171 2203 2555 2118 1467 2620 6 1744 420
000637.jpg,658 727 589 2113 1389 1558 304 1394 1213 2178 1230 1027 2066 2546 898 2054 1951 572 1175 1228 962 545 1798 2022 2644 2504 485 1333 251 2242 1115 714 2589 2277 1087 1306 2024 2149 2409 101 1683 1801 1785 1881 2323 1166 1125 293 395 240 529 789 2777 1207 63 1162 308 1257 1106 2784 1353 2772 1666 1451 1753 1357 1427 2107 1300 1559 2040 1839 1161 2475 2787 1250 1334 1786 2759 766 938 1928 650 2000 2238 1361 384 2656 2579 2072 2114 646 39 2288 1711 737 581 1065 121 2561
000638.jpg,28 1335 503 734 2028 633 152 671 1532 313 2250 711 1787 1827 1741 1563 587 238 532 1339 1680 2479 2193 505 2557 1635 580 390 2119 1297 2228 1704 458 2062 2674 159 1967 326 1293 1097 2534 1896 2017 1010 1912 1662 245 125 1026 696 2396 2500 1111 1756 2236 1008 1715 1037 1956 484 1143 1317 2053 354 654 1831 721 1972 2283 1822 1921 847 2742 2429 2181 999 1124 31 2407 655 972 1708 2322 2402 1475 968 525 1472 2052 2592 1917 2091 1118 2370 1655 1465 1050 455 331 2715
000639.jpg,1128 1651 604 998 2333 1583 2008 916 764 2682 2252 873 539 1791 1729 2042 723 2336 517 549 869 914 1179 719 227 639 58 778 1136 652 2426 1578 2225 1970 212 1977 190 2729 2585 2453 2551 540 1063 1493 2018 1745 1359 1204 276 2284 1577 2111 382 2146 1669 1351 2224 2792 105 2536 7 2824 2176 2647 1534 2550 754 2604 118 765 1531 1271 841 2258 2204 1044 1854 397 945 2487 874 2019 1579 763 1734 1588 2170 1289 1121 615 35 929 2210 2778 42 1595 1608 2405 107 1657
000640.jpg,304 2178 1161 2113 1213 2066 483 1353 240 1513 2546 2022 1785 101 545 1257 1333 789 251 1228 1971 2784 1394 2504 1883 293 1115 2149 1300 1166 2644 1847 2787 2409 1427 824 395 1773 695 374 2579 328 182 63 1928 658 2547 1685 529 1786 596 766 2040 754 1801 1176 2540 2381 2021 646 1106 1951 341 564 2054 576 2238 757 962 1389 834 1558 1019 2656 1162 1087 2242 2277 926 1727 1818 1357 1683 1693 727 75 1891 132 1559 1900 589 2555 2497 2288 983 149 2759 1230 465 940
000641.jpg,796 986 1646 1255 882 123 1958 863 2150 1519 1757 2490 2001 2691 1267 2334 2462 1670 2686 2667 1236 2380 1557 1767 1747 1479 1548 554 2593 1390 334 381 339 2622 2267 2362 372 448 1697 937 1642 2788 1834 1529 676 318 868 2015 253 1131 2276 820 2658 292 749 907 1252 738 1779 1474 2170 946 568 2535 2405 1243 1508 2391 767 1541 1455 2532 2012 2485 543 1819 2516 1443 1682 2132 594 2483 1600 893 2341 1794 1344 878 560 2219 2151 437 2350 632 1420 336 1222 1570 2085 2729
000642.jpg,1339 152 1532 2479 2674 1741 313 2283 734 1827 849 2119 1708 354 1635 696 390 245 2742 671 847 2819 120 1662 587 2500 2534 458 1967 1563 1715 418 2552 1896 330 2429 2028 1956 1787 27 654 2181 2402 81 2017 207 2244 1481 1317 532 2250 61 2557 2193 2099 2059 1921 525 780 1275 999 2061 314 1730 1003 505 721 484 1612 2365 711 1756 2370 1050 1465 28 633 2716 1781 2687 52 2632 192 1647 363 1335 1972 1505 1918 2407 2396 1026 2322 2025 1568 782 2062 1875 1917 2669
000643.jpg,830 1620 1450 1057 603 2080 441 2202 1732 1523 1914 2275 1447 2190 2745 1476 1678 777 83 761 1073 845 1469 269 2249 1482 60 2830 1147 584 1309 1133 1483 983 2518 1449 248 2239 373 2695 1790 881 16 2151 834 2560 87 2383 1120 2685 1943 1131 88 2680 870 1990 843 678 2437 55 435 2785 1980 2194 1142 728 1016 1183 392 1020 1783 2317 1691 1243 717 2129 1996 94 1116 1205 1714 1462 2641 1713 2519 2522 1581 610 648 2251 762 1919 1838 1224 1499 575 1548 2197 1200 1856
000644.jpg,2500 587 2181 2819 245 2552 2365 849 238 313 2250 2283 1896 458 505 2479 2193 1708 711 2534 2674 2370 81 1003 1746 152 120 2592 734 553 633 139 2716 1117 2322 1827 1967 705 1741 2119 28 390 1543 1635 2028 2052 1339 671 261 1532 1680 1563 1917 1662 2191 1010 2199 296 356 192 2099 2144 330 532 2025 1787 175 1376 2689 2681 1314 1050 2429 2396 354 847 1282 209 972 2594 1441 1755 2017 207 326 27 1187 68 872 1111 1756 654 2177 2557 890 503 408 1335 418 580
000645.jpg,485 2113 251 1306 1798 2409 1175 1427 1213 1951 589 2066 304 1166 727 2178 714 658 962 374 646 529 2644 395 101 898 2504 1353 2149 1230 1115 2540 1558 1207 789 803 1137 1786 1257 2054 2546 614 1451 1928 1394 1334 2022 1883 2040 1161 293 2381 2072 1513 1106 1333 989 1389 2787 1561 2784 2323 364 436 2242 2759 572 1900 1971 240 2024 1559 2277 215 1785 634 1357 1361 2656 2579 1801 2000 581 737 1228 1847 24 2542 545 426 766 2238 483 1162 2003 895 2143 1300 1125 938
000646.jpg,1787 2669 1781 207 1662 61 464 346 654 840 2407 389 1022 1475 1706 2236 2821 758 2164 525 1481 418 1568 113 484 1024 467 2634 2091 1378 430 52 2465 2505 49 1262 455 2687 822 268 192 390 2142 252 225 89 2794 2137 2396 936 2806 1612 1465 2059 1275 131 2025 2311 1008 1918 1124 1532 1037 295 2429 858 2301 2232 1831 452 1303 2765 1635 245 927 290 2053 786 1297 1339 1220 1789 241 138 1506 1141 1875 27 625 331 2611 1932 1741 1039 1505 2479 1929 1503 679 2017
000647.jpg,1976 2067 1162 110 2003 224 2325 2278 1315 851 1625 869 2361 240 347 1173 2048 1835 738 596 703 1484 413 2160 1318 789 483 1768 2022 2400 1245 585 2162 1222 1963 304 924 2807 15 729 1477 1226 75 1999 409 1333 461 2081 2090 2547 1819 98 1892 995 1427 1847 2779 2210 2169 2784 198 308 1864 42 776 1027 1456 1666 1907 1685 182 691 1232 2178 1674 2497 1074 2540 2037 910 1161 695 2625 351 1513 1651 1785 2103 1891 1013 1677 1353 270 1960 2410 2107 1688 1217 1150 1954
000648.jpg,781 281 2494 117 1973 1591 265 2677 275 1184 1616 98 1198 1426 2179 1687 564 2203 1641 23 2691 327 372 1080 907 1882 423 381 244 1113 2115 2359 128 2791 1400 1502 531 738 413 1162 796 375 1423 1344 334 543 1922 1180 2210 1357 196 1902 136 1219 1519 2421 39 1819 2521 298 2101 2165 820 640 1536 926 20 351 646 2623 224 2294 2828 676 1501 1477 104 425 1225 510 1954 1488 1541 1654 776 1036 1940 474 594 1659 546 1738 2051 2086 915 1582 629 2734 1700 1007
000649.jpg,2045 2755 2023 1584 1552 2545 463 1895 2034 1407 1029 2482 1870 26 2676 197 74 2574 1796 258 2837 1489 2454 606 712 1328 747 2753 735 1701 860 2501 1983 433 1934 1369 59 51 2272 1569 770 1051 1544 497 1045 1640 169 2817 2397 2735 2650 2439 925 1151 1644 1320 1586 2840 348 2375 2289 2515 2044 1362 1782 992 1799 626 1218 675 1878 2082 168 2010 2389 4 1261 833 2724 2528 817 1663 161 1417 1545 173 312 305 445 2836 219 2769 2130 2433 2714 179 2050 1897 1624 1486
000650.jpg,853 2323 962 896 1689 1162 1798 2325 529 2644 1334 1801 224 1207 2015 1394 589 2003 1839 1252 1958 1390 2387 485 2024 426 1834 479 2400 2016 2483 1597 2149 315 1558 1175 1484 395 413 714 1065 2277 571 409 2001 2656 66 332 658 1412 2072 2622 322 1478 136 2490 128 44 1219 1654 191 2487 1197 1759 1666 1035 2540 2561 886 634 1137 1125 614 1557 802 1753 2818 898 111 951 2757 1427 1642 2154 1728 1203 2741 1747 254 540 347 2472 944 713 1225 3 70 1342 2777 915
000651.jpg,1370 975 1017 966 355 1742 2660 1384 921 7 1739 2416 2064 1301 542 446 1396 1518 571 2282 813 530 1211 2304 2793 631 451 1237 1853 54 1614 1567 1729 607 1290 2349 2049 1906 257 942 487 1705 243 337 1893 1604 1681 1673 2600 875 710 2369 2519 301 515 1554 2259 1105 2140 660 2085 1455 94 2782 1331 1516 2310 2093 360 1065 1031 1287 1579 253 50 923 908 2251 311 579 2803 1007 336 1000 1142 2664 394 519 2696 1210 1981 2392 1058 1243 1695 639 855 1745 554 434
000652.jpg,2502 2152 106 1605 941 84 5 214 2386 1515 6 2612 851 844 1882 2348 640 13 2401 1744 1768 244 1364 2115 509 1198 985 1139 2160 1616 2761 2567 2324 940 2726 409 2162 1949 2056 1221 971 807 2457 1371 1591 481 1661 1144 1864 2304 785 1199 2751 2841 1365 2263 1819 2656 40 398 856 270 1219 2421 1251 2079 1434 1525 2688 2768 1171 2464 1458 2149 713 909 1866 2572 1643 1987 1315 1217 171 1603 1342 182 1336 2182 1579 1927 956 609 1754 45 2048 2032 2677 300 1397 1960
000653.jpg,2691 1911 1380 796 2593 1200 1267 2677 1285 1387 372 629 2132 946 1219 2443 1084 448 2147 973 2118 1697 1170 543 1519 281 298 265 2318 98 1479 1973 2245 2355 1884 1272 2204 1750 2210 2623 886 117 1570 2359 1682 381 2001 275 1252 1263 554 2167 835 907 339 2496 980 2015 196 1767 863 2362 2268 2485 1525 1113 1007 951 1065 2483 318 58 1425 1834 2487 640 256 2671 65 2086 2818 2276 1254 2030 1548 931 1352 1184 2128 1280 1779 2757 546 1557 23 355 1646 1391 2686 1985
000654.jpg,340 2108 2423 1562 2568 2668 1890 332 427 1888 2415 571 743 1769 868 2217 2384 1793 289 930 979 2786 731 176 2074 2469 729 2577 1699 1599 429 841 2227 2798 945 1657 536 142 555 1478 1717 569 2629 554 1431 823 681 1256 1162 1492 2543 1065 72 2729 21 451 2126 901 1628 121 2026 760 928 2304 1470 2539 2149 639 199 36 1579 78 2618 2559 2031 2078 156 1225 1241 923 2009 2655 2722 193 952 1399 1553 2636 988 1266 460 172 528 461 579 164 413 1588 566 2154
000655.jpg,1260 897 2554 2627 2313 189 419 1632 2823 2153 924 2060 1286 396 1032 1865 96 1227 115 2118 1217 476 1995 38 1610 2810 1919 2239 2058 333 894 1449 752 1277 1797 1560 1702 1015 2555 1456 481 834 20 1858 2216 856 2261 2643 807 2249 2268 2426 468 761 1844 2437 1284 5 1703 309 2073 1927 669 483 1593 1638 187 1727 661 2784 922 1846 1153 2489 506 1987 2808 980 1065 2388 2194 586 1882 541 1556 2641 2043 47 2098 621 1288 2563 1023 2042 1884 636 1116 1790 1714 141
000656.jpg,1810 627 2509 165 67 249 2583 1075 2728 1212 1012 1944 202 2207 2558 725 1406 1055 2294 1733 1825 899 1076 2135 1874 137 1937 1056 2825 2382 1464 2224 1259 1639 2744 751 1606 1001 2813 682 1448 2248 2708 948 1841 2766 1609 2637 1590 232 902 24 447 371 362 146 2020 2615 2438 541 1945 1986 2286 590 1611 804 2393 2805 2329 378 520 1592 2447 2033 540 1950 1452 2350 93 2701 917 2258 1626 2057 2683 1463 2525 1725 1382 693 1935 1800 2211 2390 2804 424 794 1223 2240 321
000657.jpg,1625 585 285 869 2103 2793 1232 2278 2160 851 1651 1336 42 1846 2571 153 1977 2049 2682 6 270 1013 353 1578 1963 2042 2792 1177 2079 1315 910 118 1891 1179 2489 2111 2328 2168 2067 196 1108 2210 189 2604 335 419 1729 1221 762 1042 2612 1797 462 411 1204 2261 2081 1188 2841 1761 2643 2218 476 183 684 820 1153 1742 639 1987 40 2048 107 530 776 1579 2153 2720 2216 1063 1471 894 2090 2450 1041 232 2060 98 2336 959 2507 2388 1145 1583 732 1791 2401 2647 924 308
000658.jpg,2668 979 2786 2227 2682 1033 176 1562 1588 2640 1132 569 2743 2042 554 1578 332 1393 1145 1651 2090 536 121 1065 2798 988 639 2539 340 1890 571 2108 1179 868 2647 680 2451 21 1888 729 2629 2384 1686 429 193 1256 597 897 945 1920 733 2729 135 2029 213 2808 36 1266 1431 1977 866 555 199 289 1268 1729 2111 1398 1418 886 983 141 2839 1023 2252 2426 754 1728 1492 417 142 2078 1162 1952 1685 322 757 802 2031 243 1070 2295 2328 1770 1579 2483 1176 1906 1657 1740
000659.jpg,2130 179 2050 2769 550 348 2649 925 1369 1552 1045 2454 712 26 1870 197 735 2840 2714 1453 2538 2574 260 2375 168 1983 2241 480 623 2732 463 563 1878 433 445 2289 439 2545 1569 2376 833 2676 1092 2433 1490 2482 173 2200 2650 992 900 2424 259 747 1895 606 2817 715 2133 1486 1029 64 219 2034 1640 59 415 1316 784 2023 1172 2553 2721 1148 906 74 518 2309 817 1901 2753 497 231 134 2084 2713 2088 1617 2272 911 2010 1190 1710 1253 659 1307 489 1422 51 1584
000660.jpg,1009 2635 2486 472 1994 2455 1520 1615 837 264 1622 2223 1618 1159 1 2063 2371 1698 2484 2100 846 2092 642 2833 2269 1409 428 2158 2139 223 317 90 1338 234 1572 307 2797 2255 17 2138 403 2811 2338 195 2738 913 2412 46 1571 2215 2576 2834 299 2844 1540 1122 2727 2616 349 537 1446 2340 1982 166 2801 1071 2584 2253 2403 1258 1815 577 1278 262 1101 352 1360 1509 1694 665 888 1411 2399 1735 1294 891 414 267 1295 1814 1630 2372 2481 573 1095 180 1129 1837 1629 1238
000661.jpg,210 2125 1392 1930 2456 2174 1792 2461 294 1947 228 2418 2186 1034 1575 2229 1580 1758 756 280 1664 2327 130 1877 1234 976 1276 2206 1724 263 1776 1665 704 1857 2155 857 884 885 185 570 663 746 2662 1348 82 2330 2659 2321 366 170 689 1345 2187 793 158 656 801 2198 934 1350 1043 797 1522 880 2004 1859 1765 1457 720 2356 588 1191 1576 1030 1861 798 2374 1716 1551 1542 493 1375 2548 514 2694 2672 2127 2039 1432 422 2123 1193 1887 133 287 57 226 1675 2739 1072
000662.jpg,2298 143 1440 557 1684 969 2460 2363 2710 2529 30 1122 697 2517 1238 1982 1925 1619 46 879 958 386 267 718 1514 1694 1291 891 1009 667 1939 299 2844 2185 2584 1629 2175 1863 837 795 1360 1445 1411 264 2731 638 1129 226 787 1196 1539 2215 2139 1294 1735 223 352 1446 234 2213 2481 2797 273 1373 1807 641 2524 2104 2092 2834 349 414 961 1816 2833 642 1540 2371 2455 1572 1524 428 687 1549 1589 2412 2541 2635 1571 2403 991 1520 846 17 1366 912 1270 685 2340 1
000663.jpg,406 2145 1385 1779 1894 1138 2763 1992 1645 1731 773 1800 1871 11 2102 742 2613 1007 1707 2516 519 1527 1526 2377 288 811 535 870 257 1969 1325 605 1511 1613 2680 338 1516 648 1721 1442 821 365 253 1850 410 1876 2310 1546 662 730 1094 1040 1498 881 2095 678 2596 1419 1981 763 1466 2392 2609 446 187 1237 680 1966 2245 2219 1068 248 1424 2225 982 733 2788 2110 1017 435 1257 2843 1079 112 336 1729 2196 2809 2640 866 2446 1971 808 800 1454 2179 1936 1119 2251 709
000664.jpg,1856 2827 407 310 2441 1914 2202 2745 2111 1996 777 88 751 2190 2422 1116 1091 1093 1476 2489 983 1713 95 2785 1087 1517 695 1693 2733 132 1846 34 1714 2684 1169 457 2242 2523 693 1382 1538 1410 1561 1176 1019 576 949 1772 683 450 2780 2525 832 1743 462 279 1194 2555 540 596 617 341 1898 45 1838 2233 2699 1513 2615 539 2586 2447 794 1535 1805 2254 766 1224 2106 63 1228 212 1611 940 590 357 902 2737 1727 187 2637 303 2386 1343 732 87 1797 2368 1950 541
000665.jpg,70 1125 1753 1759 1834 18 1842 2777 2757 2772 2561 2510 2478 431 2077 601 2015 951 1035 315 2663 1839 2 1390 1252 2622 2818 2644 1557 962 395 767 1798 529 522 2323 2302 1165 1801 277 990 2315 502 1833 2149 297 1443 2667 65 1938 1323 2702 191 2504 1394 1427 1186 1908 1230 284 103 931 2624 1235 2540 1357 2656 1391 789 369 1512 1334 1340 2532 2388 2277 1767 1257 101 1747 250 578 1162 2496 1213 2686 1413 1333 2066 1418 688 126 374 1980 1075 2497 2784 702 2314 461
000666.jpg,1029 2574 74 2676 1552 463 2419 2753 606 2724 911 178 197 445 2528 2397 2011 1934 675 1151 2817 2735 1644 188 2670 219 833 2501 2287 2840 109 486 1617 992 1253 1983 1046 1993 497 659 2007 817 1656 1848 1627 259 2424 645 51 2044 1146 784 712 1586 1362 1897 85 2411 2439 2755 1428 626 2800 1782 1381 1045 1569 715 1208 2046 622 2045 2544 559 860 1158 1407 1624 319 1386 26 987 1190 2545 2082 2307 415 1319 1092 2375 1658 134 2836 2358 2646 1414 1544 2837 2564 2480
000667.jpg,1087 2111 1228 2555 1693 754 695 2604 1727 540 1856 184 2233 310 1945 1996 1019 2827 2254 213 983 1476 457 2190 1898 1394 576 596 2495 1176 2737 1091 135 834 232 949 1734 2224 783 1728 545 1558 1801 88 63 520 824 132 2638 2202 2507 293 407 2547 2756 2242 304 1785 1207 2192 2022 1669 2447 2745 940 341 2441 279 536 1631 2021 2277 1513 997 2178 728 1333 2020 693 2072 558 2066 757 2107 2785 55 1132 766 1478 357 2176 967 2453 1846 2780 1093 539 898 1651 723
000668.jpg,2491 1578 1977 2328 2224 2682 1179 1651 2796 1516 982 2252 1645 1800 1546 1567 1058 763 123 2140 754 742 1367 1470 2809 1210 875 311 1613 257 662 2225 1406 627 2507 579 1555 945 916 1904 11 1473 1707 2349 997 2583 853 2459 930 887 1579 1721 492 1731 882 1138 2333 778 227 639 1791 1894 748 2778 1390 2219 1879 1239 2559 2221 1728 2042 1531 2310 1558 2416 2629 1017 1401 1871 1087 451 1761 739 1876 517 118 841 288 2613 571 382 1207 1055 2609 2488 1810 2364 528 1070
000669.jpg,1735 234 2298 638 2541 958 1630 697 797 2619 2412 991 641 2529 1360 267 1238 2731 1291 1684 1025 2186 226 30 1572 2215 667 1009 143 1445 2517 1520 551 787 1575 859 665 1295 718 342 1619 2371 2385 2473 1129 2455 352 2590 687 1807 1196 130 1814 1270 557 1514 403 1440 1776 2783 1373 976 837 71 2614 2271 2460 810 879 798 1358 888 1159 1964 537 2013 2481 1589 366 2187 1324 913 1191 1994 2709 46 1660 2771 2662 2811 1457 2727 2431 706 891 1167 264 1 814 2833
000670.jpg,372 1286 2313 1610 1284 1153 1015 1199 669 481 1560 807 1227 1285 2153 1456 1844 2688 1387 298 285 546 115 96 1221 106 1865 922 189 2554 2118 1927 1032 6 2060 1858 829 1632 1557 1761 476 1260 411 2268 759 419 2388 973 1995 191 2261 37 1884 2476 1987 2622 621 506 20 2705 56 541 1570 459 894 2571 1628 1992 1064 2079 2677 1391 2831 2239 1759 468 1872 815 2108 425 1007 396 375 454 1390 2302 2757 1556 2643 1767 5 315 2627 1065 1797 444 187 2498 1188 269
000671.jpg,1797 2111 762 1702 2522 2643 6 1260 2554 1083 419 1856 894 644 2720 2168 476 2188 2261 2153 661 2278 1336 45 2498 462 829 2733 42 2489 1761 96 1596 2562 732 1064 1108 752 115 1517 181 1251 669 636 1846 1318 620 1364 5 2194 2684 43 2823 956 2827 2056 1858 983 2160 1153 2442 2555 1536 2525 1632 187 2745 2725 2641 2688 2831 88 2441 957 189 212 1914 2476 1669 2612 971 2202 1188 213 1927 2807 2351 1714 2785 2258 777 2190 2060 1734 2128 2448 1365 1227 1713 1032
000672.jpg,377 828 2578 2520 2227 979 2293 2798 1374 2629 2828 2539 2718 539 1337 549 729 783 672 2384 2602 2047 865 2210 723 1668 450 874 2485 1562 35 2647 1772 2108 303 1890 1038 256 639 2514 933 2786 2451 624 332 212 812 398 1351 2668 1245 914 2483 2640 1033 1493 176 1751 983 1226 2585 1667 2824 1203 490 2441 1093 2743 1945 945 2190 1266 1322 1342 1429 516 615 1343 347 2204 2737 2734 21 190 1585 1393 343 617 2195 1173 2141 732 2354 310 370 1074 2827 2111 340 78
000673.jpg,207 61 1787 464 2669 2025 1706 192 2794 1022 225 2396 346 418 1475 1662 1378 1781 52 2236 1481 268 1262 389 840 131 455 1568 290 654 1465 452 758 467 1024 1275 525 2821 484 2059 2164 495 2429 1282 2142 2687 2091 1831 2407 2765 113 390 2634 295 1875 241 49 2232 296 1532 822 858 331 838 139 245 2244 2806 252 1141 1612 534 89 239 927 1506 430 786 27 1655 2137 1339 1505 1789 1503 2465 2505 780 1918 1929 2479 1635 2173 2311 936 726 1297 2053 2467 625
000674.jpg,1879 1567 1981 1237 446 394 1604 451 1301 2093 1058 2049 2252 1578 2609 2140 530 1017 1800 2357 2796 571 1651 2507 2682 2042 1087 2349 1906 311 2089 243 2613 2392 1516 1865 2328 1892 1977 1645 1518 1179 1579 1725 2090 1894 579 1677 288 945 118 2604 116 916 631 2596 457 1088 1145 2459 115 982 2310 1904 875 1470 569 2747 997 227 1228 528 1239 975 1517 1367 1210 2026 1734 2786 1177 187 2625 2660 1613 607 540 1023 2326 2111 1063 1132 121 1531 1089 2176 462 566 517 680
000675.jpg,2836 169 1782 1444 2837 1544 2439 1486 1381 712 1663 1307 1328 947 1623 1045 260 1640 51 1437 563 1218 1658 900 2628 2241 1054 1679 2826 674 559 440 1649 1261 1617 305 2767 735 2133 2707 1840 978 906 2076 1878 1552 2790 1489 1208 1586 2397 2433 2840 74 312 445 497 134 860 1046 1422 1934 2832 2130 2358 2272 197 1569 2574 2411 2419 2545 2034 2713 2528 2088 155 1417 925 221 2454 1051 2082 2309 1993 2007 26 1316 2652 1405 489 2011 1369 562 1123 1416 2501 2050 2650 2732
000676.jpg,372 1221 546 285 807 820 2210 1603 6 196 106 334 582 1541 2677 669 2688 353 1610 829 1797 973 1285 2643 759 750 629 1084 2387 298 1882 1387 1702 281 732 796 1844 1286 5 2118 476 1199 322 1188 1884 1654 1219 411 956 1227 20 922 1015 289 409 1153 1374 181 98 236 1582 224 425 1260 2150 2313 621 1064 1553 2464 2726 661 375 115 1536 554 2599 2608 2828 933 84 1456 2498 1412 941 776 2520 2032 1318 1890 2554 1083 1436 1697 1973 2476 2218 2808 636 1225
000677.jpg,348 26 1369 2769 2454 2130 2050 2649 1870 925 179 712 550 1045 735 197 1552 1569 2840 2241 2200 623 168 1617 2289 2375 2817 480 433 2574 1656 1710 659 2714 64 440 100 1934 1640 2538 51 1983 2545 445 2650 817 1328 260 715 2721 900 2424 1422 559 463 1840 134 173 1316 231 1489 1092 992 161 606 1319 1386 1486 2501 1407 259 978 1895 645 2023 769 1752 547 2433 188 906 2045 1993 911 48 2034 1051 2076 1701 1490 497 1782 2439 439 1901 2133 1453 562 1796 2419
000678.jpg,1752 312 2790 2832 221 4 1146 2389 2082 2837 1926 1102 2300 1405 817 2270 1407 2439 1544 1545 1624 1782 2836 611 2411 169 2528 440 900 259 445 943 1486 626 2397 635 860 1319 1316 1202 613 1934 987 1307 978 1437 1644 547 1840 1878 305 1552 1489 2826 2069 559 197 2424 735 1422 2544 2501 2840 2556 2628 1983 2088 51 1649 2574 1051 155 1381 2419 563 85 2011 1417 556 2358 2367 2652 1737 1640 260 283 463 2133 1636 59 2817 1656 1328 1045 2200 74 2454 1046 2433 826
000679.jpg,1963 585 1487 1232 924 1471 1846 2278 922 1891 240 2571 122 1858 1625 411 2022 468 187 2346 2489 2784 2216 1995 2426 2027 2388 2816 2841 8 1353 2073 65 335 2169 695 1671 1975 2021 2793 2313 2016 1188 1916 42 2043 1333 2326 2810 462 483 2314 1685 2118 2171 851 1610 684 586 1919 1272 2111 2643 1512 652 1723 115 2024 419 2733 2067 2260 980 397 2641 701 1703 1391 475 448 1177 2060 1136 2042 1161 789 1883 2129 2615 2210 1153 2756 1315 1296 2109 2188 153 184 2079 2242
000680.jpg,169 2837 1544 2836 1444 1663 1782 2767 2439 1381 712 1218 1307 563 260 947 1328 1623 2241 1045 1649 2628 1640 51 440 1486 2707 1658 1261 1617 2133 1437 1054 1679 674 305 900 1422 2826 735 1840 2272 1586 1552 1878 2840 497 2076 559 1993 978 2433 1208 906 134 2088 445 312 2130 1316 2832 2790 2397 2713 2312 155 74 1405 1934 2358 1569 2454 2352 1416 221 1489 1148 2309 2732 1046 1123 562 1051 194 1897 2815 197 860 992 1102 2501 1948 179 2545 2411 2515 2574 2082 2034 943
000681.jpg,338 2516 1174 2243 730 2788 1094 678 1142 1442 709 2219 2364 1379 749 2519 673 1243 1466 1325 2151 2251 593 1455 1020 1913 1936 855 1005 1850 2697 2549 1526 2492 2746 2005 937 2341 1670 1581 2417 2290 774 2730 336 1311 538 1511 800 2560 1499 2830 1966 112 881 984 2680 2006 1516 1498 1634 253 248 1573 2196 1131 2446 2087 1794 1424 1068 662 2658 1309 717 7 1783 2064 1969 1040 500 513 434 1779 435 2299 186 821 610 1968 843 311 25 528 1529 1546 1613 191 1992 875
000682.jpg,2605 2630 357 751 55 2780 2621 1626 728 2754 1169 960 2347 1372 1691 457 2297 818 1832 2368 2395 2159 2234 1748 393 1513 2641 1611 1847 1467 2254 2360 845 2586 1192 2326 1161 2020 2563 2345 2651 2383 441 2211 1690 993 794 2233 373 2176 1028 2752 1734 1805 2329 1919 2192 1120 1785 2701 2540 469 2699 2447 1773 279 1459 736 2700 1259 2804 2637 1517 397 812 379 775 187 917 693 1014 1104 87 1257 676 1016 2136 590 1971 1996 83 483 1669 902 1523 1195 1561 789 404 2684
000683.jpg,70 1759 1834 1842 18 1125 1753 2757 2777 2510 2561 2772 431 2478 951 2015 2663 601 2 2077 1035 1839 1390 315 2622 1252 2818 2644 1557 522 395 962 502 990 767 1798 1801 2149 529 297 2504 284 65 277 1938 1833 2323 2302 1443 1323 931 1512 1908 789 103 1165 2315 1230 2388 2624 1235 2656 1114 1186 250 1257 1767 2667 1340 1391 1975 848 2784 702 578 2496 101 1107 240 688 684 2471 2601 1357 1427 369 1394 191 1413 126 1310 1254 1845 2277 2242 1334 940 1821 1418 1720
000684.jpg,677 1390 1874 1223 682 2291 2057 574 1406 2438 1075 627 631 2728 607 494 725 1725 1478 1557 2757 202 1553 1463 1055 2294 2436 2809 444 2708 2435 1721 2207 1839 67 2622 2825 1166 2719 1241 1606 1212 1733 368 1430 394 1759 1944 2140 24 2741 657 447 482 895 199 1058 1555 93 1590 2220 204 2143 165 1928 1334 722 2382 2577 1439 1937 2089 2598 1879 1810 146 940 2497 289 2135 1639 571 1065 1007 1825 1886 1558 293 401 1707 2668 2580 1986 1035 2589 1012 1871 1031 1699 2021
000685.jpg,2045 2755 2023 1584 1552 258 2545 2034 747 1895 1407 463 2482 1029 2272 74 1796 197 2676 1489 2837 860 1320 1701 1870 2574 770 1051 26 606 433 2501 497 59 1544 1983 1569 1799 1328 1934 2439 2650 2397 735 1586 1640 2735 4 2454 2289 1316 712 51 169 1218 626 2753 2375 2044 2628 1261 906 1782 2082 2732 611 1644 312 2389 2433 305 947 1878 2419 188 2556 1362 1319 2767 1624 1151 1545 2836 992 2133 674 260 161 2817 563 1486 769 2515 168 1417 2832 1045 978 817 1663
000686.jpg,490 105 1347 1271 212 301 2204 516 2394 2196 632 1946 604 218 1729 1454 7 2763 1778 549 151 874 416 2331 519 2102 1527 58 2245 2718 538 253 2551 2005 1419 870 1128 318 1894 2487 2658 517 1006 2697 773 1142 2377 1249 778 678 2251 855 2417 1546 11 434 1247 1550 1992 1133 2519 248 2147 1424 861 2485 2087 749 2224 2243 843 1850 535 187 144 2249 937 2416 2042 382 320 2680 2341 2095 2195 1068 1094 257 1966 184 1516 2793 2260 916 1854 1352 1036 1040 2117 1936
000687.jpg,1798 1427 962 251 1558 2149 2644 646 2409 589 485 2540 1394 2656 1334 1166 2323 2381 1928 529 1306 1175 395 1357 714 374 727 2504 1106 1230 2054 1207 789 1786 564 1451 101 898 293 658 1137 1257 1951 1361 803 2072 224 572 2546 2003 413 1971 436 2277 128 2040 2787 39 634 2320 1162 1801 1900 496 136 1559 2021 1561 215 2288 2000 614 1817 1478 1902 1353 1213 2325 2784 926 2759 2242 1501 1666 989 944 2579 1484 240 76 545 737 1674 364 2324 915 1654 2542 895 1115
000688.jpg,2085 942 2600 966 1705 1384 2458 1017 2543 2660 1739 1031 519 2341 487 1131 1331 1853 1614 1565 921 248 1707 1243 1681 94 542 392 1455 54 2664 114 253 1770 2369 566 515 1779 1784 1695 492 1000 2392 1893 360 512 336 2026 1673 1867 571 50 2390 1442 631 694 2147 1585 2559 1211 1239 1992 1154 1287 710 2195 791 1385 1370 2446 937 2618 355 660 1379 1529 1722 2723 2259 1725 528 1133 2064 908 368 1424 434 1065 2251 191 1053 2830 749 1516 1499 984 945 2803 610 1020
000689.jpg,143 1440 2529 1238 1291 267 2185 557 1807 697 226 2298 1694 1366 1122 1295 1735 2460 2731 2710 2363 1446 1619 969 264 991 1009 299 1514 837 1480 46 879 1129 2844 386 1684 1629 1294 2776 2468 1524 2139 2584 1373 2271 718 1 795 1925 2484 234 1660 2385 1549 2092 1539 1622 2833 2783 810 2215 1982 273 1411 1814 667 2189 2797 2517 1196 2771 2633 1520 2175 1572 687 641 1939 2672 537 2104 71 1445 2412 1816 787 2607 2371 30 147 642 2616 888 577 2269 428 741 2727 958
000690.jpg,214 909 956 1602 2348 43 1953 1866 509 1761 5 620 1139 2169 1515 829 2521 2620 306 2841 2162 1768 971 844 1744 959 2816 1605 2109 1365 1477 1153 941 1696 2056 2457 2726 1488 1260 510 2567 2203 621 2188 609 1889 1643 6 84 1907 2160 1797 1738 244 1757 785 1400 1326 2502 2751 2124 1987 2230 1199 1891 2498 2351 2612 924 270 473 1061 2688 423 851 20 163 375 1616 106 2591 1364 2643 957 2222 2386 1214 1171 2115 171 1074 388 1448 856 1041 148 334 1766 1322 1846
000691.jpg,372 334 2677 629 1219 2443 136 796 543 750 413 2001 915 1882 944 1541 1501 281 98 820 128 1582 546 640 2483 1654 1007 224 1272 2691 1817 1603 2387 646 13 1221 322 1557 1711 980 1628 1412 1390 1334 2118 1285 285 115 2577 1519 1902 2599 298 922 2210 1949 1553 907 1697 2409 1954 1700 2132 265 1884 2304 1430 496 854 531 2757 2423 1225 191 1357 2494 1162 2359 1406 351 973 1865 2378 751 2475 2380 2074 1558 111 995 1462 375 1928 2054 2421 2559 951 582 308 1073
000692.jpg,677 2825 2291 1390 1721 2220 2728 2438 2526 682 1839 431 447 93 1592 2757 1931 1892 2784 240 895 18 1759 494 574 725 2719 789 526 444 1035 1874 2561 1439 2057 1842 2708 1725 2409 1166 2436 1590 1223 1834 2089 1771 2207 477 491 146 646 70 2622 329 1558 722 2510 368 1639 2569 1881 1027 2741 1185 1606 165 1928 274 521 804 2435 2475 461 2540 2625 1055 2589 951 2015 1406 2054 898 2051 1463 864 1173 2644 2440 601 2766 995 1452 1501 2639 1976 482 2378 1825 2294 2037
000693.jpg,958 1360 1630 638 1270 2298 2619 787 1735 1445 1129 234 1238 2529 1572 1291 267 17 642 1520 1807 1684 30 1258 573 352 1009 1925 1112 1571 665 1446 1939 667 2215 2399 2731 846 718 1295 2481 891 1619 1514 741 1373 697 795 46 2834 1294 1524 1982 2371 2801 1 1994 1349 1215 879 2339 1411 537 2189 2063 2771 195 961 2412 143 837 2616 2185 912 600 1539 913 2372 2271 264 1698 2584 1694 641 2139 991 1159 1122 2385 2158 2223 2486 1589 127 969 1863 2338 1440 71 2833
000694.jpg,825 2336 2434 1246 2018 2008 764 929 652 719 2146 539 765 1289 2284 247 14 1985 1745 7 1577 873 779 549 2793 998 1351 914 723 1970 2426 1157 1204 1121 1493 1136 2485 2551 35 343 153 1534 190 206 1651 778 2792 1574 254 1772 615 1128 303 2711 227 2022 2824 2585 282 382 916 450 604 517 1915 2536 2204 988 2252 1403 1588 1359 975 58 2603 1854 2361 2090 874 1132 2042 2157 639 1583 105 540 1271 2024 304 1685 2178 1578 212 66 831 1222 569 2682 869 2582
000695.jpg,2677 98 1272 1232 1219 640 2443 2691 2324 281 2218 334 629 796 1221 13 2726 1744 851 1819 2210 2656 1519 2561 475 1864 1423 265 781 1162 1035 1263 962 448 347 1436 543 2304 1357 1478 2149 413 910 1922 2841 776 909 2355 285 117 2162 2132 409 182 1113 1882 58 2003 1976 2325 136 1226 2577 2256 375 820 676 1541 1334 2387 980 1916 2644 922 1954 2483 956 931 2074 351 353 372 1041 1322 1412 703 975 2502 923 1711 56 1203 2421 196 738 1949 477 395 1973 1817
000696.jpg,134 155 2241 2836 440 1840 1422 2076 1640 2133 2628 2088 906 1782 2732 1045 1307 445 260 2815 2011 559 1552 51 1658 645 1381 1218 1208 735 2735 1046 2272 2650 1444 1544 319 1617 2439 1029 2007 1649 674 1993 1319 1636 1965 992 1486 1148 2840 900 2837 1158 486 74 2419 169 2652 747 1123 64 201 197 231 978 784 2556 2553 1586 1054 2352 1261 1253 305 1316 433 1468 563 2713 712 194 947 1848 1897 2309 2433 168 1663 1569 497 950 2046 611 1051 2606 2424 2676 904 659
000697.jpg,1515 5 2502 2386 2056 844 2263 2152 2182 398 2457 1726 1882 1221 1768 2678 1198 45 1364 732 2608 2567 2464 236 1458 1144 84 1219 509 2348 973 941 851 2761 2572 1907 2048 244 423 1251 2079 582 2160 2760 2620 620 1083 2591 1605 181 1371 1744 2115 1525 2751 546 2503 1064 300 1570 2401 1263 2612 214 2476 1139 1322 106 2688 298 6 409 40 2443 640 1797 2623 1866 785 1015 1922 333 713 1342 1610 2705 1285 285 474 2522 2725 621 2230 98 1199 2197 1203 2463 1397 2726
000698.jpg,2272 1316 1051 1416 2556 194 1496 1218 2628 747 1586 1649 2815 1096 64 1948 2352 497 1054 1261 1965 1658 2713 1569 1840 2721 201 2241 2767 2836 155 2545 1381 1444 1422 2433 2755 1636 169 48 1544 992 51 1640 2439 1679 715 260 439 1307 674 2707 1993 1897 1860 1552 440 2837 1782 2023 2309 2133 2840 1663 563 1148 1123 659 2088 1362 1775 1617 100 2650 900 2034 559 1045 712 1623 2732 445 735 2289 2046 978 134 1878 305 2826 2376 906 1046 1584 1208 950 562 1752 1319 1796
000699.jpg,1545 59 2389 4 1407 645 626 2367 445 2439 770 2424 2837 1202 2650 1544 2735 2755 1146 1799 2270 197 1253 1983 1752 2840 950 1552 965 74 2200 1584 675 2045 906 947 1029 2082 2088 547 2272 433 2419 1320 2676 1782 1775 2545 134 2836 440 2574 1051 1840 2023 169 2628 155 978 2148 1319 2289 1640 1895 259 559 168 1486 735 2753 1636 463 231 1569 2034 2433 1468 1092 1261 1316 2482 173 2375 1878 2011 900 2556 2652 2076 2515 2732 1649 2044 987 1362 1444 260 305 860 904
000700.jpg,1874 165 2558 2207 647 1841 2435 2728 1223 2135 1825 725 146 447 899 2766 362 2813 2294 2248 1212 2683 2736 1944 1940 1937 494 1055 137 2291 1986 1899 2825 1606 2057 1463 1130 2741 1076 204 2292 948 1126 682 2382 2438 2511 2258 2569 2319 2639 1639 574 2286 2842 1547 686 2393 1592 2436 804 1935 2708 692 1464 2580 1777 2220 491 2305 329 2041 1056 677 1134 1185 140 2526 6 116 1452 2719 246 1433 939 482 722 657 2506 1931 1067 2598 751 1601 24 1166 2665 1558 940 2704
000701.jpg,254 765 652 1985 66 282 14 2490 2209 825 1642 929 2405 539 3 549 1246 2485 2434 212 764 1351 7 2542 35 2336 1493 1772 2536 1347 862 2824 2284 303 1136 58 719 1344 2204 1915 2483 1600 1745 2551 2729 2487 2129 981 2008 2409 1751 2018 615 1403 1289 914 2603 845 1574 738 1203 2146 2296 1958 450 1162 2430 111 812 2170 875 617 2416 832 874 347 343 2334 2380 554 2157 276 355 779 1157 2016 2793 2658 1197 2667 873 703 2700 1719 1121 465 853 2003 1819 1271
000702.jpg,123 882 796 2350 2121 986 1236 2380 554 1757 2150 2267 560 1041 437 334 1001 909 2483 1255 2362 868 1420 249 1958 427 1012 2686 2485 2532 399 308 1267 2107 1233 2074 2463 1911 2667 2405 1406 1767 2671 820 384 2788 1670 886 743 1888 2496 211 703 2423 1697 1443 2227 111 1492 893 889 1219 318 946 1747 176 2668 2415 473 2487 2599 1153 2378 1834 1600 2001 2449 2490 995 1871 1711 2786 1430 1157 142 1222 8 1006 1915 1646 831 2691 429 58 1322 1671 1380 802 749 1519
000703.jpg,312 2832 221 2790 1752 1102 2082 1405 4 2300 2389 2270 635 1146 1926 2837 611 626 817 943 259 1407 613 1552 1544 2439 2397 1878 1202 900 2544 1422 987 1316 440 1636 1319 1545 556 735 85 1934 1624 2411 563 1307 169 1840 2840 305 518 463 547 2088 445 1437 2556 2826 2528 1737 2454 2069 197 2133 1656 155 2501 283 2424 826 260 562 1486 1983 606 978 2272 1644 860 1993 2817 1148 188 51 1782 2574 2836 1046 1045 2714 1489 2358 2200 2011 559 1328 906 2538 2044 1640
000704.jpg,2386 1364 1083 2056 1251 732 1198 2612 1515 844 45 2263 1397 2678 6 2203 582 2182 2401 2768 40 1591 2348 5 181 1687 1064 851 1221 2522 2620 474 420 546 1139 1738 2760 2160 1183 1726 2502 384 308 940 2521 2643 1488 2831 510 1420 1882 423 2152 762 985 1570 759 1144 690 1702 1797 2079 1525 409 1960 1659 148 187 1203 244 1605 2457 1199 322 2841 620 1177 236 2608 2179 347 285 676 560 1723 469 2591 214 621 2705 2115 1536 2494 104 1336 812 1014 2107 1867 1502
000705.jpg,2817 1656 712 2840 2034 2515 2545 2082 2424 1934 1983 1328 1407 2574 2836 1369 900 2439 1444 197 925 1545 735 1489 1218 2454 1679 1045 1319 992 169 26 1782 2837 1623 817 1544 2649 1796 312 1658 2411 1710 2241 1870 2528 1644 1486 489 2050 987 2023 260 51 1051 1261 348 2790 1092 1640 860 1663 1569 4 547 2270 1624 2130 559 1381 611 1552 221 550 1386 1752 1926 1584 2084 2200 440 1586 179 445 2755 1878 188 2832 626 947 1054 2300 2714 134 2289 1417 2501 1617 64 497
000706.jpg,2679 660 453 1903 177 2829 1163 2122 1739 72 1628 542 760 515 461 401 2163 1853 1839 1000 9 156 2664 816 1579 2304 975 1508 2009 2782 1893 2108 2577 460 164 1872 2775 50 1695 886 1035 1769 923 54 1370 531 1256 417 1287 289 2636 1023 1681 2218 2803 2668 554 1415 1162 1065 2722 1396 322 791 1085 952 1605 1565 1742 1808 2497 1418 710 981 399 1717 1219 597 477 380 174 2469 2561 1599 355 172 2074 1888 607 1384 942 2369 1890 2288 1666 1478 39 868 1197 2808
000707.jpg,757 1728 754 1804 135 558 967 1231 2756 2277 2295 1533 2413 2320 2323 2024 1383 426 213 1149 1597 1448 1296 2638 184 1719 2021 328 80 119 1689 1801 2784 983 2178 240 1427 2533 232 789 2644 2472 1265 304 545 1478 2238 529 1898 2673 962 695 2615 1394 395 1971 2504 766 286 1984 1945 2759 2408 19 499 424 29 2354 634 1334 1176 2540 1513 2149 230 2242 91 1312 898 2172 589 1269 707 2143 218 483 2066 1883 2546 1207 1353 24 1798 2054 2579 2235 1683 596 935 115
000708.jpg,1624 1644 2528 2411 817 1934 2817 2501 1656 2044 547 987 1926 1489 1319 1782 188 1328 51 2574 2790 85 1386 611 197 100 2836 2439 2545 1407 1640 312 2082 1381 1569 1983 1663 1544 559 2270 556 992 134 2011 305 715 860 1417 2837 2300 947 1658 1444 1102 2832 1486 2433 1796 59 1545 712 2419 2034 1307 1710 1552 169 260 674 1584 1218 4 48 645 2650 1617 64 1045 900 1092 626 1752 978 445 231 2721 2375 1405 635 2045 659 1208 2714 463 1623 2023 1046 562 2241 1146
000709.jpg,2236 1475 1378 2429 268 1787 1662 1831 534 484 806 1655 780 467 2794 131 2244 464 1465 2059 1022 1789 1875 239 1706 2396 927 452 2091 2407 2765 1275 241 2465 2505 295 1781 726 1756 1011 1282 1024 389 653 1967 2142 89 363 2301 625 1262 999 679 2285 786 1929 1568 1503 390 858 252 1008 331 53 455 654 2531 2687 495 1274 471 1438 758 1843 418 2693 2806 108 840 2053 296 1635 1755 1127 936 2611 1039 430 2173 1124 408 1317 1730 2017 2164 356 314 207 655 822
000710.jpg,70 1834 951 1842 18 2510 2561 2 2663 2478 431 601 1125 2777 2818 1753 1035 2077 2015 1759 2772 2757 1252 1839 1443 931 1833 277 1938 65 1418 2686 767 315 1390 522 2622 1767 2644 1114 1557 2315 1747 2532 395 962 2496 529 1186 1340 1801 2624 1908 369 2345 2276 250 1512 2667 1821 1975 211 1720 1391 578 126 889 1107 2323 2388 702 1519 990 1192 2702 886 502 848 1310 1413 1460 1323 2605 103 1357 2128 379 2314 1686 284 1830 2297 1748 1254 297 597 2504 684 1257 543
000711.jpg,463 1552 197 1029 1983 2574 2419 445 74 259 2676 715 606 2753 1895 2397 188 178 2011 2544 992 860 1151 1934 85 2082 219 2735 1407 2545 2724 911 2045 312 2424 2501 987 1701 611 26 2528 675 1092 1417 1208 817 2817 559 2840 1569 1489 2375 622 900 1362 1319 2721 645 1644 1897 1627 1046 833 2755 1428 1710 2832 2454 1796 2270 319 1656 305 2023 712 1486 1878 433 547 2650 2044 2670 2034 1870 1158 1190 2007 486 2358 556 626 2482 1926 2411 562 1146 735 659 1624 906
000712.jpg,2809 67 1463 2507 1473 1886 1639 1904 2813 2041 2558 2382 2286 1185 677 2294 627 1076 165 2583 1937 1452 1725 1555 948 2393 2135 725 2825 12 1935 97 2248 997 368 1777 1055 975 974 1944 2741 1464 574 116 2598 2526 2291 2220 2054 1067 1980 1721 1931 491 1874 2625 1212 2089 2736 482 140 1606 1771 1579 1091 1892 217 2728 2140 444 2021 2785 2580 2756 899 1876 1733 1841 2436 682 2024 2427 204 2207 1987 686 246 2328 2305 1977 1330 1986 146 571 255 1449 1478 2390 1940 1179
000713.jpg,1316 1453 2309 2556 201 2826 2721 2433 2272 1569 559 2713 1860 2007 1901 260 659 2088 747 1965 100 1552 197 563 1123 1307 2650 2011 1490 715 1496 784 1416 445 1046 900 1636 1381 155 1640 2337 1096 1486 562 64 1752 2241 1148 1422 1218 1428 1948 1878 674 51 735 2815 2439 305 440 2289 906 2628 1437 1658 259 978 134 1848 645 486 1782 2836 168 1051 2397 1840 1544 2840 1649 2424 2545 48 622 2454 712 1045 2358 606 1586 1158 2419 2352 611 433 1993 497 169 2076 1261
000714.jpg,2386 1364 1198 1591 1687 1515 1659 2263 2203 1205 2348 2620 2502 6 1251 2612 298 2182 327 2056 1397 844 2768 2115 1570 244 423 5 1083 2152 2401 1139 45 1221 973 2678 1064 40 546 1488 2494 117 1882 582 1400 106 1113 1525 2760 1183 1738 732 420 690 2521 851 940 2303 1973 1184 1616 2474 2831 1199 474 1922 676 1144 1007 510 1605 2160 1960 181 759 2705 236 481 375 2079 2608 2726 275 2247 1726 214 2457 2162 2179 1203 448 621 1371 2841 23 2030 1502 39 1641 1285
000715.jpg,2792 887 2328 1791 1470 1977 1531 748 998 1583 2778 2491 567 118 1179 2416 1667 1578 639 1354 928 1657 1579 930 1854 778 819 2682 945 382 517 841 975 919 952 579 2304 1651 2711 2793 1769 923 1585 808 2349 2647 2575 875 492 982 2729 1210 1970 114 190 7 1063 2333 9 227 1154 1351 2252 2065 1534 25 311 2459 1770 812 2042 539 1493 1555 1729 2723 916 2824 35 2146 1819 1289 1209 1864 1157 1271 764 1772 914 2054 1920 2242 723 429 2488 2018 1344 615 515 1577
000716.jpg,213 2024 754 2638 426 135 2756 2178 1728 2022 304 2066 2320 558 2113 2295 1448 967 2413 1804 757 184 1478 1149 2143 2615 1333 1597 24 1213 1265 2021 232 2784 1161 1383 119 2408 1296 1719 2533 80 1513 2546 2277 240 286 634 2673 1945 29 1231 1353 2149 1334 1689 2172 1228 1533 2242 19 1883 898 1558 520 2323 1785 63 424 2090 2472 988 499 545 707 536 2354 589 1847 1300 658 2054 1087 1561 2737 1394 1427 1207 310 1132 2504 789 1588 569 714 2656 1019 1798 1631 1971
000717.jpg,654 1647 2402 1972 2062 2061 655 625 782 721 643 1018 679 1921 331 1026 1097 1438 1048 1781 2311 936 1356 1293 471 2611 1248 108 1822 1756 1598 1297 402 113 1612 1929 1335 159 858 326 245 2465 2505 1787 2316 525 1875 1008 2632 33 449 580 1011 430 1275 1706 1831 1730 1715 1435 1505 1317 390 131 464 1262 2017 1500 786 2406 2407 628 1655 1187 268 2765 2232 2164 2398 1662 2228 1568 2687 1635 1282 1967 2467 49 455 1143 2301 1378 252 1912 27 1692 2794 1395 363 31
000718.jpg,214 2348 1602 2056 609 1139 1515 1953 844 1364 84 5 941 43 2386 1199 909 2591 2620 2612 2725 1866 621 1605 2831 300 1723 6 2476 2230 971 1251 509 2464 106 244 2160 1397 2457 762 2498 785 2115 1889 171 1696 2841 1738 2109 1488 45 620 2502 2152 2678 2567 2705 510 2079 1766 2521 2706 1891 270 2522 2401 1797 1221 335 1726 956 732 1596 690 448 1722 1661 1610 1768 2124 2688 1537 1064 2816 2203 973 1061 744 1203 1336 506 148 1525 1927 1687 420 2608 861 829 2768
000719.jpg,1115 1389 2546 2113 1951 1213 658 589 304 251 2178 727 898 2409 101 2066 1798 1353 1175 374 714 1106 1306 2040 2504 572 614 545 1394 803 364 1230 962 1166 989 1137 2381 1559 2149 485 1333 1558 2644 2759 1786 1883 789 529 1257 436 2000 646 1427 581 215 1971 2022 737 1207 1900 2579 2540 395 1451 240 2072 1161 1357 63 2054 2277 328 1683 1785 1928 766 2114 2238 293 2784 1300 1361 1513 1228 341 1334 2242 1561 483 2656 2323 2787 1801 1087 564 1027 1818 2542 2589 695
000720.jpg,2386 1083 1364 2522 1064 45 1251 2263 2612 732 2056 844 1536 187 2678 1702 582 474 1515 40 407 181 762 1198 1797 5 2498 2643 423 851 2489 1336 1104 636 2111 2401 2203 1726 1525 462 1318 1846 2326 2457 2234 2182 34 2160 1596 2159 1802 236 2422 1960 1591 1517 2360 1856 2641 2831 6 2572 1169 1570 1315 1714 1768 481 2555 1729 2591 736 2733 1973 2116 2079 308 148 1659 1669 183 751 1028 1690 2476 2523 1093 1467 1183 1713 1203 2807 861 924 1177 954 510 2554 1687 2699
000721.jpg,2269 1071 2371 642 1698 2223 1622 1994 2486 1409 195 2100 180 299 2092 2833 2616 264 2738 428 1571 837 2139 1009 1201 17 2576 414 846 2801 2844 2063 2834 1122 2797 1540 2484 2185 1982 2635 166 573 2584 1615 1814 2338 2253 1549 90 961 1618 1060 2138 2255 600 1694 1826 2455 1411 317 891 1278 1807 2158 2412 2709 262 472 741 1520 1295 1837 1 912 1446 2273 1421 1684 1264 1338 345 888 2189 1112 1607 2298 577 1129 1925 349 46 1101 2811 2340 273 1095 1828 1294 2226 2215
000722.jpg,98 776 2210 353 196 224 796 1402 809 781 413 396 276 1153 2001 738 1477 1819 2101 281 1625 1761 476 285 869 2047 1864 2278 829 1318 910 2691 1882 370 372 1757 1344 2520 1189 1162 636 1226 1835 2807 2361 381 1042 1643 56 1038 2677 2103 15 2391 128 1222 640 2380 2387 275 763 69 1423 2729 661 1911 1501 2599 669 2421 1902 1272 1536 1219 1976 233 2086 2571 448 1221 915 2726 1657 2828 2150 323 1751 2688 657 975 2003 820 2325 2627 387 409 1987 1223 481 828
000723.jpg,2185 1694 2584 299 1122 2529 1411 2139 1982 1925 46 2298 2844 2833 1129 1684 143 1549 264 1009 2616 1440 837 2215 2092 557 2484 1619 879 2363 1814 1238 2063 267 2731 1446 1807 718 349 2797 1445 30 2371 1735 1514 787 1291 1366 2158 273 2385 223 1264 1360 1571 1294 414 2635 2710 234 428 386 969 2541 2460 1622 1589 2100 1540 667 1572 1615 1629 958 2834 2455 642 2412 2481 2771 2340 1295 912 1776 1373 846 2269 892 697 641 888 1196 1520 1815 741 1278 2213 352 961 1863
000724.jpg,241 2794 653 495 1273 2396 239 1127 858 131 1282 1378 2698 296 449 1503 2173 2091 1021 2765 1024 408 268 2316 1787 2285 452 2429 1465 2465 2505 786 2531 2017 1781 1435 1274 625 1662 2693 679 1961 89 1356 805 252 806 1843 1598 108 49 2025 561 643 654 1022 534 1875 27 53 2244 467 390 200 356 2142 113 1612 1039 2164 61 2311 2402 33 1317 331 1050 1635 2280 1967 464 1789 1706 780 290 1505 1395 936 2611 726 1248 2279 840 225 402 1941 1831 1140 2398 389
000725.jpg,569 536 1132 2090 121 988 1588 193 1268 1065 1047 2747 1145 571 2786 2098 1089 1651 2108 1562 680 213 2668 332 156 1162 729 1023 1418 2384 2227 1241 2333 135 1890 666 1074 141 979 2055 1578 2577 2798 429 1888 1203 36 1431 1448 841 1793 232 2743 2029 554 1393 1657 308 517 2295 2042 2629 401 731 164 1404 2107 754 2636 691 347 1740 2539 1970 1879 1256 499 823 1952 1173 1729 1063 1945 1531 24 703 1484 1033 2640 1513 2078 1470 199 1322 1784 1333 757 453 930 945
000726.jpg,6 1221 1603 2502 2348 2152 1515 690 759 285 1723 5 1139 372 973 1605 807 1537 1570 425 1199 546 1397 582 106 1922 244 298 1687 375 2768 1364 844 2706 1285 334 820 2612 2620 1738 420 1891 448 2014 411 1198 2115 1602 1541 1610 1591 409 1488 2666 1882 1916 475 2643 84 2457 1083 1007 985 1525 980 2263 327 750 1616 650 1659 1953 2118 423 2816 2401 2705 1502 1884 275 2179 2386 214 1296 384 468 1326 2841 1061 2494 2303 2521 510 1702 2160 13 609 2043 2203 23
000727.jpg,335 2230 924 1891 1288 1703 2591 2216 2841 1363 2160 1605 1889 1487 2346 1232 475 1907 2079 2401 1916 844 2414 1471 1364 1458 309 509 1177 620 2242 732 2567 650 1785 1214 953 2620 2182 171 2604 1797 2502 1315 333 2457 2612 1228 1723 2816 2768 2608 2386 2171 1144 621 1953 1515 2351 423 107 1336 1882 1683 181 2751 2404 2238 1217 443 5 45 766 1213 407 2043 2521 2113 1892 2666 851 957 2617 1677 297 398 521 2656 2546 1139 2643 2641 1616 1844 2066 304 2203 695 922 856
000728.jpg,2817 2424 2082 1545 197 626 1656 2545 4 1489 2574 2034 1319 1710 1679 860 2515 1444 2836 1623 2439 645 2528 900 712 1983 992 559 1782 547 169 1407 817 2840 1218 1261 1752 1934 611 2270 2837 1544 2367 1644 51 1417 2419 1486 1586 134 489 312 987 1569 497 1658 26 1624 1701 2411 1146 1328 1381 659 1926 1051 1386 623 2790 2084 2300 735 925 1045 1046 59 978 1552 2755 188 1878 1369 1640 1796 2707 74 2628 2023 606 1202 2010 2650 715 1102 2389 1054 1627 2832 1617 674
000729.jpg,2612 2401 2160 1336 335 1315 2079 1013 1177 1364 2230 2604 96 1365 1214 2386 2554 856 2841 1632 2153 1907 894 107 22 1927 2591 785 1171 1891 762 42 189 2751 851 1251 419 6 1685 1889 2060 2278 411 1217 1363 309 861 2643 2414 2816 924 1232 2567 333 1515 2555 106 171 1625 2326 1471 2498 2109 2216 45 1032 5 2162 183 2111 1661 1703 759 1953 1858 1064 2313 1139 468 1744 953 1677 2346 596 940 1605 2571 954 844 1892 2188 149 1104 971 214 182 2831 1846 2705 506
000730.jpg,1561 1334 1166 2149 1798 2656 1928 2409 2542 962 395 2644 529 374 251 714 940 1257 1230 1786 2323 485 1137 1357 93 2242 617 1513 182 803 2504 1801 895 1427 1207 1394 789 1434 751 2040 634 1333 1590 1558 76 1689 2540 646 1847 2324 2381 1161 364 2112 1785 695 898 1213 465 24 1115 2143 2546 39 2277 1298 1478 1971 1693 2759 1035 101 2561 2784 1839 1601 240 2016 1176 198 1683 1175 2113 581 676 1773 737 2036 2209 1353 2497 2787 310 2054 2737 614 2021 2728 379 1004
000731.jpg,2510 431 70 1839 1035 2561 1759 1842 18 2772 1125 1834 1753 2757 2777 2478 601 2 2663 951 1390 2077 2015 2818 315 2644 1252 1557 395 2622 529 940 962 1833 1938 2323 277 1443 767 2497 1801 1747 1230 522 2149 198 1798 1333 2656 1357 182 65 1334 2667 1418 1434 1186 2302 2315 2577 1785 75 369 2686 1512 5 156 889 379 1165 543 676 1075 297 2016 2702 1296 2542 1257 789 931 1448 1685 2504 2532 461 1323 2496 954 1065 2112 1391 103 1847 1394 1548 502 2314 1908 240
000732.jpg,1316 64 2433 2713 1569 201 260 1453 2309 2241 2721 1640 2272 1490 2088 51 1658 439 155 747 100 659 1381 1860 1965 48 1422 2556 2826 1218 1901 563 2815 1496 2376 562 1552 715 1636 1045 559 2628 1123 1840 712 2352 735 900 784 2836 2650 2439 486 992 497 305 1096 2454 1752 1586 1993 197 2545 1878 1416 1782 1948 2289 2007 1307 2840 440 1148 1051 1649 168 1444 2337 231 445 1617 674 2133 1544 1486 1796 1046 2046 2817 611 2011 518 2130 134 2050 550 1656 978 906 1054
000733.jpg,1569 100 747 439 2721 64 2272 1316 1490 2309 1640 1901 2650 659 715 563 1416 2433 2713 1218 497 231 260 1552 201 1123 2826 1096 2241 1422 48 1261 1965 1878 1993 1860 51 2352 1586 559 2815 2454 2556 712 1453 1381 2133 1444 2088 168 1948 2545 992 1328 906 2376 1148 1496 611 1486 2837 1307 2732 1636 1544 2034 2439 562 1658 2628 1663 900 784 674 169 1796 978 305 1051 134 2011 1362 445 1617 2023 194 1623 645 2289 2046 2836 1045 2840 1046 155 2707 1208 221 2767 817
000734.jpg,2552 28 238 633 2479 1563 152 2250 1532 505 587 313 2119 2181 711 734 2193 503 1335 2283 2674 1741 1827 2557 671 1376 2500 2028 2534 972 1339 2819 705 1896 999 2592 849 1111 532 2370 1912 1708 2716 696 458 354 2742 2052 726 2365 847 2527 175 261 1635 1680 968 1010 245 1787 602 390 2062 2017 330 1662 1967 1746 1026 2099 1956 2322 2177 523 1852 1875 2689 525 655 81 1395 1921 1117 2199 1281 1704 1003 1730 1317 27 1220 1008 2316 2091 2396 92 456 1715 654 1293
000735.jpg,1578 1920 841 2682 2357 945 1367 639 1579 1239 1977 2647 2252 1657 1179 928 1770 2310 1566 1651 114 517 1368 2723 2042 887 2328 2097 118 579 1470 2491 566 1791 1063 2026 571 875 1667 9 2778 916 492 930 227 819 1531 2304 512 1769 1210 748 778 952 1354 2660 2392 1211 311 2575 1585 982 1154 2711 919 2225 2488 1854 2792 1583 567 2416 2459 975 2349 25 2729 382 1970 2793 1879 1725 394 2379 631 923 1031 539 763 1567 1555 1209 998 2559 1729 1906 515 2065 2796 528
000736.jpg,100 1569 439 2545 2034 64 48 2721 1490 1796 715 2433 2023 2376 1453 1640 1901 1584 2309 260 2713 51 1658 1218 562 712 747 1624 659 1644 1328 2826 2817 563 1381 1444 2650 1407 231 2045 305 817 559 201 1934 2439 1316 1663 497 1656 2088 2454 1926 992 2528 168 1051 1870 1878 26 674 1782 1486 1307 2790 900 1617 1369 2836 2241 987 978 1319 1416 2755 2272 348 1102 1623 2352 1261 1679 925 221 550 2714 2501 611 2411 2289 1544 1860 1993 1045 2133 1096 312 1489 1983 1552
000737.jpg,1321 897 2156 1098 2096 935 834 2450 836 1217 2750 571 959 1790 856 333 1736 1550 2317 1425 183 2058 2645 1145 2313 957 2785 396 1709 1449 1865 309 1906 1728 2342 1638 2089 2060 355 1719 1396 189 2249 47 1032 1023 2437 829 115 2567 1858 1892 2523 1555 1015 1703 2032 861 1052 243 1554 983 2083 1610 754 1065 1363 908 1305 1907 255 38 2688 1286 2432 832 1260 1631 2640 1614 1910 755 2627 481 1370 44 1750 1088 1288 141 1987 2197 2422 1844 1990 483 96 1337 2201 1266
000738.jpg,2816 2043 922 759 1891 2171 2841 411 650 1227 924 1188 1603 807 1153 1916 2666 2810 1723 6 2643 1953 1605 1221 2612 475 334 2346 1139 1610 468 2502 2216 1487 375 5 2768 1260 1397 2401 2726 953 1515 214 454 1284 1471 2162 2160 20 956 2348 1199 1738 820 285 1541 2079 2620 122 1364 335 1761 1488 2751 1326 2521 1467 750 909 980 2118 510 448 1744 420 1858 187 1882 2179 1502 37 1456 106 621 669 1703 469 844 1014 1177 1232 1560 1922 2599 586 690 2222 379 1927
000739.jpg,1785 1228 1019 182 1513 2542 617 1847 63 1161 1166 1333 1561 2546 1298 1087 695 1213 2022 1928 1590 1773 2700 93 1685 374 1176 895 465 499 1115 2656 1334 2827 132 2409 1434 149 751 2113 576 1795 940 2149 2066 251 1137 540 1257 1743 2540 2621 1999 2112 683 1004 310 1478 1353 2242 954 960 2699 2143 1197 2016 1178 407 2547 1169 76 1103 2260 24 1693 1389 634 1714 95 789 2129 714 101 1883 2211 596 1300 832 1116 2780 457 824 1343 2209 2441 2630 1427 2504 1535 983
000740.jpg,26 2454 1870 1701 1489 2769 2289 860 433 1417 197 712 2375 2650 348 1710 1640 1552 161 769 51 1045 463 1617 1422 735 305 1934 1788 2538 606 2837 2439 1569 1328 2397 562 2241 1544 1993 1218 2840 1381 169 2817 925 2130 1656 1782 1752 2574 2050 1895 1369 445 817 2501 2721 188 992 611 1319 1407 221 64 2528 440 260 2433 1644 2836 312 2753 1102 1658 2023 1878 1983 2714 497 2628 100 1444 2790 2045 1316 1586 2556 2411 715 155 231 179 2544 2272 2545 2358 563 1840 2046
000741.jpg,2501 2044 1934 2088 1422 85 1405 1102 260 2411 188 2650 2133 2832 1552 987 312 635 1624 992 817 463 2631 221 1092 518 1319 433 2817 1656 611 2289 2574 197 943 2837 1640 2046 2082 231 563 2790 1584 2023 2836 2312 2439 2352 2528 1644 2397 2241 486 2270 2454 2538 2732 1983 2375 1218 2545 1407 1897 1926 2433 1362 305 1190 439 51 194 169 712 1878 1993 1569 1799 155 1788 784 48 1782 1544 1045 2767 1444 64 440 1663 2676 74 1029 1840 2515 2300 1617 547 497 562 735
000742.jpg,462 2733 1517 2684 2754 1482 818 575 2780 1169 2383 1996 2630 2489 441 279 2550 777 357 2605 2368 1846 1382 2080 407 187 2106 2651 2586 1626 1523 917 2447 2525 1856 693 2033 902 1734 2297 2192 2202 794 1014 87 590 2073 2058 1832 2347 32 457 2254 983 775 1093 1805 1507 1611 469 728 2176 2804 1192 1277 2604 397 1690 920 812 1104 2641 2827 2555 107 1091 1691 2111 2441 1898 2745 1919 2190 861 1459 2563 584 751 2239 2242 1748 2695 1693 1372 2233 2166 1467 2621 55 1254
000743.jpg,1009 837 264 2063 2371 2092 1520 2833 2139 1622 2484 1 2635 1994 913 2412 1159 2455 234 2486 1982 1572 2158 2223 1925 2100 46 2215 1122 1338 2727 2576 2834 1615 1698 667 2844 1735 299 428 17 472 1815 1409 2138 1446 642 317 2338 2797 2269 352 1619 1618 2616 90 2399 1238 891 2403 267 307 1071 1294 846 2385 195 1571 1684 2255 414 1549 1366 2811 1360 1129 2801 879 961 1540 403 1630 1814 2298 1660 2340 2584 2185 262 2273 1101 1295 1694 912 537 1291 223 349 2253 741
000744.jpg,1596 1797 1083 1802 1702 2498 1880 752 2643 636 2278 2720 2678 582 1536 2725 2464 732 42 387 957 2261 181 1726 2168 1318 476 669 2522 2562 661 2476 2188 1064 546 45 2688 236 2627 761 762 1364 2807 1560 2448 644 620 2572 2554 6 1227 1032 1659 2508 468 2831 2249 2128 2263 1221 586 285 844 1889 2457 924 1525 2313 2608 2623 115 1858 5 1882 759 481 2160 2153 419 423 2222 1515 1260 1188 2194 1205 2571 2079 443 1315 2705 609 183 2060 1610 1671 2351 894 1973 1632
000745.jpg,2769 2454 26 1870 348 2130 2050 550 1045 2538 735 712 197 179 1369 925 2375 1552 2840 2289 433 2241 463 2650 1422 1640 1934 2714 51 1569 2501 2649 161 1489 562 64 445 1895 606 1617 1993 1328 1788 518 100 1701 1710 769 1656 2817 1029 440 2631 2721 2044 817 1407 2574 260 231 2023 305 1644 1092 1840 439 1319 168 992 1983 2200 2088 173 480 2676 715 659 1316 2753 563 1584 155 2556 833 259 188 2528 2482 1752 2397 1624 1901 2011 1417 219 2411 2545 2544 1218 2433
000746.jpg,1451 2000 727 1361 2054 589 39 1394 789 1230 2409 1558 395 1561 2149 658 581 2656 2288 572 803 1786 1928 293 1106 1801 2242 2644 714 564 2540 1357 1798 1166 2504 1207 1137 863 898 339 1646 1091 251 2787 2759 1693 483 1306 1559 962 737 1683 646 1482 2395 940 1113 2114 1180 1971 2277 1257 614 1804 676 2737 926 529 1244 967 240 2209 1389 2040 2072 2381 2383 1427 341 2546 2080 2003 812 308 1459 2247 364 1513 315 379 374 101 1687 2238 1115 1450 584 1149 1162 1087
000747.jpg,310 1693 832 751 2827 1561 2441 1836 1928 2190 1019 2202 1513 1535 983 695 2656 404 1116 1166 2787 940 2745 683 1091 1743 1869 1786 617 1176 132 1087 2700 1856 1996 407 1228 2699 1685 1714 576 2129 1713 293 2242 1773 63 960 182 1601 2409 2437 539 2209 378 1346 1257 379 2149 2294 1785 1161 1914 2621 1593 1772 1905 954 737 1224 1672 2036 1805 95 1169 993 1609 2542 1298 450 149 627 2605 291 1943 465 2615 1103 1334 895 1343 1590 1959 1594 728 1004 1195 1950 1838 541
000748.jpg,545 1394 2504 658 589 1558 304 572 1213 962 727 395 1087 2178 898 1257 1230 2066 2644 2579 1427 251 101 529 789 374 2113 2546 1801 1389 1798 1971 766 2149 2238 328 2323 1207 1137 2277 714 1786 1162 1228 2759 240 1785 2242 2784 2381 2040 2540 485 1357 2072 1333 1951 2409 1027 1683 1115 1166 2054 757 754 1306 2022 803 924 614 1353 695 364 1106 461 1175 2589 1451 1900 1928 1334 2656 1361 691 1513 308 1161 2107 1740 1666 581 110 483 436 1711 63 1559 2561 1881 2114
000749.jpg,924 1044 2414 2641 761 1677 2216 1104 2160 834 897 2666 309 650 1177 1507 2591 1892 55 1669 1363 333 107 2230 1703 2604 1891 2550 728 1995 1277 2037 2625 2555 1727 545 2351 1288 1771 335 2810 2171 2111 304 1217 1797 2401 1401 2043 2249 1336 1487 2178 2816 2841 1785 1889 732 2079 620 20 2546 856 63 1315 1150 1971 1214 695 38 2176 397 861 1795 2179 5 1013 181 1176 2547 1161 1740 2016 60 2612 983 1605 468 2326 1227 187 1257 423 1456 2066 2567 1394 308 115 1865
000750.jpg,2502 1605 2152 2751 214 244 1515 1139 2348 2841 2567 2768 1397 1171 650 844 1953 1891 335 851 420 2620 2160 924 1214 5 2612 953 475 2401 2230 1232 2079 1916 423 375 1616 1922 2115 2666 2457 1471 1738 2162 1602 2346 2109 2521 1488 22 1744 2816 1198 509 2726 40 2203 1364 1768 1177 1221 759 6 297 1426 106 1882 510 2386 1866 2494 2179 2591 1326 2182 2278 690 2216 1696 1723 1315 1199 1610 2404 1502 1512 84 980 2643 2060 1591 171 609 956 909 107 1144 103 1907 2128
000751.jpg,1378 2765 268 2794 2693 2236 2091 1475 1127 1024 1011 495 241 2531 806 653 2059 239 1282 1831 1503 1755 314 1274 534 53 1662 1050 131 1789 464 2285 1967 1843 2429 467 1706 2465 2505 484 452 363 1655 89 1568 296 927 331 780 252 390 1756 2142 1435 408 1438 2232 1022 27 726 625 786 679 858 805 389 999 49 1875 471 1781 1635 936 2698 758 1787 1465 2244 1262 840 2611 1317 1356 799 113 1275 2017 1248 2396 1273 1039 108 1612 2173 2407 1918 290 1598 655 838
000752.jpg,1221 298 285 372 6 973 546 1570 2502 1285 759 1603 1882 244 411 1922 353 2152 2474 117 582 807 2666 776 375 1884 1515 409 5 98 2677 2643 980 425 448 650 106 1916 820 2118 423 640 1605 543 1184 1541 2706 13 334 1723 1007 2115 1537 2348 690 1702 475 1139 2210 2691 781 1973 327 1371 2179 2726 796 1610 1687 2359 20 1284 1591 1891 2162 646 1340 2346 1767 1015 2303 1502 1616 2768 275 2457 236 181 2263 2014 1525 1227 454 84 1219 1659 2443 2623 468 481
000753.jpg,1834 2478 2772 2015 2777 2077 1125 1753 1252 951 1842 18 70 2818 601 2663 2561 2 1759 2757 1035 2510 1186 1839 522 315 2624 767 431 2644 931 126 990 1323 1801 2667 103 1908 2622 578 2315 1390 65 1767 2276 529 1114 962 1391 277 2302 297 688 1235 1443 395 2314 502 2323 1557 1413 1845 2653 2686 369 1418 1905 1165 702 2601 848 2161 191 1340 1938 2471 2000 1833 2149 2016 640 359 1798 886 2325 1394 1830 1512 250 2702 1065 1460 1519 1689 1747 1720 2656 284 1075 2532
000754.jpg,70 767 1125 18 1842 2478 2777 2077 1753 1834 951 2772 277 2663 2532 2015 1759 2510 1938 2 2818 2757 2561 1252 211 369 2496 1443 1833 601 431 1035 1418 1460 990 1989 2686 502 65 2315 1323 1186 684 1975 297 103 578 931 1839 1413 1391 1114 250 315 1579 2702 1747 2388 1767 126 9 1512 2624 1821 1720 1390 2622 1801 1340 2128 1235 284 886 1686 1908 2314 889 461 597 2471 2601 848 2644 1845 417 5 1107 2276 1557 962 796 702 1310 1394 688 1608 1830 1256 1519 1219
000755.jpg,585 1232 910 2278 2103 1625 701 851 42 2027 869 40 353 2571 1471 2081 122 1846 153 2573 1963 1819 2109 1960 98 781 2067 411 1315 2793 397 1977 1041 2210 285 1651 1502 2049 2489 776 924 953 1042 1336 1729 335 636 2169 2048 1177 1910 2841 2682 2179 475 1013 196 592 2160 1188 1808 1643 1891 1272 2079 1688 2260 1864 820 2218 922 2720 594 2570 2042 1488 1145 1402 2336 1757 2342 703 1487 1987 1108 2274 270 347 1436 928 894 118 1536 2261 2346 516 2361 476 1179 462
000756.jpg,105 2394 549 7 2793 2204 1271 1729 1854 778 212 517 604 2711 2551 1946 382 1970 916 2042 227 301 355 337 1745 153 874 975 2718 1778 416 2792 343 1419 1128 2459 253 58 1154 151 1583 206 567 1396 765 9 639 680 808 2426 2416 539 998 114 2336 243 825 632 2487 118 1770 1739 492 2485 1585 213 2824 873 748 1424 615 515 1531 1534 2026 2647 1915 1588 1985 448 519 1351 1136 1565 2417 1579 1667 187 2405 184 1347 855 490 710 2147 111 566 1370 1063 1819
000757.jpg,1908 903 768 2601 702 2471 1830 848 2624 835 1845 284 2276 1340 931 1107 297 990 1235 502 65 103 1512 1310 688 522 1114 1608 126 1767 578 1323 2388 250 1254 1186 1720 1821 1391 1413 2667 2015 841 1579 1834 1252 2314 1759 2757 684 1975 2036 1748 2605 1601 2315 945 2656 1769 739 1014 469 2021 2647 1459 2251 1192 639 2756 2323 1753 2644 1334 751 767 951 2622 1016 2772 1557 920 1125 39 379 2149 1448 541 764 2073 1075 1065 218 9 18 70 2239 404 253 2224 24
000758.jpg,269 1548 277 1131 1252 2015 2315 2818 767 1450 1243 1460 951 1980 863 830 2663 55 191 1753 2510 993 339 2685 2702 2772 83 1919 2777 1834 2161 1833 2302 2653 1073 70 1125 2532 126 751 1732 2 1443 211 1943 5 728 2314 2641 1609 845 431 18 584 2746 1195 315 87 1309 1842 1165 1581 2478 1424 1391 404 379 2276 2290 881 1016 590 603 1646 2275 2390 1413 1499 2299 2622 1938 2757 1767 1557 369 1783 1867 1020 870 1467 1529 1620 1839 2128 2605 2788 1759 2077 2176 1537
000759.jpg,2443 543 650 546 2666 5 1833 1443 1938 1221 2496 2128 265 2643 1882 2457 1219 2818 951 732 423 2677 759 1267 70 1515 2510 1570 1702 339 115 334 2691 1834 2686 980 2810 889 2118 1797 629 844 582 1995 807 640 1519 2015 931 956 284 907 1007 2777 1260 13 1198 1747 1557 38 431 298 1285 2132 18 1083 1603 2772 1865 1252 796 2502 1697 1759 1842 1767 2478 1272 2247 2757 1973 1125 973 2 20 277 2561 1884 1426 620 2171 2663 2532 2077 2359 181 1263 1753 767 820
000760.jpg,2501 2044 2088 1934 260 1422 2439 85 2411 1640 2650 2836 51 1102 992 2837 155 2433 2241 197 2817 563 2528 1405 312 987 1782 188 1656 1319 305 2133 1544 433 1218 611 1552 1381 2046 1840 1658 635 169 2713 2790 1045 2832 1644 134 1993 463 2631 2289 2082 817 1624 1617 497 1586 2397 2352 221 486 1878 440 1752 943 1029 1983 1444 2628 562 2270 2574 2011 2312 712 1788 784 1926 1316 2272 1307 1486 518 1569 1649 559 439 445 900 606 1636 2375 674 2419 2826 911 2545 2454
000761.jpg,1162 1342 1322 2218 1562 347 409 2293 1352 1065 2463 713 332 1219 1890 322 1074 1412 1801 1666 703 691 1203 1436 738 2108 554 479 2483 1740 377 1484 1839 1033 308 2644 2668 1173 985 461 2656 1035 1504 828 1256 2323 1343 757 222 1686 2003 868 1004 2149 2400 176 1374 1550 395 2227 2277 2743 182 2325 597 1394 1393 44 2497 529 555 2786 2828 1654 1728 1206 224 111 1674 110 289 2514 1999 1769 571 2032 2737 1588 2210 2520 865 979 2107 78 886 897 2561 2029 2288 853
000762.jpg,2409 727 483 789 1166 1928 251 2054 589 1513 658 1451 1558 2540 1115 1161 240 1786 1561 2546 1106 898 2000 2504 2149 1394 293 1137 395 1306 1178 2644 1389 714 581 2242 564 374 646 2787 1230 1361 39 2381 1951 1427 803 1847 2656 1257 101 2759 1244 1162 1971 2288 2579 1357 962 2209 2699 1300 1207 1213 529 1798 1801 63 2040 2700 1087 2784 1693 1228 824 2238 812 2003 737 1646 485 2605 1559 1683 572 308 766 576 614 2277 940 2395 845 695 617 676 926 1173 182 2113
000763.jpg,2043 1916 2810 2346 475 650 924 334 1891 1723 1541 2171 922 1603 820 2841 980 136 1711 1357 1817 1558 1881 375 646 1605 2666 2589 589 1426 372 2644 2118 658 485 1884 2561 543 2599 1570 962 2768 1582 1027 224 443 531 1798 101 1487 1501 2779 564 2409 1430 1902 461 1334 1250 413 750 2494 1986 796 98 1700 128 1882 2504 1654 1257 1922 1951 1394 2816 727 251 1232 1221 1162 1166 1471 938 39 1106 1175 1230 529 1553 2179 1628 2443 423 1061 909 420 586 944 1427 677
000764.jpg,2529 1440 143 718 787 386 1445 1514 1694 958 638 2517 2298 697 1684 30 1735 1446 1982 1238 557 1863 2185 2460 1291 1294 1360 46 264 879 1619 299 1925 71 667 1129 267 1939 810 2731 2584 1411 2363 226 837 2616 1009 2271 2481 641 2710 1630 2139 2215 2371 969 2484 2771 2833 2412 234 2619 2092 1122 1196 1373 2797 991 2455 273 1270 665 1807 797 687 1572 795 891 537 2844 1571 1629 912 642 1549 1355 846 2590 1191 349 1295 1814 2541 2468 223 1167 1520 2672 428 1776
000765.jpg,326 159 633 580 1097 1730 1293 1335 503 2062 2316 33 31 200 2773 449 120 1026 2250 2715 1187 1912 2406 2557 1008 1941 1500 721 1003 1972 655 1143 2402 1756 245 772 1018 2592 238 553 1822 1111 532 1011 1635 1704 125 2028 390 1929 1648 1647 1438 2193 2025 1967 1297 2017 1787 643 2812 2322 2687 28 671 968 1317 1708 1715 2265 711 654 1117 1680 139 872 1921 2301 1917 1873 216 653 331 108 1118 1141 782 1441 1262 402 471 455 505 478 356 2070 2716 2396 1532 2144
000766.jpg,70 767 1938 2510 18 1842 2532 1833 1834 431 1443 277 1125 951 2496 2663 211 2777 2 2478 2561 1753 2015 1759 369 2772 2686 2818 2757 1252 2077 1035 1418 601 1747 1460 1989 1839 2315 65 9 889 2702 990 1186 315 684 502 931 1975 461 1323 297 1391 1767 1579 1413 578 2388 2622 103 250 1390 1512 1114 1801 126 2128 2644 886 1340 1686 1519 1821 2624 597 2314 1720 1908 417 284 1235 2276 962 1256 1557 522 848 1219 640 2443 2601 1845 5 1310 2471 1107 395 1065 688
000767.jpg,1260 5 43 909 419 829 1761 1153 306 2160 971 2056 2823 473 752 2169 1953 1188 957 844 1927 861 924 2643 1797 1889 96 894 214 509 2457 1632 1866 1251 2188 856 2591 2562 724 2153 959 468 956 1364 42 620 229 1907 1602 2554 1802 785 2522 1227 45 1858 1108 2442 1515 644 2489 2508 2816 189 2841 2128 1365 2079 2351 1064 1766 1487 1846 236 1560 2498 759 621 2060 744 2448 1336 476 2348 2620 1671 2171 1610 661 762 2608 1032 2725 2612 106 609 2313 983 1061 506
000768.jpg,1444 1782 2836 1328 169 712 1544 1381 2837 1623 947 1663 1486 1437 2439 1679 1054 1307 1261 1640 1218 900 1658 1649 51 559 1489 2034 674 1045 2707 2628 1569 2545 978 860 1617 2241 2826 735 440 305 1051 2767 1586 260 100 1552 1046 563 1701 1878 2076 1417 197 445 26 497 1840 74 1710 1796 312 2082 2272 715 2840 134 1208 906 64 1316 2358 925 2721 2790 348 2433 2133 2652 1934 2454 817 1369 2832 2713 2419 2528 2574 2130 1416 2397 489 2011 2007 1870 1624 645 1407 2309
000769.jpg,2210 2047 2520 377 828 1949 2485 1819 1864 2293 640 1038 323 1754 347 2108 909 865 2828 13 370 812 2218 2729 853 1041 1657 1203 409 2032 1436 2380 672 1477 2421 1337 941 2227 84 1849 56 1374 2334 554 1352 1255 2483 539 1757 332 196 703 2668 1565 1342 1668 2354 1322 9 1643 928 1398 303 743 2451 1772 2578 1272 2463 868 2157 450 2423 738 2083 1236 1173 429 1351 1162 2003 604 1206 979 1420 35 2214 1504 549 2647 1890 2336 933 940 2602 707 2416 2786 923 58
000770.jpg,658 727 589 1389 1175 1558 2113 2546 1951 2054 304 898 1027 1213 2178 1394 1115 2022 1228 1230 485 714 2409 2066 1798 1333 2024 1306 962 1166 2644 1106 572 545 293 2000 1087 2242 2149 63 2504 1244 251 1207 1683 2589 2277 1451 1559 2072 101 614 1125 1785 1162 1928 2772 2777 240 1353 1361 2323 1801 2288 1334 1753 1300 2787 1019 1881 646 308 1161 426 529 789 1666 1839 2656 853 2238 1257 2784 1357 924 39 393 395 938 1786 443 2475 2759 766 1427 2040 483 737 121 1065
000771.jpg,493 228 1877 1861 1457 2174 2456 2356 2659 2039 2374 1575 1350 280 2739 263 884 242 801 2418 57 1887 2206 170 1792 656 2198 857 2327 2672 158 1580 82 1542 133 1664 976 1947 2321 2123 1348 1930 1229 1551 1234 1724 210 689 2332 514 2662 885 1758 687 2229 1522 1665 2125 1776 548 704 880 1857 1191 77 2694 1043 1392 720 1859 2155 746 934 842 756 2127 1193 2590 706 2184 2461 797 438 287 1030 185 294 366 1377 1276 1345 1086 421 2581 1034 2703 1358 1375 470 1675
000772.jpg,747 1316 2272 1569 497 2650 2721 1416 1490 2713 439 2433 2556 1218 1640 100 1096 201 1261 1586 1496 1965 715 2309 563 1901 1993 1123 1860 2376 64 1453 260 1422 1948 2241 659 231 992 2815 51 2545 2439 2352 1381 1552 1444 1148 1307 1878 1544 2133 2826 674 1636 2628 48 2088 712 906 2837 2289 559 134 1658 169 2046 2732 305 168 562 194 1486 2034 2454 1362 2011 1623 1617 645 2836 155 2707 784 1663 900 1051 1045 2023 2767 445 1679 978 1897 1054 611 1782 1328 2840 1752
000773.jpg,310 2827 1693 751 2441 832 1535 1743 1561 2656 940 1856 407 1928 2615 1087 695 1019 983 182 1513 1434 1166 539 1091 2202 693 2190 1176 63 1116 2699 1343 379 1298 1004 2737 1169 132 2242 949 2780 1685 576 1772 683 1836 1996 95 960 617 2745 1257 404 1228 1805 2149 2621 149 450 1773 1785 1713 2021 794 279 1786 1538 541 2586 1950 775 2209 954 2016 2447 1593 1714 1609 1093 2129 2700 737 1846 2036 469 2111 818 1195 291 1760 424 1601 1346 1103 1594 1333 378 2701 2368
000774.jpg,2327 2456 1877 280 2418 493 1724 934 1665 2198 1930 2374 2174 228 263 1580 1947 857 2739 880 170 1542 1792 2694 704 2659 1887 1350 2321 57 1457 746 1575 884 2548 2206 2039 2356 2125 82 1776 689 158 287 1348 1276 514 885 2123 1193 842 242 210 1191 1758 1375 548 2332 720 2581 976 2672 1522 1861 1857 656 2662 1229 1551 1377 2330 150 801 2155 1345 1234 1086 1664 133 2229 1576 2127 77 438 1432 294 1043 2838 1675 588 366 1494 1392 706 2703 185 1292 470 570 797
000775.jpg,64 1569 100 1640 1316 51 2433 2713 2272 48 1381 2721 1658 2556 2628 747 1218 439 260 2545 1051 1649 559 1782 1490 2836 155 2088 715 2439 712 1045 1416 2241 2309 1453 659 2034 562 2352 201 1840 2650 305 168 563 2826 1307 1552 1544 735 1586 2815 1096 497 197 1948 2011 1901 1496 2376 1422 1054 900 2454 440 1617 1796 194 1486 169 1965 2289 674 978 645 1444 2130 2419 2837 1123 906 1261 2007 1584 1679 1878 2050 2817 1860 1870 134 231 1993 2133 2023 992 445 1934 1752
000776.jpg,51 1658 1640 1934 439 1381 992 2501 2241 497 2439 1993 2044 2046 1569 2528 1617 64 2817 1045 2411 2088 2433 1782 2545 1644 2836 712 1656 2713 2721 100 1586 2650 260 715 305 1218 562 659 155 48 1965 1444 1316 563 1319 987 1544 2034 1102 1796 2376 1752 1624 201 1422 2309 1123 1584 559 312 1490 611 635 188 85 2352 1840 1552 2790 2023 2082 2826 817 1926 1901 197 900 1878 2272 674 1405 1649 550 978 2133 2832 1663 169 2130 1328 134 1453 1679 1623 2419 2840 1407 2454
000777.jpg,1470 930 2328 1791 639 2778 1977 928 887 1657 2491 118 567 1578 1651 975 1531 579 1210 1583 2792 2349 875 748 1667 808 841 2416 1354 1179 945 1769 1579 998 952 2304 2729 919 1854 819 311 2252 982 2225 2793 492 517 2065 1154 2682 2459 2711 2647 7 2379 571 923 2488 778 1920 9 2559 566 382 227 1851 1585 25 1063 1209 1770 1271 916 2147 114 528 451 1162 2310 2575 763 151 1368 515 429 1211 764 1367 2824 2042 2723 1819 1729 1528 2026 1128 2333 1762 1970 554
000778.jpg,240 483 304 2178 789 2784 545 1161 2546 2504 328 1106 1353 2579 1394 1213 1513 1300 1898 1971 2644 2113 658 2066 589 2149 727 2238 766 824 2054 1951 251 757 101 2381 2288 1683 1304 1361 1883 1785 2759 1333 1230 1115 1892 1389 1771 2409 529 395 1257 962 2625 1559 1801 596 2022 1558 834 572 63 695 1786 2242 1228 1847 1451 374 341 1427 2277 461 2547 60 39 1719 1357 2323 1176 1306 2040 754 1677 2656 2037 1798 924 646 2440 897 1449 1693 564 132 576 614 1178 983
000779.jpg,2018 998 2146 1289 723 539 190 2284 1534 719 778 1157 2008 1583 764 1359 1577 382 2792 549 2585 1351 1970 914 825 873 1204 206 1915 2405 874 343 212 1985 2434 916 604 35 1493 1745 227 2551 1651 1121 2336 2204 2824 929 1854 58 2711 615 303 14 1128 1772 1578 517 2361 652 779 639 1179 1246 2252 1247 2682 2485 2582 450 1136 2426 1588 2042 384 1420 416 831 2536 1977 560 2793 272 1132 7 2107 2334 1271 308 1347 2453 2353 2462 2487 1770 254 1957 3 2647 765
000780.jpg,1502 2179 1537 2494 690 1687 1488 375 1738 2521 1922 953 2768 510 425 2014 1471 980 1397 1198 1570 420 2203 701 448 2366 2620 327 2124 1061 117 1082 1973 1659 1326 2641 924 1515 2326 2348 397 1308 594 1184 781 423 2118 1723 148 1426 2222 1591 1979 1884 1603 1400 298 907 1080 1139 275 475 1711 2176 187 728 2036 381 2535 1641 39 265 498 2599 1954 1601 2462 586 1285 2791 973 2841 2115 2109 1891 2288 23 2132 2573 676 466 1582 325 2334 1423 111 2359 55 2169 2128
000781.jpg,707 2320 1149 967 1849 1804 1719 29 2354 2533 286 2615 2172 1867 2408 1689 2054 1529 1728 2673 2390 1269 291 2413 2756 218 754 1448 2021 1722 213 135 558 91 1334 2000 424 80 1016 1451 802 184 1091 2024 1478 1383 426 2235 1296 2656 119 44 2149 24 2295 2323 2583 1984 1733 584 1231 1361 2016 2638 67 2395 2151 2288 1535 2277 1561 983 1483 1801 1075 1492 232 1928 2744 1207 1093 2143 832 1243 627 2644 2430 634 1252 315 757 1131 2785 19 39 2078 749 2015 1798 714
000782.jpg,346 2821 1787 2669 52 2687 786 654 628 2467 840 1662 1022 1220 2690 2634 2407 1781 2311 2465 2505 1481 1275 2396 2142 1378 61 1048 467 252 2164 131 1923 1929 525 936 418 138 452 1465 2398 389 430 241 49 484 2301 363 495 501 753 1612 679 2429 1356 858 758 1921 2017 1730 625 1789 2061 847 125 927 2025 108 113 1756 268 1395 245 580 1097 207 2244 390 1317 2402 1293 89 331 2794 1813 2228 192 1008 1141 1339 159 788 1822 2698 290 464 2062 225 326 1024
000783.jpg,2163 453 1085 401 177 2122 1903 2829 2679 2009 1628 2636 823 141 2274 399 2055 1023 437 816 981 1233 72 1808 380 460 1163 1510 2126 2775 1688 731 1415 2469 2074 2587 1717 760 595 73 1599 208 1155 1952 1047 1872 2098 1160 2747 1740 2577 1553 172 2640 1266 1241 2808 612 322 2722 156 1162 2655 461 1404 2380 2483 1399 1089 174 1430 121 1784 868 1145 427 2463 1061 2599 1236 99 164 691 2786 1699 1027 1100 1322 964 1203 554 2362 1711 703 569 2267 111 560 2668 2793
000784.jpg,1730 1929 326 2715 31 580 159 1275 1097 1293 418 2687 1831 2062 806 1706 1787 1655 1008 1568 534 1011 1822 2232 484 1438 2396 207 464 840 131 402 389 780 1026 1875 782 1262 2301 1018 1378 471 452 2059 2429 2244 33 679 2806 2407 363 655 625 2316 192 1465 654 1506 346 643 1756 1662 1481 108 2467 467 927 455 290 295 1475 2531 2236 2025 1024 2632 786 390 245 1647 758 1141 1598 1039 999 1335 1941 2285 1612 1317 1143 1297 268 241 653 2402 331 216 1715 52
000785.jpg,702 1830 848 1107 1908 931 1114 2471 2601 1310 284 1845 1340 2624 502 1767 768 250 1821 903 65 1720 578 1608 990 297 1512 126 835 2276 103 1235 688 2388 1254 1323 522 1975 1413 1391 1186 684 1192 469 2630 1832 1748 1014 1459 2297 2345 2667 2347 2314 1834 70 420 1759 1842 18 2757 2 1372 1397 2478 2768 2036 818 1125 2605 379 2804 951 917 2663 2240 1557 601 1259 2368 2805 1515 2777 2077 2033 1753 2015 2561 1690 2780 2651 2772 2159 1905 1626 1611 751 1390 690 902
000786.jpg,1834 1842 18 951 70 2478 1125 2777 2077 2 2663 601 1753 2015 2772 2818 1252 2561 1759 2510 2757 431 1035 1839 65 931 1443 522 1114 1833 315 369 2622 2624 767 1938 277 578 1186 2315 990 2532 1767 2644 1390 1908 1418 250 502 2686 103 126 2667 962 1323 1413 1975 1557 529 1801 2276 1391 1821 2496 1512 1460 1720 395 848 211 1747 297 1340 2388 1989 684 2345 702 2314 284 1845 2323 1107 1235 2302 2702 1830 2471 889 2601 2504 886 1905 1608 1192 1310 2149 5 1748 1686
000787.jpg,2542 617 1928 1166 1334 1847 1513 1561 2409 1689 2143 465 24 634 182 1161 1590 1333 93 895 714 2700 1785 1298 1137 1773 499 485 529 695 2149 2546 2644 1685 2112 2540 395 2656 1478 2022 1019 1176 1103 954 1115 940 374 2003 1434 1427 1228 63 751 1798 1004 251 2430 132 2323 739 2324 149 962 789 1535 646 898 76 576 2325 1213 2699 1197 1162 1999 1257 1207 540 2242 1795 240 2260 676 960 2547 2016 1801 404 1353 426 483 596 2621 832 1087 1743 2211 614 1672 2827
000788.jpg,427 2267 743 2568 571 2423 1210 2559 2140 311 2117 930 2380 1492 1431 1406 429 2428 627 2349 921 1243 36 1236 2064 2151 528 2788 2078 1699 2415 875 2796 2618 2583 2729 2219 2333 142 1613 2364 451 2221 554 868 2668 437 2341 1233 982 1516 2459 2416 492 1657 2778 923 2074 1256 2488 802 249 901 579 1599 2629 2217 1012 749 1429 1058 1016 73 1670 1017 112 1977 593 878 253 1567 1793 2491 1390 500 1794 2722 2108 2304 1470 2730 1154 1179 2005 1075 434 1557 2539 1065 1499
000789.jpg,1752 221 1102 2790 943 1316 1926 817 2454 312 1407 2300 518 2832 2817 2556 1422 1656 635 2714 2538 1624 2082 1636 2241 2721 1405 2840 2289 1934 2270 1569 2367 2650 1552 2069 2389 1796 197 1644 2501 987 1878 1146 550 2631 715 1096 611 2433 2411 1840 563 2439 1051 440 562 259 2544 735 950 2528 26 445 1202 1416 463 1545 2826 2272 712 85 1319 1948 51 155 433 1640 1045 1496 260 613 1870 2837 900 1983 2545 2397 1544 100 2352 1218 2424 2088 1901 305 2515 1123 626 1328
000790.jpg,2070 1141 2025 2669 192 139 290 1506 1262 455 326 408 2690 654 1505 245 1598 2467 449 356 1021 1356 2062 1706 643 1612 209 1781 464 331 2173 1248 2316 858 1297 296 1972 346 200 2311 580 2396 31 625 49 207 33 1780 2402 1692 2142 61 402 1282 2698 721 936 1124 679 1435 1756 1140 655 27 1275 390 1787 840 1568 653 2232 52 2794 1912 113 159 1500 1941 2137 2017 452 216 225 418 1438 1216 1026 2611 786 1127 241 525 758 1097 1961 1647 495 1378 2693 1843
000791.jpg,2529 1366 2298 1816 143 1684 557 1480 1982 1440 2185 2363 969 2460 226 2104 264 2797 1619 787 879 1360 273 2524 2584 1122 697 1925 414 638 1446 2833 1660 958 2271 2139 1539 537 2455 299 1411 1238 1735 2092 1514 2633 1291 2844 1242 234 1694 1129 1009 1445 2731 2607 267 1630 718 837 2385 2484 1572 1294 1355 30 2138 667 2226 2215 46 1520 641 810 2371 1814 1589 867 352 71 2672 386 2175 912 795 1264 2473 687 2412 2517 2710 2541 2783 2063 2616 2709 1167 349 157 2266
000792.jpg,1045 1840 2241 735 440 1640 1552 1029 1617 1208 155 445 134 1422 2076 2376 906 904 305 51 2088 2732 1328 712 2130 1799 2133 59 1202 950 1544 1993 2840 2272 2439 2836 2837 2676 992 74 2735 674 1381 1782 169 2482 2650 562 563 2050 947 1636 173 463 747 197 2753 1307 1983 833 784 1218 260 1701 1895 1444 219 1658 1468 497 2713 2628 178 259 2538 2011 2769 1663 1788 433 2815 1710 179 319 439 769 1148 2767 1261 2046 1897 2289 1486 550 2724 911 1362 2419 1965 1489
000793.jpg,2317 1631 2111 1093 1898 1749 135 558 1103 983 2785 1914 1999 2441 1856 2190 540 1804 832 783 967 2202 2413 1304 2827 2745 213 95 596 88 2295 1945 1535 376 1343 407 2058 2422 1476 1728 1996 2523 1176 834 1672 2737 1719 16 499 1483 757 695 132 1743 520 60 861 576 754 291 2408 2354 1838 1004 617 232 2555 949 47 1593 2096 1727 424 2640 2437 2539 1447 2547 824 149 1469 1336 1693 2798 2629 44 91 310 1714 1178 1431 19 34 856 1588 2235 1087 1685 1269 1722
000794.jpg,1649 2836 2628 1782 1381 1658 1054 1444 1544 169 1218 51 2837 2439 1640 1663 64 1051 1679 1623 559 194 1840 1261 440 2352 947 1586 2767 1316 155 1569 2241 2272 1045 2707 1307 978 712 1486 900 2815 1948 1617 260 645 1328 497 674 1416 1437 48 2011 2433 2652 735 305 2076 1552 2826 134 100 2088 1422 2419 906 1965 1752 2840 1489 2133 445 2556 611 1123 1319 1417 1096 860 2713 1046 1934 197 1208 2007 1993 563 1775 2650 1878 1545 747 659 2545 992 2082 2309 2411 74 817
000795.jpg,1752 1316 2556 1636 1840 2241 1496 1948 2272 1096 1422 440 1051 1965 2289 445 1416 2840 2836 2628 950 735 155 2433 194 2439 2088 1649 1218 2352 1045 2650 260 1146 2424 2815 563 518 1544 1878 2837 900 1569 433 2367 2069 1545 1123 259 312 1782 1202 1307 2826 1102 2133 2309 197 1658 747 4 1148 2545 1407 221 1381 1640 965 559 1983 231 2713 2454 169 1586 1552 1901 2832 992 1897 978 987 51 1261 550 2389 613 2270 1319 1362 2082 2652 1775 305 712 2790 1486 1405 635 463
000796.jpg,2785 2827 2073 1448 2615 2441 2745 2413 1996 983 1743 1593 777 967 310 1804 1856 541 920 2202 1919 1091 2756 1914 2239 2295 1950 2111 1846 754 917 832 2190 2784 2242 1728 2033 2489 1672 993 1535 1176 135 1836 187 902 1631 1561 2021 95 695 1693 590 2733 88 751 2238 2638 1517 407 291 184 1116 1265 240 213 766 87 132 1945 232 462 1719 32 1231 2058 1383 230 596 419 2684 1476 1478 1632 2437 424 1714 2554 1689 2153 1269 2563 96 1943 1467 379 789 1410 1898 1296
000797.jpg,2270 626 2082 2389 59 1545 4 547 2011 645 445 197 2044 1544 2837 2439 987 312 817 1878 85 1146 169 1407 1552 51 134 1319 2840 2832 2574 611 259 1624 1782 1386 2501 635 556 1737 2650 1752 1934 1444 305 675 674 2300 1202 1640 1926 2411 1993 978 2836 1381 2433 1123 2753 1316 2424 2367 1405 2528 1307 188 992 2200 1701 1046 2790 155 947 906 2088 74 900 1569 2515 860 283 2545 911 1486 2707 2419 1253 559 562 1644 1679 1362 606 2375 1983 1710 178 1417 1649 1102
000798.jpg,1243 434 2299 1068 749 105 1946 2364 673 1707 1969 2788 1131 257 593 2064 253 549 2151 2157 1871 2095 2251 921 1442 515 2485 2102 191 410 855 1992 2377 652 1154 492 1311 1379 44 1511 605 1850 1966 1007 1527 2763 678 1779 1136 336 568 2519 535 248 2005 821 254 1778 883 11 604 1794 2302 1133 2341 2336 2085 773 1165 2549 94 1424 2108 3 1573 554 519 1745 2746 1017 66 292 1849 1985 58 282 2147 544 802 2087 929 1005 1783 800 1498 424 2243 1236 707 365
000799.jpg,834 1277 830 2058 603 1620 2239 1178 1450 1732 575 83 1919 441 2197 835 1254 728 55 2605 2275 1523 1449 2190 1838 1691 2073 983 1401 2176 845 2202 920 1996 1672 683 47 1057 1016 1943 2754 1104 2745 2422 2555 393 777 1743 1713 2080 2296 87 2288 1990 187 1714 1727 1200 1116 751 2641 1669 1176 397 584 95 2791 2523 1790 1476 1467 1224 1244 736 576 2395 2547 1456 824 1064 621 993 2661 1028 1093 1678 1933 2383 1748 284 832 1749 2437 827 39 1447 339 2726 373 1601
000800.jpg,1381 1444 1218 2826 1658 169 2439 1544 1261 2836 1569 1328 1782 1623 2837 1663 715 712 1640 2790 1437 51 1926 1679 221 1878 900 2767 100 2721 2309 2714 1796 260 943 305 1486 2272 2241 1102 563 64 2082 2300 2433 312 1407 1405 2545 2352 2832 1316 559 947 1752 194 1617 1422 674 1054 1045 1649 439 2707 48 1307 4 860 562 2628 1417 2034 2713 978 1051 611 817 613 1146 1489 2650 2840 735 440 1993 992 2088 2411 2817 1624 1545 2270 635 1965 1934 2528 2454 1123 1552 1644
000801.jpg,1980 277 2315 767 269 2663 2685 2 2015 1753 126 1252 2818 1391 1125 2772 2702 1834 1767 2777 1413 2314 951 1186 18 1443 2757 1548 70 191 578 315 1833 1842 2478 2302 2161 1519 1165 2276 369 65 339 1340 2077 2561 1759 543 2128 688 973 931 1989 2686 39 1323 2288 907 1938 1460 2510 2532 1687 1285 1557 601 990 2388 103 1390 297 2622 796 1512 1747 684 2624 1243 1845 522 431 1235 2667 298 211 1646 1107 863 1975 2494 1254 1905 1537 2359 2691 889 1080 2132 1821 2680
000802.jpg,1093 1691 1169 2176 1611 2224 407 2159 357 2605 148 2586 1104 1028 1016 1805 1669 584 2326 794 751 2780 830 1483 1748 2234 2621 2395 1626 404 693 775 1898 1507 2422 1690 187 728 1678 1467 1719 2360 676 834 376 2242 2701 55 2630 960 540 1996 983 1513 2408 2754 1609 594 2604 2203 2641 397 1277 917 2016 1147 2651 457 1535 393 1867 538 2211 2752 832 1847 902 1517 2383 2192 2555 920 1734 1192 736 1372 2351 967 1450 818 2368 510 1014 1195 2347 1178 2020 2518 876 2033
000803.jpg,298 425 2494 275 117 1687 2303 1537 372 327 1659 1205 375 1502 2132 2014 1285 1973 2179 448 2791 1979 1308 2359 2030 1082 1570 690 1061 980 1184 973 1641 2118 1884 1591 1400 1548 2222 586 381 1738 1113 1007 2599 423 1488 2203 2115 907 1525 1697 1922 2521 1284 1080 2124 510 1198 543 2535 2677 411 781 205 1902 1954 1711 454 1582 2288 20 111 796 738 1700 474 1646 1610 37 39 676 23 594 2620 1603 2762 244 531 2366 1654 1326 2101 351 1763 443 265 854 69 122
000804.jpg,2823 2627 1260 2554 189 1032 2153 419 1632 897 396 476 1286 2060 924 96 1227 2313 894 20 1217 1865 2239 115 2118 1919 1456 2261 1449 1610 38 1797 1556 1995 481 2058 752 856 1638 333 669 1927 834 1277 2810 2194 2437 2073 1560 1593 1015 506 1844 761 1284 807 1987 1702 2555 661 621 2808 2216 187 5 2249 2268 1703 2450 2641 636 1858 2643 2426 815 1714 483 2784 2476 309 2726 541 1116 1727 586 2042 762 2098 2335 2608 920 42 236 2570 2489 444 2563 468 1153 1950
000805.jpg,1548 269 531 1570 690 1537 298 2179 2128 448 1979 1340 117 676 375 1519 907 1973 2499 2494 2132 2791 1502 594 1738 2203 1285 2118 39 351 1646 510 1687 275 1591 339 1954 980 425 1007 1184 2288 379 1902 2326 277 1767 1284 265 1700 1884 973 372 2303 1035 148 2036 1225 2620 1922 863 1488 2561 2015 896 1654 1833 2510 1357 854 2521 543 1725 2663 1839 423 931 126 1308 1082 2154 1391 767 104 1252 1747 1834 1753 1992 1515 1443 2768 951 431 1125 1748 2818 736 2014 1397
000806.jpg,165 2558 899 1076 2813 2207 1937 2135 1464 2382 2825 948 2248 725 1056 1639 1825 2728 1944 1841 1592 1935 146 1212 2393 1463 682 2041 2294 2766 137 1874 1606 2438 2286 2569 1055 362 447 2736 2580 2842 2258 647 2708 2683 804 204 491 2435 2220 1452 2511 1547 2057 2526 2291 686 1185 329 1986 2741 1223 1899 1940 2305 677 1087 574 1777 1126 116 939 1134 2639 457 751 1892 271 2436 1433 2089 246 1130 494 97 2604 1931 1067 1725 1879 444 1733 140 2233 2440 920 482 2254 2665
000807.jpg,192 139 2669 245 2070 1275 2025 1141 1756 1929 207 418 654 1706 1262 326 290 455 2396 52 2062 61 1787 464 2142 209 1730 295 346 390 1912 356 1481 2244 2173 1781 580 331 1662 2687 1356 1831 1282 1505 241 1967 1124 408 125 1465 840 2429 927 1635 1655 1789 2311 53 296 2053 2236 452 786 456 1568 1248 1506 625 1097 27 2794 2402 1612 363 838 780 1822 653 2301 1972 2137 2806 389 239 822 525 495 31 2407 721 2690 159 1813 2698 225 1378 1598 758 858 2232
000808.jpg,2381 436 2040 364 215 101 989 803 1900 374 251 737 2504 1357 1818 572 1257 926 2579 581 1230 2759 341 1786 2114 1971 1559 395 1106 766 1427 564 2149 328 2238 2546 1798 2644 1353 1883 1451 1394 1180 2409 962 789 1213 2540 2066 1166 545 529 646 39 1115 293 2656 1951 2113 2021 2787 2288 304 2242 1361 1389 2756 1928 1785 1683 589 2784 1137 1306 1558 1693 76 2281 2178 1561 714 727 898 2247 695 824 240 2277 2561 1801 2542 2547 1334 658 1513 230 2086 1228 1254 1161
000809.jpg,1188 1761 1797 2823 829 1260 752 1153 620 2643 909 2188 476 419 661 2442 922 214 43 2169 644 971 1227 2160 621 1108 1889 956 2725 2168 759 1858 957 306 2562 1907 2498 6 2720 2448 1766 42 1891 894 2278 1953 2688 924 1866 5 1882 2464 762 2261 20 473 506 669 2816 171 1221 1318 509 115 2351 181 2194 959 2831 2079 1802 1456 2197 997 2153 2476 2705 2807 2162 1927 2171 285 1336 1702 2056 724 1596 468 1602 229 2457 1768 189 2726 2608 1560 45 1610 454 820
000810.jpg,2641 728 55 397 2176 2414 107 1177 2326 1104 2604 924 1601 187 736 2179 1669 1467 1471 1194 2203 1714 1502 2036 510 2180 1748 2073 2239 2360 1488 205 2351 265 2288 834 39 2281 1044 2027 1685 564 2159 379 907 2573 2169 2234 954 2700 1245 632 148 462 2111 2494 1990 1093 761 2605 1198 676 2521 1224 423 1357 149 1036 2754 1014 2080 2621 751 2258 1459 1517 1919 230 983 1713 1487 1591 926 465 2508 407 2437 953 1738 575 584 1971 1979 594 357 2555 1999 1691 695 2249
000811.jpg,2361 869 1625 2792 2426 2081 2067 276 2336 2824 2042 14 998 615 765 652 2682 1245 1651 639 701 851 1271 2793 233 924 549 1963 585 1985 517 1044 975 1729 738 2325 1745 35 7 764 2210 40 539 910 224 825 2711 567 1351 1226 776 929 151 779 118 347 1864 2416 592 2647 1791 2103 1402 2729 1136 2225 1578 1819 812 1162 2551 1854 778 1920 9 1222 353 1179 2018 1657 2278 952 1531 873 703 1742 153 928 1770 781 808 382 1977 2603 1484 1688 2260 1063 1493 1066
000812.jpg,924 922 586 443 1082 1487 37 1763 1308 1471 1090 2535 325 1456 2641 8 1671 1232 2179 1006 1891 1284 953 20 1865 1502 745 122 2346 2043 1027 2841 728 115 475 1188 42 187 2810 2216 1916 1995 397 55 411 2540 1488 1104 1400 510 897 1194 2169 564 695 1474 423 476 1711 761 2726 2180 636 167 2351 1227 1882 38 2546 2360 1153 2171 2361 1714 2176 2700 375 2521 2823 2234 2326 1687 2779 1180 132 2278 2249 1116 2203 2494 2808 2159 465 926 2657 39 1228 1713 2268 2288
000813.jpg,70 1759 2510 431 2757 1753 18 1125 2561 1842 2777 1834 2772 1839 1035 2478 315 2015 2663 951 2077 601 2 1390 2622 2818 1252 2644 767 1557 962 277 395 1833 1938 1443 529 2323 1801 1798 2302 2315 522 1165 990 2149 502 2702 1230 297 2532 1323 2496 369 65 1186 2686 1391 2656 1747 1394 1418 2504 103 284 931 1340 191 1357 1235 1512 789 1767 2388 1908 2624 2128 2314 461 2497 688 2667 1980 211 1334 1257 126 2277 250 39 1213 1975 578 1413 5 2666 2066 2016 1519 1333
000814.jpg,2792 887 1531 1977 2328 748 1791 1470 998 567 2491 1583 118 1179 1854 1667 778 382 819 639 1578 2778 1354 2711 1579 2416 517 2682 945 841 919 2793 952 579 1585 975 808 2647 1651 928 1970 1769 930 2575 1657 492 7 114 1770 2304 923 1063 227 2349 1154 2042 9 875 982 916 25 2723 1351 190 2252 1271 2459 2333 1534 1729 2824 2729 1210 151 2065 539 35 1209 2146 1819 812 1864 2225 1920 1157 1344 1555 615 2097 1493 719 2334 566 1915 764 1289 1136 2018 779 723
000815.jpg,188 611 1319 1407 1552 2574 2817 2045 2082 1934 1983 817 992 197 463 1796 1656 2397 312 2023 606 2411 1102 860 2528 1993 2755 74 547 2270 2046 1644 1926 900 85 2544 2790 626 987 659 2545 2501 556 2832 1386 4 1624 1151 1428 2676 1029 1489 2515 1584 712 2837 1417 26 2454 1046 2419 833 1701 2375 1617 2358 2670 1208 2300 1895 715 1422 1381 2439 169 1544 2272 1545 1405 1878 1486 2564 497 2724 562 1788 911 219 2631 305 258 433 134 2007 1328 1799 221 1870 2424 2044
000816.jpg,655 2794 2316 1831 1568 1655 2396 2236 653 464 1262 139 1706 2232 2173 2062 455 1875 654 2765 1248 245 408 1781 239 2280 356 1011 331 1282 1127 449 1039 89 1787 31 1475 1972 1438 467 296 625 326 1755 209 452 1929 1756 1378 643 2311 268 49 108 131 534 1297 679 806 1967 2285 858 780 2137 1275 2164 390 927 33 389 1635 2402 822 2091 2244 525 758 580 1335 2429 125 936 1503 1274 1124 2531 471 1505 2142 1465 1921 2465 2505 1789 1024 840 2687 1026 1662 1598
000817.jpg,446 1301 1567 2282 1237 2049 2140 530 1909 1058 1290 631 1518 2093 1604 1981 2609 1017 2796 2064 1613 1879 451 662 311 921 2596 2349 394 875 1516 2392 288 1800 1978 984 1210 2065 7 2613 1455 607 1645 2658 2697 1105 2843 1384 2519 355 2310 870 1906 1119 1546 1729 2196 118 1142 243 2416 2793 1271 1794 1396 2005 253 1673 579 1211 2357 1621 1174 942 1913 2085 1742 1470 975 2328 1498 673 2219 434 966 843 1966 887 2087 528 2006 1850 151 1977 800 1871 1047 749 982 2304
000818.jpg,677 2291 2825 2220 447 2526 1892 1223 1874 2728 2438 526 1592 682 444 1390 1839 1771 1931 1439 725 1721 477 2719 491 2436 2741 431 2057 722 494 1725 1035 574 1976 240 368 1501 2440 165 646 2037 274 2625 2089 2639 2757 2561 2207 2051 146 2569 1639 482 789 1606 864 2435 1408 461 2784 329 2766 1027 2510 1463 948 521 1759 2382 2708 2054 944 939 2665 994 1185 2683 2622 1825 70 1558 804 2393 2475 2319 2409 1055 18 1937 271 1166 1881 1940 2294 136 2704 2736 647 2644
000819.jpg,2171 2841 2043 2810 820 1953 650 2816 1603 1891 1541 1916 1139 334 2346 909 1723 475 759 2666 2643 1221 956 807 1153 2216 1696 1605 2348 335 214 1260 1397 2768 922 468 375 285 6 1882 1487 750 1558 924 1602 2502 1922 411 1515 1703 1738 1232 2620 5 1326 2230 1188 2504 2751 2521 2179 244 582 196 420 1288 1797 2150 1858 1061 1471 101 1687 1702 1420 1227 546 1257 1757 1426 1761 953 1488 560 423 2160 2152 384 1041 2109 658 1255 844 2567 620 2247 980 510 308 1711
000820.jpg,2424 2817 1656 1545 2082 2545 1489 197 4 626 2034 1710 2574 2439 860 2528 2836 1444 1623 2840 1319 1679 712 1983 992 2515 1782 645 1752 1934 169 312 817 547 1569 1407 1644 1218 1261 559 1544 1417 2837 900 2367 2270 2790 51 611 1624 925 26 1658 987 1051 1146 1328 489 1381 715 735 1926 2411 1586 1369 100 1486 1701 497 1102 1386 1640 2832 659 2419 134 1796 2300 2084 64 623 1045 1046 259 188 2707 1552 978 2755 2628 2010 2650 348 2649 445 2289 59 1878 2721 947
000821.jpg,1810 165 2728 725 1212 627 2509 1055 2207 1944 1075 249 67 202 2558 1406 1825 2294 1012 1076 1937 1733 899 2583 2382 1874 1464 2135 137 2813 2708 1056 682 2248 948 1606 1639 2825 1986 751 2438 2224 2744 2393 2766 447 1259 146 2286 1725 1592 24 1448 1590 541 1452 1950 2258 902 1841 1940 804 2057 917 2637 232 1223 2842 1609 93 2033 2741 2020 362 1777 1800 2329 2291 686 2805 2436 1463 1185 1935 590 2615 647 1611 2435 371 491 2701 368 2211 1001 1130 378 2683 2143 140
000822.jpg,1797 6 762 1083 1702 2522 45 2111 2643 2554 2720 1856 2168 419 1336 894 661 2188 644 1251 2498 732 2056 1596 1064 96 2153 829 2562 620 2725 181 476 2160 752 2261 2442 1364 669 115 2831 2827 1761 1260 983 2278 2194 1108 1318 43 2612 88 2733 2448 1153 462 1632 5 2441 2745 971 2386 582 42 2688 636 1927 695 1858 2202 1013 2489 2476 2525 2684 759 1846 2190 1517 1365 2116 2464 1536 189 1841 546 2555 236 1176 285 213 1188 2258 1032 2641 1713 2807 1315 187 212
000823.jpg,1684 1925 1982 352 2298 969 17 1571 2139 891 2371 1540 2092 573 1349 2833 667 879 1360 961 1242 1122 642 30 1619 787 557 46 1 892 741 317 2226 2576 958 2340 2524 1514 195 1520 2213 1411 2399 1009 2138 1698 2100 2584 638 2269 846 1445 600 273 234 2385 2185 2619 2844 795 1630 299 1618 1539 2801 264 90 2834 180 1446 2158 1238 2529 1572 2635 2727 2104 267 2223 1338 1409 414 2710 1694 837 1294 2189 2486 537 912 1201 577 2253 2481 262 1291 1129 1807 1994 1278
000824.jpg,49 2311 408 245 655 525 1781 654 2396 1505 858 625 2794 2164 1141 390 2173 356 139 1921 449 1127 1282 108 1787 679 1972 1248 936 1635 296 2765 331 1568 113 2398 239 1500 430 1220 1875 1918 27 1598 1715 2465 2505 2280 2316 209 1612 455 2017 1039 2402 31 1829 326 1262 2232 1662 1024 1438 471 2279 1026 653 1395 840 1967 268 643 753 89 758 1356 131 2611 478 805 2062 721 2025 1692 2091 467 580 2565 1912 786 838 2061 628 2634 1932 464 1274 1050 1941 2070
000825.jpg,2045 1552 2545 2023 2755 463 1584 197 26 2034 74 2574 1029 1796 1870 1895 2676 1407 1489 1983 1701 860 2454 606 2397 2482 712 1151 735 1569 2735 2837 433 1782 1934 1328 747 445 1417 906 2419 2840 1046 1544 2753 169 1486 674 992 2501 2289 2650 900 1051 2272 675 911 1644 2439 559 817 2082 1045 715 312 1218 1307 2836 2544 219 51 2817 1878 168 2375 188 161 260 611 1710 2010 1640 259 1369 1586 489 947 1381 2724 770 305 2528 497 1208 258 1092 1663 2732 1627 1261
000826.jpg,1787 52 2280 61 207 2669 2396 1481 2025 2236 2142 464 2173 139 1662 525 455 418 2244 1465 1262 2429 1475 1781 225 389 654 2794 484 1706 1789 346 758 295 927 268 1275 239 245 192 125 1568 2407 1932 501 2634 1912 49 290 452 780 840 2687 53 1282 2164 1022 129 822 241 456 2137 2806 430 89 1923 390 2059 467 2053 534 788 331 1281 131 1124 786 209 1062 838 408 1831 1756 2821 495 1813 1929 1967 296 806 1037 2311 653 1378 2301 1655 1875 1635 356 1039
000827.jpg,1316 2556 2272 1496 1051 64 747 2628 1416 1096 2815 1840 1218 155 1649 194 1948 2241 1569 2352 1636 1586 1422 2713 2433 1965 1658 1640 497 440 2721 51 1054 735 48 260 2836 2088 1045 201 1261 2439 2545 1381 100 439 659 2289 1552 1544 1782 559 1307 2755 2650 562 563 712 2840 715 1148 2309 1444 169 2454 305 992 1752 1860 2133 900 1993 1775 2837 1617 445 2023 1123 2376 2767 674 2076 2538 2732 1897 168 197 134 978 2826 2034 950 1679 906 1663 1208 518 1796 1362 2130
000828.jpg,1834 2478 2777 2015 1125 2772 1753 951 2077 1842 18 1252 70 601 2818 2663 2 1759 2757 2561 1035 2510 315 522 1839 2667 431 2302 1390 2622 2644 767 1557 1165 2624 931 1801 990 962 1186 126 1908 529 1767 191 578 1443 2315 2276 65 1114 277 395 2653 2323 2686 1391 103 1323 1905 1798 1235 369 1413 502 1833 2000 2149 297 2161 688 2532 145 1845 1938 1747 1418 2409 2314 640 1075 702 2496 886 796 1166 1460 2656 2324 2701 359 1394 1928 1334 2325 1689 2702 848 1989 485
000829.jpg,726 999 1706 1503 464 268 241 53 131 207 2693 1378 1438 331 471 1505 780 1662 1475 2429 61 1465 113 2059 534 1875 806 314 1781 2794 27 495 1050 1756 192 1787 1843 1831 1022 1317 936 1008 2765 363 2465 2505 245 2715 2244 1929 1011 2236 2407 758 389 418 2091 655 484 679 1967 2396 1024 1568 1730 1506 1435 89 390 1262 326 927 786 346 1655 1395 1789 2531 2142 1755 858 1635 452 2025 805 2232 478 625 467 1275 296 1274 2285 2669 580 455 840 430 2301 1921
000830.jpg,1569 100 2721 64 1640 659 2650 439 1316 2433 747 715 2272 2309 1552 559 51 260 1416 1218 2713 1901 1422 563 1444 497 1123 1381 2826 1490 1261 48 2837 1993 1544 2352 231 1307 906 2011 169 2241 1878 2439 2133 1328 1486 134 201 2088 712 611 674 645 1096 1586 2556 1663 900 2454 305 2545 992 978 1617 1046 1965 1860 445 2707 168 2628 1782 562 2836 1623 1658 155 1148 2732 1208 1948 784 2815 1679 2289 2376 188 1362 1636 1453 1045 947 197 2007 2034 2023 2767 1319 1158
000831.jpg,2609 1516 2843 288 257 2196 2219 1237 1894 1981 1546 253 2613 451 2147 1645 1498 554 2697 1613 1946 1094 1936 1871 1850 1800 7 2417 811 2492 2087 105 186 446 1966 410 1079 2487 1567 774 1424 875 1731 2251 907 2549 1174 868 336 519 1779 1913 2793 855 2485 800 2658 535 937 1455 2006 678 1604 1243 2227 151 673 1145 2341 1707 243 1138 870 975 1992 2328 434 717 1527 1682 1794 2788 1017 2519 2005 416 893 1271 1142 1565 666 2394 593 301 2516 662 749 2640 2377 538
000832.jpg,1477 2353 865 839 323 1757 2361 1038 1162 1819 932 1949 347 738 1864 2047 2449 853 1344 1203 2325 123 2003 2520 2108 828 409 1255 2334 2798 2828 1754 640 986 2483 2293 701 1688 2542 1657 1049 272 1246 377 569 1484 1985 370 2210 2333 2214 2462 2729 703 1041 1173 432 2218 2400 8 909 14 2629 1740 1322 1206 1352 224 1957 1671 929 2539 2671 384 729 2485 1266 1351 624 2387 1090 539 182 672 831 282 2792 1772 933 617 1374 2416 652 2083 763 882 2150 2157 56 2603
000833.jpg,2056 609 2386 214 1602 45 2591 1251 1726 1364 732 2678 2348 844 2725 762 2464 2230 2831 2160 300 620 1797 2522 2620 1515 5 621 1889 6 398 785 171 2079 2612 1336 1722 1269 1083 1867 424 2476 861 1199 1139 1766 1768 2498 2744 2182 1596 2705 1064 1458 2761 2263 2401 1953 2203 270 43 509 2457 941 506 510 2841 2608 1866 335 971 2521 2048 983 1061 84 1610 856 1687 1733 2115 106 2390 1882 1605 1723 1891 2351 19 1397 181 520 1144 1849 1231 2760 582 1383 2354 1296
000834.jpg,1083 1797 1702 6 762 732 181 45 2522 2168 1536 2643 636 1318 661 582 1064 546 1596 2498 2720 2261 669 2278 476 1251 620 2554 2194 1364 2807 2111 1336 2386 2688 2056 285 644 1856 2831 42 894 829 2725 115 2153 1221 236 1260 2188 419 462 759 2476 1315 2612 96 2160 2442 2448 752 5 983 2827 777 2733 387 1108 2464 2678 2258 1882 2641 187 1802 2562 212 1761 2202 2489 1153 1227 2203 2745 1880 1846 956 2116 1032 2441 2190 1632 88 2608 971 621 1714 845 2128 1517
000835.jpg,1221 372 285 2210 546 582 353 1219 2677 334 1603 196 1610 820 2218 807 98 2304 554 2643 2118 776 1541 1256 629 750 1065 2032 886 1570 2520 796 923 56 1884 1553 1199 6 298 2671 2132 1702 1973 106 975 1272 1890 2688 281 289 543 759 973 1285 1436 1430 2387 322 868 640 1882 2474 980 732 597 1015 781 1398 417 1536 1654 62 292 2729 2828 922 2029 1083 13 2691 481 1508 375 1412 409 411 1502 893 1525 941 1699 1342 956 84 660 5 571 1686 555 2726
000836.jpg,1132 1588 988 569 536 193 121 2090 1431 36 1065 213 2668 1492 680 1268 554 2078 2029 1562 332 142 2743 2786 1256 1033 429 1699 1793 1888 1430 1890 1553 802 555 886 2108 979 597 1393 1686 499 2384 184 571 1418 135 868 1478 2227 289 2451 21 199 2295 24 2408 2413 417 427 733 1448 2117 2024 2638 558 1089 62 878 1398 2143 540 1249 681 2415 1719 424 1685 176 866 1333 2729 19 1265 1383 232 2423 2430 2217 2111 1053 2354 1296 1236 901 954 322 754 2022 1023
000837.jpg,2510 431 1839 1035 70 2561 1125 18 1753 1842 1759 2777 2772 2663 2757 2 1834 2644 315 1390 2478 767 277 395 1833 2077 601 951 1938 2015 1557 1443 2818 962 2622 1801 529 1252 1230 2497 1394 1747 1418 1357 543 2323 2686 2532 2666 461 2149 2496 2288 650 198 1798 2315 2302 889 1165 2702 369 2128 39 2656 2443 417 896 2132 640 2577 597 1700 1186 854 940 2277 1162 2108 886 351 1519 1562 1391 9 1219 409 1065 1888 156 1257 1323 75 1666 1333 1686 479 211 121 5
000838.jpg,1578 841 1920 2357 945 1367 2252 639 1239 517 2310 2647 1566 2682 1368 2723 1770 114 118 1651 2042 1657 1063 1579 2097 1791 928 1977 579 1179 1470 887 819 1667 916 778 227 2225 2328 2778 1354 566 1583 930 2026 2711 2660 1854 1531 875 2575 512 919 982 952 382 567 1585 9 1970 2491 571 1769 2392 748 2304 2792 1210 998 492 394 25 1906 2488 763 2333 1879 1211 539 2729 2349 2065 1725 311 1209 2459 975 2793 1772 368 1154 1904 808 2294 1268 2021 2379 2416 1729 2559
000839.jpg,2386 2761 398 2263 45 2056 1768 1458 1744 2623 236 1113 2182 1198 1064 2608 84 2726 1144 298 1525 1882 973 2197 941 851 106 2760 2115 2522 1251 117 2567 2203 1371 1364 2162 423 2030 2572 481 1515 509 2620 1184 2656 23 1536 1726 2502 2688 244 620 2705 1616 940 1318 1866 2464 2048 2678 1015 2443 2457 181 1750 5 2503 732 1263 2359 2612 1907 2160 40 2149 2476 1203 1285 1219 844 1591 621 2791 2691 2303 448 1205 1280 333 2807 1610 1659 20 2498 1960 183 205 1084 1973
000840.jpg,2840 2515 1202 1993 992 2424 197 2289 2241 1752 2046 550 833 2650 1656 1422 1146 769 606 2082 2367 2270 2753 2817 2631 1316 259 623 1552 445 613 1636 497 1878 675 1190 260 2088 433 1362 1983 2375 134 1895 1092 1897 2133 231 1148 826 439 1586 1965 2439 1253 2713 712 1102 1045 950 2454 900 1218 2574 735 1029 987 1496 2556 1545 51 626 173 2732 2755 518 1658 4 283 1319 2538 2069 635 1788 1640 155 2011 1617 1737 1123 194 2084 219 2272 2676 178 2376 1569 1444 563
000841.jpg,1567 1879 1237 451 1017 446 1800 1058 1301 1981 2796 1604 1645 2140 631 1518 2093 1578 2596 1516 2310 311 2392 2349 579 1290 571 394 607 2609 875 530 528 1613 2682 2613 982 2282 2328 2252 288 2049 1470 1651 1119 2559 1210 2459 1977 257 2786 975 887 1579 2304 2809 945 639 1239 1978 2618 1211 1894 2488 1555 2416 2042 227 916 1271 841 742 928 1871 492 1209 2543 1865 1179 662 115 1007 2491 1729 25 118 923 2064 2357 2793 751 2423 1909 2660 1657 1138 921 1531 2085 151
000842.jpg,2615 1448 2756 1091 967 1804 310 2021 2413 291 1535 983 1269 1693 2827 2441 754 2320 1561 2354 424 832 1478 2785 1867 135 1728 2656 1719 213 1743 1849 2408 1149 707 232 1334 1722 1996 2295 1689 1593 2390 520 1672 1346 1231 218 1383 1176 2638 695 2242 2190 2149 1265 379 2016 2533 19 558 119 2737 2745 184 2566 1296 1836 1945 29 80 91 789 1601 777 541 2235 2073 132 2036 1529 2238 1733 1856 1950 24 2143 286 1075 1343 751 1093 739 1631 1513 792 945 1459 1483 2784
000843.jpg,137 1547 2135 1935 2511 722 79 2741 2665 1463 1212 2041 2580 2305 165 2766 686 1606 2294 2068 1055 1076 2558 1944 1067 116 899 140 2842 1452 1868 2319 1134 2286 725 2248 1130 2258 1464 447 494 2728 1940 2813 1126 1639 246 1899 2825 204 2207 1986 2393 97 2506 1937 2382 67 2598 2736 574 1825 146 1725 2292 948 362 539 2291 2435 1772 1874 1841 444 1223 2436 2057 303 2022 657 450 804 329 2037 384 692 104 1677 2113 738 1056 1185 1161 508 1493 682 1998 2090 409 988
000844.jpg,556 987 85 2270 2082 2088 1422 1319 1202 547 1386 155 2631 2389 626 1636 1552 635 312 2501 445 2556 2424 2367 2011 611 2840 1092 2832 2200 259 1316 1752 463 283 518 1405 59 1146 1934 1840 1993 1102 1983 197 645 4 1407 613 134 2044 2837 2300 319 2439 440 950 2375 817 2650 260 1029 1656 1362 1737 2753 826 2272 1544 1624 51 735 1545 1569 911 188 2069 486 2133 1148 1051 906 2419 2735 2148 770 1640 1878 675 2538 2289 1096 2241 2790 1496 231 2515 550 1788 1253
000845.jpg,1908 702 1107 931 835 1830 1340 1310 284 848 2624 2471 2601 1821 1720 502 1114 297 1767 1845 903 1512 990 768 2276 1608 65 250 578 103 2388 126 1254 688 1323 1235 1186 1748 1391 1459 1975 1014 469 522 2644 2036 1192 1413 2605 39 2757 1426 2345 2561 420 2021 2630 2314 2656 684 1515 1357 379 1759 751 395 1257 70 2149 1834 1801 2768 962 2323 1570 1397 2478 1125 2772 1922 2297 1753 2015 543 2777 1832 2667 676 2494 690 2347 1601 1884 2077 187 1035 2457 2159 2203 1334
000846.jpg,2424 2515 2840 197 992 1656 134 1752 2817 2082 2084 675 2574 445 1710 606 1146 2753 900 1993 1319 489 1983 2270 2367 626 169 1202 1878 1679 2439 1934 2046 645 1586 817 1545 1623 4 1444 1701 497 2011 1658 1253 1552 2836 259 2837 51 1218 611 1386 1544 674 2241 950 1316 712 1617 978 1381 623 1046 178 559 188 1897 1123 1489 2724 659 860 1782 987 1045 547 735 1029 911 2289 1627 1190 2200 2528 433 970 1486 312 1737 833 1775 1362 769 74 1148 1926 1417 2375 1407
000847.jpg,1256 1890 1793 1065 1562 2668 2029 555 554 1699 1033 569 571 2415 868 429 2217 142 1492 2304 427 1430 2108 1553 923 1219 1888 536 417 2078 289 176 2423 1588 332 199 886 1769 2210 1132 2743 1398 1431 62 193 2090 681 901 36 121 1686 743 597 1886 2520 1478 878 988 2729 2430 802 21 975 340 979 2451 2380 1334 1162 2032 2354 2054 2384 2539 361 56 347 1657 2568 1393 1689 528 952 78 1189 2003 323 1272 2325 2656 2638 634 853 184 1053 1579 302 2387 2227 875
000848.jpg,2034 2545 2023 1584 1051 2755 1569 1218 64 1796 2045 2272 1261 1416 48 747 1316 1586 1640 715 497 1948 100 2721 2713 712 1658 2376 1096 51 2650 194 2628 770 1782 2836 1444 258 1381 2439 2556 168 1649 1328 260 1496 2241 992 439 1045 2815 2433 1799 978 559 1544 1663 59 305 1054 26 2352 231 950 1636 2840 1552 563 1840 2289 674 1407 1320 2088 463 1489 1123 1486 1895 1983 947 906 1965 2454 1870 2309 2367 1148 735 900 2732 155 1617 2046 2837 1679 1490 1307 440 2482
000849.jpg,2840 2515 2424 1656 197 2084 550 2574 1983 2817 1092 445 1993 1202 2082 833 606 992 900 1190 489 1422 1552 1752 2753 2270 675 2454 259 2241 623 2200 2375 480 1319 712 735 1146 1407 2046 635 2289 1878 1934 817 188 433 987 1369 2631 2300 1386 1045 2724 2050 2769 260 2676 2397 518 1545 1926 1102 1253 134 970 611 26 221 2538 2130 1148 1029 463 179 2544 312 1870 2649 4 1617 769 977 2148 626 2133 2367 556 85 1895 2714 1218 1316 1636 1328 659 524 2501 1788 613
000850.jpg,2092 1982 2139 2833 264 2269 2371 787 1925 837 958 414 969 1360 2616 352 1446 2797 1009 741 2484 2576 299 1684 2298 1294 2529 1571 17 2844 1694 667 1122 2801 2185 642 195 638 273 1630 2063 2226 891 1618 1242 1445 1540 1698 2455 2584 2223 1238 1520 1619 961 46 1994 537 1629 795 573 1291 1411 2100 1201 1514 2481 1112 234 2834 267 2619 262 2340 30 912 1549 1807 600 2412 1572 2189 1622 1 71 2338 2635 846 892 428 1409 2776 810 577 2104 1524 1539 1939 1440 143
000851.jpg,1531 748 1354 2792 1579 919 639 887 1470 1583 118 1791 952 998 841 1769 2778 2328 2647 975 945 1977 567 1578 1179 2304 1667 2682 1063 579 9 2491 928 930 923 1657 1585 492 1770 2416 1854 1920 2793 2711 819 778 517 1651 1970 2575 382 515 1154 2729 875 114 1864 808 2459 2824 2349 1729 2252 7 2042 566 2026 1351 1534 539 1819 25 190 2723 1162 2334 1512 764 2097 1209 103 297 615 2336 719 35 65 1742 1555 1666 1484 571 1985 1323 812 982 1915 409 1210 738
000852.jpg,1575 2739 2174 1724 1664 1877 1229 2327 1457 976 2456 885 242 228 1191 77 720 1234 656 2694 1522 2229 2127 801 1350 263 706 1358 1542 1776 2321 158 2332 880 2461 82 797 1034 1196 2662 493 1675 746 514 2590 842 1857 2198 294 2206 2356 2186 1043 687 704 2330 2659 857 470 1665 1030 2187 1930 1276 934 1086 859 756 1887 1792 130 210 438 185 588 170 1440 2039 366 287 2703 2541 2672 1494 1345 1193 2581 884 2125 1765 583 2123 2418 1432 349 1716 2374 1551 1947 2184
000853.jpg,760 164 156 460 72 2577 1872 2775 1415 571 453 174 1717 1628 2108 1599 2722 172 2163 731 2126 380 595 2469 2009 1510 2587 1065 2074 177 208 73 2655 2829 2679 2122 2668 816 1256 981 401 1233 823 2098 99 461 2032 2636 399 1903 437 1163 2218 660 1739 332 1023 56 515 1252 975 1219 886 1047 1769 477 1162 1784 2015 923 1436 2747 1657 554 2729 597 1241 694 2664 2304 1418 2380 1686 417 50 607 429 1085 2415 1478 1504 1155 853 612 1236 1793 2369 868 1562 427
000854.jpg,956 6 829 1761 115 2168 997 1221 1260 1882 732 669 1797 546 2503 2247 754 285 807 232 1387 2507 2688 2615 196 1945 620 2222 604 2720 2320 794 1805 1488 214 1084 909 1611 1865 751 1091 1904 1199 1995 582 1733 84 2756 1269 2623 1846 1693 2489 2021 270 1318 693 398 5 43 661 1867 2586 1014 2780 2036 2197 820 941 2464 1601 1153 1609 469 1083 1536 1768 424 2447 1192 212 357 2521 23 723 2476 2485 2699 218 510 520 2620 2395 959 2354 257 1596 11 1347 310
000855.jpg,2023 2755 2045 1584 2034 2545 770 258 1569 1051 1320 747 1796 64 48 1895 2289 1640 1218 2650 1407 1489 2272 1870 433 161 1261 1799 26 1328 194 463 1552 2836 715 2482 712 1444 59 1983 2367 2439 2352 1782 1545 168 947 51 769 197 100 2628 860 992 2375 2721 1710 2556 1663 2454 735 260 1316 2376 2501 1586 2433 1416 1544 1658 1381 2713 1948 74 2241 950 497 2837 231 1045 2732 2088 1934 1417 925 439 1649 626 1701 2424 305 1092 1369 2574 440 1029 2133 1840 2676 1319
000856.jpg,207 61 2025 418 1481 225 2396 192 1475 2236 1787 838 389 139 52 290 2669 1262 1568 464 2059 2429 2173 2244 484 1662 2280 455 1465 209 296 131 2794 268 1706 1282 245 390 1875 780 758 356 1635 726 534 2232 1967 1275 295 1781 239 314 452 2765 1024 1022 999 806 1039 1831 2806 408 27 1378 525 2479 840 1050 1532 2142 2715 1274 346 2407 1506 1929 1339 1127 2053 1141 49 2091 822 1789 653 654 89 1655 467 927 241 495 2687 326 1755 2634 31 53 2693 2164
000857.jpg,1661 676 84 584 851 510 2203 1016 1113 1738 2494 941 1203 629 214 2677 2521 1515 347 148 1744 1488 5 940 1591 2656 1352 2421 1768 2571 404 1805 409 2726 1866 1949 1579 844 6 244 594 1198 2162 2115 40 853 909 13 1434 1477 1819 58 923 1616 986 2036 2653 23 1206 2604 690 1219 1423 2691 2211 2291 1601 863 985 1691 2304 265 954 2149 2605 2348 574 1987 812 579 2701 1139 1371 815 2324 2386 956 1120 960 1928 2737 1882 469 182 1426 1272 509 640 1748 1725
000858.jpg,488 1006 724 443 1380 8 1671 1162 946 1219 2464 2449 586 1474 2535 745 325 973 2706 1090 1425 1015 2245 1308 2167 1697 935 1082 2249 2483 2448 1556 306 1449 2572 703 941 1426 1750 957 2562 2644 938 2096 99 1588 2000 1047 646 1661 543 2463 2747 1263 1061 1802 2787 2725 1766 2362 1429 293 2016 2277 907 1203 429 2539 695 2409 2627 1249 1610 1065 1719 582 2691 1321 474 1057 850 666 2508 1252 1322 2798 38 1801 1132 2656 1175 571 729 176 1525 661 569 2293 2514 2118
000859.jpg,2502 1198 2152 2348 1515 1364 1397 1687 2386 2768 1922 1591 1570 2620 1659 1139 6 2263 298 973 1221 244 327 5 420 690 2203 1205 117 2612 106 844 1738 546 1605 375 1488 2115 582 2401 1525 2179 1007 2494 425 1083 1973 423 2474 1199 1285 807 1184 851 2182 1371 2521 985 1537 676 2303 372 409 1251 474 1502 2056 1882 1603 1616 40 448 384 759 1113 2678 980 1400 1144 510 1183 1203 2118 285 931 322 732 39 469 275 940 1884 1014 265 2160 1641 126 2132 2079 2457
000860.jpg,519 2085 1479 392 852 1705 2341 2600 1131 1682 1442 942 2543 1387 1331 937 1992 1779 301 1718 2318 966 253 1385 2195 1673 2245 94 1200 1243 1455 1614 2243 2446 434 1211 320 1379 336 855 1133 355 1384 1770 248 2147 610 568 515 1739 908 114 1424 1969 2087 2763 2251 2559 2420 338 1068 709 984 1784 186 749 2618 593 1794 2746 678 566 1263 1419 2519 1466 1966 2257 544 1565 1094 1681 1017 773 673 2219 528 2458 1546 1548 2830 512 99 1005 2026 2377 2335 1707 1325 1550
000861.jpg,2045 2755 2023 1584 1552 2545 258 2034 747 463 74 197 1407 1895 1796 2676 1029 1489 2482 1320 860 1701 2574 2272 1870 26 2837 433 1051 770 606 2397 2289 2501 1569 735 712 1328 2454 1934 1983 2732 59 1544 2439 2650 2735 497 1782 1218 1586 1799 2375 1640 1417 906 169 2628 2133 4 2433 947 2836 2419 51 1316 260 1151 611 305 674 161 1486 1261 2044 2556 168 312 1362 2753 2389 1644 563 1663 992 1545 1046 769 188 817 2082 2515 1878 626 1307 2767 1045 1624 440 2817
000862.jpg,2644 962 529 395 2323 1801 1230 1839 1394 2561 1035 1798 572 2277 1683 2759 70 589 461 658 1125 1753 2510 2777 2149 1834 1306 2772 1162 2504 1666 431 2015 18 1175 39 789 1842 727 485 315 2478 240 2818 1334 1252 1357 1951 951 2325 1700 545 1427 2381 2757 2242 646 1971 2003 1759 2400 1451 304 2054 2288 413 2077 1361 1257 757 2178 854 2128 374 2000 2656 2579 1213 1902 2663 1786 2443 1115 1389 2546 423 1219 1938 1106 650 1833 543 1173 1674 328 224 2066 2457 2238 1976
000863.jpg,2227 828 377 979 2629 2578 2047 2539 1374 1668 176 2602 2798 2520 2786 1038 1337 672 2120 865 2828 1033 2108 1429 2384 2668 729 340 1562 370 2031 332 2210 933 2293 1070 1189 2451 2743 554 78 21 1145 2221 1266 1399 1890 2671 2485 2839 1249 1398 868 1393 2570 1952 2038 2640 2483 964 1888 1764 536 2423 1588 1495 569 302 323 347 1686 2083 2428 743 2808 812 289 539 893 2647 1757 783 1667 639 2217 256 1093 617 2729 549 558 1322 1420 1162 1203 802 829 308 142 35
000864.jpg,922 1763 37 586 924 1082 443 1090 1308 372 298 20 2841 820 2535 2726 167 1284 2162 1541 2179 334 454 1687 8 275 448 327 411 2494 1671 1487 244 375 1697 1456 2540 1973 796 2043 325 1570 1502 1400 1471 1603 2599 1902 224 475 1188 117 1227 1162 2222 750 1113 1916 1027 980 2791 1006 1250 650 2641 1153 459 738 2115 1221 122 2691 745 1711 1659 1884 1582 543 2605 1390 136 1474 781 1700 409 1891 938 423 1488 1139 2810 115 6 1744 39 381 2118 413 1232 728
000865.jpg,1636 1422 155 987 556 2088 2556 2082 2270 2389 85 1319 1316 635 1202 1752 312 1840 518 2832 2367 1102 2631 626 613 1405 2501 611 547 2069 1552 259 2272 950 2840 440 260 445 1934 2424 1146 319 735 2439 4 283 1092 2837 1148 2133 1386 2044 463 2300 1983 2241 1993 1496 1544 2538 1965 1569 1051 1045 826 1029 59 1545 2011 906 1948 1737 563 134 2790 1624 2200 2735 486 305 221 1640 51 1407 911 784 2650 817 1362 2544 64 1096 1307 550 1878 2628 1649 2312 2836 2352
000866.jpg,1908 1107 702 931 1310 1830 835 284 1340 848 2471 2601 1821 2624 502 1720 1512 1845 1114 65 297 1767 903 768 990 250 1608 578 1254 2276 103 2388 126 688 1323 1235 1186 1975 1391 522 1413 1748 684 1459 1014 469 1192 2644 2314 420 1515 2561 2036 2345 1426 2757 1759 70 2768 1397 1834 2630 2605 2021 962 1570 2667 379 2457 690 395 1922 2478 1257 2323 1832 39 1357 1905 1035 2297 1125 2149 2128 1801 1753 2656 2015 1842 2347 2777 2772 751 980 18 2077 98 951 375 1537
000867.jpg,2022 2113 1161 1333 2066 1785 1213 1019 63 1513 304 2178 1228 1847 2546 1166 1773 1353 310 1883 1685 1300 1087 1928 1795 1115 2149 182 1693 1389 1561 2409 251 2656 695 1257 24 2784 1743 2143 2827 149 617 576 483 240 2040 101 1176 407 2699 737 940 898 2504 949 2242 1298 2638 450 2542 614 714 341 374 364 1971 1478 132 789 634 596 766 1900 2555 1772 1786 499 983 1004 751 1996 2756 1265 2745 545 2787 1343 2016 2547 293 95 1334 2021 2780 2202 2615 465 457 1427
000868.jpg,1808 1082 981 401 1763 2274 355 1688 443 453 2535 1308 1006 177 1023 1090 1903 586 8 922 2122 816 2829 2083 1155 1305 1404 7 935 1910 2055 461 1233 459 1162 1252 2163 2679 1085 1671 1370 325 975 924 141 1396 380 2449 1047 2015 1052 897 2096 2793 1719 437 2335 477 2437 1015 1736 1865 483 1153 2167 2792 2313 2775 2342 1266 1963 745 2118 2216 2750 2636 72 760 1554 2361 1858 1100 2081 1610 2218 1990 1757 240 1321 2657 834 2452 1474 468 2450 1891 465 2268 1105 1402
000869.jpg,767 1125 70 1753 18 2777 1842 277 2077 2478 2772 1834 2532 951 1759 2663 2757 2015 2510 2 369 1252 1938 2818 2561 211 1443 2496 601 431 1833 990 2315 1460 1418 502 1035 1989 1323 297 103 1186 2702 2686 65 1391 315 684 578 126 1975 9 1839 931 1390 1413 2624 1579 1767 250 1114 2388 2622 1235 1747 2128 1512 1340 2314 1821 461 1801 1908 1557 1720 597 284 2601 1686 2471 1845 886 688 848 2644 417 2276 889 640 5 1519 1980 1394 2457 702 796 2302 1107 962 554
000870.jpg,1742 7 2793 975 530 2049 337 2416 1301 2064 1271 921 1017 151 451 875 446 1808 487 1237 1518 2596 1604 1290 2093 1909 2282 2843 1613 1681 1705 607 2609 1981 1100 1370 631 2792 2274 2796 1058 1688 2140 288 1739 1404 2600 2349 1384 1211 1853 2658 2304 966 1567 1105 1614 1331 2682 942 1879 243 1396 118 2042 25 825 579 662 2336 542 2085 394 513 567 2392 311 528 1673 1729 1210 1209 355 54 1155 517 227 1000 887 923 2252 710 1578 1023 1745 1893 1179 928 2310 1470
000871.jpg,1290 1518 1567 446 631 1237 2282 1017 2392 1301 2596 2064 921 1058 2140 1604 1981 1800 1645 311 451 942 579 2349 1613 984 1455 530 1978 1909 1871 2796 875 2085 2093 2049 2609 1516 1384 749 394 2416 2613 1119 966 1007 528 662 870 1879 257 1779 1906 2658 2697 1992 673 1210 2788 1794 288 2304 607 487 25 1211 2559 7 434 1470 1053 1966 1894 709 365 571 887 513 678 2005 186 1209 2310 2543 336 2618 2494 2763 2087 1783 1498 253 151 1707 2390 1578 773 1138 1850 538
000872.jpg,2050 2130 179 2649 550 2714 925 2769 1552 1870 1369 735 2538 348 480 197 712 2454 26 260 1045 1453 2840 2433 1092 2574 2375 2241 518 2289 563 2732 2309 439 433 1983 2088 445 168 747 2650 463 2133 1490 1878 1901 259 64 1422 992 440 2376 2713 1148 833 1840 817 1569 2272 2826 606 2545 2424 715 231 1190 1051 900 2721 1799 784 2676 559 2200 1640 1208 1172 194 2817 134 1486 659 48 1316 623 1636 219 906 2007 155 2011 1158 2148 51 2023 2515 100 415 562 2397
000873.jpg,2494 334 1477 781 1541 738 2421 2677 676 1819 1641 372 763 796 853 1423 2179 820 750 1954 1738 384 574 1882 594 1949 2462 1687 982 98 1344 136 1184 546 2210 1390 1221 381 1557 1582 1502 123 1817 907 1654 2203 265 2559 579 909 1225 1864 1166 2618 1591 2521 1922 281 882 2409 2291 2599 1711 413 1255 528 1928 196 275 2334 510 1426 1725 2225 1902 582 1162 1420 986 285 293 2150 928 1558 1940 2605 1007 2001 351 564 1657 1412 224 2349 1406 1038 2214 812 409 1707
000874.jpg,2522 1364 2386 1083 1064 1797 2612 1251 45 187 2111 2489 844 732 462 2056 407 1702 1515 1846 40 851 1536 762 1093 2733 2326 1517 636 2498 1856 1336 181 5 2159 107 582 1104 1729 2678 42 1177 2360 2476 2263 2643 2234 1960 148 736 2203 2457 2160 1690 2278 1632 2401 2116 96 1596 1318 1028 2684 592 2604 1467 2554 1802 2555 1880 1169 1669 510 2079 387 861 2827 2422 2641 644 2351 183 1198 1927 34 917 1726 2176 1488 2591 423 983 894 2550 481 1734 516 1315 1768 2090
000875.jpg,1178 695 1996 2827 1176 1087 983 132 2441 2238 2190 1898 328 376 789 1513 2111 967 728 1447 1804 483 766 1019 240 1719 55 1483 1749 63 407 1693 1093 596 1672 2579 2785 1669 2242 2016 397 2700 2422 1091 310 2504 2176 1743 1104 1561 2202 2523 1228 2547 1161 2784 1558 754 824 1728 614 1856 1928 2546 2759 213 1207 2641 2745 898 576 584 2054 2149 2737 1631 834 2072 34 1476 1298 658 88 95 2409 540 2656 1847 16 1685 149 832 2437 757 1016 135 777 1333 1971 1999
000876.jpg,2272 1316 2815 747 497 1586 1569 64 1218 2721 439 2556 1051 1416 2628 2023 1658 1965 1496 715 1381 2713 1993 2352 712 258 1261 194 2241 2545 2755 201 1796 1640 1584 1552 51 1649 1096 2034 2433 100 992 1860 2767 2439 2309 1422 260 1054 1544 2376 1948 1444 2046 1490 1617 48 1679 1663 2045 563 659 1045 1362 2836 1328 1901 1636 2454 305 2650 231 1148 1840 2817 155 1897 978 562 1123 169 2707 1782 2133 2289 1623 674 900 1453 2840 2837 1307 168 2826 1775 2088 1320 559 1878
000877.jpg,1567 446 1301 1604 1290 1518 1237 1981 530 1017 2049 451 984 2392 2140 921 1058 2596 1978 2064 1271 243 1384 966 2796 2282 1331 942 528 1909 151 2785 311 487 2609 1613 2093 1200 2658 2085 394 2458 579 2523 875 662 2357 2559 2446 337 355 118 631 2349 1865 1053 1209 666 1119 1800 1879 870 25 1673 1992 2543 733 2042 1614 7 1906 2640 1105 1210 1224 1396 808 1145 680 1178 2618 2613 1211 571 1719 1155 2763 728 1742 1621 866 1836 1681 897 1578 34 1516 2310 1499 1470
000878.jpg,536 569 1132 1588 121 988 2090 193 1065 1268 1562 680 2384 2668 979 332 554 1431 429 2786 1890 289 36 1888 2108 1256 2227 2029 2333 571 555 1033 176 2743 142 1699 681 1793 1418 2078 2117 1553 1430 2729 1492 868 886 213 199 1162 21 597 1657 340 866 733 184 2451 62 998 1686 1666 1478 417 802 878 1952 703 1398 2415 1583 1393 2217 401 453 384 2107 729 1186 308 1984 2031 2638 1047 560 1023 1711 427 1089 2314 1448 1333 1420 2808 2640 2423 1383 272 1391 738
000879.jpg,2267 427 743 2568 1210 1492 2140 571 429 930 2064 2380 2117 2423 921 1243 311 2078 1431 2151 2788 1236 142 875 2559 627 1699 2364 97 1406 2415 802 2349 36 2416 2729 1233 868 2778 749 1886 437 112 593 2005 1657 1470 554 2428 2796 2219 2065 1613 878 2730 1149 1256 1053 2583 1017 982 1516 1794 1783 2333 2668 887 191 1058 673 528 2459 2320 1670 2217 1179 1430 1977 1390 67 579 500 2618 2304 492 1588 923 2491 7 2328 434 2488 451 1851 678 1065 1429 1499 1793 29
000880.jpg,165 2558 2766 725 2728 647 1874 2294 2292 2207 1825 2813 2319 447 1055 2741 1130 146 2135 1940 137 948 1223 2511 1547 1126 1944 2248 692 1463 1606 2041 2393 1212 494 2506 899 1937 2057 1935 2639 2736 1986 2683 1076 1639 2382 1464 2435 2436 2305 2825 1899 686 116 2291 722 2598 2719 2665 140 2286 2580 1841 362 1777 2842 482 2258 491 1592 1452 1725 574 2068 804 682 2220 2569 939 1185 444 1134 368 1433 1868 97 329 2438 79 104 246 442 790 2708 1067 2704 1962 204 2051
000881.jpg,1179 2491 1977 639 2328 887 2647 1470 1579 9 2778 945 2792 928 2682 952 1657 748 1578 2729 998 1920 930 1531 1667 1583 492 841 1770 1769 1791 1154 819 114 1354 118 2459 2416 2824 615 919 778 1854 1585 515 2575 190 539 1351 1651 2488 579 382 1344 35 2304 1210 2379 2793 2711 1367 875 2293 923 2334 1534 517 2483 566 549 812 975 567 1864 1162 1493 1819 2723 2775 1420 1041 1772 2668 308 1970 1729 2325 1322 571 723 1565 1915 738 914 703 332 2485 322 2333 1157
000882.jpg,98 776 2210 413 1976 224 2003 738 1162 1501 409 2325 640 781 128 1835 1477 828 1484 110 347 1864 353 910 1819 2520 1241 1272 15 851 2400 2162 1643 1226 1038 1173 1902 995 915 2828 1674 646 2378 2474 1222 2421 156 691 2214 351 1957 2571 703 755 1700 1219 2410 136 1318 1478 1066 2218 1436 2475 272 1666 2497 1074 285 1042 1427 1402 1954 1882 479 1616 2807 2540 56 2361 477 384 2577 2726 308 1625 569 1344 831 1711 1203 1949 2599 2278 2256 962 2808 323 2021 1817
000883.jpg,2721 100 1640 1569 64 562 715 305 51 48 439 1490 2309 260 559 2826 1381 2545 1307 563 2433 1901 712 1316 1658 1796 674 1782 2836 2713 1453 2034 2272 201 1218 900 155 747 2439 2241 1486 1416 1051 1860 2650 1123 2088 2376 1544 1422 2628 1045 1444 659 2556 978 1649 1054 906 2352 1965 1617 168 1096 497 1948 735 169 440 1148 1878 1840 2454 1586 2076 1437 2419 445 197 1552 134 992 1934 1679 2011 1328 231 1208 2837 2023 2817 1870 2815 817 1663 1261 1046 1993 645 2289
000884.jpg,1451 727 2409 589 2054 2000 1361 789 1928 1166 1558 1561 658 39 1786 714 898 2149 1137 395 1394 2288 2540 1207 2656 251 803 293 1106 1230 483 581 2242 2504 564 1693 1513 2644 1357 1389 2072 614 1801 2787 240 572 1087 1178 374 1257 940 2381 676 1306 2546 1798 2759 1091 737 1971 2209 1427 2699 1113 1115 962 1244 63 1559 646 339 2114 863 341 824 2040 1683 1646 2737 926 529 2605 1482 2277 1804 695 1951 812 2395 2238 101 766 1161 1180 1459 967 1019 2579 2547 379
000885.jpg,2113 2022 1213 2066 1333 1115 2546 1161 1389 304 1353 2178 63 1513 1785 1019 2409 251 1166 1883 2149 1561 1847 1300 1228 2784 240 2542 485 714 898 789 1334 1928 101 2504 1257 2242 1685 483 2656 374 1773 1798 1558 1951 1427 614 2040 658 1175 1230 617 364 182 2143 24 2054 1087 737 1786 293 634 646 2024 695 2540 1971 940 803 1683 589 1137 545 962 727 2787 436 2644 2381 1207 2579 1027 1900 1693 1176 766 1743 529 310 395 1825 328 1298 1795 149 215 2207 2072 2209
000886.jpg,2502 1605 2152 244 2348 1515 1139 214 844 2620 2751 5 2115 1397 2567 2457 2841 1616 1171 2768 2182 1198 1953 423 2160 650 375 1922 1199 2612 420 1591 1738 609 2386 1214 690 1364 509 2401 1602 2666 2203 335 106 2591 1891 2079 759 2494 1866 1882 475 851 1144 1570 980 1916 84 2230 2521 1744 6 2263 2404 1221 1488 1426 2056 1610 1766 1889 2608 2705 22 2162 2346 953 941 1603 510 2726 1015 1768 732 1687 171 531 620 300 2760 1723 1061 297 2706 924 2688 181 1326 2644
000887.jpg,2024 213 754 426 1804 135 558 967 2638 1728 2320 2756 1149 2178 2413 2295 757 304 1719 2066 2022 184 1448 2113 1478 1597 1333 2143 2615 1213 24 1265 1383 2546 2021 2277 232 2408 80 240 2533 1296 119 29 2784 1161 286 1689 1513 898 1533 2172 1353 1231 2149 2673 634 589 1334 2054 2242 2472 658 707 1558 545 1207 63 988 789 1394 1631 2323 1945 714 536 2354 1883 1427 19 1588 1300 424 1984 1971 520 1561 218 499 1132 1087 1389 983 1091 569 1847 2737 695 1115 2090
000888.jpg,1730 1929 326 1275 159 580 2715 1097 31 2062 1831 1293 1655 2687 418 1706 1026 806 1018 2301 1008 1011 1438 782 1756 33 1822 1787 2316 534 192 2407 207 2806 484 402 2429 471 464 655 2232 295 2025 1568 1262 840 2773 346 389 108 2396 1506 245 999 927 654 1875 2244 1378 1335 1143 331 1647 2467 1912 780 363 290 449 2059 131 1141 643 2632 2402 390 2236 452 1465 1662 786 125 625 1048 1297 241 1789 2070 2285 200 1317 139 2690 2531 216 268 1612 1921 1941 679
000889.jpg,1752 1316 1948 2556 1416 817 1096 1051 1624 2817 2790 2628 1218 1644 1649 2352 2836 1569 2272 1102 2411 2439 221 2528 1407 2433 1926 1782 1544 2367 2837 1640 194 51 1934 1496 2650 715 950 1656 2545 1381 1545 2721 2241 169 1261 2300 2389 312 1422 1658 64 1840 1319 445 1586 1444 943 100 987 611 2501 2832 1146 1663 1489 59 1045 155 2289 2069 547 197 1796 1328 1636 4 2454 305 497 440 712 635 1405 2714 1584 2023 2767 2270 735 2044 1307 1799 626 518 231 433 747 860
000890.jpg,352 1360 1630 638 787 958 1445 665 17 234 2619 741 2481 30 573 1270 1520 1338 1539 1 1939 2339 2298 317 537 1242 1258 1571 2271 1411 1509 810 642 1349 71 1025 1514 2371 846 1167 2811 403 1694 2727 1295 262 1572 1684 307 1278 1807 267 888 2385 2189 90 1803 1291 2801 685 667 1735 1837 969 2131 1238 891 2584 1446 2100 1619 2731 2486 2092 273 46 1294 1181 2473 2246 879 2412 2213 1373 349 616 1812 2834 264 127 2614 600 2139 2616 1828 2781 1215 991 342 2104
000891.jpg,712 2817 1656 2840 1328 1934 1407 2082 2034 900 2574 2545 1983 1369 2836 925 1444 2515 197 1319 2454 169 817 2837 1782 1545 312 1045 1679 2439 26 2790 2528 1644 735 1489 2424 1623 1658 1486 51 1218 1710 348 260 1544 2023 2411 1926 2241 992 1569 1796 1624 1381 489 1663 987 1878 611 1552 2649 2300 1640 1870 2832 1584 2050 2130 2270 2714 221 4 188 550 547 626 559 1261 2200 445 179 64 860 1092 1102 635 1586 2010 1617 1405 1386 2755 1051 978 1054 947 2707 2501 715
000892.jpg,306 2169 473 2508 2351 2128 1326 1488 2326 2124 1596 2027 107 1426 1502 1975 2641 924 510 1821 1720 2176 2179 2203 1738 2073 2521 2414 907 397 388 423 736 2014 498 1748 1696 55 761 466 728 684 1601 844 1467 375 468 1177 690 1971 205 957 1080 1061 778 187 1093 1610 1471 1401 1970 2620 2239 2498 2570 1512 1184 148 2249 1608 1107 1515 834 2288 2036 2118 382 701 65 250 980 2314 1797 2591 1889 2388 1044 2366 1537 1254 1391 2604 920 564 1413 1340 1979 1310 983 2795
000893.jpg,1547 2305 2511 79 1067 722 2665 137 1935 2294 2068 2135 2041 140 1134 1212 2580 165 2766 1076 1452 1868 246 1940 1606 686 116 2842 1055 2598 804 97 329 725 2741 899 204 1463 2558 2258 2207 1126 1056 1986 2319 1944 1464 2813 2393 2382 2506 2248 2728 1825 1937 948 2436 1130 1639 2286 2825 447 1725 2736 2019 2499 2292 350 1646 442 2291 692 362 1874 812 1439 494 444 1841 1899 2639 508 483 974 1592 574 12 1223 1161 146 2209 2540 368 677 2569 2536 67 2787 728 55
000894.jpg,1337 377 828 2798 2578 2520 2539 729 2227 2293 979 983 959 2786 2083 2629 620 2562 2210 1374 1797 176 398 2839 1562 732 2120 1907 1667 957 2108 2647 933 2384 865 2720 2031 1070 1668 2522 2668 270 2464 1429 2570 1729 2441 2190 1176 672 695 639 819 1033 554 1266 841 1093 2828 1596 945 1672 2333 2640 1764 1890 2725 183 2498 2141 45 387 2792 1108 2743 1920 2129 1743 2056 1588 181 1769 1145 1719 306 1768 2048 2160 2090 2827 2081 2451 2476 1393 1329 952 2514 1342 1579 1910
000895.jpg,348 925 2649 1369 1870 712 2130 2050 26 2769 2454 179 2714 1569 1045 64 1328 2023 550 2545 1934 2034 48 100 1983 2817 735 1584 1640 1617 1644 715 463 1624 2045 1051 1407 2501 2241 1796 2721 1552 197 1489 1710 2840 1444 439 817 51 1656 2836 480 260 2352 2528 2200 1658 1663 1319 2044 1092 547 2574 1679 747 1381 1386 2375 2755 1782 1895 1218 2289 623 987 992 2411 947 497 900 59 2439 2650 1544 1701 1486 2010 1586 188 1417 194 168 2538 1054 860 312 2076 524 1649
000896.jpg,2424 2817 1656 2082 4 1545 2515 2545 2439 2574 1407 1623 1983 626 1679 712 2840 1489 197 860 1444 2034 900 992 2528 1319 1644 2836 1261 1218 1146 1752 2790 312 559 735 1544 1051 1417 169 987 1926 1328 2270 1710 817 259 1569 2300 489 1934 1624 26 2837 2367 1782 1658 925 51 2411 1796 1102 1369 547 1381 1486 715 611 1045 645 623 2832 659 1202 2010 2084 2419 2649 1640 1405 134 1552 64 2721 1737 978 1386 497 1092 1046 1586 59 221 100 283 1054 1878 2241 2755 1316
000897.jpg,1178 1786 2700 1990 1713 1224 2190 1116 2523 1714 2288 2129 39 695 983 132 1693 683 1971 1838 1176 1200 2605 2180 803 1451 1257 832 1106 564 824 441 60 47 254 2202 34 1346 2204 1836 1447 2000 2080 1561 2487 1357 1482 1996 603 2281 374 581 2547 2437 1091 1450 728 576 1361 549 55 212 1559 230 1113 2209 2759 2656 2441 1180 2824 2016 373 3 1620 2745 777 2381 341 926 2395 830 1476 1672 2579 1601 2699 404 2422 76 2275 2827 632 1347 1194 751 1036 2238 339 1818
000898.jpg,1548 531 1570 1519 690 2128 375 117 1340 2179 1537 1767 2494 1738 269 298 1922 1973 1035 2132 2499 2663 980 2561 275 676 1975 2 1502 543 1687 277 1007 2510 594 2768 425 907 1591 1184 1902 265 448 931 1833 2118 379 1646 126 1397 1720 1515 1391 2203 372 1357 2036 1884 781 1285 1700 70 510 2326 1488 1979 684 431 1747 1821 420 1839 1125 796 1954 39 1443 1753 1834 2791 381 351 104 896 767 250 1940 65 1326 1107 2521 2015 2777 423 854 1725 148 1842 2620 2276
000899.jpg,545 1087 1389 1898 1228 2242 658 766 304 1394 1558 2066 2238 1213 63 727 589 2546 328 1683 2178 2113 2504 1019 2759 2022 2579 1693 1785 341 614 1996 572 898 2149 1230 1786 1207 1257 2288 2040 1300 1333 1971 789 695 2072 407 924 1561 834 1176 2656 824 2737 39 737 2277 2114 240 2414 251 2111 2547 1091 1801 596 983 1027 132 2784 581 1727 2054 1161 1106 2827 101 949 1513 803 1361 1451 2644 1900 60 2190 1743 1559 714 2381 576 2281 1507 1804 308 364 1631 1353 1357
000900.jpg,1145 2747 2098 1047 666 1023 612 2775 2587 141 1415 2636 208 2055 156 1688 460 1089 2446 816 1241 172 1808 1203 2640 2274 823 2537 164 2009 2798 599 1155 1160 1162 595 2042 731 2126 2335 401 2577 2452 2722 755 2108 569 988 1717 2357 2570 72 1588 1784 2469 1342 2090 1903 2463 121 2629 536 177 1729 1085 174 347 760 322 1510 1872 729 184 1305 111 983 1132 1404 1769 1638 1266 213 630 1651 945 1740 2679 639 193 2793 399 499 1074 453 571 694 2539 2195 135 2201
000901.jpg,2173 418 207 2280 139 1262 290 1481 2025 2244 2396 464 2236 455 239 356 209 1568 225 61 1706 52 192 2429 2142 780 1282 245 1475 927 1789 653 295 838 1655 296 806 534 1465 2794 389 268 1275 484 1831 2059 1787 408 452 822 1662 390 2137 2232 1967 129 758 125 1875 2806 53 2669 1635 241 1755 131 1929 1781 525 1274 840 1756 1039 1378 654 2687 501 326 1932 2053 467 1813 1062 331 314 1912 89 31 1050 1503 1011 2634 1124 49 456 999 2693 1730 1281 2765
000902.jpg,2424 2515 197 992 2840 2817 1656 2084 1710 1752 645 134 626 2082 2367 1146 1545 2753 675 2574 1202 4 1319 445 606 489 1983 900 2439 2270 1253 1386 1934 1444 1586 169 2836 1878 1679 817 2011 547 1623 623 1701 1489 497 2650 1544 1627 1993 559 860 51 2837 259 950 2528 987 178 2046 1029 611 1782 173 1658 188 2724 1218 712 2389 2289 1775 74 1617 674 1261 1381 2200 2375 1045 769 1897 59 1046 433 1737 1190 2735 911 978 2545 1486 735 1552 970 2419 312 2411 1640
000903.jpg,2793 7 517 2711 1854 916 1271 1970 778 227 2042 337 2394 710 105 1770 549 975 382 1585 1063 114 1729 1745 2426 2647 819 9 2551 639 2026 1739 1154 566 1396 153 945 151 54 539 2225 873 355 343 2792 1579 1614 2259 1667 2459 2723 492 1583 212 841 2782 542 512 2336 118 1331 2252 206 1578 1893 1742 2204 2575 1370 680 765 2682 1136 567 1179 2310 1920 2357 998 2314 1565 1791 50 243 1531 1554 2664 1211 660 604 1853 2416 213 1000 1651 615 1265 1186 515 748
000904.jpg,1834 951 1842 18 70 2478 1125 2077 2777 601 2015 2663 1753 2818 2 2772 1252 2561 1759 2510 431 1035 2757 1839 1443 522 2622 315 65 767 277 931 1833 369 2315 1114 1938 2532 1418 1186 2624 578 2686 1390 2667 1557 126 1767 2276 2644 1908 1413 1747 1460 250 1801 990 211 2496 1391 529 962 103 1975 1323 395 848 1720 502 1512 1989 1821 2314 1340 889 2302 2345 2323 1845 886 297 2702 702 2388 684 1686 1830 2653 1107 597 1165 1192 1608 1235 5 2471 284 2601 640 1905
000905.jpg,1752 1840 440 2556 1316 2439 312 2837 2836 1051 735 221 2832 1544 2628 1782 2241 1045 1649 2389 2790 1422 1640 1407 1102 51 1636 445 155 169 950 1545 1202 1948 2367 1218 1146 2433 2272 2840 305 259 1624 817 1405 1416 2650 1381 2454 1307 943 1569 4 900 2088 2411 2270 2501 1096 712 2082 1552 1496 518 59 1934 2424 1328 197 2069 1983 987 2714 1261 635 2133 563 1926 1444 194 1644 2130 2289 2352 1489 559 1799 2528 1796 1658 2817 2545 562 1586 2826 260 1965 2300 1878 2652
000906.jpg,2272 1316 747 497 1569 2815 1218 2721 439 64 1586 1993 2556 2713 1381 51 715 1640 1658 712 2023 1416 1261 1552 2628 1617 2767 1965 659 100 1422 1496 2352 260 2433 1544 2241 2545 2439 1051 258 1679 1490 194 201 1860 2755 1796 1444 992 563 169 1663 1649 1096 2309 1328 2034 2046 2454 1901 305 2376 2650 1584 1054 2837 1045 48 2045 2707 2133 562 1148 1362 2088 1623 978 2836 231 2289 900 155 1782 2817 559 1878 1840 1636 674 2826 1948 611 1407 1319 2732 1307 1486 1208 1453
000907.jpg,1447 2437 1672 1469 2190 1990 830 2202 1483 16 1178 983 1914 1620 2129 834 83 376 603 2745 1224 1836 441 2058 44 1450 1476 95 47 845 60 832 2080 1714 1838 1749 1743 1732 2700 1245 1176 1719 1103 1713 576 269 132 2523 2317 2296 373 683 1277 695 2275 1548 2441 88 824 1116 1482 777 1304 2087 2785 870 1057 1523 2180 1999 1996 2685 1790 761 483 2395 34 1309 584 728 1593 2383 1346 55 2016 1783 2547 1919 1693 2605 1016 2161 1499 2249 2288 897 1633 1131 2560 1133
000908.jpg,1545 2389 626 59 4 2367 2650 950 2755 1202 2270 1752 2424 2753 2439 1799 2837 1584 2082 645 770 1407 2556 1316 2289 445 2023 2272 1051 1544 2045 1146 197 433 2044 2545 1261 2840 1552 2482 965 194 547 74 169 2501 1878 2836 2200 312 1029 675 1983 1362 1320 2433 2352 1569 231 947 2515 1468 2034 440 1775 1444 1782 2088 900 987 1840 173 2676 2312 2735 1253 1895 2574 2732 992 2133 2713 2375 259 978 906 1640 2148 1319 1218 2419 747 134 2628 168 2832 1934 1307 1636 51
000909.jpg,169 2837 1444 2836 1782 1544 1663 1381 1328 712 2439 947 51 1623 1218 2241 1640 1658 2767 563 1307 1045 1649 2707 1054 2628 260 1679 440 1261 1486 1437 1617 305 1586 2826 900 735 674 2840 445 1552 1840 497 2133 1878 1422 2433 1993 2272 559 978 2130 2076 134 1123 2713 1208 906 1569 1489 2088 1316 1934 74 562 155 2790 312 2454 1416 2545 2397 2034 2832 197 2309 2312 992 1051 2352 1046 2358 2574 2714 2411 2082 1897 2011 26 2650 179 1405 925 2501 1948 860 221 2721 2515
000910.jpg,121 569 1588 1132 536 193 988 2090 1793 1430 1553 1699 1492 142 332 36 1431 2668 2078 1888 1065 1256 554 2786 1562 429 1890 868 979 1033 289 555 2743 2108 2029 1268 571 2217 2227 2415 427 176 680 199 886 802 340 681 901 2423 21 2384 1393 597 2568 878 1686 417 1398 733 866 2729 2451 401 2380 62 1053 1688 743 1404 1418 1886 1162 1808 975 2117 729 1478 1628 2267 1100 2640 453 1089 2793 1155 1657 1236 2304 2636 1241 1271 308 78 1047 1023 2107 2274 2798 2629
000911.jpg,49 1781 408 936 89 245 654 1282 758 2465 2505 1395 113 1505 1662 390 1248 1317 296 840 2311 478 139 786 2794 1921 1568 1787 356 2611 525 2407 1635 383 2232 1829 455 1967 2173 1220 1356 1262 2137 2164 1008 2765 346 331 805 430 1756 2821 2634 1932 2396 799 2017 2091 625 1843 268 108 464 471 1438 389 209 239 679 1706 2669 314 1500 2279 1026 484 1024 1435 822 1050 858 363 2280 2059 467 1124 2698 1039 449 1755 1127 1972 125 456 580 1612 1281 131 653 1037
000912.jpg,2092 264 2185 2584 2371 1411 2529 1925 1982 2298 1009 2833 2139 1360 1129 299 1694 2484 2063 1684 2215 837 234 1572 1238 2616 2158 1446 1122 267 879 2455 2385 349 1571 958 1619 913 2844 2100 1630 1294 1814 1159 273 1589 1520 787 1549 428 1291 741 642 1807 2486 17 352 1660 1445 143 2731 912 1366 1735 46 2834 1295 1622 1815 2797 667 2403 2412 30 2633 2801 262 557 1994 90 226 2541 846 2727 600 891 2635 1264 414 1440 1278 1 2189 2771 2524 2104 718 1539 537 2338
000913.jpg,1699 429 427 1492 743 930 1430 2568 142 1553 2415 1657 2423 868 2267 2074 2078 2380 2217 2729 2668 2108 1890 1431 1793 1599 437 554 901 332 289 681 928 1888 1236 1562 340 399 802 536 569 2778 2227 1817 176 121 1233 21 878 136 1256 2009 36 979 199 2469 73 555 731 2384 72 1038 380 1588 1470 1711 2786 2599 1769 2483 2629 1628 1132 571 1582 1149 193 2475 823 2090 1162 2126 2636 1053 78 1478 1954 875 1654 866 2451 2163 1241 1225 733 738 988 292 2320 1872
000914.jpg,802 142 555 1492 868 554 429 2217 1890 2415 2078 2029 176 878 1033 1888 2668 1562 62 2743 2423 332 417 21 743 1398 78 1256 681 886 302 361 1699 427 289 1686 597 2108 292 340 979 2384 1588 2451 2786 2227 1431 2568 2267 1053 2380 199 1430 893 1393 1793 1236 1553 2074 1132 1599 866 36 370 1065 2047 1668 536 733 2520 1418 2117 1038 2729 1374 569 2671 901 121 2602 73 571 707 1189 193 2304 680 399 988 2828 672 828 2210 923 1849 191 1719 315 2483 2354
000915.jpg,1507 1104 2550 2414 2641 1669 924 2604 107 1177 55 2591 728 1677 335 2230 1363 1044 834 1892 2160 2351 1277 761 2555 2625 2216 271 2326 1771 1727 897 397 1889 2176 2037 309 2111 2440 1401 1797 308 1703 732 1995 1336 1691 575 1315 183 1013 2249 2107 1891 5 844 1288 680 2666 2016 1487 187 1074 63 333 650 1785 304 1588 1161 2841 357 1019 104 703 1132 2457 584 560 2233 2058 1942 483 695 2079 1420 1998 255 983 1734 1898 149 2546 2754 1996 1651 2179 1093 240 1408
000916.jpg,1266 2227 1038 2629 1399 1952 1374 2602 964 2798 1668 2539 1757 979 2808 865 2786 2031 332 2640 340 2668 2221 2472 1984 2828 1888 2108 672 289 176 1222 868 121 2120 1312 729 1562 554 1070 2038 738 21 2570 569 1588 828 536 1429 78 1764 988 933 1890 558 617 429 2729 2671 1162 199 272 2384 370 2210 893 142 1699 1553 1132 2380 2520 2047 2078 1478 1957 2795 560 2839 2107 184 2090 193 1430 802 2421 2415 1241 1296 1492 135 302 2295 831 1383 2451 1189 2214 2636 384
000917.jpg,956 6 620 1882 1797 732 2168 1260 829 2823 285 181 661 196 1726 45 1083 2623 669 2725 1846 762 1221 2643 2464 2247 214 2278 2448 2699 2489 1596 2720 1536 909 2056 2160 5 1318 546 2678 1768 1488 2807 1693 398 2386 582 2688 621 2194 476 1702 2197 1761 636 1365 609 23 940 2503 1458 957 1336 419 759 2498 2780 807 1907 2261 844 1251 1084 236 1802 2493 2203 1091 1400 2841 2171 2522 1198 1280 115 2608 2620 2476 724 2447 2111 2831 1153 2726 2263 539 1602 1889 42
000918.jpg,2185 1694 1440 143 2529 2298 386 1684 1925 557 718 2584 2363 1122 1411 46 1982 2460 1619 879 1445 1366 1514 264 1238 1807 1196 299 2731 837 787 2616 267 1291 2139 2771 1009 810 1549 2215 2517 1776 1191 349 2092 969 2672 1446 641 2844 2739 667 697 1629 1129 991 1814 1877 2271 1571 2484 2385 223 2833 2468 2541 30 1863 273 2412 1264 1295 1540 2321 1660 130 1735 263 226 71 2710 795 2158 720 2371 958 2213 2590 2189 741 1622 1373 1522 234 797 1542 2127 638 2455 891
000919.jpg,2840 1993 2241 2515 439 992 2650 1422 2289 550 197 2046 2713 497 1640 51 260 1218 1444 2817 1202 2439 712 1658 1656 231 2088 1316 1586 2424 1569 2631 1045 2454 1362 1552 445 134 2133 64 1897 1752 1328 769 2023 2732 2433 1617 2082 1878 833 2376 2367 1544 433 606 1636 1148 1261 2721 563 1381 1934 900 194 1096 2837 2556 259 715 2753 2755 48 1029 2545 1123 1965 2272 1584 2270 155 2501 1679 747 1496 1983 735 2352 987 1102 1663 2011 950 1623 659 169 2836 2538 2309 562
000920.jpg,1752 4 2082 1202 2389 2439 1316 155 312 950 1636 1146 987 2270 259 2088 1840 2367 445 1544 626 2837 2556 613 1319 1422 2832 1545 556 2840 1782 2836 978 85 2424 2069 900 1983 635 440 1878 2650 1405 2628 1307 2790 611 559 1102 2044 2200 1045 1486 283 305 1649 2300 1496 1123 1407 197 1640 59 645 1737 51 169 134 2272 2241 563 2419 826 1993 2735 906 260 2433 2501 2011 1381 735 547 2544 1552 911 463 2397 1051 1148 221 2652 1926 1934 2826 1624 2358 1569 1444 1029
000921.jpg,2600 1705 2085 942 2543 1681 487 966 2458 1331 1614 1384 1739 2026 1853 566 512 2664 1000 1893 337 50 54 1770 1695 1784 1673 1241 542 360 528 2618 292 2369 2259 2108 2723 2559 2126 114 731 1479 1211 694 355 2392 1017 893 519 21 164 1396 2262 2577 1769 2446 156 631 2469 710 199 208 1290 289 1565 2722 2042 1682 1978 571 852 151 492 2782 660 1385 791 2451 1495 984 2668 1266 1725 1528 1031 1518 1585 500 2357 2335 579 1154 302 1065 78 2098 2341 2808 1370 1717
000922.jpg,165 2558 2766 447 1874 2728 725 647 2207 2135 2292 1825 1223 899 2741 1126 2294 2736 146 1463 1606 137 1055 1212 1944 2511 2319 2813 692 1841 2825 1130 1547 362 2435 1935 1940 2041 948 2683 2248 2057 1937 1899 2639 2842 494 1076 2393 1986 1639 2305 2220 2382 2291 2580 116 2258 2506 1464 2719 2436 2286 204 686 939 574 722 482 2665 682 2526 1433 1134 140 2569 1592 491 1777 2438 1452 246 2598 442 444 804 2068 97 1185 2704 1067 1725 1931 2708 368 79 940 1868 1892 1333
000923.jpg,1083 1702 732 1797 181 6 762 2643 45 620 2168 2498 661 2386 2056 546 2720 2522 582 1251 1364 759 2160 2831 2442 644 2725 1318 1882 1064 285 236 2448 2688 1221 1315 2278 1596 2476 1536 2807 2261 1336 2608 2079 2612 2111 2194 2562 2678 2705 387 2188 752 2591 669 1768 2554 971 2182 2464 476 636 42 171 1726 2313 621 1013 5 2401 1856 2760 189 1889 1032 115 419 2048 468 2153 1927 96 229 844 1858 1610 2503 1632 894 1153 2060 983 2197 2263 1723 2203 1891 1515 1227
000924.jpg,704 570 421 1576 1716 2155 577 2662 294 793 1665 287 2581 2588 1930 2123 90 2838 317 77 1377 1551 1792 82 2206 1193 573 857 2461 1580 170 2418 1859 1278 2213 210 2125 1234 1575 746 57 689 1350 1034 2659 1392 130 2820 884 2412 2648 2356 1887 2039 891 1345 166 2198 2321 720 642 1494 1828 846 1432 1861 934 892 470 2004 352 2672 2738 2186 1776 1191 756 842 1758 1509 1360 1292 438 2255 961 2187 2710 1338 2189 1101 160 2834 798 583 1294 2063 1072 2332 1071 307
000925.jpg,2700 1786 1178 1990 39 1713 2288 1224 2190 564 695 1971 983 2129 1116 132 1693 1714 1257 683 1176 2605 832 1836 2523 1357 926 60 1838 824 2180 2281 2437 230 1346 1451 1106 2547 728 1996 1561 2656 76 1091 441 47 374 2202 55 803 2080 1482 576 581 1748 1014 34 1818 2395 1672 777 1601 2000 2381 1113 2016 1559 2540 1180 751 1459 1200 1593 2441 1447 404 1361 2238 2579 2759 254 2827 2824 341 789 2745 469 2209 397 676 1743 2495 1093 2641 812 2149 2176 1137 2785 1773
000926.jpg,677 1390 682 1874 1223 2291 2809 574 2057 2438 1406 494 1725 1058 2708 631 725 1463 627 1839 1555 895 607 1557 2140 2728 1075 2435 1055 1166 1590 93 1478 657 204 1606 1553 2719 1721 2757 394 1944 444 2294 368 1777 1185 1212 2436 482 1430 2382 202 1928 67 2622 2143 1334 24 1879 2825 2580 1639 940 2741 1558 1439 1733 1937 722 2207 2304 1473 76 1241 1886 2089 1452 1759 199 491 1613 1876 875 1035 2665 2796 146 447 56 2577 1592 2220 2842 2302 571 2598 1986 1076 451
000927.jpg,1578 1579 841 930 748 1977 2328 1063 887 1470 2252 2778 928 1657 639 1583 1531 2491 945 1651 1791 579 2682 1354 1179 952 1769 998 118 517 9 1920 2792 571 2647 2304 919 492 875 1368 567 1667 1210 2349 819 1367 778 975 2488 1154 1239 1854 2729 311 2459 515 982 1770 1879 1555 566 382 114 923 2026 2042 2711 2357 2416 1132 1585 1065 2723 1970 2310 2793 227 1588 25 2333 2575 916 1725 569 808 2379 429 2668 2090 536 2065 1162 50 1566 2225 631 121 607 461 451
000928.jpg,642 195 1571 2372 1409 1540 2486 1698 1994 2223 2100 1618 846 600 573 17 537 2253 1520 1258 1360 2138 961 1837 352 2338 2616 665 472 1630 616 912 1129 1446 1812 2635 317 2063 2371 2399 1338 1294 1278 2255 124 203 1622 234 2834 1341 1607 307 237 2584 2340 741 2801 90 1095 1101 1264 2139 2738 2205 41 1828 1411 2484 1112 716 2385 2412 46 345 2833 1 891 1009 2208 2530 2473 2481 996 1572 2781 888 591 1615 1181 527 1201 262 2092 2692 2158 2269 403 1071 837 2614
