imageName,Corresponding Indexes
000001.jpg,1113 6 1659 1603 270 1205 2386 1949 1380 285 2109 582 2761 244 2514 2048 1591 851 1525 1251 2030 1371 1541 106 546 1504 2194 946 1661 2152 45 222 2421 973 40 661 1183 2502 2115 1754 1221 2522 2168 2572 1084 762 2359 334 398 2831 1882 1139 1198 298 2474 2203 1458 1083 1462 776 300 1570 1911 459 372 2167 971 23 1488 2841 13 820 2612 609 2448 1768 1744 1536 1960 640 1280 1365 2706 853 327 377 2442 281 2734 636 84 1400 829 1064 2691 2677 2222 2726 1616 941
000002.jpg,85 987 635 188 1405 2044 2501 1934 1656 2411 556 1319 2817 611 2528 1102 1386 1552 1644 2300 197 943 2631 1926 2082 2088 312 2011 2270 2375 817 645 2832 1407 221 626 1788 463 1029 1422 2790 547 2424 2389 2367 992 2046 2419 1993 4 1799 2397 1202 155 1636 1545 1624 2837 950 2312 260 59 900 2439 2133 51 1983 305 769 201 1617 559 2574 2836 606 2735 1895 562 833 2515 2713 169 319 1752 2606 2007 1640 445 433 1381 440 2023 1544 1417 659 2337 1796 1840 283 1468
000003.jpg,257 811 410 1079 1794 365 2121 1731 1707 742 1406 1001 202 1131 1894 434 648 1871 1783 544 1138 112 1243 1546 2788 2350 248 1075 1012 1133 2746 605 338 1466 1516 2493 1810 249 664 843 2763 773 2509 1670 1325 749 2087 730 336 1110 1779 2247 406 2290 2151 895 1526 2145 253 2299 870 334 535 1005 1017 1385 435 921 2219 1498 750 568 1424 519 1309 392 1007 937 2730 2064 1800 593 673 584 2560 2549 2516 2150 191 416 2224 1442 1379 1068 2341 1645 93 714 538 2613
000004.jpg,1463 1876 1721 1473 948 677 67 2499 12 2393 2809 1937 2382 1067 686 1185 1886 627 526 1055 1547 79 2511 2813 1980 1777 1639 2728 2435 246 722 2041 2598 2766 608 1944 1076 447 1464 2665 274 1868 1223 1725 864 2294 2248 1439 2051 368 598 2825 97 2583 491 2286 1606 2708 1555 494 657 1134 2438 146 692 2558 682 2427 140 2741 1899 1935 2068 2625 767 1126 1592 2117 1874 1879 2305 2736 2151 1165 1431 508 974 2719 994 2140 1056 1243 688 2319 804 137 2065 444 2057 165
000005.jpg,1996 2523 1631 1801 2242 2759 757 499 1561 341 1898 1728 1533 558 374 2180 395 777 1091 135 1683 545 2422 2277 328 34 529 596 754 1228 581 2546 465 2413 926 2178 230 1785 564 1213 2295 1847 2113 2066 2644 101 1971 1513 2114 737 2785 407 1161 304 2323 1818 617 1087 1538 2297 695 2489 2630 2040 2233 1372 1178 1333 2547 2579 1115 949 1846 2192 1914 766 2022 2504 1999 1883 2238 1773 2347 2111 1019 2381 2827 2254 1928 63 1343 457 989 132 1394 2441 1727 572 1334 279
000006.jpg,48 2309 1569 439 1644 201 1658 64 2721 1640 2439 1901 1381 51 1796 100 2817 715 1624 1617 1544 2528 305 1444 2836 611 2241 562 1328 2411 2545 155 1782 1663 1656 1422 59 1993 1860 231 2713 1965 1319 1316 1752 947 1926 1054 2367 1934 1218 900 950 1840 2376 2790 2826 2034 2433 1623 1437 2815 440 645 817 2628 188 1679 1584 1307 221 1453 674 1051 2352 1799 712 2023 1636 559 1490 1545 1386 1405 2767 2389 1407 134 2300 260 1202 169 1123 2837 1468 2082 563 2272 2652 2312
000007.jpg,2496 767 1938 1747 2532 277 1833 1443 2510 431 2686 2 369 2702 70 1842 601 18 889 2663 211 1413 1759 1418 578 1391 684 1989 126 2757 2315 990 1186 951 1834 65 250 1975 1125 2314 2772 688 1767 1323 1753 531 1845 315 297 2777 1821 2276 1460 2818 1390 1512 417 1519 2015 502 2478 1720 2388 1252 461 2622 103 2624 2128 1114 477 2077 1980 1235 886 1557 931 62 2601 2183 2089 1340 768 1035 1608 1757 1686 1908 2471 2302 2561 1725 2029 1268 1801 368 1976 1165 1884 284
000008.jpg,103 1323 1845 990 2601 502 1235 2624 688 297 578 2471 126 1186 848 1608 768 1114 1391 65 1413 2276 1908 250 1830 903 2314 1720 931 1821 1767 522 702 284 1340 1512 1975 684 2478 2772 1834 1125 2077 369 1842 2777 1753 1310 2388 18 1107 767 2663 70 2015 2 886 1418 601 1759 2366 951 1252 420 1989 2644 1686 277 1916 1175 1230 1951 1723 789 1460 597 2510 1557 2757 1254 935 2535 2113 1397 2622 572 2504 2143 1891 395 240 431 325 2768 2784 1801 2315 475 2323 10
000009.jpg,2303 1080 117 275 2494 281 1687 2014 327 1641 23 167 298 1184 2359 375 2691 1659 1061 20 1426 244 1973 423 1616 40 388 1326 163 1960 2115 1400 2132 690 2791 2726 398 2203 1205 1979 2086 582 474 1882 1922 796 466 621 2263 1198 1738 1144 1285 669 1084 236 2179 510 546 1591 498 425 956 1502 1371 1525 2623 1911 2124 2620 2608 2162 1458 285 171 973 2677 1744 2503 98 907 946 372 104 1077 2386 2521 2222 2751 1541 1515 1139 1462 1183 1570 1170 851 1221 6 2182
000010.jpg,2267 2380 1492 1699 1430 1553 142 429 380 868 289 437 427 1890 1085 399 1793 2163 2217 554 823 1233 1599 555 2078 460 2074 1888 2568 901 2415 2108 731 2469 73 1236 2122 536 453 121 1717 2668 2274 2636 72 1562 2679 2009 208 1628 1431 2829 743 1588 193 2126 2423 760 816 681 1808 2029 36 2587 802 694 1089 1155 988 177 1688 21 172 332 1784 2655 1132 1160 199 1903 595 176 1047 569 1510 1163 1065 2577 292 1241 401 417 1023 930 2786 1872 62 2747 302 571
000011.jpg,1011 2765 1789 1127 780 1503 1568 1262 1465 452 1378 2232 2531 927 2236 2693 356 999 2244 726 1932 296 331 1843 1282 455 389 653 2142 1024 1831 239 484 786 464 1274 1755 1655 1875 2285 655 2774 758 268 467 1706 1475 456 2173 1929 840 408 1912 2794 241 290 2059 1039 2687 2137 822 131 2715 2053 1730 1124 788 139 53 1281 390 806 125 2406 31 2594 2429 2301 2812 245 225 1715 1275 534 2407 1317 1787 799 2465 2505 495 363 2396 2025 1050 478 324 1662 89 1481
000012.jpg,897 1621 1321 474 1898 592 1555 1910 1214 1907 22 2249 1596 2404 2156 732 1199 2591 1449 1858 1637 1088 2567 1889 1931 1170 1098 1892 1702 2263 1683 1610 957 333 99 1616 1550 1844 2096 1200 1260 340 468 2182 997 388 1188 1061 2503 1093 1766 423 2086 2562 2751 2313 2079 163 2639 2643 565 761 1906 744 2089 1015 2317 205 171 1171 1802 1426 2083 1757 2498 189 856 214 1797 2188 2032 387 1697 2645 935 2464 924 955 2841 834 2508 2729 1144 861 1487 104 1525 2720 1933 300
000013.jpg,1749 632 2603 1867 1365 954 1849 2566 2408 2157 1004 516 1269 58 1722 1336 206 604 614 1434 2116 1601 376 16 2718 2744 343 247 485 2485 1247 2582 1712 1403 1685 426 2434 1137 539 1733 149 1447 182 929 2112 1483 19 2143 1204 549 2354 1298 44 540 24 1772 1469 832 1945 291 1760 1359 2585 1633 2224 2019 1597 1103 719 1265 303 983 490 482 450 213 707 2146 153 862 2204 1347 2638 1535 2016 407 1175 1751 310 1590 2430 424 2018 282 1343 2008 785 1856 1013 520
000014.jpg,2070 216 192 449 200 1141 2062 655 344 1003 643 2467 872 1961 478 2690 2669 2316 31 1941 326 2105 2025 1008 1500 108 1021 561 1598 346 618 1026 1097 1506 1635 455 1692 331 1472 159 390 61 2557 1780 1822 1156 1756 1293 33 580 207 1648 1048 1912 139 552 2773 1143 1972 430 1140 1118 2265 1124 2301 1746 2199 1967 1248 1262 1317 1314 721 418 52 1378 2698 356 877 1010 1787 1018 2250 1127 363 1273 2407 2821 1704 890 1037 1302 1706 2398 1647 2173 2053 2611 963 402
000015.jpg,1691 575 2641 1523 1104 1669 2754 55 1507 2422 1277 2550 2695 1996 1732 1620 2058 728 830 1678 1450 2414 1147 1727 845 2383 2176 835 34 777 2080 2555 407 1898 457 2254 2233 2605 441 2395 2630 603 2297 1734 2275 2192 1372 373 1057 1120 2347 357 1259 102 2604 2637 2780 1832 693 2368 2586 1177 397 775 2684 2489 2802 2523 1028 279 751 240 2258 584 818 2159 2804 2114 2563 2518 1232 1449 1611 107 1254 1107 2234 2360 187 834 863 483 1244 1690 2240 1091 1014 2785 2506 2106
000016.jpg,210 934 746 2125 2418 280 689 1665 1276 1758 2327 1930 1792 1392 2155 1580 1859 2004 493 793 228 2694 1576 1234 1375 1861 2662 756 704 1457 1575 548 880 242 2332 1193 2581 1292 1724 294 2838 570 2174 77 263 801 1877 2229 1345 1765 976 1716 857 1664 1494 2659 158 1279 2184 1551 1358 2456 1857 2321 57 2739 663 2330 1887 1542 1350 884 1432 2356 2461 287 82 185 2039 885 2186 1030 656 1191 170 1229 1776 421 2548 2672 1377 1675 588 2198 2123 514 842 1348 2187 2206
000017.jpg,2109 609 300 270 2706 2442 1602 971 582 2761 1603 2688 2168 1515 214 1139 661 2048 45 498 1768 2197 2464 1083 476 851 2056 546 2348 2115 2222 398 1380 1570 244 669 1596 1882 2567 1556 1525 744 2841 2720 2620 1221 40 1458 2725 909 644 2498 956 2831 2522 1015 2705 1953 829 2386 285 2503 1661 2514 1591 732 387 1610 84 1616 759 1061 973 2188 2404 844 43 2448 1744 6 636 941 2562 2502 1659 1723 620 2124 1960 1171 2263 2591 2182 1726 1866 1702 2203 1605 1064 2230
000018.jpg,1912 125 503 999 456 633 238 1335 430 655 726 2236 331 2193 1262 455 671 711 1730 501 484 28 1281 31 2028 2053 2715 1932 390 464 2062 532 1124 2250 1563 1635 354 152 2806 696 1967 1339 580 1475 1827 505 2301 1706 1026 1037 1787 1039 2017 1297 734 326 313 1503 788 2742 2557 602 1008 2059 2407 389 1317 159 2052 2119 1532 1097 2552 1715 1923 1568 2592 1831 2765 1680 1708 2228 1111 1127 1704 2479 1293 2232 1929 2634 295 1376 129 1050 1143 1756 1062 2396 1956 927
000019.jpg,1752 1202 1146 1316 2389 2367 950 221 2300 4 1993 1437 1636 1840 1926 943 2790 817 900 2836 1545 1328 1796 2241 440 2439 1123 1624 1102 2826 1878 2817 626 1656 1381 1407 1496 2840 712 2082 1307 674 1544 2515 51 1617 1658 2411 2545 2837 59 1782 169 645 305 2270 2544 283 2046 188 2528 611 1051 1444 1649 2652 1737 965 1965 2011 562 134 735 2309 1799 1261 1640 489 978 613 155 1422 1029 1218 1386 2606 826 1644 1552 445 1663 197 2069 1934 2312 1948 1569 463 715 2397
000020.jpg,1539 273 1514 30 787 1939 1242 557 2481 958 352 127 638 1324 2619 1445 2524 2104 1619 1925 879 969 46 1816 1982 2271 667 1803 1863 2340 892 2013 1630 71 1360 665 1355 1 2298 2371 1540 810 537 342 551 2138 2833 2139 2266 2517 2460 2094 1684 147 2226 143 1607 2595 913 1270 1572 2529 1167 226 1811 1520 1366 2385 1025 160 317 888 685 1159 2092 1258 428 798 1341 2473 795 1078 2576 2246 234 2710 1524 577 2213 2363 1295 1338 1059 2727 2709 405 1735 2776 262 1349
000021.jpg,2111 2441 407 1856 2827 88 2202 2745 777 1996 132 1914 34 983 2547 1176 2190 310 1091 95 949 695 2737 1476 2523 1343 1999 940 1103 596 1298 1898 230 341 149 576 1631 279 1683 2785 1743 1785 1693 2489 2422 2684 617 2180 1685 1795 1019 2780 783 1228 693 1561 2242 2733 1434 1714 1727 2586 1838 954 1713 2114 457 1004 2040 1517 824 2112 2447 737 1846 1224 2408 1333 818 182 2630 1749 63 832 2555 757 1535 1773 1169 107 357 2546 1382 2254 775 198 2178 1760 2368 520
000022.jpg,2281 1014 1713 1116 2288 469 1714 2036 2745 683 1601 379 1459 1194 2202 1476 1748 39 187 751 2239 1919 88 1224 1856 1838 920 1538 1192 230 818 2651 2699 1091 1482 1818 2073 2190 2804 902 1950 87 940 2630 60 2733 835 198 2605 777 32 2080 47 1722 541 590 2345 19 2780 2033 357 693 2495 2166 917 576 676 2106 603 1733 1169 564 1914 1410 1836 279 1743 2684 424 2176 728 2180 983 1382 2563 1693 1867 824 1517 2586 1990 2525 2547 2493 2497 832 1357 184 926 1593
000023.jpg,177 1163 2829 595 2483 1510 322 2679 1023 2122 760 156 174 72 1162 1666 1203 1342 713 460 2009 208 2775 2578 141 2587 332 755 1436 164 1145 1065 289 1085 1412 1628 1173 2636 2098 1674 399 2274 1740 1686 1415 1954 938 555 111 1553 401 380 1784 1393 1888 2163 172 1562 1250 2047 1249 1352 985 1430 2055 691 828 1398 2668 1890 1952 347 437 1484 2743 2108 2029 1033 488 1150 417 554 409 340 2577 1374 597 1717 981 453 1654 110 2463 2451 142 1189 2589 1206 886 1047
000024.jpg,1102 987 1656 1386 221 547 635 1405 556 2832 1934 2082 1926 943 2790 2389 1752 2411 2270 188 645 2817 1319 1202 611 2300 312 626 4 817 1407 85 1624 2528 2367 1545 1636 2424 562 2501 2631 1644 1737 2011 283 613 155 900 1993 2069 2044 2721 305 59 1146 826 1840 440 1422 2312 1316 518 965 2088 2515 2837 489 1437 1796 1148 2200 715 2826 197 1878 1029 1544 169 2439 1965 2148 463 1640 2375 950 1468 977 2084 970 1895 445 769 134 1788 2544 674 1444 1307 2309 1328
000025.jpg,754 135 2413 1728 757 2295 545 2504 558 1448 2323 1533 2756 232 101 2759 328 2579 572 2277 766 529 2644 2238 2546 962 1798 1945 967 2566 1928 1689 1228 374 1394 1631 1801 80 1087 714 395 2066 1213 2784 2242 1558 898 304 1207 1166 2178 1847 596 2472 1513 1230 1597 520 789 1883 364 1561 2381 1296 426 1804 1333 1383 2615 2113 1971 2656 499 2143 803 251 1839 310 1231 215 119 695 2022 2149 63 24 1343 1427 1137 2040 1161 1334 1900 341 213 634 1785 1898 1535 436
000026.jpg,346 753 2669 628 2398 2821 2467 1781 108 1787 2690 2407 430 138 52 1220 2070 1048 2465 2505 2687 2301 1506 418 654 363 1481 2025 1021 625 786 1662 1008 1026 61 1275 390 1500 679 467 1317 402 1124 758 2053 2236 331 1140 295 89 1789 822 1378 241 2017 1598 1282 53 113 1141 1216 927 389 1024 2091 1923 207 655 2164 1248 1780 478 2311 525 2429 216 408 449 1356 1941 2142 245 1475 2634 484 1967 1635 192 1829 1395 1568 471 788 936 2557 2765 2632 561 1438 653
000027.jpg,1944 1606 2766 1055 2294 686 2580 2728 1067 137 2741 140 1463 1868 2393 447 1777 1212 1639 1185 2583 2558 722 79 1076 2286 2435 1899 2708 948 2305 2665 2825 246 657 2135 1452 2068 67 1547 2511 1464 1056 494 899 1937 2598 2382 2319 1134 2057 1439 627 2842 725 804 692 1935 146 1876 1874 2436 1721 2438 1810 2248 682 2041 767 2813 1126 677 2719 2499 165 2207 97 1473 2736 1223 2051 1725 2292 1825 598 491 2639 1012 249 329 12 2509 204 2702 1592 1555 2315 2506 477 792
000028.jpg,776 353 1226 196 98 2210 781 1371 281 2520 327 1960 1754 1643 909 40 275 1911 2421 2264 1170 1477 2691 413 1205 2086 398 2278 910 1659 285 956 2514 1400 1949 796 276 244 2474 1819 2494 1113 1198 2359 23 2293 1541 6 1144 1183 1864 1638 224 2677 1084 1423 222 2462 2572 1687 636 1736 851 2115 2263 1536 1616 1458 624 2734 1882 1280 1696 1525 15 1426 256 1038 809 2448 1933 1066 2503 2450 2761 1263 466 2823 640 2361 1835 1042 1641 2623 2443 2334 1866 2348 2014 1080
000029.jpg,1011 2236 2765 1929 1655 1730 927 1475 389 726 2301 1789 1875 1262 2531 1831 999 455 225 484 1127 2025 758 2715 1008 1568 464 1706 1465 1024 1124 2244 2407 780 139 822 2687 31 356 786 2429 653 295 418 2232 1912 1275 788 452 1822 534 806 2173 1378 1143 1274 108 125 2062 467 331 1648 2142 478 2137 1317 655 2053 1756 1438 2059 580 326 2806 1662 1481 346 1755 209 1282 456 2693 471 245 1923 838 1967 131 1813 1503 1787 1118 2774 1281 52 2316 2280 2396 61 2285
000030.jpg,2414 107 1177 2641 2604 1104 1669 2176 728 55 2326 953 407 397 1601 1507 2036 2258 1471 2768 1898 2550 2351 149 1685 1727 2360 954 2700 457 1795 1841 2234 1488 783 2506 2111 1712 1760 1130 1019 2605 1232 2254 2180 2159 2591 2233 187 924 1434 2422 2080 2019 1447 2016 357 2526 751 1748 2555 279 104 575 1365 1591 379 2178 2281 510 2220 1785 736 1487 2612 818 420 148 1773 1176 2630 34 335 1749 2056 1996 2489 2058 2754 2297 1734 362 1931 198 2073 2386 1277 1115 851 39
000031.jpg,677 477 2499 2625 447 1721 431 526 2510 531 274 146 864 461 1230 2825 1998 608 1439 1223 1976 2766 2719 1771 70 1185 601 2435 1725 2 508 789 646 18 2051 688 1463 482 2037 1876 2708 1842 1056 657 962 2728 2409 1899 1677 2663 2315 368 1747 1165 2784 2438 1166 2757 494 1874 2504 722 2702 2665 1834 2183 2143 1252 240 2054 598 994 951 2579 1759 2685 2302 1175 2319 2427 1980 2436 1473 2015 2741 444 1390 2622 692 2167 767 1067 1868 1892 1088 2220 1207 491 246 251
000032.jpg,264 1122 837 2455 2092 299 2844 2576 2529 1009 2269 892 1440 1421 2104 143 2833 349 1925 1549 2484 969 46 2298 2223 2797 428 386 2635 1684 667 1807 262 2524 1698 195 2371 2709 223 2139 2727 1982 273 718 1815 1520 888 1295 2340 913 1242 1238 798 1694 1814 687 2063 226 2158 1445 1366 414 577 1 2801 1338 17 1291 2100 2672 958 472 697 638 1622 2363 317 787 30 2771 1619 2616 557 1629 2834 1615 2619 2273 2460 352 2717 127 267 2820 1373 1112 2185 573 810 891
000033.jpg,655 478 2406 1048 1780 331 1248 1127 2316 1438 1187 113 402 200 1356 1648 245 2062 786 1472 1273 471 782 2061 654 363 216 2698 139 1647 455 1781 936 1756 1262 1335 1972 618 1912 2765 1024 1274 643 2632 1500 1026 1140 1141 1118 625 2467 33 108 1018 2611 999 1974 2465 2505 2311 877 346 467 1746 1021 1435 2669 1961 1317 890 1598 31 721 1008 2070 2690 2594 525 2794 1282 430 2236 1143 1156 1929 209 1662 2025 52 408 2774 1715 2301 2280 771 1706 2173 561 162 1822
000034.jpg,244 398 1458 582 1525 1882 2761 1371 2115 956 546 40 851 285 2503 2359 6 1659 2514 2623 1198 1084 1515 1960 2386 1205 1221 45 1616 2572 23 609 1139 1768 2691 1280 2348 1083 2109 1380 1183 2197 2263 298 2152 270 2048 2168 1591 2620 909 636 1603 2464 214 973 661 98 2688 2502 300 844 2303 275 1144 1744 327 2442 1488 281 2203 1536 1462 5 1866 2751 1911 2494 1602 1251 941 2567 669 1687 1726 2522 1113 2030 1064 2194 690 2726 2210 971 1426 2086 476 2056 2725 84
000035.jpg,1444 1328 645 947 1840 900 2241 1544 2836 1663 1054 965 2011 1775 2707 1381 1649 2439 2628 440 169 2270 445 1468 611 1658 2367 155 1679 1993 1623 2767 2837 1261 1422 1617 1640 1782 2352 1319 51 1552 1218 626 992 1386 735 2312 305 2082 2631 559 1437 674 712 2411 2815 48 1636 1965 1051 2389 2817 950 134 4 1710 1486 194 1029 1752 201 2419 2309 2735 64 2721 59 439 562 489 1796 2076 319 1202 2069 1307 1737 2046 769 2424 2133 188 970 547 1878 2084 2652 1545 1569
000036.jpg,1949 270 2593 482 647 2291 6 285 629 1477 2734 974 1864 574 2677 222 2080 2030 2421 1591 1204 2683 2203 244 598 2048 1458 594 1661 1541 2057 909 1504 2761 2165 13 2582 1762 256 2506 1113 851 334 1754 661 1462 1744 2841 1200 1819 2691 1365 510 1221 2494 955 1223 986 2152 2386 582 783 2194 2162 1646 148 1488 1183 84 2502 2521 546 2109 1267 1400 820 750 2639 117 2220 1139 2704 494 40 2278 275 2718 2726 350 2355 1882 1763 973 2361 2436 941 2333 871 1768 2334
000037.jpg,2057 2291 574 2639 1223 2421 482 1949 1874 647 1931 494 2051 2683 939 1439 646 477 2220 2319 598 853 727 1038 783 2741 1175 2506 2054 2704 1558 531 2728 1757 2183 1892 2435 2526 2436 725 1088 485 146 2719 2499 804 1477 1605 2409 204 657 1771 2787 1754 658 2569 1942 543 2766 308 2841 2167 334 677 329 2494 1287 1166 1951 614 1541 1462 98 2210 13 899 2589 251 1723 293 442 1881 589 1937 2625 974 790 244 6 2691 2503 2109 2535 796 2107 2248 640 123 2772 116
000038.jpg,1710 712 1489 348 1870 1045 635 2375 59 1656 1934 197 26 2501 817 221 2411 735 2367 1386 1624 231 2817 2454 970 1644 2050 2769 1328 1552 2241 1895 1417 1486 1405 2300 188 674 1752 943 1658 2790 1926 489 51 2528 524 2439 547 1782 1054 900 1617 2082 1123 1102 463 1663 2034 550 168 769 1051 2840 987 1422 2200 2044 2836 925 2544 1444 2649 1319 645 2397 1381 1840 1544 1569 1092 1437 2424 1983 2545 1775 2652 2148 2312 1584 623 1202 559 48 1878 1796 1369 161 611 1172
000039.jpg,2810 2171 807 650 2666 2043 2841 1221 2216 1188 2567 2502 924 1605 1487 1703 2162 2726 214 2751 2197 1744 1227 1953 1288 1171 1139 1603 2348 2591 1214 334 2160 1315 411 1363 851 820 335 285 956 1687 1602 2230 2152 1217 1199 1922 6 454 2182 309 2571 2612 20 2404 1397 2109 2079 2401 22 922 333 1283 1260 1153 1108 1232 1364 122 759 42 1556 300 2476 2150 388 2278 971 2620 40 2816 2346 582 171 1889 2807 1882 732 1400 375 1536 189 909 1318 785 2608 669 1610 1907
000040.jpg,2411 2528 1656 1934 2817 1644 188 1926 2790 987 2300 2501 943 817 1386 1102 221 1405 556 2044 635 547 1624 85 1319 1407 2389 611 2082 312 1752 1545 2367 2832 2011 2270 626 4 1202 59 197 645 1993 51 1381 2631 2375 1146 2837 2439 1552 1640 2424 1788 1569 900 1422 2836 712 562 1617 1658 1489 1544 305 1796 169 992 1417 950 1029 1782 2046 2397 2721 1799 1737 155 715 283 463 1636 1328 2419 1679 1437 860 2241 2545 1444 659 1840 1316 2515 48 559 1710 1623 1983 440
000041.jpg,2465 2505 936 1438 471 2406 1781 1780 1127 245 1187 113 2765 2061 525 786 331 402 1662 1317 654 1647 1648 239 2164 625 1921 1248 655 1024 139 49 430 363 2611 2794 478 2311 2280 1274 1048 2632 1972 1008 1140 138 1472 561 89 467 1356 2091 1282 1011 408 679 1273 1505 721 1037 2236 753 2698 2279 209 1026 2429 1395 1465 53 1118 858 2407 838 534 1756 782 1612 758 356 1021 2173 1715 1435 2398 1918 1124 1018 643 2301 1141 2244 2053 1598 1143 52 390 1967 1378 216
000042.jpg,2492 774 2243 1174 2519 717 1094 1142 1913 800 1936 1966 855 2697 2006 2417 673 1581 1466 1573 1498 1850 1424 678 1040 2196 1442 2251 2830 338 1020 1634 610 2560 593 1309 1946 821 881 730 2087 2005 336 2377 605 1068 435 2549 1311 2516 105 1969 2788 2680 1243 2843 1794 535 870 1992 94 1526 2151 1325 2364 2290 1511 1778 1079 253 2730 2064 1379 749 112 2219 257 1968 1131 1005 937 2658 2095 392 921 1527 7 248 538 2746 2102 1613 1783 337 875 2299 1739 519 975 365
000043.jpg,45 2522 1083 2168 2442 661 2056 644 636 1318 2807 476 1251 1064 2386 2048 1536 1768 2720 1726 762 620 582 181 2761 1515 2278 1458 1702 6 1797 398 300 2197 1882 2678 1183 2263 732 609 1364 2194 851 40 1596 844 1960 2182 2498 546 270 2448 2643 669 5 2831 1198 1591 2623 759 1802 2725 1866 1488 23 1525 1889 2503 2591 956 2115 2688 2464 2160 2562 1659 407 1221 387 2457 2841 2620 761 2608 2188 2612 957 1426 244 466 2109 971 1380 2230 1556 214 1602 1880 285 1462
000044.jpg,848 2601 931 2471 1830 502 1845 1114 768 903 702 1908 65 2624 1720 284 250 1821 1340 1512 1107 1767 990 1608 688 578 1310 297 2276 126 103 2388 1235 1323 522 1975 1254 1391 1413 70 684 1186 1842 18 1759 2314 2510 420 835 1557 1834 2644 1418 2 431 2622 2315 2663 2757 767 2478 601 886 1125 2077 1035 1753 2496 1801 1230 1916 395 1686 2777 2561 2772 597 1397 369 2323 2128 315 2768 962 2277 2346 581 2630 1372 2702 277 951 1390 475 737 935 1728 789 1938 2096
000045.jpg,269 1073 1548 863 1732 1450 1678 830 339 1646 2275 2685 1620 1980 2518 2818 973 603 1285 1869 1523 2315 1537 2161 1763 2695 845 1244 1147 584 373 1120 116 1943 1884 1267 2080 1443 2506 2015 1691 2395 889 1252 531 2686 459 951 1130 1462 334 1200 2268 1410 1016 750 2383 2118 1057 2167 2702 277 2 350 2804 2136 2319 2030 1959 441 922 2302 2663 2499 2593 2653 87 876 102 2688 1833 191 1783 148 1753 827 1090 647 2831 2496 2641 1015 767 762 1979 2292 601 2362 993 2719
000046.jpg,476 2678 1726 1083 2623 636 2168 2823 620 1318 2457 2464 1802 2263 1536 2197 1702 1596 1889 1515 1797 2278 2442 1280 957 956 2720 5 924 844 2725 181 2562 1880 1882 609 761 661 1866 2807 669 45 2115 2404 1768 1616 851 2643 2448 582 2522 1188 644 2498 2348 2056 1525 1458 1183 1170 398 40 2751 2182 2514 214 732 1960 759 1911 2608 1487 2572 2761 2810 1371 909 2476 1227 1602 1907 23 1221 1084 387 1064 205 20 509 1260 2109 1697 1426 2086 1659 2048 1198 1766 1933 2591
000047.jpg,2250 238 1704 152 28 503 2557 1111 1532 2062 1827 458 633 1563 711 1967 1008 1026 354 580 2479 159 671 2193 505 313 2592 390 2500 455 2715 1339 2301 1635 2119 1097 2236 2283 872 1335 1917 2052 31 1912 125 734 484 1262 1293 1143 1756 532 2025 2407 326 2199 2017 1730 1003 330 2534 108 1680 2687 1317 1376 120 2237 1708 1011 2099 587 1472 1706 1475 972 1831 602 1755 1787 2028 2059 1655 2322 464 771 2819 1010 1822 847 655 356 216 2773 1282 2806 1314 331 1118 1896
000048.jpg,98 1371 2691 956 2115 1616 1525 1084 244 796 1911 2572 1280 2623 2210 2359 298 281 2303 275 2464 1380 582 1882 2494 2514 2421 2443 543 1426 117 2263 398 2348 909 2014 23 1144 1659 1198 2677 196 546 327 2086 1515 669 2503 1272 474 1205 334 1080 1285 1458 2706 1641 1038 1139 1170 1697 40 2132 2751 1221 2109 1541 946 1570 1754 2761 498 1603 285 1960 2726 820 2725 2678 2457 1726 609 640 214 629 20 1462 423 690 636 1973 973 5 2124 1643 776 167 1083 851 2688
000049.jpg,348 2649 1369 2130 925 2769 26 2714 1870 179 2050 712 2454 1045 550 480 524 970 735 1092 2538 518 1983 2544 1328 259 1710 2574 59 2241 2840 489 1172 1552 977 2148 219 559 1486 2545 2564 2034 1569 1624 1051 900 992 1644 817 2084 1151 1489 100 715 1386 1417 2200 497 1934 2817 2076 674 2424 1617 1752 74 463 2046 2082 415 2721 2501 197 1437 1316 2358 440 906 1878 2419 1490 1656 2652 1307 2397 1701 1123 1796 1926 1586 1208 2375 1422 645 1453 2790 947 1468 1584 1146
000050.jpg,132 1856 2190 88 2441 2202 983 1176 1103 2745 2547 2111 1476 695 1838 940 2827 1914 95 1714 310 1224 1713 1343 1999 2737 576 1169 683 1116 1298 1693 1004 832 824 949 1091 230 2780 2180 1743 2733 279 2112 617 693 1996 34 2684 954 2447 818 1535 777 357 1434 198 1517 1749 1382 1795 149 2621 2525 2523 2211 341 2020 407 2368 2586 1561 2651 2701 960 1538 76 596 751 1590 2106 1626 465 376 2129 1760 1785 2040 632 1773 1805 47 1685 2699 2329 424 2785 2637 2408 1334
000051.jpg,2030 2726 275 1205 2303 1200 454 117 2691 23 1744 298 2791 2386 448 2197 1687 2132 1659 1400 327 1251 2162 2620 546 2593 167 20 1080 2268 1973 1284 1591 2401 807 669 1184 466 1697 1221 1198 1641 2612 2203 1227 1061 1315 1960 1064 829 2222 2194 2071 205 236 510 1283 2761 1458 582 690 244 1882 45 1084 106 621 1488 2160 1171 281 285 2494 2623 1763 1738 922 2751 1113 372 759 1525 423 6 214 398 1364 1267 1456 2677 1570 851 2807 1077 650 2608 265 1907 629 1217
000052.jpg,1644 1624 2528 2817 2411 59 1926 2790 1545 817 1934 1656 2367 221 1328 1752 1407 2389 2300 2082 943 188 547 1386 1319 1202 611 51 635 4 48 2721 1405 305 2439 562 1569 1544 1102 2270 1146 715 556 1640 826 645 100 1663 1993 1737 2309 626 1381 947 1796 1437 439 2011 987 950 155 613 64 2631 1468 2837 900 2501 1658 1617 1422 2707 1840 2044 2358 1623 674 1444 1901 2312 2069 2836 2241 1799 169 1123 1782 283 445 1552 1636 712 1316 1417 1054 201 1489 1895 2832 1788
000053.jpg,2243 2519 2516 1511 1442 1969 593 1142 338 2830 1466 730 1094 2492 1526 1020 800 774 678 855 1573 1005 2560 1309 1992 673 2364 1311 717 1581 1174 1850 2788 709 435 1498 2219 2290 2746 248 2417 1243 2730 2151 881 1966 2064 2005 937 1936 1379 1040 1424 1913 2251 2697 1794 1613 94 186 662 1325 1455 2680 2006 610 336 1968 1779 852 1783 1739 253 605 191 392 870 112 2299 921 2087 821 1068 2377 535 2065 1119 2196 2341 1131 749 1384 1634 2257 2117 1133 2102 519 1385 2549
000054.jpg,472 1815 223 1338 1159 2635 2455 2371 892 2223 264 2833 403 195 1009 317 1615 2092 1622 913 1698 1925 46 2576 352 2717 1520 2139 577 667 837 2158 2100 2727 2484 1258 1355 2486 2481 2340 1025 2616 262 600 2776 1803 1629 2253 888 1 2412 2595 428 1694 90 2619 665 1549 668 1167 2138 1814 1445 1295 2692 2399 891 573 638 2466 2063 342 1994 30 1572 1366 2529 1735 2213 1122 1373 307 234 1509 1684 1071 1540 1270 1863 787 1630 1982 1619 1238 2771 1095 2385 2834 551 2215
000055.jpg,1895 1552 2482 2045 770 1362 2631 258 1897 1489 74 2755 2034 1320 769 1158 2732 2676 645 219 168 1584 1029 2501 463 2367 1788 1701 911 2419 2044 1253 59 2735 1710 992 606 2753 1848 178 2023 2046 2010 197 2800 2713 4 415 486 161 2544 860 1407 1870 675 2389 626 1796 1428 1934 2433 2646 833 2375 2007 489 433 1545 173 906 2082 2411 2650 1405 1627 1586 2670 2088 2724 2270 1202 659 1775 2545 1190 622 1417 2574 2626 2564 784 1414 2307 1046 970 1569 100 2133 635 2707
000056.jpg,2713 2034 2545 2433 747 2755 2023 1584 2272 2045 2376 1320 168 258 2650 770 1453 1316 48 2556 439 2309 1796 201 231 2815 1901 1496 1490 563 64 2732 2628 1261 1051 1897 950 1218 674 1569 155 947 769 1054 194 1948 1860 51 1444 2367 1649 100 2439 1658 2826 2767 1362 2352 2289 1544 1663 1307 1381 1775 305 1965 1416 1878 59 1640 1123 1799 645 2241 2133 1782 2721 906 2836 433 715 1552 1489 1586 260 2088 1096 900 562 161 1623 1679 1840 1486 1617 2631 2707 2735 1993 1437
000057.jpg,1949 1272 1541 2734 222 776 910 629 285 2421 2677 1754 2502 851 2691 6 281 353 820 1113 1400 270 640 2152 1864 40 275 265 2443 909 2278 413 13 98 1504 323 1744 2210 2293 1263 1226 2726 1436 2001 1205 2520 2514 624 1221 2391 23 1423 1371 2218 327 1219 781 1819 1643 298 956 2361 244 1659 1762 1605 2256 2841 1591 2353 1477 1352 755 2474 1042 2109 334 1960 1625 196 117 1882 448 796 2195 1922 276 2571 2494 1038 933 2203 853 2671 1198 1488 2567 924 2162 1225
000058.jpg,505 238 2193 972 1563 2674 2552 2500 28 2283 1827 587 2592 2534 633 711 1896 734 1111 354 330 1680 458 2028 2052 602 671 2099 313 2250 2181 152 2322 503 523 1741 2370 532 2479 705 1708 1339 2716 2119 2236 2819 120 1967 2191 1117 1262 1917 1831 2059 2557 1532 484 456 464 455 2742 261 553 696 1281 1376 1912 2062 175 772 1026 125 2365 2301 1008 2814 1706 2199 788 847 2681 1655 1010 1730 2237 1543 2689 2764 1923 2407 1823 1635 1568 1332 1475 1109 2306 927 1039 68
000059.jpg,458 2119 2500 1827 505 152 28 1563 2193 354 633 1896 1111 2181 313 2250 1680 711 1635 2819 503 238 390 2557 1967 2283 1532 671 734 1708 2052 587 2479 2681 2365 2236 2592 330 1339 1008 2099 1376 2191 484 2062 2552 602 1704 1912 1787 120 464 81 2237 2370 2301 1923 125 1917 1026 2674 159 847 532 456 2053 2407 2322 1003 1010 2028 2594 788 2199 999 1335 1050 580 1568 726 2742 1756 1475 1124 1706 455 2534 1741 1317 705 2687 2716 927 2059 1117 1755 326 972 1831 1730
000060.jpg,1515 40 398 851 2761 582 1458 244 2115 844 1198 1768 1960 45 956 1525 2386 1882 2263 1616 1083 1221 2503 23 2464 609 546 2620 1426 6 1726 2623 1371 2514 1139 2048 5 636 1591 2348 300 2197 2056 2109 1536 2522 1064 2572 285 2678 1144 214 2203 2751 1659 2502 973 2457 909 2359 1488 2567 732 1687 2168 690 1251 1744 1183 2688 2152 476 669 1603 1866 2182 1364 661 1280 1205 1084 1318 2608 270 2442 2691 1797 1080 1570 236 1602 1380 2726 181 298 2841 1596 2278 644 509
000061.jpg,390 2236 1635 464 225 1787 696 1475 726 1875 152 2396 1967 1563 456 999 1706 430 1050 61 2557 2742 734 2059 89 131 1039 1827 1532 2025 2674 484 52 1481 847 1789 1024 927 354 501 2765 1008 313 207 1932 1465 655 314 2429 840 1317 331 2053 2244 129 2283 671 2407 2634 1339 192 452 418 2479 2193 1923 1503 389 1831 1741 2173 780 1124 268 1026 2819 1062 2052 1829 1755 28 2301 495 1281 1127 346 534 324 2500 2091 1378 1662 241 1262 2531 1655 2119 806 2715 92
000062.jpg,1371 1911 2691 956 1084 1882 1525 2623 2572 275 2115 98 281 1280 244 582 298 1616 2677 2514 1659 285 2109 2706 796 2210 1205 2464 820 327 1541 2303 1221 2359 2726 1170 1272 1380 23 629 1603 909 6 40 334 2348 2263 1754 2014 1697 546 2086 2474 851 636 669 2421 1643 398 1960 609 117 1744 2443 1139 2494 196 20 1458 214 1183 1400 1570 1536 1144 2222 2197 2502 167 353 1687 372 13 776 2162 466 2678 640 2278 2168 1726 2751 1080 1198 1083 1515 2567 2841 2152 474
000063.jpg,2792 1791 567 118 1977 1470 1583 1531 2328 1354 2711 7 819 808 1667 887 2793 919 2491 945 998 975 2416 1854 1271 748 1578 1179 2459 639 2065 841 151 2252 875 2778 517 25 579 1742 982 1367 1209 1769 2349 227 1651 382 1970 1210 778 928 2488 513 311 528 2225 930 2304 1851 1154 1579 1063 952 916 492 1585 2618 1657 2658 2394 114 1808 566 2682 337 2559 923 816 763 1770 1155 1688 1528 2575 662 432 1404 1100 1909 1729 2026 2042 2097 1566 1368 2723 701 2361 2049
000064.jpg,2406 2061 1647 113 782 331 1187 1127 1438 1780 402 936 1048 1248 1356 1648 655 625 786 525 245 471 363 654 1781 1972 2632 2465 2505 1435 1282 478 1018 721 1472 1118 2402 2765 1598 2311 643 1140 1505 2611 679 1335 139 1273 2698 408 1026 2062 1921 1662 1274 858 1756 1141 239 1024 108 2669 2794 838 1317 49 209 2316 200 1974 2070 216 2236 138 1715 430 2467 2280 1500 356 1961 467 455 618 1143 2173 999 1262 1612 1008 1378 52 1746 33 1011 2690 1822 534 2398 2774
000065.jpg,1306 1175 1951 2409 485 1451 1213 714 727 2113 2072 2066 251 1207 1361 1166 1115 1558 1928 589 803 2054 1798 215 1561 898 658 293 572 1427 436 614 1161 1149 1559 2787 646 1353 2000 789 1106 2381 1786 634 1230 1513 364 989 1333 286 2149 29 1394 737 1883 2172 395 1900 1389 341 1847 240 2546 2673 1087 581 2533 2143 2178 962 2040 2320 2022 2784 2540 2242 1334 564 304 1300 529 2579 2656 1228 2759 1773 24 10 1971 2644 2323 2504 926 949 766 1257 1178 1818 545 374
000066.jpg,2558 2728 165 1055 725 1825 202 2207 1212 1810 2509 249 627 1937 1076 1944 1012 1130 1075 2258 1464 67 2135 2294 1406 1874 2382 1841 2766 2813 137 1986 2248 447 1940 1606 2435 362 1639 2286 1056 2741 899 2583 2736 1876 948 2393 146 2057 1223 1721 2744 1001 482 1463 1473 2506 2390 2809 494 1733 1777 1126 1185 686 692 2825 1439 804 647 751 1590 2319 1529 2224 2292 677 598 2350 2305 1899 2708 1547 2639 1265 2511 1867 1601 93 1452 1868 2518 1231 2438 2121 140 2719 584 682
000067.jpg,1860 155 439 201 2309 2713 1901 2721 1453 64 2272 2815 2707 1993 1444 1316 2628 562 1640 1496 1381 2556 1623 305 715 1897 1544 2767 1679 1965 1569 1218 48 1658 2631 2433 1490 1416 1261 1054 2352 1649 1468 2439 947 100 645 51 1096 1840 1617 563 1663 1948 1328 2376 1362 2836 674 231 169 2241 2837 1782 440 1422 2826 1307 2732 1148 2650 1775 168 747 194 1123 2312 769 950 906 2076 1552 900 134 2011 1437 445 1752 1051 2545 611 965 2034 770 1636 784 2023 978 2088 1796
000068.jpg,401 177 2122 1903 536 2055 2829 141 453 2679 554 1023 569 2029 1562 1065 1628 1163 121 694 1132 2384 2090 1085 2668 1890 555 2577 332 1784 142 1588 1510 429 868 289 2786 2163 417 460 1268 1888 2587 988 2451 21 176 193 2274 1033 461 597 1686 1089 2108 1430 2743 886 979 1047 208 2098 1740 1241 62 595 2589 1550 1160 1881 802 2747 1553 935 1699 2227 1393 427 340 1492 938 1150 1250 156 571 1418 73 816 2636 72 691 78 1145 2009 1398 1322 2779 823 1793 1666
000069.jpg,1699 429 1793 1065 760 460 2108 1717 1890 555 536 1553 193 289 1430 569 2029 1047 177 2829 2217 72 554 2679 2122 142 2098 1492 2009 417 2415 571 988 2636 2380 62 121 1562 2090 427 2668 1256 1132 2655 208 868 36 332 164 453 1588 2587 2577 1163 1599 694 156 1089 901 1903 1033 1888 380 1023 2267 1241 1085 2078 681 1431 1872 2423 1628 2568 1268 2747 172 2163 816 1155 176 823 2589 979 1784 1398 1250 595 2274 731 2578 2786 340 802 1510 437 1740 2227 361 401
000070.jpg,1539 1514 273 1939 1863 2266 1982 879 1324 2481 667 1803 557 1242 30 665 1355 1360 969 2013 147 2226 787 1167 226 1445 352 2139 2094 958 638 2371 1816 127 1630 2460 2833 160 2104 2271 1811 1925 71 1619 1540 1607 2595 2776 1524 2524 1530 537 1341 1078 1572 2138 317 2298 888 810 2710 428 2517 2092 892 685 1520 405 46 2529 234 2614 2340 342 913 2576 1159 2444 2213 891 1258 2399 2619 1964 551 1 1373 1694 1629 1069 1684 2385 2811 1294 1411 1509 262 2175 1270 1366
000071.jpg,2454 348 2769 2538 26 2130 550 518 1870 2050 1045 2714 2649 735 480 925 179 1369 712 2840 2544 1092 259 2241 219 970 524 1983 59 1788 1552 1710 2574 977 463 197 1752 1172 833 2375 2148 2397 74 2564 1328 440 489 2200 1422 623 606 497 817 911 178 1644 1895 1316 2676 1569 2626 415 992 2076 559 445 1151 1617 1796 1146 622 2046 1878 2800 1586 1926 1799 1701 1636 2358 906 1624 2084 2300 2312 2817 900 1051 1123 1486 2289 1202 715 769 2753 100 1407 1253 1029 2650
000072.jpg,1472 2611 643 1187 2406 1647 1648 1097 1780 1127 478 561 1293 655 245 159 1026 1500 1317 1021 2765 331 1972 1143 580 1781 216 2465 2505 1438 1008 721 471 1118 2070 1140 1822 1248 326 2316 1692 430 2061 1141 390 1941 31 1274 1715 363 139 346 402 1048 1037 113 1018 936 2062 753 654 786 2770 1967 449 1011 1756 2698 1662 1273 2398 1124 200 52 782 125 2632 788 1335 2794 239 2164 108 2311 2467 1216 2821 1787 1598 625 2017 2690 2565 1635 455 618 877 1356 2053 1024
000073.jpg,100 2433 1901 1453 2545 1416 1316 2713 2556 64 1096 1569 2650 2272 1496 2721 201 2309 48 2034 439 747 563 715 1860 168 1490 2826 2376 562 1640 155 1965 1948 645 1051 231 305 1307 51 260 1123 2815 2352 559 2732 1218 194 1878 1148 2023 674 2289 978 906 2088 1658 1897 1649 1261 1796 1381 1782 2076 2241 2628 784 1486 2631 1422 1617 1584 900 712 1993 735 486 1444 1840 1586 2439 497 1544 2011 134 950 2707 2755 2836 440 1054 1437 1362 2133 2419 1468 1552 1679 965 2007
000074.jpg,645 155 1640 1658 134 611 2836 51 1860 64 1381 2011 201 1782 305 1840 1444 1319 1307 1965 1218 2628 2721 48 559 2439 1993 1544 1054 1148 2309 2076 562 100 440 2652 2815 900 715 439 1569 674 1468 1649 319 978 2826 260 1316 1679 1901 1422 2272 1617 906 188 1636 1328 965 1623 2088 231 1437 169 1051 1096 2069 2241 2419 2631 2352 613 2556 1386 445 2376 2007 2837 1663 1656 2713 2735 2767 2817 1486 1934 2312 1123 194 1046 1796 2133 2707 2732 556 2270 1496 950 2424 947
000075.jpg,1055 1944 2728 2766 2294 2558 2057 494 2741 1777 2286 137 2435 2580 2305 1463 1606 1067 686 725 67 722 2319 79 2135 1639 1874 1076 1899 1212 2583 246 1185 2665 804 165 146 627 140 2393 447 1868 2511 1134 2068 948 2639 2598 2248 1935 2436 1126 1547 899 1452 2813 2207 1937 1825 1464 2506 2382 1223 692 2499 2719 647 657 2291 2292 574 2825 1439 329 1056 442 1876 1130 2736 598 482 2842 2708 1721 1986 2683 2041 1869 2051 1940 646 204 677 2518 2787 293 1120 1810 1012 249
000076.jpg,1417 161 1489 433 860 1701 2289 2628 51 2352 1649 769 1710 2707 1782 1658 231 1054 950 1381 2650 2367 1444 2836 1895 2439 1051 1544 197 2375 1640 64 2837 169 947 1623 2767 168 1320 2556 1569 1679 2411 770 1328 1840 1584 1261 674 1788 2023 2376 2528 1663 1627 645 1218 2735 305 48 100 2034 1870 1897 1775 1552 155 2815 1934 2713 2433 2631 2817 194 712 943 2755 2045 2721 1496 2272 1586 1993 2545 817 440 2011 2309 735 2241 1096 1405 221 1752 1799 1437 1362 1468 1948 1386
000077.jpg,852 519 2085 1705 942 1384 2318 1331 966 2543 1479 186 2600 1682 1978 984 1387 908 355 2262 392 320 2660 2458 1119 1518 1211 1017 1739 1495 1614 1200 1718 1000 1290 1419 1673 1681 1301 1396 1031 813 631 1370 2598 2420 937 1554 2392 487 2257 1790 709 1695 1853 94 99 2245 1385 1105 2282 1779 1546 50 1906 2452 791 710 2064 301 1007 54 2219 360 1455 451 2763 1567 1893 2664 446 1058 1992 2387 394 69 542 243 2369 1920 2032 2446 1676 1604 1442 2357 660 1424 56 1287
000078.jpg,1469 1447 1672 16 44 1990 60 1749 2437 376 1483 2190 983 576 2080 373 824 1773 1178 1103 1476 1304 83 132 2547 2745 88 2202 2700 1482 2288 1693 1743 695 954 2166 39 830 2281 1620 95 2605 483 1795 845 1176 1732 441 357 1593 832 34 2058 2441 1836 614 603 728 1147 198 1004 1346 2699 2408 1361 310 55 2000 1523 1919 2180 1914 940 2275 2785 1535 1410 2641 47 2563 2780 240 1691 993 2149 2395 1856 291 584 683 818 2523 632 1269 102 1999 751 1298 1137 1959
000079.jpg,446 1604 1301 530 2609 2658 2049 1290 1567 1909 1237 1981 662 1058 1613 1518 451 2064 875 2416 7 2282 311 2796 2140 631 2219 2596 2006 2349 2843 25 921 2793 1119 567 579 2310 1742 118 513 1209 1384 2117 1913 975 528 709 984 1017 966 1211 151 2618 394 2559 937 1210 1174 982 1002 1978 808 2537 186 2065 1879 1271 1455 487 607 1546 2792 774 2304 2452 1791 2357 1808 2243 923 887 1142 320 2492 2642 257 2446 1688 2697 566 1331 2225 301 599 852 1370 1739 337 1894
000080.jpg,2716 2552 2191 2365 2819 2181 849 2689 505 1896 705 2119 2193 1873 2500 553 1563 2557 238 1111 2479 458 2265 2681 81 633 2283 2062 2237 2597 120 2099 2144 587 507 484 2715 1008 152 602 1827 2370 2059 175 2527 1117 2236 1708 999 354 523 726 2301 1875 1967 1568 330 455 390 1003 2534 68 1912 890 1680 1635 2177 1011 847 456 1475 503 711 1314 1124 1262 2306 2674 464 28 1317 1281 216 389 1026 1039 1143 367 2531 1955 2407 2053 2764 2052 2232 2592 655 108 225 1917
000081.jpg,2318 2512 1387 448 1200 2706 334 750 629 2677 372 2245 2355 2362 1682 829 1267 1479 2032 1044 932 2691 2118 1015 1255 1221 908 1189 1610 2387 298 2593 1170 820 459 1697 1570 1227 2132 1603 1853 2150 1920 1790 122 1911 285 850 669 1000 2268 2704 2222 2256 1537 275 986 807 2664 56 1541 1433 1763 454 922 1548 897 123 955 1884 2047 54 99 425 1153 594 1646 2726 690 1436 980 568 2261 946 2071 542 546 907 1508 106 582 2167 1188 115 2335 796 1750 698 1695 1285
000082.jpg,473 1696 1093 2169 701 306 2508 2353 2361 1471 909 1088 183 1729 2027 2103 953 2671 2640 475 2346 423 205 585 592 265 1866 1736 861 1819 1260 1249 1583 196 2081 781 1910 910 1916 543 957 1326 432 2067 69 924 2128 1977 2083 1488 1402 1423 2351 1272 2293 1973 1170 276 2570 1042 2260 375 2278 2156 510 1245 1477 400 1643 732 1953 1337 1426 2520 624 1864 2264 1638 1764 2573 809 630 381 2203 871 2795 2841 1352 42 865 1162 2195 2366 1975 1219 2450 40 907 2536 1487
000083.jpg,975 2416 875 2660 1210 1415 1676 639 1239 7 966 710 1565 105 1211 2394 301 2658 1769 2793 311 1031 1017 114 1566 1368 2775 1920 2349 819 1384 1946 2252 841 530 174 1739 1657 2304 25 2147 1585 2369 945 320 2049 2618 2803 908 164 515 928 1002 2782 528 512 1851 579 1893 1287 1367 1742 921 1518 1209 2655 2310 451 337 571 567 566 151 2195 542 2647 1770 1154 118 487 1370 50 1271 595 2026 1495 2488 1667 1778 2064 2379 923 823 2559 1717 1613 56 2792 1909 937
000084.jpg,545 2066 1213 1087 2178 2113 572 1394 2022 63 2504 2238 1228 304 1389 1333 101 2546 1513 1847 1019 714 1558 766 898 328 2579 596 1115 658 251 1207 789 1785 1161 1230 754 1883 2784 757 374 1971 1166 1427 2759 962 2040 529 1798 1298 2242 2656 395 485 240 364 2323 2381 1928 1353 2827 727 2149 1900 1175 215 1027 2072 1951 1631 1561 436 1257 2143 2779 1150 135 2737 310 2409 461 614 2589 949 1898 1343 1801 95 2540 1334 1306 540 2644 496 1881 1804 232 2441 1300 110
000085.jpg,2510 431 70 1035 1839 962 1230 2644 2561 1798 1759 18 1842 395 2656 529 2149 2323 1801 364 1125 1394 1753 2757 2497 2478 1357 2777 1561 2772 803 2579 1928 572 714 2 2077 328 2663 374 101 951 2504 1834 737 1207 2381 766 215 581 789 39 989 310 2409 2277 754 1390 341 2242 1900 1343 436 251 1334 1558 1166 601 1427 2759 824 75 2114 2784 1847 949 1443 1883 940 2040 240 2737 2818 2542 95 926 898 1451 1818 520 676 1786 1257 1178 1743 564 1333 2566 2238 2622
000086.jpg,377 2293 828 222 1352 1864 853 1203 865 672 1754 174 1342 2325 2003 1949 2047 2828 1173 2520 1415 640 624 347 2483 1504 2195 1819 2578 896 353 1162 776 2400 413 933 1206 2734 1219 985 254 224 2170 479 703 128 1820 370 1484 1038 1436 1674 488 713 2743 2334 1565 2421 2602 2729 1204 1954 1666 1374 2361 2353 1668 1477 3 781 1393 2001 322 1958 1595 409 1643 2775 1074 981 701 111 738 2463 233 2582 1337 1642 308 2490 2336 1686 2214 2808 247 1113 915 270 691 910
000087.jpg,767 277 2772 1125 1753 369 2777 2532 990 1323 2478 1834 951 1186 2496 2663 1252 1989 2015 1391 2702 126 2077 1842 2818 18 297 211 578 2 1460 688 1413 2315 103 601 2314 2686 70 1235 1845 2276 2624 1418 1938 502 1443 1980 1747 1759 2510 2128 1833 65 431 889 886 1767 315 2601 684 2302 768 1519 2757 1686 417 1975 2471 531 597 250 1165 2535 1608 2366 2685 935 62 1821 931 1720 477 361 1114 2096 2639 2622 2671 325 1390 461 1764 2384 1557 1757 899 1088 522 543
000088.jpg,1938 2496 1747 2510 431 1833 2686 1443 767 2532 1842 18 70 2 369 277 2663 1418 601 889 2702 1759 211 1413 1834 1989 2315 578 2757 951 1391 990 1519 65 1390 1125 2314 2772 684 126 1186 2622 461 1753 2478 1975 2777 531 1323 250 688 886 417 2077 2818 2276 1845 1460 1767 315 502 1686 1557 2015 297 1252 477 1720 1512 1980 2128 1821 597 1235 2029 1976 62 1065 2443 2089 768 103 368 1035 1801 2504 1114 2384 2561 931 1230 2644 13 2388 2624 2302 2601 1725 2096 2277
000089.jpg,394 1879 2140 682 2660 1031 1058 607 677 1721 2438 2369 1567 2809 1876 1906 2435 2825 451 631 1463 447 1237 1518 2708 1874 2392 1223 1301 2796 1473 948 2766 1056 477 1981 966 1886 1592 816 491 1384 2568 274 2393 608 1017 2282 146 1290 311 1210 2719 1185 2728 2507 1890 1555 1888 579 1613 1211 1742 1944 657 760 1777 1553 118 2089 823 1639 2382 2598 692 1893 2423 2415 50 662 1793 627 1067 571 446 2596 289 427 1899 875 1287 686 12 864 887 320 2328 2143 868 1699
000090.jpg,2056 1889 45 957 2522 2197 2591 851 2442 1318 924 620 333 1214 2278 856 1953 2404 2807 214 335 2841 2230 2168 476 1768 1515 1907 661 2160 1596 2048 844 636 1083 1487 1866 2751 1171 300 592 1364 1536 2567 309 785 2562 2182 2216 1726 1064 2498 40 22 2079 2141 181 644 1251 2810 1458 1702 2386 2761 2612 761 732 1363 861 1960 2171 1703 407 1217 2346 2720 2348 609 1602 1797 1556 2351 1188 2401 2678 2823 762 1605 2608 2666 953 1288 2043 2643 5 2109 1365 1744 2115 398
000091.jpg,2193 2500 1896 505 602 458 1008 2236 2819 2199 1475 28 1111 1543 1563 238 587 464 2181 2119 455 2552 2177 2365 1655 1831 2062 1912 2250 2681 2237 2592 2479 2527 633 2052 1262 1568 1378 1706 1143 125 1314 503 705 849 1026 2689 1117 1472 890 152 1297 2232 1376 553 1787 1010 2764 2301 1003 711 1680 2396 1967 1756 31 456 1827 484 2099 225 1124 2025 216 356 2144 68 1532 2765 1822 2531 999 963 2316 1281 655 108 1050 726 1746 552 296 390 1635 1730 2407 2059 2191 872
000092.jpg,85 635 188 987 1405 2501 1656 556 1934 2044 2411 1319 2817 2528 1644 1386 611 1926 1102 2082 2300 2375 312 2011 1552 197 817 2631 645 2832 1422 2270 547 2790 2424 943 2088 221 2389 626 1624 1029 463 1407 2367 2419 1788 992 2046 1993 1202 1617 4 1983 1799 59 1636 48 134 950 769 1545 559 2397 2837 2439 2735 260 2836 155 51 231 305 826 2241 2312 2545 445 1752 1895 283 2713 1640 2574 1737 562 1381 169 900 433 833 1544 1092 319 518 201 1362 439 440 2023
000093.jpg,851 1426 2691 1458 1198 23 40 1371 1882 398 1616 2761 2359 844 1113 1515 98 2514 1144 6 1960 2494 1659 956 1591 327 1226 1768 2421 2203 2115 244 2210 582 2503 1462 636 1272 2620 2572 509 973 1205 45 281 270 640 2048 298 2443 2386 2263 275 909 1525 1080 1536 1400 1488 1083 2502 117 1380 13 1687 1949 5 2457 1744 498 2278 2086 2109 1911 1318 2168 609 1726 265 466 285 2522 546 2726 2056 690 2247 661 1183 2464 1263 2197 2152 2706 2807 1221 1280 2623 1641 2303
000094.jpg,1444 1649 1054 2628 1544 1623 2767 2836 2707 1381 1658 1218 2439 169 1663 947 2352 1679 1782 2837 1840 1993 155 1640 2815 51 1328 1261 194 1860 201 440 2309 1437 2241 1965 1051 2272 305 2433 900 2713 1316 64 950 1617 645 674 2721 1948 1422 2826 439 1468 1307 48 2556 1416 1775 965 1496 1752 562 1569 715 1096 2367 1796 978 611 445 712 1123 1417 2011 735 2076 563 134 1897 100 1901 1148 2545 2133 2312 1636 559 2389 1586 1545 231 2270 2652 2606 4 1878 1202 1799 2732
000095.jpg,1882 6 582 1659 661 1221 1205 851 1744 285 2359 1661 2168 2726 546 1462 973 327 2194 636 2691 1400 2197 1371 2807 1183 298 2109 244 644 1458 1536 2761 2502 45 2386 270 23 40 1687 275 1380 2442 956 1318 2030 300 2706 2620 2278 1488 1251 1083 2162 2222 2623 1198 1113 1525 1603 398 2474 762 1911 1084 1591 2048 1768 2514 609 2115 334 1960 629 2571 1541 466 2261 2522 281 2705 971 1570 1515 820 2303 2152 1556 2677 117 2494 1726 2567 2688 669 1272 2203 2464 1616 1064
000096.jpg,582 2109 1221 244 851 1139 2115 1515 956 2567 1616 2502 1603 214 2348 40 1882 1525 2706 2386 1744 1602 1768 2761 546 2197 1458 2841 2751 2464 609 1570 45 2152 300 6 1426 285 2620 2726 398 971 2572 1083 2514 909 844 1171 1371 2263 2503 2691 270 1536 690 1960 23 2404 2442 2048 669 2168 1591 1953 298 1380 334 2623 2056 2203 973 2612 636 84 2688 1659 1687 1661 2162 1605 661 941 498 759 1198 1318 106 98 13 1726 423 1061 732 2522 1866 1596 1697 2807 474 2278
000097.jpg,1842 18 1834 70 951 2777 2663 1125 2478 2 1753 601 2077 431 2772 2510 2818 1759 2015 1252 578 2757 2561 2496 990 126 1938 277 931 1391 250 297 1413 502 522 1035 315 1767 65 1821 1720 103 1323 1908 767 1186 962 2622 2644 2276 1443 2624 1845 369 2504 1833 2315 1114 688 2532 1975 2579 101 1418 1390 2314 2601 684 1235 1340 789 1747 1557 2323 284 1230 2686 572 1989 2471 1798 2702 1608 529 1928 395 1801 1166 364 2667 889 2784 1839 766 2656 211 702 10 1310 1809
000098.jpg,188 1407 1319 1656 611 2817 2411 1934 556 2528 987 817 2300 626 1926 1386 85 1102 1644 1405 2082 1545 2631 4 635 547 221 943 2790 197 2270 2389 2367 2375 2044 2424 1552 2501 645 1752 992 1624 2011 2515 2832 1788 2088 312 463 59 1895 1029 2046 1993 2023 283 1799 2069 2755 1737 1202 1796 2397 562 2721 715 1636 1146 2419 1569 48 900 1983 51 606 2574 1584 1422 439 950 2545 833 2312 64 305 559 1489 826 155 2200 2045 319 659 769 675 260 1640 2670 770 1381
000099.jpg,147 1863 1167 879 1939 160 557 2094 1811 1514 1078 2266 1530 30 127 2460 273 1607 969 1341 1355 2444 667 1445 2595 1803 1982 1619 2013 1069 1539 665 226 2371 352 71 1242 2481 2614 2138 1925 2363 2431 2710 1324 685 577 1025 2226 1524 1572 2213 814 2298 2781 317 2776 1509 405 1159 2468 913 1816 2758 1660 2811 2139 2399 2104 2175 638 1059 2833 428 1294 342 810 1540 1630 2576 1629 1520 787 2633 1360 1366 2524 385 1815 2529 958 2783 1421 2403 2820 1964 1258 2092 1 234
000100.jpg,79 2766 1055 2305 1944 722 2294 2068 2286 2665 1067 2511 1076 1547 2728 1777 2558 494 1463 1935 2580 686 447 2435 2319 140 1126 1899 1185 165 1868 1464 2248 137 2813 1639 246 2741 1452 146 1937 804 2393 2499 948 1134 1606 2135 2207 2382 725 1056 329 692 2825 1212 994 2736 1825 2037 67 864 2057 526 1223 899 508 2708 1721 1874 2506 2292 2427 2598 274 1940 1130 2436 608 647 442 1473 2041 2440 2625 1998 598 2258 1876 1942 2445 204 1677 350 1986 1439 2719 482 1771 2051
000101.jpg,1003 2265 618 2594 877 200 1156 2764 216 2773 655 1021 1912 2105 633 2062 1314 1961 2698 2316 1500 2306 963 1756 81 771 478 2017 1127 1164 449 1187 552 1141 33 455 699 1273 1873 316 2789 120 872 1780 1648 2681 1704 344 643 1917 2690 2557 2365 2237 1472 31 1543 1715 326 2070 1117 108 2467 1262 192 2025 1692 331 1506 61 430 2812 1974 2144 2191 2592 290 721 1941 788 890 1972 1140 561 1317 507 1118 1923 162 1302 503 125 390 2500 532 1746 2301 2406 1967 2770
000102.jpg,825 652 212 1246 14 765 1985 2434 3 1574 1403 873 1121 1289 2018 1642 247 2405 764 2008 929 874 254 719 779 2204 2284 2487 1493 1347 2146 2551 539 2336 2536 2485 549 1577 2209 914 723 604 1128 1915 35 1351 2157 2824 282 2585 1136 2170 1772 190 58 450 615 1359 1534 1157 2426 303 2490 66 1595 2019 1751 812 2582 1247 1997 1745 2603 343 1958 206 1204 2453 862 2195 516 1778 701 865 1633 1352 540 105 1946 2718 153 1773 1864 318 632 1672 614 233 883 1137
000103.jpg,2139 1630 352 1360 665 1982 2138 2833 2481 1572 1294 405 2614 317 1258 1242 2092 2298 1338 1964 234 1445 2576 1446 2226 2246 969 2266 2213 273 1925 667 2635 958 2371 1939 638 1607 1828 1341 685 30 46 1520 1270 913 2619 1540 414 891 2835 1349 1539 2399 1684 264 428 892 2776 787 2529 1571 1355 2455 195 1619 1863 1618 879 2412 1698 1159 2484 1514 2340 226 1816 299 2797 262 537 2616 642 1549 600 888 1 71 573 1694 2269 2223 1815 1009 1238 166 2100 557 1291 1069
000104.jpg,2265 1003 2594 877 1156 552 1302 1974 1314 2062 200 216 655 890 2191 2770 2105 872 478 33 2306 1461 2789 2237 2316 326 1500 1127 331 455 2773 2812 2774 31 235 449 2681 81 1008 2764 771 1262 2715 1873 618 2025 108 1472 2017 1912 2716 418 2819 999 2365 2557 553 503 1011 1756 1923 390 1941 430 159 2070 2301 1955 2144 120 1704 344 2407 1021 2250 192 1111 1097 1708 633 324 726 139 2698 290 2693 1378 507 740 2181 1746 61 643 2232 1635 580 1568 2610 2690 2500
000105.jpg,2143 2408 614 1175 24 485 954 213 2566 2430 634 149 1087 1019 2183 1223 1685 376 182 426 1749 1712 16 1849 1483 1434 658 1269 1298 63 1597 1333 482 1760 864 1555 2546 2178 1265 1945 2638 2072 1431 2057 2224 477 1306 1115 727 2024 291 608 1132 1228 193 1389 2112 1473 598 707 274 304 2149 2656 2113 2291 1213 1874 1588 526 232 1004 935 988 1899 1447 1161 1891 2022 1951 1137 1394 1300 1867 2054 1558 2744 36 1027 2409 1352 2737 1343 974 520 949 1535 310 1166 1886
000106.jpg,751 1116 832 683 379 1714 1601 404 1713 2036 469 1224 1014 1836 1609 1748 1459 187 1940 541 1838 2190 960 1990 983 2621 1950 2745 2390 1169 2605 1594 1195 1943 87 725 920 590 2129 1194 818 1693 2288 1593 321 1075 2202 378 1192 1986 1856 39 1476 2651 2073 1529 2020 371 2804 2275 76 2437 2211 824 47 603 1867 902 1743 2000 2441 993 2345 739 1869 2281 132 1732 83 1346 2700 1825 1478 792 291 88 2033 2207 2701 2493 1410 1357 576 1620 2547 693 940 310 198 60
000107.jpg,2576 414 352 2139 1964 2833 2092 1349 1982 1549 405 2298 2226 2138 1630 2635 1684 1338 969 1009 1360 2269 1445 2455 837 1258 2484 2619 195 1242 1270 2223 1572 1215 2399 913 958 2801 166 2246 317 2481 273 638 2835 1828 600 2412 2738 1698 718 1355 1925 30 1815 1540 264 299 1615 1122 1571 2529 1607 573 2614 1629 1446 787 1812 1294 2371 961 665 2709 180 577 1025 1618 616 642 1939 1341 891 234 2063 1071 2633 2797 2340 1660 2100 428 2104 2266 2185 892 71 1201 2616 46
000108.jpg,280 493 1580 2418 548 1930 57 1758 133 1792 2039 1861 2672 2174 2198 2327 170 1551 228 746 2581 2356 2374 2332 704 2659 2456 2125 1664 1234 242 1887 801 1193 1724 1457 514 210 263 934 1575 2184 1877 976 1665 884 2123 1377 857 421 1392 687 1345 1859 689 1375 82 756 842 158 2703 2155 2694 2229 1292 656 2187 1576 1348 2206 77 1350 570 1542 1947 294 2739 438 2321 2662 1276 150 185 859 1675 2461 2838 880 793 1229 1765 1191 2127 1030 2740 1494 1776 2189 1857 2004
000109.jpg,1552 2482 1895 1362 1897 2045 74 258 2676 1029 645 2735 1253 769 2419 1489 1158 1320 2753 770 2010 2034 2631 168 463 2044 219 415 1848 2755 606 178 2724 497 1627 1151 2574 2501 2732 109 2544 1586 2564 2367 860 1775 2046 2035 2646 59 1190 911 2800 992 906 197 173 1710 833 2389 626 1701 2411 1428 2270 675 2553 1584 1788 1405 161 2307 1796 2007 489 659 4 486 1414 188 2707 1486 1046 2528 2082 2626 904 1386 747 2375 2011 2344 2433 319 2287 970 2670 559 635 1417
000110.jpg,870 1325 336 544 253 1094 1498 1966 2417 1794 1936 1634 1850 673 2697 811 800 1779 535 774 2095 288 2516 2377 821 593 1442 434 2492 112 2145 1516 1526 1783 248 2519 605 1424 881 338 1079 648 2102 365 1040 2549 610 1311 2219 717 1527 1133 94 410 2613 730 1670 1992 1466 406 855 2251 1243 1142 1968 1174 1455 2243 678 1131 1573 257 2560 1020 2341 1068 1871 2005 2788 1581 1309 937 1721 2151 1110 1913 538 2196 1894 1379 2006 2290 1969 1546 435 1778 2830 2730 2299 749
000111.jpg,751 379 1116 1014 2036 1713 469 683 1601 1714 1459 1194 1224 1838 818 2621 1748 1476 2651 2605 1950 2745 2202 1192 1693 2804 1169 2281 541 960 2493 1856 693 1836 2699 187 832 39 2288 1940 2780 2190 279 1743 940 576 88 198 2345 2240 404 983 47 824 2211 1538 2447 1818 1482 2630 920 1609 1919 902 1091 87 2368 321 2020 2547 230 371 725 95 1357 590 2586 2080 2441 2733 357 603 1593 2033 2525 76 75 2701 2637 794 2684 132 1805 378 1943 1195 1986 2275 1382 564
000112.jpg,251 2381 436 364 215 1427 1166 1928 803 1798 1900 2040 2409 962 572 989 714 1207 2656 789 101 2756 2579 2149 898 1257 1558 1394 395 2504 374 754 1786 529 1883 737 1971 1230 2644 2323 341 310 1561 2540 1451 545 2021 1306 2066 766 2546 1361 1087 328 2784 485 2072 1213 119 1818 2238 2759 1693 926 1333 581 1357 1513 1535 1951 2114 1559 1178 1137 1149 1115 1228 1334 564 1353 2242 1106 2320 1847 1175 240 949 1231 293 646 1161 596 95 1389 1091 2277 2113 1839 1343 1773
000113.jpg,2494 6 2691 796 275 1687 1462 1221 924 1882 1911 2571 582 1931 2810 2359 2768 1641 1537 1371 973 327 1400 2666 1426 1605 98 334 474 298 1541 1874 1380 117 1084 820 285 1458 1659 956 1285 922 1536 23 1487 636 1841 851 40 2726 1744 1198 466 543 1603 1205 1570 482 2167 2751 1144 1697 2043 546 1591 1616 2620 2503 2683 2303 372 2222 20 650 2086 1080 690 2197 1892 1326 2502 2443 475 420 498 448 2526 459 1200 2210 1170 1960 2831 1940 244 2421 2014 167 1986 2268
000114.jpg,2661 1419 1560 1637 400 2101 1738 510 1199 388 955 827 2425 2696 2452 2521 2203 2179 2688 1910 1286 1973 205 183 2249 1200 1061 2268 448 387 148 2156 171 104 69 163 1556 594 908 519 2791 473 84 1098 285 1502 621 1610 1761 2188 1387 690 1184 2795 1088 214 122 669 2182 392 2508 2760 423 1979 732 2331 744 1904 909 1326 2014 941 2096 1321 236 2476 375 986 1844 1866 1425 99 1227 2750 1591 546 565 592 612 355 189 1139 2079 997 2160 167 270 2573 1064 2761
000115.jpg,395 529 1230 545 1561 1394 1087 2323 328 572 2242 1801 374 596 2759 2644 1207 1213 2066 962 1631 757 135 2238 714 2178 949 1228 766 2113 898 2504 1389 2579 341 754 1798 1513 1847 101 2737 2022 2277 1333 1343 2546 1971 2149 1728 304 2072 1558 63 1161 1839 2040 1928 581 1175 2381 2656 803 737 558 1298 2114 1115 614 232 1785 364 1178 1166 789 1019 2413 2827 499 310 485 1900 215 1257 95 1334 1945 1306 617 251 2409 1683 1150 1898 1206 2547 1786 2566 1533 1883 989
000116.jpg,1561 962 1394 95 596 2547 824 1343 395 1207 310 2656 949 2737 374 2323 529 1631 1743 1801 803 614 2381 1087 695 2149 1839 1798 132 714 2441 341 2644 576 1334 545 2277 1538 499 634 898 1535 1749 328 1004 1298 1178 1230 2827 1689 1928 2566 2072 737 2112 940 2040 1176 291 754 2143 1728 2114 364 485 2542 215 1945 88 617 1103 757 1175 1137 63 251 1035 2523 1166 426 135 436 2497 1999 1304 2546 1693 581 1900 2242 2579 2409 1091 232 101 24 1597 520 1333 2066
000117.jpg,1316 1752 1496 2556 1051 1948 1416 950 2628 2367 2721 2352 1096 1649 2790 1796 2272 1437 1218 2545 1640 2389 51 1965 2826 2836 2309 1993 1307 1381 1544 2439 900 1569 715 2528 1545 221 1926 1261 562 194 1444 305 169 645 2837 2817 1658 1624 2433 1782 1054 1102 611 817 201 1123 1878 155 2270 674 1644 626 2411 1586 965 1840 2767 2707 59 1328 1860 4 943 2300 1202 860 2815 1417 1468 978 1663 563 559 2069 1407 2713 2082 2652 1656 64 1486 440 100 1386 2034 1146 134 2241
000118.jpg,1696 1866 909 1093 476 1260 2823 956 585 2278 1736 957 181 1170 196 1933 620 1638 1797 2353 2263 2083 2450 1596 592 1726 1702 1183 732 2841 2678 2348 1487 1960 214 1471 1536 2067 40 636 2109 1889 1088 398 509 1280 1953 1643 844 2448 2361 2623 924 2168 2141 183 2210 1318 1083 1515 1602 205 1910 851 1911 1458 2810 761 1525 2498 1488 2503 1188 1337 701 1880 2169 2115 2572 42 5 2567 2346 2508 669 2060 2197 2425 2643 2591 2464 2720 1227 2514 1139 1371 6 411 861 45
000119.jpg,1055 2294 2728 2305 686 1944 1076 725 2766 2286 2382 1937 1639 2393 137 1464 1606 2813 2598 804 2558 2248 165 2741 67 948 2319 79 2511 1868 722 1067 494 1547 1777 2207 2665 140 1825 627 2068 1212 447 2436 329 1874 2435 692 2499 2057 2135 1876 1463 2580 1452 1721 1126 1986 1185 2506 2583 1940 246 899 1935 146 2292 2708 1056 1223 1134 1473 1130 1899 2842 598 2041 647 12 2736 1439 2719 202 1810 2438 657 2639 249 682 1012 1406 792 2825 97 442 2258 482 1869 1529 491
000120.jpg,2726 1221 1744 924 851 1605 1232 334 2162 40 922 6 2502 2567 1487 650 2677 1272 820 1541 2691 285 2109 1687 629 956 323 2256 1603 1400 582 2571 750 2841 372 2197 1591 214 1536 2666 275 2278 1661 20 298 510 23 2494 117 909 448 1882 2751 1426 2203 1949 636 42 2706 475 2152 281 167 2421 1922 2810 1570 265 244 1960 1502 1139 98 1171 37 1488 13 2355 375 454 2768 1318 2179 1267 1184 1170 796 973 807 2514 1326 2612 955 1659 270 1044 1768 1458 910 1697
000121.jpg,2298 143 2529 1925 46 1982 1129 2215 264 1684 1122 1619 1238 2371 641 267 299 2517 1 2139 1291 1694 2833 2092 1446 1814 667 1440 2635 428 1520 958 2844 1009 2731 2412 787 223 2481 386 1735 2340 892 1159 1540 1445 2484 718 1270 2584 2158 810 1411 2727 1373 2271 2185 638 837 697 2797 2616 234 226 2385 969 1572 1994 71 891 2460 2399 349 888 30 2213 2776 1549 557 195 1589 1863 2455 1630 1629 1815 1360 1807 1294 2709 1258 741 685 798 879 642 1939 1295 2771 1112
000122.jpg,79 2813 2068 686 1076 1547 2427 2511 217 722 948 2665 2305 1464 2248 2382 2393 491 1639 1937 2598 2438 1185 677 1463 692 1777 682 1067 2617 246 447 494 2435 2041 1592 1868 2286 2319 2499 1126 1134 274 526 2569 2292 140 2708 2766 508 2719 146 1935 1223 619 2037 2712 1962 974 608 598 2625 329 2445 1998 2736 444 864 137 165 1725 2741 994 647 2308 1874 804 1677 2436 2825 2294 2506 1130 1055 1606 1771 521 1288 790 2728 2558 2657 2135 899 657 1892 2526 350 637 1452
000123.jpg,1898 1801 1683 2555 1727 2058 757 1996 407 777 1728 2523 2277 558 2759 1533 1631 135 1372 2297 341 1091 2422 2192 2180 2242 230 754 2489 2233 2295 2630 34 395 2347 2254 1254 499 581 1561 2413 1734 2178 304 2586 564 1161 926 1847 1945 1846 2644 529 2546 101 1513 834 1832 545 374 2114 1818 1908 1228 861 2113 2785 232 2323 737 2754 2495 328 465 1507 284 279 1087 107 1669 2579 1538 2504 695 1178 693 2317 19 2566 1104 1394 357 1883 2550 1333 1259 2346 1213 2066 1928
000124.jpg,2433 2556 1316 2272 2545 2309 1496 1416 2713 100 1901 2650 201 1096 1569 1860 439 747 64 2721 715 563 2826 1453 2034 645 1948 48 2352 1640 1965 1051 155 194 2815 562 1218 1307 1123 168 51 305 1490 1649 1878 260 2628 2376 1897 674 559 2023 2732 2289 1658 1261 1381 978 1782 906 1796 231 1586 1148 2088 1993 950 1444 2836 497 1752 2439 1584 784 2011 900 659 1437 2631 2133 1840 2419 1486 2767 1552 1544 1362 1054 611 2241 2007 2707 134 2076 2755 1468 712 1617 1422 169
000125.jpg,530 1211 2243 2049 337 1370 1142 2519 855 966 1174 301 1742 2006 717 1105 1384 1913 243 1604 774 2492 1301 2417 2830 1020 1739 2065 984 1442 1581 355 1331 519 2609 567 94 1614 2064 1554 2660 2310 487 2711 118 7 1309 446 1424 2560 1573 1518 2458 2658 937 1978 1396 1705 610 2005 1567 513 1992 394 975 1981 1966 435 800 1094 2696 875 2140 1466 25 1290 678 2394 881 2697 1237 1495 1311 1002 151 1058 1271 662 1791 813 2196 2085 1673 451 1936 2796 1119 2219 1040 2257
000126.jpg,1227 2810 2197 1188 669 476 956 1260 2348 1602 411 759 2168 971 661 1221 214 2751 2404 1603 761 829 807 609 1953 1866 2688 2591 1596 2476 922 300 1032 2043 2216 1697 1487 1889 924 2109 909 2060 2442 1907 2464 2171 2313 2498 2567 1217 1083 1726 1153 1797 644 1556 620 2725 582 2188 1933 1214 45 2160 2261 2608 2720 2678 820 2823 2182 2841 334 1515 1560 2056 1882 2623 636 1139 285 2643 1171 2562 2666 546 1766 2425 189 1015 42 181 1458 1702 1280 2571 2263 2115 2118 333
000127.jpg,537 1607 1341 2138 2266 1540 352 1025 913 1571 2100 2758 472 1660 1069 2607 551 2833 237 317 147 1445 1618 1619 195 127 1572 2340 1360 1366 879 342 2139 1964 2781 414 2595 2614 969 160 405 1630 2635 577 1684 1698 557 2223 273 1982 1078 665 2371 1939 1242 1338 2298 651 1539 1837 1258 2094 573 1925 2255 527 166 2269 2104 2633 1530 2092 892 2576 2399 2529 226 2648 667 814 616 1421 124 2372 2524 1812 795 1059 234 2460 600 46 1215 2226 1863 1349 1009 1816 17 2801
000128.jpg,1546 811 1894 937 2763 648 257 1634 538 1790 519 2613 843 446 1567 336 1454 773 410 2006 2049 434 2609 535 1516 365 2331 1301 1913 870 1424 1794 1498 2219 338 1133 1017 1981 2095 1455 1079 774 605 253 2697 1466 1309 1174 1670 1237 2102 2087 2341 1621 717 530 2492 94 406 248 2843 288 2452 1527 2071 2680 2151 1131 1604 1992 112 2549 1518 1800 1419 2377 2417 392 1007 1290 1871 730 2318 742 1731 2145 435 2064 1138 2196 1707 1613 908 1442 1094 984 2224 1040 1936 1779
000129.jpg,2135 1874 725 165 2558 899 2728 647 1841 2435 2741 1825 1130 1940 2207 1212 2639 1986 2057 1223 137 362 2683 2258 2506 2766 2319 2813 1055 1126 442 494 2248 482 204 1606 1463 2736 447 146 1937 2294 1134 2292 1076 1944 692 2842 1931 2291 2511 804 1547 246 1899 2526 948 2286 1639 722 1777 1464 2220 2382 2305 939 2719 116 1962 2393 2665 686 2569 1601 574 2436 329 1935 1185 2068 2051 79 677 1439 1056 2580 2499 646 1433 657 2825 140 1733 67 790 2704 2708 2494 2744 598
000130.jpg,2185 264 2139 1694 1129 2529 1411 2584 2092 2833 299 2616 143 1238 2298 1009 1814 1291 1122 2484 2455 1264 1925 2731 267 837 1112 1446 1440 2215 1684 912 349 2635 888 262 1982 2371 641 1619 1373 1445 195 1159 1698 2834 638 1366 223 2100 1360 2517 386 2158 1622 2844 1549 1815 2385 428 787 1994 2271 317 234 1589 667 46 226 1095 2138 2223 1816 41 810 2771 958 600 1735 2481 1294 1520 2797 1572 2727 2776 1807 2524 2266 1 2213 913 352 557 665 1295 1338 573 2104 991
000131.jpg,70 1842 18 1834 1125 2510 1753 2777 431 2772 2478 951 601 2 2663 1759 2077 990 2015 502 962 2757 297 1252 2561 578 2818 2496 2644 522 1035 2504 688 1938 1908 1323 1230 103 2323 1798 931 65 1845 1821 250 2601 126 1720 1235 2579 572 2624 1443 767 284 101 395 1833 1413 1391 2622 315 2471 529 1186 1767 789 1839 1801 1418 1390 1747 2656 364 2686 277 1114 2784 1975 702 803 1928 1557 766 2276 684 2315 768 2759 1512 886 2238 2702 369 2149 2314 1394 1166 1830 848
000132.jpg,1055 1944 2728 2766 2558 2741 2294 137 2057 725 494 1606 2580 2135 1777 67 1463 2435 2286 2583 1899 1212 2319 2305 722 79 1874 165 686 2639 1067 899 1185 246 140 1639 627 1076 146 1134 447 1825 1935 1868 2436 804 2511 2207 2665 2506 2068 1452 1547 948 2393 2248 1126 2598 1223 2813 1464 647 1937 657 2291 2499 574 692 2683 2719 442 2382 2292 1056 1130 2842 1940 1439 204 482 1869 1986 2825 2736 2708 2051 646 329 598 1876 1721 2787 1810 293 2518 1120 767 1012 249 677
000133.jpg,1132 1588 988 121 569 2090 193 536 401 2274 816 2122 1023 1089 2055 453 177 1808 1903 2829 1268 1085 1404 2163 1155 141 2747 1047 1430 694 1628 680 1688 1100 429 571 2577 460 1553 2679 1784 380 2587 208 1065 930 1890 554 731 1888 2098 1562 1699 868 823 36 1550 1793 1145 2126 1510 555 1241 289 2469 1492 2636 172 1717 1599 2786 1160 73 72 2380 142 437 1872 2108 1431 2537 1150 2642 2029 595 399 176 935 332 2668 417 427 2722 1249 1163 802 1236 2009 2655 2267
000134.jpg,484 2429 2059 806 534 2236 389 1662 1475 758 780 1789 1282 1011 2244 356 1127 927 1568 653 2693 1465 2765 464 239 1831 2173 1706 2232 408 786 1755 1655 1378 2531 2301 840 1024 1875 1317 296 2091 268 108 999 1843 1022 726 456 838 2407 799 1274 390 2794 314 131 1967 1008 1262 2280 53 452 2025 331 467 2634 471 2142 1932 495 1503 2053 2465 2505 1438 139 209 2687 1039 241 1062 1124 455 61 225 753 363 1050 2774 822 2017 655 1281 2137 324 129 1756 1635 2611
000135.jpg,725 2728 165 202 1212 2558 1130 2135 1055 1986 2207 1825 1841 1075 1940 1874 2258 2509 67 362 2744 1810 2813 2248 137 1733 2741 1937 2435 1406 627 1076 899 1223 1944 249 1012 1464 2057 1867 2294 1601 2390 1606 647 482 494 2766 2382 2506 520 2583 2286 1639 1777 1463 751 447 1722 1001 2683 1945 1529 1231 2518 146 1265 379 584 948 2639 2319 1410 1185 2073 1120 2736 830 2036 541 1721 2393 1620 187 1876 686 804 1849 1869 1147 1269 1943 1439 954 1609 677 469 1126 2748 1450
000136.jpg,1321 2156 1098 2450 1910 2645 1621 897 1638 2032 2083 908 2342 99 1709 571 1495 957 612 396 1736 941 2750 1806 340 755 2188 1550 189 1858 2627 1510 43 2096 1676 2249 1933 56 2432 836 2060 2089 542 2452 592 959 1145 935 1893 1189 1002 565 1199 595 2201 1761 156 1987 1906 1566 2140 84 164 997 468 1844 710 744 1337 861 2562 2786 1949 394 1023 2775 1387 2507 2747 476 387 2313 50 2071 2404 856 2567 1610 2458 1032 1766 1000 660 229 1865 54 38 355 979 1750
000137.jpg,2372 1837 616 1812 1994 2758 195 1618 2253 2338 591 1095 2138 1698 1338 2223 2100 1409 2131 1630 1258 1341 1607 2530 996 1622 1101 1181 203 2648 600 317 1069 1129 912 403 527 2781 157 1491 573 1571 665 2412 2246 237 41 2486 2399 1572 2208 537 1159 17 352 642 1446 1025 1360 1 2371 345 2635 1540 234 846 961 1564 1294 1215 2835 1652 472 414 2213 1684 2075 1828 1520 2255 1988 2614 2619 2481 1615 2675 1264 651 2834 2340 46 2298 2158 2801 2266 2231 2063 685 405 641
000138.jpg,1802 2688 1880 476 2720 669 1766 1596 387 1199 956 2503 2476 2623 1797 1280 761 2348 2562 1525 2643 1083 2725 2188 2464 582 1907 1866 2498 1560 2263 2404 1084 2168 759 744 609 2442 229 732 2197 1032 2060 644 2608 1602 1726 1227 2115 2313 189 546 1702 2182 1858 236 244 214 474 941 1933 2751 1458 43 1911 1616 2425 1697 620 1515 1889 661 181 1098 909 84 1882 506 2678 1536 300 398 1188 957 636 2457 565 2109 2572 2153 205 1183 1170 468 1260 1214 1768 171 1844 2079
000139.jpg,2441 1434 2827 310 695 1693 1785 1176 132 983 1743 182 832 2547 2656 1103 1999 95 1535 2112 2040 1298 1228 1257 2149 2190 824 940 1343 1004 2737 576 617 1478 954 1971 1760 364 2745 279 596 2202 76 949 1685 2700 424 818 693 88 1334 75 1224 1900 2447 1561 2016 1712 149 63 1795 1091 2651 465 251 1856 2566 1786 2111 2701 1773 2129 683 1590 1265 469 119 341 2240 198 926 1333 2546 2368 1169 2381 960 1928 1383 737 751 1838 1748 1722 2804 2497 1818 2180 2021 1714
000140.jpg,2529 2298 2371 1925 1982 2833 1445 1159 879 2139 913 1684 2092 1360 1619 2266 234 264 2158 317 1572 557 226 352 1238 1520 667 1129 1815 665 267 349 638 2481 1009 46 958 30 1630 969 787 1291 2455 2635 2399 1366 1411 17 2727 1863 1539 1258 428 1514 1571 143 2138 1540 1270 1939 1446 810 892 1338 2460 2213 1324 273 600 641 1373 403 1440 1803 1242 2100 1816 697 1 195 1025 1355 888 1629 2633 573 2576 718 2776 891 1698 71 1167 1660 2484 2215 2412 2403 1294 1694
000141.jpg,2819 2479 849 2500 152 1532 2283 1563 2193 2181 2099 2119 1827 354 330 2552 1708 1896 458 238 207 2365 1003 587 313 2052 1376 81 734 2557 1111 1339 2250 711 602 2059 2370 505 1967 2674 1635 390 1475 2681 464 1543 2237 2236 1680 28 175 61 726 633 2025 108 2742 1917 503 2527 484 1281 705 2191 225 523 2199 1706 2177 1050 456 1875 296 356 799 131 2716 872 927 847 1117 1317 999 1746 2689 1441 455 1008 1314 1755 120 92 1787 192 1955 2322 1912 216 2534 1262
000142.jpg,2558 899 1126 2135 165 2736 2766 1463 2741 1937 2728 2813 447 1076 137 1606 146 2248 2435 1055 2258 1212 2639 2382 1944 948 1874 1056 2294 1185 2393 2286 2511 1134 1639 725 647 246 1899 804 1464 1841 1547 2220 2526 1777 692 2506 494 686 2057 2825 482 2207 1223 1935 1825 1130 2292 2305 2580 442 362 2319 1942 2708 2427 864 329 1452 722 994 1439 2041 2569 79 2499 1067 491 2051 2842 939 2438 2440 140 2068 2665 1931 274 2037 2683 1408 1868 677 598 271 2719 508 608 526
000143.jpg,1444 1544 2439 2767 2628 2352 2707 1649 1054 169 2837 1381 1623 2836 1218 2241 1640 1993 947 155 1422 1840 1658 305 1860 440 1663 2272 1328 194 51 1679 201 1617 1782 2309 439 2721 1261 562 2815 1316 1051 1965 2713 645 674 712 64 1307 900 2826 2433 735 1437 563 2556 1416 48 2133 950 1468 1752 715 1948 2011 1569 260 2023 2076 445 1096 2650 611 1897 965 134 1775 1496 1878 559 2312 100 1123 1586 2367 1636 231 2270 1486 2631 1796 2732 2545 1148 2817 1386 1901 188 978
000144.jpg,1643 776 2293 353 585 624 1754 2361 1162 1477 2400 1949 2353 413 640 755 2325 2520 2463 224 276 2003 1173 909 1415 1093 196 1696 2342 1954 2421 701 1225 781 910 1674 110 347 479 222 174 738 1226 592 1625 1352 377 703 2081 40 233 1960 1638 1976 2210 1666 351 2067 1504 1484 1219 1835 1436 409 1038 15 985 1206 1736 2154 2410 851 128 214 1963 244 1222 853 1203 1337 1902 828 1819 691 1342 1866 2841 2047 1272 2107 869 384 308 1864 1074 2278 1729 2808 98 281
000145.jpg,1477 2170 2361 1864 1600 1819 1920 1415 2334 896 853 2462 2682 276 1041 2333 639 2647 2012 1049 1344 413 2150 233 174 2379 781 2154 2775 123 432 1835 2293 2353 2405 1949 624 15 882 381 1754 1038 1225 224 2729 1088 1651 1162 1245 1963 701 698 351 1643 1179 1657 1954 2421 477 1066 1423 2640 2325 9 353 986 2391 1367 370 1565 2410 1566 776 1508 479 1173 2291 1255 2047 1222 1154 128 2001 2400 2803 2083 839 2798 1757 1851 729 909 256 1770 1170 1958 854 1484 1519 871
000146.jpg,64 201 2721 439 1860 1640 1965 48 562 1490 1453 715 155 2309 100 1901 2713 1316 2272 305 1569 51 1496 2815 2556 1658 1422 1051 1218 2628 1381 1096 1416 2376 2352 2241 747 1054 2826 1148 440 1840 2433 1617 1993 1444 1948 231 194 2088 1782 260 2836 563 645 2439 1307 1468 1649 611 1544 900 559 1636 2545 2023 2767 735 2631 950 2076 2650 1679 1261 674 2069 1623 1123 965 1319 978 1752 2312 1328 134 2707 1796 1437 769 906 168 1878 2652 2732 1788 1663 2034 1586 2011 169
000147.jpg,493 280 133 548 1792 1580 2418 1861 57 2125 2672 1758 2374 2174 1930 2184 746 2327 1664 2581 1234 2456 228 689 242 687 2198 1457 210 2332 756 1724 1859 2039 2229 1947 801 976 1575 1193 934 1665 1877 1392 1551 884 704 150 1375 2659 1765 170 2155 2356 514 2838 158 656 2662 2694 1887 842 263 859 793 2187 2740 421 857 1348 77 1292 570 2703 1358 82 294 185 2739 1576 2123 2321 588 1276 1675 1542 2004 1350 814 1279 1229 1776 2189 2461 366 2206 2468 438 1494 1345
000148.jpg,1545 2389 2817 2528 2411 1407 4 1926 1644 221 2790 943 626 1102 1624 2367 1656 817 59 2270 2300 2832 2082 1202 547 987 1934 1752 312 1405 1386 188 1146 611 635 1319 1737 556 1796 645 2044 1799 85 283 950 2501 2069 2631 860 2045 1788 1489 562 2721 992 2023 1993 2837 1895 2515 2707 305 2011 2352 826 1544 900 1328 1710 613 1437 1640 51 2477 1417 2046 1701 197 1636 169 1584 2439 1569 947 1552 2312 1444 1468 2424 715 1316 970 1362 1261 155 1029 489 2309 48 1381
000149.jpg,1552 1895 2482 1362 2753 1029 1897 2676 645 74 2045 770 2631 258 2724 1489 1253 606 2044 1320 2389 2034 2367 2501 769 178 4 1848 860 1158 197 1701 2735 626 168 1627 2646 463 911 2270 2755 675 2046 59 2419 1584 1788 2010 2707 1190 1775 2375 1586 219 1417 992 2732 2800 833 161 1202 1710 2011 2307 2574 2544 2344 1428 2082 2411 415 2626 1405 497 173 1545 1407 2528 1934 2300 2007 489 817 109 1386 635 1414 2670 1796 2837 433 2553 2287 188 486 1146 2084 2023 950 622
000150.jpg,2171 2810 2043 2591 2841 2666 1889 2230 1487 1605 335 1953 650 924 851 2216 1931 1702 1188 732 1797 2056 2502 214 2751 1536 2351 2816 2182 1318 620 1221 1596 1214 2346 2197 45 2823 2678 2348 2278 2807 1891 1083 1602 1603 2160 1768 181 2567 1397 1726 2263 1515 300 2526 1171 1144 1139 2168 476 1696 1882 1556 2404 40 1458 1723 759 1232 1687 1093 1426 909 1744 6 636 953 1898 2620 1866 844 1217 957 1260 474 1960 1703 1922 5 2608 1227 2109 509 582 2079 1683 22 1288 2498
000151.jpg,427 2108 554 2074 868 208 823 1599 2163 289 1510 1628 1890 460 595 1562 2668 437 2415 2568 172 2217 2587 399 176 2636 1717 571 199 380 72 73 1793 731 2009 979 2469 2227 1085 1047 429 555 142 453 2786 1699 292 2126 1492 2577 1888 2829 2122 2423 760 2274 340 2380 302 1553 21 1430 743 78 1065 332 2267 1023 2722 177 2747 694 536 1808 901 2679 2655 681 401 1241 1233 2029 1784 164 2098 156 121 893 1155 1089 930 2078 1398 417 2629 1688 1163 1657 1160 1256
000152.jpg,2171 2810 2043 1487 1953 2841 2591 2666 1188 924 1889 650 2216 335 2230 1605 214 1602 1227 2502 2197 2348 2751 2567 1702 1603 1221 1260 2404 1214 2816 2160 732 620 1139 476 971 1596 851 1797 1171 2056 759 1318 1217 807 411 1866 1515 2182 2346 2678 45 1726 2109 2351 181 2168 22 1083 2263 2807 956 1536 2823 2278 309 2498 669 957 909 300 333 1556 1703 1744 1363 2079 922 2643 1044 1907 334 1315 2620 2562 1768 1288 2476 980 953 1397 1696 2726 844 636 1916 1922 1931 1364
000153.jpg,892 969 30 2727 1925 1619 667 2298 1684 1025 127 913 46 2576 1324 2524 2340 1445 2619 1 2104 2709 557 879 1520 1159 638 352 2481 1863 226 143 1355 1815 160 697 2455 1366 577 2635 2371 1338 317 1939 787 2094 1078 223 1982 2595 1167 1242 273 2833 2013 264 798 1629 2529 1549 2363 1421 1540 1816 2266 386 1270 2092 2460 2717 958 1009 342 428 718 1295 551 147 1122 1514 2138 795 2100 1440 195 810 349 888 150 2139 71 1530 2399 405 2158 472 2273 1622 1807 2385
000154.jpg,395 529 962 2579 572 2504 328 2644 101 1230 2323 374 2759 766 1801 754 2238 364 1798 545 2277 1394 2242 789 1839 2381 803 1561 1928 2066 215 1847 2149 714 251 2656 2040 1558 1513 1900 2784 436 1035 1166 1213 898 757 1427 1207 581 1087 341 1883 737 989 2409 1161 596 2113 1728 2756 1971 1228 135 1333 1115 1178 2546 240 2178 2022 1389 304 926 949 1257 2114 1533 310 1343 1951 1306 2737 1334 1137 2497 1818 2413 1357 63 1175 1091 564 1785 2540 2566 2510 485 967 1773
000155.jpg,1524 1803 1629 1811 226 1355 1059 551 1167 1863 267 147 342 262 1509 2403 888 71 2444 1291 2266 1939 2431 1520 2727 2710 1238 127 203 814 160 1078 1373 798 2013 2094 1445 2371 1025 2709 1530 1735 667 2595 1258 2468 472 1539 428 1295 891 1807 991 1159 810 1324 859 2226 1421 2175 403 2541 2783 2385 1514 2339 1947 2399 1619 969 511 2092 787 2776 2771 913 2481 2740 1 665 2731 642 1572 385 641 1630 577 2271 1215 846 958 1814 706 2662 1360 537 1440 154 17 2340
000156.jpg,959 56 1909 1761 2156 1613 2394 105 1946 2150 530 861 1806 1321 123 2793 2331 1709 2570 1098 1260 1337 808 1495 1567 923 2042 2049 301 1638 2342 118 2032 1002 1237 1981 567 882 7 2252 1676 908 1742 43 2416 1604 1415 1736 2423 2006 612 975 1145 1602 1764 710 662 1963 1808 1179 2450 664 1739 1239 542 1688 2658 320 1953 2792 1565 971 1367 174 243 1910 829 2196 1000 2618 2328 2782 2067 571 1853 144 2083 1510 743 660 2064 1566 869 172 763 698 2452 2249 2459 2682
000157.jpg,1773 1795 2827 2441 1693 1971 1513 1257 1161 617 1743 310 1685 1353 1786 1333 2242 1228 1785 1847 1883 2546 2700 2149 983 2113 1213 2178 95 2437 132 1115 1176 2040 304 766 364 1561 2737 2066 1760 182 149 2022 1900 949 251 832 63 1434 989 2656 1343 1427 1999 1535 954 1019 436 658 2238 485 1298 695 2021 2000 940 789 926 341 198 215 240 1091 1346 1672 2381 2542 1103 75 2784 2190 1558 1166 2540 119 564 230 2787 1818 1712 737 2547 2673 1996 1106 2409 2489 1559 1928
000158.jpg,924 335 2591 1487 2230 851 1889 953 2056 1471 1232 620 2346 45 2841 2182 2278 1318 2351 1536 1605 1364 1083 2807 1891 1702 181 1515 2160 2442 2810 2197 476 761 2522 1703 1797 2168 732 1768 644 40 2612 42 1726 2171 107 1866 844 2666 1214 592 1596 2404 2498 2386 636 1363 2216 1458 214 2571 2678 957 1960 1744 1488 2751 1288 6 1104 1953 2567 443 2502 300 2079 407 759 1183 2643 333 1898 1671 2348 2620 5 1907 1177 2550 1188 1171 1507 661 1064 2048 2720 909 650 1696
000159.jpg,1874 2728 725 2558 165 2435 1223 647 2766 2057 1825 2207 2639 2741 2135 146 1055 494 482 2506 1130 1944 899 2319 1940 1841 1212 2683 137 447 1899 1126 2813 2294 2248 1986 1777 1463 939 2291 1076 1937 692 2286 1606 948 2736 2220 2258 442 2292 598 804 1439 1639 2305 2526 1134 722 2719 362 686 2499 1464 2051 2393 2436 246 2704 2511 1056 1547 1185 2825 2382 204 677 329 1931 2665 2708 2580 657 574 1433 646 79 2569 1962 2598 116 2068 2183 2037 485 1067 2438 1733 2744 1935
000160.jpg,264 349 837 1009 1122 46 2455 195 2833 1815 1338 2092 1698 2139 2529 892 741 317 17 573 2801 1925 2412 1159 403 2269 1520 797 2298 2399 1446 1982 2371 1238 2484 1735 1360 2584 1278 642 600 1445 352 641 1409 1411 1291 1619 2158 234 2223 1994 299 2253 1350 1571 958 1684 1112 1258 1572 1 1776 2635 638 913 2576 810 1622 787 428 2731 1129 1373 2215 2189 2616 577 2834 1814 267 2486 1630 2590 1095 665 667 1270 2100 846 2271 969 1440 2213 1589 656 307 2771 414 2717
000161.jpg,1145 612 935 2679 1910 2747 2342 571 2098 2274 468 585 1085 1729 1023 208 1337 1806 335 1808 2775 2083 2096 1963 325 453 1953 1550 586 2587 624 2009 2636 1163 755 2841 2335 174 121 1249 177 1903 595 460 2156 1047 2452 1757 1027 1688 141 99 2512 1736 172 1858 1436 1415 1162 1352 2122 2829 630 1474 1150 2795 908 988 2570 1556 1764 72 1510 1093 2535 955 724 1588 2571 592 1521 36 2293 2230 666 2071 1605 1132 2404 1740 1065 214 1625 2249 1098 2109 745 1717 8 2750
000162.jpg,1994 573 1446 1618 1409 642 2372 1338 2223 195 2399 203 17 961 317 1698 1294 349 2253 1622 2100 1571 2138 2412 2338 2635 1630 46 1540 1258 846 1009 1095 307 1360 912 1112 2834 2269 600 2063 1837 223 616 1812 837 2486 2340 1129 1270 1684 234 741 892 1 591 2801 2481 2215 1264 352 1201 665 1122 1278 2619 1572 1520 2213 264 2835 2246 1828 2648 2298 2255 345 1181 1615 2371 2484 958 1629 1445 2781 891 1564 1607 90 1925 2530 1982 2473 2139 577 2529 1815 2131 414 996
000163.jpg,1525 1371 1113 1659 2572 1380 582 1183 45 1205 1280 6 1911 2514 1083 1482 1084 2448 636 2386 2168 2115 2522 1882 1198 2720 2359 2109 1726 2623 1616 956 2210 1251 1536 2080 2464 2474 609 2247 661 1170 2263 398 327 2761 2048 1933 40 1462 546 23 466 762 1591 2278 1960 1515 1768 476 2086 2706 300 285 2725 2222 2442 1458 244 1226 2194 844 270 946 851 1687 98 407 1318 474 498 196 1603 1221 1802 669 106 1880 1400 776 1144 1570 1488 459 2807 1697 640 2030 2678 2421
000164.jpg,2186 1765 2473 1234 2456 1724 2461 1196 2330 366 746 1034 2174 2004 1664 859 588 2327 228 1575 1191 1861 976 583 570 706 2672 2321 77 2229 294 1539 2460 2662 1930 2710 1279 2739 656 795 1665 1792 287 1392 537 210 1350 2226 1081 793 1276 885 1776 1580 1877 57 797 1358 2175 1542 2581 1229 1193 756 242 548 2694 857 2418 1811 2332 1043 1122 1072 2363 2184 1457 1939 1375 720 1758 798 158 470 263 493 557 2189 1514 801 704 1440 2206 2094 2820 2431 2339 2517 2548 130
000165.jpg,1726 1797 476 620 1596 2678 1889 181 1702 1083 2278 1515 45 2720 2498 1866 2168 2056 2263 732 844 2182 636 1536 2823 1960 40 2522 956 851 2810 2348 2591 300 2448 609 1260 644 398 1768 2442 957 2562 1318 1696 2643 214 335 1458 1602 2197 2841 2725 2230 5 2464 1880 1487 1183 1953 509 909 592 6 2115 2457 2608 761 1802 1188 1214 2351 387 661 582 924 2503 2109 759 2476 1638 2171 171 2807 1093 762 2188 1616 2404 2751 669 2346 2761 2160 1882 1064 2386 2079 1907 1364
000166.jpg,2579 962 328 1394 714 545 2644 572 529 461 135 754 2323 1207 766 2277 395 898 2238 2759 101 1230 374 2504 1801 1928 1087 1976 1728 2472 2066 1798 1847 2413 1213 1903 141 1597 1839 757 1166 1513 1883 2381 2072 177 2242 1065 2409 558 2295 1389 2113 789 2055 1550 1427 1561 2784 426 1333 1689 1558 1631 1984 477 496 1804 251 2546 1161 2122 569 2022 1306 967 2779 596 1228 63 1035 2178 2143 1150 1175 1163 304 1448 1132 1900 232 2829 1533 2679 401 2029 536 1250 193 634
000167.jpg,1567 1237 1981 1909 446 1613 1604 2796 1301 662 2140 1058 530 1546 2049 1290 1367 1321 2156 118 2349 451 2252 2357 1518 2219 311 631 2064 2282 1239 1566 937 1119 966 394 2452 528 982 1621 1179 1384 875 2117 2609 1977 2416 7 1879 2596 2682 923 2618 1894 2328 2658 1495 243 709 2559 1742 908 921 2491 808 567 301 151 887 1002 2543 763 2793 487 1017 612 1210 2042 975 1739 1791 1851 1271 959 320 2310 2089 945 25 579 257 186 2318 2150 2458 1920 2304 1105 2085 698
000168.jpg,1926 2790 1545 221 2528 1624 2300 817 2411 1644 2817 2389 1407 1656 943 1752 4 1146 2367 1102 1202 626 59 1934 2082 312 2832 2270 547 188 1386 1737 987 611 1405 1319 556 283 1796 2069 635 645 826 2515 1993 1316 613 2501 860 1489 1437 2011 2631 950 85 51 900 562 2044 1417 2837 1895 197 1636 2397 1640 1328 305 463 1799 2424 1569 2544 2545 2046 1544 911 2721 1788 1878 1381 169 2439 970 2045 606 1029 1552 992 1710 1701 715 155 2200 2477 659 2826 2840 1046 266
000169.jpg,530 1604 1211 2049 1301 975 1909 2658 1613 451 1058 446 662 1742 631 2796 7 311 1384 875 2243 2282 1237 1567 1370 2349 1518 2416 1119 2310 2140 2609 2064 966 1210 1290 2793 301 1981 118 2065 2843 243 2006 567 1614 2519 1017 2252 487 2452 1142 1331 528 25 921 2618 2660 1673 607 579 2304 1913 2357 937 982 394 1739 2219 355 1105 151 320 2559 923 908 1791 887 337 1271 1002 984 841 513 519 1978 1174 2257 2696 774 1516 1554 1879 2792 186 1455 1769 808 855 800
000170.jpg,2647 639 1583 1920 1579 515 1352 1415 841 2682 945 9 1154 1729 1977 1063 492 998 2195 1657 1864 174 928 222 2293 624 1179 2252 2459 1470 1367 2775 1791 1128 1667 1851 1651 1769 2147 2778 2333 1504 1368 819 1819 118 869 910 1770 567 114 1219 2491 579 2416 2170 2218 2361 952 2379 1239 2792 1566 1354 1162 1263 2488 1762 748 975 1209 1578 930 2400 875 1949 1625 276 808 1210 2334 1565 701 919 233 2304 517 413 2042 2081 432 2487 955 1477 2391 311 887 1531 1958 2154
000171.jpg,1749 240 1447 376 789 1513 60 1483 1304 1178 1804 483 1469 16 2784 1161 1672 1137 1773 63 695 614 1847 1333 1353 95 2547 1019 1087 1535 1298 132 44 757 251 2408 2149 658 1996 1427 310 1928 2546 2656 754 954 576 824 967 1883 1795 1743 1558 2058 1990 1693 714 2178 1176 1971 1231 596 1091 2409 2441 1166 1685 983 1343 1999 2827 727 1228 1213 1361 1115 2422 2504 2785 1389 304 2540 2579 2737 2700 2190 2040 1394 2066 1103 88 2566 2022 1300 2523 1898 2381 2224 1004 1269
000172.jpg,1218 1640 2836 2628 2272 1444 155 1965 2076 1307 260 1782 559 51 1051 1840 1658 2815 1054 440 305 1649 2088 2133 563 2767 2826 1381 194 201 2439 1796 2352 2419 2721 1860 747 134 2652 2732 64 674 2556 735 1316 900 906 965 1544 645 1261 2309 1679 1496 1948 1437 1468 562 950 1993 2713 2376 611 439 2433 1096 1486 715 1208 1636 1623 1663 169 2241 1901 2034 100 2650 1617 2069 48 2545 2837 1878 1123 1416 978 659 2011 1569 1752 1328 2046 1453 1490 1148 1586 2707 231 947
000173.jpg,655 331 1127 455 1262 478 2236 999 1706 2765 1274 245 1475 1912 139 2280 464 1024 356 726 1282 1756 2173 209 2794 1568 2062 1655 2406 239 1929 2025 296 1008 786 1831 467 1789 2301 1378 1281 2232 363 1780 838 1438 408 484 108 1273 1932 1755 1118 430 471 1317 1662 52 125 2531 456 89 2429 2407 1648 927 758 1124 822 1248 1335 534 225 2316 1875 418 2053 2137 216 1472 1967 1011 2465 2505 788 2611 61 390 552 2059 389 295 192 2244 2594 113 1781 806 1481 1003
000174.jpg,244 2152 285 1949 1221 13 6 1603 1113 2677 1541 851 1139 2502 582 270 40 1754 2109 1371 1525 2514 2386 629 2421 640 2761 546 222 334 2841 909 776 941 2210 84 820 1659 1205 2572 2115 1744 2048 956 1084 1591 1504 214 398 353 1272 2726 2030 1768 281 2567 2691 2348 1643 1458 323 2474 98 2162 1960 1882 2278 2203 1602 1183 298 196 971 106 1536 1400 1616 2197 1436 2503 1251 750 1515 2612 1687 1171 300 1488 1198 1263 45 2355 1570 372 275 2047 2359 2623 1380 2520
000175.jpg,64 439 2272 1860 201 1316 1640 2309 2815 2721 155 2713 1569 2628 1658 1381 2556 1496 2352 51 2767 1965 1416 48 1218 100 715 2433 1649 1901 305 1444 562 1096 1993 1782 2836 1948 2707 1261 1544 563 194 747 2439 1051 1054 1897 1586 1679 1840 2826 2650 2241 1453 1617 1623 2545 1490 2631 1307 2837 169 645 2034 440 1328 1422 1663 231 900 2376 497 674 1468 947 1437 260 1123 2023 559 1796 611 168 1752 950 1775 978 2076 1878 1148 2732 1362 1486 965 2755 2312 1552 2133 712
000176.jpg,2182 732 1364 1277 2160 335 924 1768 2550 2197 2841 2591 2612 1104 1515 300 851 2230 1507 1797 1221 2567 214 407 181 104 1536 1898 2386 2620 2056 45 2162 1702 909 2666 1458 40 2401 582 1487 2768 2810 1605 1687 953 1139 2351 1171 1866 2751 2726 1083 1232 1922 1744 1397 205 2203 420 2521 148 2688 5 1556 2571 2503 650 2079 1318 2705 644 2080 2498 1669 1591 1214 956 2171 2048 476 2502 2109 42 1691 2216 1088 1199 2522 2608 669 1251 1064 2263 1907 510 844 1738 2043 1227
000177.jpg,1785 1298 1228 1087 1434 63 1019 2546 1257 182 1176 1971 2547 1333 2656 545 132 2827 1535 695 954 1343 596 310 2149 1166 1213 2040 1928 1513 2737 2112 1137 251 1999 1743 2441 1795 485 1685 95 2178 1847 617 1004 2066 1334 1693 1389 149 1115 304 2016 1760 1161 949 1712 1773 1394 1786 2143 1590 2111 376 1103 2022 1558 374 898 824 1561 2408 2381 2113 940 1427 1207 1749 983 1178 714 2504 2700 1483 1265 76 101 634 213 789 614 832 1883 2072 364 1447 757 24 1478 465
000178.jpg,2377 1424 1017 1119 1498 535 257 1079 1527 605 519 2219 338 1516 937 434 2243 1992 2087 717 1894 186 336 392 1290 406 1779 1455 1466 248 1518 2843 709 94 870 365 446 2549 2763 921 610 2006 1850 1040 1546 2064 1133 1131 1385 1913 1384 1966 852 2282 648 2697 1604 2788 2519 774 908 811 1301 320 1739 1142 1634 1094 2417 1794 144 855 1138 1613 410 631 2830 2609 253 2492 773 1325 1309 544 800 538 568 2341 2596 1731 451 530 673 1174 1020 1978 1007 1670 1936 662
000179.jpg,1898 558 1683 1945 135 1321 232 2413 2295 520 2566 407 861 1728 2058 2785 757 213 2096 935 761 1098 19 1631 2562 2555 2156 2638 1689 1722 777 1621 1597 1766 80 426 2408 1383 1914 1719 754 1931 897 60 1533 856 1448 997 2523 2645 1296 2720 2317 592 2507 2450 1269 967 424 1495 1889 695 1632 2354 1804 1727 189 540 834 1093 2756 1596 783 96 1304 419 34 2615 1996 1999 2823 2591 2277 2153 2188 2472 1535 1801 1858 1231 1265 1343 1449 1987 43 1907 310 1844 2024 184
000180.jpg,2691 1371 1458 1616 2359 1882 398 1084 1525 2623 2115 244 2572 956 1280 582 2303 298 98 2503 23 2514 1911 2263 1426 1960 2761 275 2086 1144 281 1380 327 117 546 40 1080 1659 851 2494 2464 2726 1198 973 1515 1083 796 1205 474 636 2210 2725 1462 609 236 6 2751 1744 45 2457 2620 2197 2348 1768 1285 285 2386 669 1536 2608 690 509 2109 2168 2421 1170 20 1726 2203 909 1687 2443 1697 844 1221 1226 2706 621 1183 498 2194 661 1139 214 1866 1591 2678 1596 1400 2030
000181.jpg,1019 1631 757 1087 2178 545 1996 63 1394 2546 1161 1213 1513 2066 304 2113 1228 2111 1333 596 1115 1785 2547 1898 614 2022 1971 132 1298 1389 2523 2785 1847 1801 2827 1999 1091 1773 949 2441 658 2242 341 1561 1727 1343 695 95 1178 2737 376 407 2114 34 777 1795 2422 374 2040 1447 310 1683 754 1176 230 1300 1353 1483 576 714 1685 1883 540 2759 88 1137 1257 1558 898 1914 60 564 2555 395 2180 1928 2381 483 293 926 1749 1103 2072 727 149 101 135 1535 789 251
000182.jpg,240 1513 483 1161 2784 789 376 1847 63 1087 1749 1804 1178 1333 2546 1928 1353 1883 1019 1304 757 1773 1298 2178 1483 1166 658 1213 695 714 1389 898 1115 1971 967 2408 754 596 2066 2409 1447 1228 2504 1996 1137 2547 304 251 2579 95 614 2149 545 1898 954 1685 328 2656 1207 2113 2022 374 727 2422 1394 310 1300 1558 2523 132 1785 16 60 1469 1672 1535 1427 1999 1951 101 213 1795 1561 1343 2058 1801 1091 529 149 2566 2323 2759 2242 2700 572 1361 341 485 395 2072
000183.jpg,427 142 2668 555 1890 429 554 868 1492 901 2029 2217 1562 802 1793 2415 2163 1888 1599 2568 2423 1065 2074 289 1256 2380 332 1699 1085 1628 453 2267 1430 417 21 73 536 2108 62 2122 399 437 1033 1163 2679 2078 380 743 681 176 460 1553 177 1398 78 2786 2829 199 1393 823 2274 1510 2384 2009 2451 1236 302 2743 72 760 731 1903 292 2636 121 208 340 1717 979 2227 2469 361 401 1023 1089 36 193 1686 1233 172 595 2126 694 2587 1588 1808 1047 597 2577 1784
000184.jpg,2305 79 1067 722 2665 1076 2511 2813 1639 1547 1935 1126 2068 2766 2286 1055 165 1464 1463 447 2728 246 2294 2558 2319 2248 1185 1134 692 146 2736 2382 2393 948 1777 686 1937 2435 2041 2292 2427 140 2825 494 804 2037 1868 2207 1944 994 1721 508 725 137 2499 2598 2625 1825 329 491 1998 2741 1130 647 526 677 1452 2719 1899 2440 442 864 1677 2436 1874 2506 2438 1056 217 2135 2708 350 2445 274 1606 1876 1771 1940 1942 1223 1962 1473 2220 2569 899 682 619 2580 2258 608
000185.jpg,2243 717 2492 774 2519 1142 2830 855 1466 1573 338 1174 800 1581 1498 1966 1913 673 1094 678 1936 1020 1309 1969 2560 730 593 1424 1850 2251 2417 2006 1511 1040 336 1442 2196 2697 610 2788 1243 1005 2516 1634 2005 881 605 2364 435 2746 1946 253 2290 1068 821 1526 2730 2064 2151 2087 2377 1311 2549 921 1325 535 248 2299 257 1992 1131 749 1379 2680 1794 1739 105 937 112 94 870 1783 2658 1778 1613 568 2219 538 337 975 2416 7 1968 2782 191 1133 2843 1742 1370 1585
000186.jpg,1810 249 202 1012 2509 2728 627 1944 2558 1055 1001 2766 1056 447 1876 1406 2435 1075 165 1825 1874 2207 2294 1721 1212 725 146 67 2583 2350 1606 2825 1076 137 1899 1473 1439 2708 1937 1463 2382 2121 1223 899 1464 948 686 2135 2813 2286 1639 2224 2393 2248 2741 93 1590 2057 2736 1185 2744 1777 598 482 2183 2143 2809 1986 2258 1868 1841 494 677 1130 692 1265 2719 804 1733 1126 12 362 2580 24 1731 1940 2305 2438 1725 2390 2639 2051 2319 2511 1547 2292 742 520 140 1529
000187.jpg,1873 2716 2789 2237 235 507 890 367 552 2265 2306 1314 1823 2770 877 216 1003 2191 633 326 1461 503 1111 1955 771 699 1008 2552 162 2365 412 602 1756 2527 2181 2819 2062 120 2597 2557 81 1967 1635 1156 1302 390 1164 2681 324 1050 1317 1774 553 963 1941 1143 2689 139 2594 1281 740 1099 1332 316 456 587 129 2764 1746 2693 2144 580 705 1062 1974 484 1708 1472 561 1917 159 2774 68 2773 1097 200 1912 872 1117 2105 1438 1500 2177 1293 2592 31 1650 1704 799 1923
000188.jpg,2792 1791 567 118 975 2711 1470 7 1354 2328 2065 819 887 2793 1531 945 875 808 1667 1210 1271 2416 919 1977 639 151 1854 1583 841 1742 2252 2349 311 579 25 1578 982 1209 517 2491 2459 748 1367 1970 2658 513 1769 2394 337 227 1851 2304 530 1211 382 528 1179 2488 2049 778 2225 2778 566 2618 928 816 1585 1909 114 2310 1651 952 998 662 916 930 2559 923 2026 1579 1770 2796 1239 1370 1154 1063 1657 1528 1604 512 492 1566 1808 1155 2042 1613 2097 1100 1368 1404
000189.jpg,1487 2109 2197 2404 1953 214 476 2168 1188 2591 2442 2216 335 2567 924 661 1556 300 2841 1227 1889 922 1602 1603 2056 829 1171 669 2230 2522 2706 971 1703 22 2188 45 1671 2498 644 2816 620 2249 1214 856 1610 957 1015 333 1661 1596 1283 609 1363 759 1153 2348 1260 1288 468 744 1866 1605 592 861 1083 270 1318 1139 2562 2751 1515 2079 2278 894 2476 2313 732 2810 1221 2571 851 309 2720 761 1702 2182 909 956 1726 2464 2508 8 2688 2160 2425 1744 2222 636 181 2141
000190.jpg,1444 1658 2836 1782 1054 1381 1623 1649 1679 1328 51 1840 1663 2439 1544 440 2628 1640 2241 1218 169 1617 2707 2837 712 947 2767 64 1051 715 1261 1569 2352 735 155 2721 305 100 1993 1422 2815 2076 900 562 194 1965 48 1307 1437 1796 674 2545 1316 201 2309 1860 2826 645 1489 1710 1586 1416 1096 2034 439 2272 1417 1123 134 445 1948 559 1468 1636 2011 497 1752 2023 1584 2713 563 2433 1045 965 1486 2652 860 978 319 1775 611 231 992 1878 906 950 2312 260 1901 1496
000191.jpg,2713 2433 1453 2309 1316 2545 1901 2034 1490 201 2721 100 562 1496 439 2376 715 1569 2272 2826 305 1860 48 1640 563 2556 155 51 1123 1381 168 64 1965 1796 1658 2650 1416 231 1948 950 645 1307 1878 900 674 1752 2815 2439 1782 1218 1096 2352 747 1993 559 2628 2836 1544 1584 1437 1444 1486 769 2023 2088 1468 1051 2367 1649 260 1897 611 1261 978 2631 1617 2082 1840 1054 2241 1319 1362 712 188 497 1623 906 134 1586 1422 2419 1148 2270 1386 992 2707 1710 2837 194 2817
000192.jpg,195 352 1571 1445 2223 2139 2092 1698 1341 405 1349 912 2100 2372 2833 2269 2226 2138 1338 1684 2298 1964 166 2738 969 600 264 2635 1982 2576 1630 1540 1815 1618 642 1215 2801 1607 913 414 1812 2399 616 317 1360 2835 527 716 573 1572 1009 2455 1446 1622 1258 1025 1828 17 651 2246 1264 2266 787 638 2529 2185 41 180 237 1520 2208 2692 1925 837 958 1994 961 2484 810 2131 1549 1837 299 1409 345 1587 1294 1939 1095 892 30 2253 1619 537 1270 262 2616 1355 273 1122
000193.jpg,2401 2612 1336 2160 1013 335 2591 1364 45 2230 1251 2522 2197 1315 2056 1277 2079 644 2442 2386 2807 2831 1363 300 1318 1104 1283 1365 1064 2182 785 1171 1891 2571 1727 924 1232 1108 856 1487 2841 1907 1214 1556 762 407 2141 1669 2705 894 2816 922 1536 309 661 1768 96 333 1605 1507 1744 851 1288 1632 1217 953 2620 2168 42 1083 1661 2666 2048 2216 1227 2555 2550 1889 2278 2604 22 2554 732 1221 2567 2404 2188 861 214 1515 1723 2498 1703 6 2526 2810 2351 2162 2751 2760
000194.jpg,1125 2777 1753 1842 18 2772 2077 2478 1834 70 951 2663 2504 2510 2 297 431 101 990 572 103 578 2015 502 2818 601 1323 1252 2784 2066 1213 2644 1759 2113 364 789 2579 1230 2238 766 2561 1798 2759 962 1847 304 1166 529 1333 2022 1186 1235 1161 395 1928 2323 1513 2757 1391 522 436 1413 126 1228 688 1951 2656 1883 1558 1115 1900 215 2040 1801 1845 2242 1035 1908 251 2624 803 240 2496 2409 1306 754 250 2601 2314 2178 369 1175 2149 10 545 2756 2054 1905 1390 1938
000195.jpg,379 1014 1713 1116 2036 469 751 1601 683 1459 2281 1714 818 2202 1194 2745 1476 2605 1748 2651 1192 39 1224 2804 1856 1482 1838 2780 88 2630 693 1950 2345 2699 2288 2190 1169 279 2621 1091 1818 1743 87 1940 1693 2240 230 2080 541 198 1538 357 960 1836 187 576 2493 2368 590 2586 902 1919 940 47 2447 983 920 603 1357 2166 2733 2297 2211 564 1805 926 2106 737 2637 95 1832 775 1410 2209 2347 2684 2275 373 777 371 2033 321 2441 1382 2525 676 794 2020 832 993
000196.jpg,79 722 2766 1055 2665 2305 2294 2068 2511 1067 2286 1547 1944 1076 140 494 2728 1868 447 686 2558 2319 1935 1463 1126 165 2741 1777 137 2580 2435 1452 1185 246 1639 2813 1899 2499 1464 2248 1937 692 146 1134 2393 1606 2135 2736 725 948 2382 804 2207 2292 1056 1212 2825 2037 994 1825 2506 329 526 1721 67 864 1130 899 2427 508 2057 2041 2598 274 1874 608 1940 1473 2708 1223 2625 442 647 1876 2440 2436 2719 1962 1677 2258 677 217 2842 1998 2438 1986 1771 598 204 845
000197.jpg,1444 2707 1649 947 1054 1623 1544 2628 2767 169 2352 1679 1663 2439 1381 2837 2836 1218 1261 1658 1993 1328 1840 1782 155 1640 51 2815 194 2272 2433 1468 305 440 201 1437 645 900 1860 2713 2309 950 2721 439 1775 674 2241 1316 1965 1051 2556 1417 965 445 1496 1416 562 1307 1752 2011 2270 1897 1617 2367 64 1586 1948 860 715 2826 1796 2389 1545 2133 1489 611 4 712 563 1123 1096 48 2076 1710 735 1422 626 2023 2732 1569 497 134 2312 559 1552 992 2650 904 1202 168
000198.jpg,1227 922 2810 924 1487 2197 2216 2043 1188 1953 650 2160 2591 2171 2666 1277 1171 335 1364 300 2841 214 1556 759 1315 2401 476 1221 2567 2751 2230 2168 661 1605 1214 807 2612 1363 2182 2404 2705 1288 2056 309 2079 45 2571 2816 669 333 1744 1251 2351 1260 22 1284 1015 1108 411 620 1763 1456 1703 971 1139 2620 2442 2502 1217 122 980 2831 1603 762 1283 2118 2522 1044 1866 2726 2348 2109 829 42 2141 644 2162 1602 1515 181 2807 1892 2526 2220 856 2688 2261 454 953 732
000199.jpg,2611 2406 1317 1715 655 1127 1140 1961 1648 2402 1780 1216 643 331 618 449 2765 478 390 1395 363 1972 1273 1187 1635 1967 1472 786 721 2316 2017 2053 2236 1756 200 2698 1274 159 1026 1912 2061 1282 2774 1335 2531 999 49 1921 216 1500 1024 1097 1124 113 1781 1037 1647 430 1465 1787 580 1141 2173 344 2311 2164 1692 2465 2505 2398 1248 1021 326 1378 2565 726 2794 805 402 753 108 245 1941 1048 1293 455 1143 1843 2669 654 131 2062 1662 125 2812 671 2467 1003 1050 1475
000200.jpg,1306 2409 1175 2000 1559 1106 1451 1928 1798 1951 1361 485 714 2149 1213 1166 1561 2054 2072 572 2656 2066 1558 962 1394 803 1207 251 634 2113 2381 1353 2644 1115 589 1333 898 1161 2759 395 2320 1883 727 529 2546 1513 646 989 1786 1230 1334 1847 215 2323 1971 1149 789 2579 1427 564 24 2022 2673 240 2533 2784 2172 2242 286 364 341 436 2787 2504 581 614 737 2143 2324 29 304 426 2178 658 1773 1389 766 1087 293 1257 1839 1357 1228 101 374 707 1900 2756 545 754
000201.jpg,1444 1054 2628 947 1663 1649 1544 2836 1328 2439 2241 1679 1381 2707 1782 1623 1658 2767 1840 169 2352 1261 1218 900 2837 1051 1617 440 712 2815 1640 51 735 1993 1586 674 2272 497 2076 1307 194 965 1796 1775 645 1422 747 1437 1486 2034 1468 2721 305 64 1316 155 563 134 559 445 201 48 715 1948 1710 1045 2545 1552 1965 1569 2309 2735 950 2367 2433 860 906 904 2133 1489 1416 2011 2606 1123 2376 1417 1878 992 2312 2652 562 2826 100 1860 2419 1799 439 59 611 2713
000202.jpg,1524 1803 1811 1059 1629 551 226 888 147 798 1167 2727 1355 127 342 262 154 2595 267 2403 1863 1509 2444 472 2013 2266 667 2740 2094 814 2431 1373 160 1421 1078 1520 1530 1238 1735 2783 1291 2371 859 2468 150 2710 1025 1324 1295 991 428 2385 2709 203 1947 687 2662 891 71 2473 1539 641 1807 385 1939 2548 1814 2541 1445 577 1861 1159 706 2184 1619 2771 1 1375 1258 2731 2321 2776 1043 403 1348 537 1514 2340 1575 2175 1580 795 2339 697 287 2749 511 2226 2481 2092
000203.jpg,2197 20 167 1458 924 2623 2751 2726 2526 476 2608 236 1200 1744 1227 2162 759 909 669 1907 205 1892 732 1882 2810 244 275 1084 1931 1866 2182 214 1911 956 181 1171 117 1188 2691 546 2348 2263 2168 1214 298 2303 1221 582 1797 1697 2567 2503 807 1170 620 454 2220 1083 1217 1536 1933 398 1687 2591 2841 285 621 661 2160 2666 2760 104 1960 1702 636 650 171 6 474 2404 2386 1525 1487 2620 411 1771 45 1284 2791 1080 851 23 2807 309 1456 2268 1318 1280 2086 2494
000204.jpg,1860 439 201 64 2309 2721 155 2815 1218 1901 2272 2352 2628 1640 2767 1444 1649 1316 1381 1658 2707 2713 1569 715 100 1261 1496 562 1993 1965 1679 1054 1623 48 51 305 2556 1416 1840 2433 1544 2836 1096 194 2826 1617 1453 1782 1328 1051 1948 2439 2076 645 563 947 1307 2241 440 1490 1468 900 169 1437 674 1422 1663 747 2732 2837 978 1897 965 134 2631 1123 231 559 611 1148 2650 2545 168 906 1775 2133 1796 1586 2376 2034 260 2023 950 1878 2312 1752 2652 1486 445 497
000205.jpg,1569 2545 2034 64 2433 2713 747 2272 100 1584 48 439 1316 2556 1640 2023 2721 2650 715 2352 1496 51 201 1051 562 2755 1416 645 2309 1490 1965 563 2815 1796 194 1586 1453 155 168 1218 1552 1658 1096 1948 2826 1381 305 1860 2628 1878 1901 2376 260 2241 2088 2289 1261 497 2631 559 950 231 2367 1782 770 258 712 1649 611 2732 2836 1897 1444 59 1320 735 1307 900 2045 1422 1799 906 1123 197 1752 2133 992 1993 1636 2011 784 2439 1486 1840 626 1362 2389 2767 674 659
000206.jpg,1321 1098 1495 2156 1865 396 56 908 1910 1761 2032 84 2342 941 2450 115 189 1995 959 571 43 2627 1002 2060 1189 2249 1709 1880 1638 1337 1750 229 1987 2083 2188 2677 2570 1621 861 2140 2093 1858 2750 755 2458 1806 2507 2049 2089 1044 530 1808 99 2645 1736 301 1387 1249 1688 1802 38 815 612 1676 468 763 1742 997 1239 1199 1145 2404 2562 2452 151 957 2476 924 2423 966 2720 323 172 1487 1963 2047 2153 1904 2278 42 2786 1567 2274 2512 2201 808 1766 2394 1604 214
000207.jpg,1987 1880 1866 2060 189 1199 476 2348 909 2450 1729 1260 2476 1766 956 1797 1638 183 1802 2249 1736 387 815 2156 592 481 214 1696 2425 1726 196 1602 2498 181 2210 229 1596 1657 1337 1702 1933 1188 571 2188 959 732 2263 620 285 1093 411 2720 2182 1170 2081 1098 761 2841 171 2404 1032 2643 2678 2823 585 1910 669 2503 1889 43 2342 1227 2688 2278 42 1280 2562 1560 2083 1088 506 752 1515 924 957 759 1643 1960 2464 2169 1858 1953 2346 2623 40 2567 820 1415 1471 2508
000208.jpg,1343 1561 310 1394 1298 962 2656 1535 2566 2323 1631 695 1087 2112 2547 949 1004 395 1928 2737 529 1334 499 2441 2149 1689 132 1801 596 1228 614 2827 95 1207 2143 374 803 545 1103 1839 1798 634 757 2381 824 2040 714 341 1137 1166 2644 1176 1945 940 1999 754 485 2072 898 1434 1749 1728 1743 1333 1178 232 135 2277 2546 1785 63 1175 24 576 364 465 1269 983 251 424 2408 1533 1693 1538 520 215 2409 1213 737 101 1513 617 1558 1971 436 1847 426 1035 954 2190
000209.jpg,1567 2252 1367 1058 2140 2796 1179 1981 1604 1909 1237 1301 1239 118 2049 2682 1566 2328 446 530 1578 311 982 1651 1613 1977 662 1879 2349 2491 2357 394 875 2097 2452 1742 1555 1210 451 579 2089 631 2224 1518 639 2416 841 887 2310 763 2537 2065 2333 945 2117 1791 2282 243 1290 2225 2459 698 1470 923 1321 1271 528 2596 1579 808 2507 1920 959 2064 666 567 7 2488 151 1906 1368 2642 1851 1688 599 1211 966 2042 2446 500 975 1384 1119 2156 1808 2747 1621 2792 2267 2609
000210.jpg,1934 1656 2411 2501 2528 1617 2044 188 51 1405 1644 1993 1381 987 305 2836 635 2439 2817 221 1782 1658 1422 1752 2790 1640 943 562 100 1926 1386 2545 900 2241 715 1840 1102 1544 1569 1796 2300 556 155 1202 1624 547 312 2389 712 440 169 2721 611 85 2837 2011 48 2826 2082 201 1679 1316 950 645 1319 2367 1444 2832 1649 1623 559 2309 817 4 1663 1328 1054 1437 1123 59 1218 1029 2713 1788 1407 64 1307 2034 1901 1636 1545 439 2419 2433 674 1552 1878 2270 2046 463
000211.jpg,484 2053 1124 2236 1317 1037 1715 2301 758 1475 1967 2407 390 2059 1008 389 1662 1395 1635 2429 501 125 1912 1465 2017 1026 780 788 799 653 1568 354 2557 314 1756 927 2687 363 1831 1220 2531 430 503 1021 1755 2244 628 1787 1923 847 2765 356 2193 1050 1789 456 534 2232 753 2611 1730 1648 786 1143 633 2370 805 1024 2099 1062 1827 2052 2119 1704 2693 1281 129 602 1127 324 455 1875 2681 2398 1917 580 108 2062 2181 1282 2806 471 1297 1563 840 326 2283 296 2715 643
000212.jpg,1889 620 1702 476 1797 1596 181 1726 1083 732 957 2591 2498 45 1866 2056 2182 1515 2278 2810 1953 2678 2720 2643 335 2230 300 2168 2841 2263 844 1696 2562 2404 1214 2171 851 2348 1536 214 2346 1260 2442 2823 609 636 1960 2197 2448 2725 2608 644 40 759 1768 2522 171 956 924 398 592 1487 1318 1458 5 1907 2079 1602 509 1638 387 1188 2476 1802 2351 909 1880 2464 2751 2160 1093 2807 1766 2188 669 2216 2503 2115 1556 189 1736 2457 1858 2109 2567 582 506 661 1882 761
000213.jpg,1350 1776 1191 706 228 656 2662 859 2321 1542 1575 2332 2739 756 287 720 885 1457 77 857 2590 797 1229 2229 1877 2694 1580 1358 1043 1861 1122 185 349 976 884 958 801 2327 2155 746 366 2455 421 2123 263 1196 1348 2298 1030 158 2206 1551 2672 2092 1792 2330 280 1193 264 837 82 2456 2797 2127 2039 2385 892 210 2529 1930 1086 798 1765 793 470 787 299 2461 2619 2833 704 2125 1445 2184 638 2659 2541 2727 1716 1276 1814 1619 2139 1009 1925 577 2271 438 1576 969
000214.jpg,2059 484 455 464 2236 1262 1706 1568 2232 1475 2301 456 1317 1912 390 1662 1274 1008 2173 356 1755 389 1281 2407 1282 1967 1024 1127 2429 999 726 471 89 758 1039 1756 1050 331 108 1635 296 2765 1831 655 1438 927 1655 1503 139 805 408 2531 2099 125 1789 2025 1932 822 2053 1124 354 838 1875 363 840 1026 587 799 245 239 2062 314 534 478 2693 430 786 216 2674 418 2244 209 31 225 2137 1929 330 2634 2193 2715 1378 653 1037 2465 2505 806 1465 162 2017 2794
000215.jpg,1113 2514 1371 1659 1525 2448 1183 636 40 1205 2210 6 2572 2109 45 2520 2115 1198 1726 1226 2522 582 2048 1616 2278 1083 1170 1280 1911 270 2168 2761 377 1960 1536 844 1380 2263 398 2464 851 776 2386 23 640 476 609 1591 956 2720 1515 1882 1638 466 957 2678 1768 2421 327 1754 2706 1318 98 353 196 2623 2247 2086 828 1933 946 285 661 1251 1038 1482 281 1084 1144 2047 1880 2359 1603 498 2474 1400 1488 2725 1802 1426 516 1949 1570 2807 620 2222 1687 244 1458 909
000216.jpg,702 1107 1830 1908 1310 931 284 848 903 1340 2471 1512 1114 1720 2601 1254 1821 835 1845 768 65 502 1767 250 1608 2624 2388 2276 1975 297 990 522 578 103 126 688 39 1323 1235 1180 420 1759 2630 1818 2288 581 2757 2315 2281 684 1372 1391 70 1557 2768 926 2622 1413 575 1035 1397 1186 475 564 2297 2561 1832 1916 2620 2510 2347 737 2521 1459 1014 1748 218 2754 1842 18 148 1357 2203 1016 1390 2323 967 2644 2346 240 789 1091 2586 2159 2612 2345 1691 1801 102 1984
000217.jpg,2409 1166 1306 485 1928 714 1798 1207 1427 251 1175 1558 1951 2072 789 898 2579 2540 1213 572 1513 962 2504 2381 803 2066 364 215 2113 1115 727 1847 1230 2784 2149 436 1161 1333 589 1451 1561 2143 1361 658 1883 101 2656 240 1087 766 2054 989 2546 1228 1353 1786 2238 2323 1900 529 634 614 374 304 24 2040 395 1149 426 328 1334 1394 895 93 1773 2644 2178 646 2022 2759 1137 545 1389 1257 2242 293 1597 2320 1971 2324 1590 1535 1178 310 2000 2756 1106 754 2021 1839
000218.jpg,1067 217 2427 2068 2511 2813 1463 722 1547 2665 246 79 1076 1639 2248 2382 2041 948 1464 677 2393 1937 686 1935 1134 2617 1185 2305 491 1777 692 44 682 2438 619 140 2598 2625 16 2286 2736 12 2766 447 2825 974 2037 526 804 2308 165 94 1126 274 1868 2569 2319 1469 1592 1130 1452 2712 2445 2292 1483 508 994 1998 2435 1962 2708 2558 1223 1986 376 1677 2294 1606 1874 329 864 2257 2499 2696 608 1771 1892 1055 2728 1614 1593 2719 360 2657 1725 137 2436 2440 494 2135
000219.jpg,2672 1234 1765 2456 588 2174 77 1724 1792 706 583 1664 2327 1191 746 1350 859 2321 1575 2739 1947 798 885 263 2460 1542 2184 1776 1861 1580 1421 557 976 1457 801 2330 287 133 1877 1229 1081 228 2363 127 1196 2473 2581 2694 2662 2229 1982 493 1811 687 1193 656 1930 160 879 2710 795 2332 226 570 577 57 2418 1939 1440 2127 1122 1358 1539 2013 1078 1497 366 814 756 548 280 797 720 2709 2444 210 2431 2820 857 2186 2094 147 667 1925 2187 2298 1619 1551 386 242
000220.jpg,1470 1667 819 1791 887 945 2328 2792 118 1531 567 1585 2778 639 2459 1154 492 2491 1354 1977 748 841 2575 808 114 1210 1179 875 919 2647 1854 1579 2488 579 928 930 2711 2416 1578 1367 1851 1657 2065 998 1770 2349 1209 311 566 2682 1368 1583 2618 1769 2379 2723 515 7 1415 982 2304 517 1651 2559 1239 1566 1063 382 2793 778 2026 1958 2170 975 2252 174 1528 25 923 9 227 873 2042 952 1729 432 1642 916 763 2803 1128 2380 151 1565 1271 3 2195 1352 1920 1970
000221.jpg,2152 13 244 1525 640 2443 2677 2572 1272 1139 1371 2355 2691 1084 2115 941 1380 543 1643 629 2688 909 1280 98 1570 2359 84 2502 298 956 1515 1949 5 582 2567 546 1911 971 796 980 1754 2109 205 2210 1697 1922 281 117 214 334 1221 1603 1285 2514 2623 1171 2593 2348 2421 2464 1267 2706 669 1973 2726 1616 1882 423 1519 398 2751 844 1591 196 2303 776 2474 2030 2841 2162 851 2197 43 946 300 1744 1038 850 1768 1866 2671 957 2503 2761 285 1205 387 1541 1198 1884
000222.jpg,30 1939 1514 969 787 557 667 1863 1445 879 638 2481 352 273 1619 1539 1 2266 892 1925 958 71 2298 810 2094 1242 127 1982 2371 1520 2271 46 226 1355 1324 1803 665 1167 1360 1540 2524 2619 2340 2460 1816 147 317 342 1684 143 1159 2104 160 551 1630 2517 2013 1811 1078 913 1025 2727 2529 1258 2595 1572 2213 2833 2138 2139 2576 2385 2776 1270 1341 1366 888 1629 685 428 1815 17 234 1338 1607 2710 2399 2092 2226 798 2635 1530 1524 2444 2363 1069 573 403 795 537
000223.jpg,2113 2066 1115 1213 2178 2022 2546 304 1333 1175 485 1513 1847 1161 1389 63 1951 1019 1353 1306 1087 1228 1883 658 2143 614 545 714 1785 1773 2409 1561 898 1166 789 1558 2149 1207 2784 240 24 1798 572 1971 251 2504 2242 727 1928 2656 1300 1394 1230 2072 1795 101 634 374 2579 1685 2040 364 1298 310 596 2759 589 2238 395 529 1257 962 766 2737 2381 1343 949 1427 1334 803 328 1786 426 215 757 2024 1743 2827 436 483 989 2000 2323 341 182 1434 926 2324 737 1137
000224.jpg,536 569 1268 1132 193 2055 121 988 1588 1023 2090 2122 1047 1065 1089 177 141 2747 401 2829 1903 2098 2274 694 2029 429 453 460 1793 2577 1890 1628 1241 1562 2587 417 2163 731 554 1784 1085 555 816 427 208 760 571 1155 1150 72 2786 2679 1699 2636 2668 1430 1404 1888 142 36 1717 289 868 680 461 135 2469 666 2108 1145 1808 823 1510 1553 2126 595 477 2009 62 2779 1163 156 802 1431 332 1492 2217 172 1160 1550 1100 2655 2415 380 1976 2380 1688 599 2537 2568
000225.jpg,1338 2138 352 317 2100 405 1812 600 1630 1622 665 2635 591 2835 2246 1360 1964 2619 2298 1572 1684 1828 616 2614 414 1270 1159 2481 234 1258 1698 892 912 2372 1025 2139 2399 195 1815 1242 1 913 2371 1349 1520 2213 2833 2223 1615 2131 537 1540 1618 1982 642 667 2266 46 961 2486 1837 573 1445 638 1994 1587 2340 846 30 2466 403 2338 2412 1925 223 1564 237 2727 2524 1341 1294 2253 2576 527 1607 1095 1009 958 2455 1069 41 891 685 1215 2092 1355 969 651 1619 2801
000226.jpg,1389 1019 1513 1213 1087 63 1161 2066 1333 1847 2546 2113 714 658 898 1178 2178 614 1207 2022 240 1115 1353 1394 789 1228 1300 304 1804 1773 2784 1561 727 545 1558 1175 2072 596 1883 2409 1971 376 95 483 1951 1928 485 310 2149 1306 1483 1091 2242 213 2408 1672 1749 2547 1298 328 967 572 757 1996 251 1166 1785 2024 132 341 16 2523 1137 589 2579 1631 2737 695 1898 949 1447 426 1743 2759 1795 374 2040 2656 2381 737 1427 754 2504 2441 1727 1535 395 1343 2054 564
000227.jpg,636 2168 45 2278 6 476 1536 1183 398 2048 1083 1933 1458 2761 1318 661 270 2514 2522 2448 2807 582 1960 2386 1726 285 1170 2263 1768 1525 620 2194 40 1371 1882 956 1659 1911 181 732 1638 1251 1797 2720 1280 1591 1113 1205 2623 1198 546 2197 1226 851 23 762 1400 957 2442 2572 2109 300 2503 1866 2823 466 1702 609 2841 2115 2141 2678 1084 2086 196 909 1515 844 2210 644 1596 669 1687 2056 1616 1221 2261 1064 1144 2725 1260 244 1488 2831 1736 2450 256 2474 2464 2359
000228.jpg,757 2178 1999 304 695 1087 63 1228 1019 596 1945 1685 1898 232 1631 2546 1343 1298 1513 2233 1785 132 1996 310 614 545 1333 2111 520 754 949 2566 2827 1394 2022 1161 1137 2113 540 2555 135 1847 2441 2737 2547 2066 2112 1213 2254 1773 1558 1091 149 2192 95 213 341 558 1103 1004 1727 1801 457 1734 101 1176 2408 1749 1728 1795 88 1561 2040 407 1971 1883 1928 714 426 2242 1535 374 182 2504 954 1683 1166 2785 1693 1231 658 2489 499 1115 766 2058 2422 1389 2784 1207
000229.jpg,1125 1753 2777 1842 18 1834 70 2772 2478 2077 951 2663 2 2510 601 431 2015 990 2818 2504 297 1759 1252 578 572 103 101 502 962 2561 2579 2066 2757 789 1323 1230 2784 1798 1213 2644 2113 1951 1166 364 1390 522 688 1928 1306 1235 2409 2496 2323 529 1847 126 1186 1333 1175 2238 2622 766 1391 1557 1413 395 1845 767 1115 1938 1558 251 2759 1161 1908 2624 2022 240 315 485 304 1035 369 277 1513 803 1883 436 1443 2656 215 1833 714 2601 1900 1228 1389 2314 1427 2054
000230.jpg,747 2272 2545 64 2713 2034 100 1569 1316 2433 1051 48 563 201 439 2556 2721 715 1453 1901 260 1496 2309 1490 1860 2650 1416 2826 1965 559 2815 1640 1218 194 2352 2023 2376 1584 1096 168 562 2732 1307 1948 51 2076 1261 2088 305 2241 1796 155 735 231 2755 906 2628 1878 645 1658 1123 2289 2133 1486 1381 1782 978 674 900 1649 440 712 1444 1617 1840 659 258 784 1422 1148 1586 497 1054 2439 965 2652 2836 134 2419 1993 1437 1328 611 1544 1679 2767 1552 950 1468 2045
000231.jpg,1552 1029 1362 74 1897 645 2045 2676 1253 258 2631 1701 1895 2753 463 2482 2735 1848 1489 1158 770 178 2419 1190 860 2646 906 1428 2755 606 2007 2732 1627 992 911 319 622 219 675 486 2044 4 2574 2724 2670 2626 2270 2307 197 1710 2800 1320 2480 784 2515 2046 2011 626 2133 1788 659 415 2544 833 2034 1151 1046 1417 1586 2707 2337 2389 2035 2287 155 1796 769 1584 2397 1405 59 445 51 1737 900 85 2088 2837 1414 1468 2528 1388 2477 1313 497 109 168 283 2344 2367
000232.jpg,2823 2562 1880 761 815 1802 1889 1596 2678 1987 1726 2464 1797 2720 476 1188 1766 2457 1638 2404 957 924 2450 481 2725 636 2060 2623 2188 609 956 1616 592 2278 2348 620 2263 1866 644 2216 2168 2197 2442 1515 1602 2476 1702 941 1083 1536 2115 1907 189 509 2498 844 411 2627 2448 1318 506 1280 387 1260 1227 214 2083 1736 1487 5 2810 43 1032 333 2153 1882 419 181 1199 42 2056 582 669 851 2608 96 1844 2572 2425 661 1170 1960 1910 732 40 2182 2313 2109 396 2591
000233.jpg,1791 1470 1667 118 2792 819 887 567 945 1531 1585 2328 2778 639 1354 919 1977 748 808 492 841 2491 2459 1154 930 2304 1583 975 2416 2575 928 1579 875 1210 1209 1657 2065 1179 2647 579 114 923 1578 2488 998 1769 1651 1233 2711 1415 1367 1854 7 1770 2349 380 2682 1851 1368 2618 311 437 2267 2380 1599 515 2793 1958 2252 1352 1729 982 174 1528 2074 952 566 517 2293 816 25 151 2723 1063 1566 2379 2559 1864 1271 2064 2026 1920 1742 528 2658 2108 361 73 778 432
000234.jpg,1801 757 328 395 2277 1513 1847 754 596 1727 1728 2784 1161 1996 1394 529 2058 2579 374 1087 2178 2242 2759 2504 2066 789 2644 63 1749 101 572 545 1178 1898 1333 2323 1561 2555 1230 240 714 962 2489 1213 1304 95 2422 1207 304 1883 1846 1804 341 2113 898 1228 2022 614 1928 2238 766 2547 2656 1839 1019 967 1372 2149 2546 2192 1389 1631 1137 1971 695 135 1773 2523 1798 576 1734 2233 1091 1427 1785 1558 1300 2381 1166 2785 310 1945 2409 251 1115 926 1353 2040 737 426
000235.jpg,2130 348 550 2769 2454 179 2649 2050 518 480 2714 2538 1045 1369 1870 925 26 712 524 59 735 1092 1552 1983 2574 970 2241 1172 2564 259 1453 219 2375 2840 1710 1490 2544 977 2148 2034 74 2376 1328 992 168 489 415 1897 1362 1799 48 197 1386 2082 2482 1051 2732 2010 2676 645 1901 2545 2433 1788 2046 2650 100 2023 559 1584 1569 1151 2419 674 497 2755 747 2817 1752 947 2084 2045 1422 1486 817 2367 1316 439 1158 231 1208 2011 2076 2631 2501 563 2200 173 1895 1644
000236.jpg,913 1925 1445 2371 472 1025 2833 1619 1982 1159 2092 2635 1366 2139 551 1815 879 264 1520 195 969 2455 892 2529 342 317 1572 352 46 2727 1338 667 2266 2298 1684 1059 262 1540 1258 2100 577 127 1698 273 226 2340 1009 1167 2138 1629 147 1 2223 2576 888 557 1341 1360 1571 2481 2633 1355 1807 403 160 665 1863 1078 1295 1238 638 1939 2399 234 1622 2801 2486 1660 1803 1816 267 2403 810 814 2269 71 787 30 1509 1242 414 1539 2607 600 428 1440 1630 1607 17 891
000237.jpg,1882 6 1221 582 285 1744 546 2726 334 1661 2691 2474 2502 244 2359 1603 973 1659 1380 851 661 1371 2162 1462 2194 275 2109 820 1183 1687 2030 1084 1400 1541 298 1911 629 1205 2197 1536 2168 956 327 1525 1458 2677 2152 2386 750 2807 300 1591 117 636 2623 2706 2593 2761 40 2514 644 2222 23 2620 1285 2494 270 1139 2705 2261 2688 1083 1488 971 13 281 1768 45 807 1570 1318 372 650 790 2278 2571 398 1251 2303 796 2567 1922 1267 2442 1949 669 647 762 2048 2572
000238.jpg,1361 2054 1451 727 2000 293 2409 789 2149 2787 251 1558 1672 240 1427 485 658 1389 1306 1178 614 2540 1513 1773 1693 1115 589 2656 1786 483 1175 564 1149 1951 646 1804 737 63 1535 1483 1161 1333 1928 1798 436 373 1300 1019 2546 714 1346 2320 310 1166 215 1743 845 95 1091 1213 376 926 1847 1559 1353 364 2381 1818 1561 803 2072 2408 1120 10 989 898 2021 1590 2040 1257 1106 291 824 2395 29 44 1971 2066 2737 581 1334 1207 1087 832 2784 2533 1298 76 1900 341
000239.jpg,1145 1023 2098 1047 571 2587 2775 2747 1510 2452 2108 208 908 612 2829 2122 935 1729 460 2227 1249 141 595 1550 2274 1002 1337 1903 177 172 2537 164 1065 2577 1415 979 2679 2640 624 174 2722 340 156 2055 99 2786 666 2636 1808 2668 453 554 332 488 1717 72 2089 536 2096 2750 1033 1872 2156 823 121 1562 959 417 1321 2009 569 2451 401 1418 1686 1688 2642 1163 355 1266 1910 1858 2071 2795 176 597 599 886 2029 468 1085 1160 2090 2342 1239 2655 2512 694 1070 2384
000240.jpg,2354 2615 2320 2756 1849 1149 1535 2533 967 707 1451 1269 119 1804 1361 29 1448 2021 2408 1867 634 1296 286 2172 1334 80 2656 426 310 2000 1728 789 2409 1558 2673 215 803 2149 520 1231 1346 1719 1383 1798 436 24 2413 251 1106 1928 1689 1693 2566 1786 1722 1984 1559 1597 364 2381 714 754 1427 2390 1478 2054 1561 564 1091 2143 989 232 2024 737 213 1529 1306 2323 291 2784 2072 1166 1743 1818 1945 832 424 1207 2638 1178 1971 19 293 485 91 1538 240 898 2546 341
000241.jpg,482 2057 939 1223 1874 494 2220 146 2291 1439 2719 447 2051 2766 2704 2435 864 647 2639 598 1942 2728 2319 692 2526 2037 274 2499 2183 994 1055 1056 2558 574 2625 526 1944 1949 1931 677 2741 1771 1126 1408 608 2825 1899 1777 271 2440 2292 508 2294 2813 2736 948 1185 2506 1433 1937 477 804 727 1677 2438 646 2569 1892 442 2382 2708 2393 1076 1175 485 1463 1721 2683 725 246 2421 2248 165 686 1558 974 2427 1639 1998 329 2436 2286 682 1876 790 1134 251 531 491 658
000242.jpg,273 557 969 2460 2104 1982 30 2363 1863 879 1242 127 2013 1167 1445 667 147 1355 1514 2524 1619 1324 1925 1939 2266 1539 160 1811 352 1816 2444 2138 2298 2371 2481 1078 2576 1803 2595 1366 405 226 638 913 1025 1341 665 2226 2094 2139 317 2833 1684 2619 1607 1530 2614 787 1159 2529 697 1629 71 143 958 1520 2213 2710 1360 577 2340 1069 1440 1630 1540 892 1572 1480 428 2092 1509 1524 685 414 1 342 46 1964 1270 537 2820 2468 1828 1258 2633 1815 810 551 2709 2635
000243.jpg,767 1842 277 18 2496 2532 1125 70 1753 2663 1834 951 2772 2777 990 2 601 2478 2077 369 211 578 297 2510 1323 2818 1759 431 1418 126 1413 502 1391 1938 1989 103 250 2702 1186 688 1845 65 2686 1252 684 1975 2015 2757 2314 1443 1833 1747 1235 2128 2624 2601 2315 1767 2276 1720 886 1821 1460 461 315 2471 931 1114 1686 889 417 1519 597 768 1608 2622 1908 2096 1065 2561 1390 1512 2671 62 2388 522 1557 1916 935 284 848 1764 1980 1035 531 475 2346 1340 2384 2644
000244.jpg,2272 1948 1316 1051 2556 1416 1496 2815 1649 1096 2628 194 2352 1218 1965 201 64 1860 2309 1640 1054 1658 2721 155 2767 2836 2713 715 51 305 1381 1444 48 2826 1993 2433 1307 562 2439 439 1782 674 2545 1569 100 1544 1261 2707 900 1840 1586 169 978 1437 1901 747 950 1679 563 1148 645 2837 1123 2241 1623 2034 440 1617 1752 2650 1663 1468 559 2652 1775 1422 965 2023 1897 1796 260 1878 611 497 2732 2367 1486 947 231 1453 735 906 2133 1636 134 2076 2376 1584 2088 2312
000245.jpg,673 774 2492 1442 1966 593 1094 855 1040 1969 717 800 1311 2697 1936 2243 1142 2830 2788 1068 1511 1850 338 1466 821 2417 2519 1020 1498 1309 2516 1005 1581 2196 1573 1243 1174 2290 2560 1526 1913 2251 730 2730 435 2746 678 1794 610 2364 1325 1424 2299 605 881 749 2151 2087 1968 2549 2377 1131 1783 336 1992 1634 2006 2005 191 2680 112 870 1379 535 1110 1946 94 365 434 253 544 1165 2302 248 2064 1079 1133 2102 1527 257 1670 410 921 568 2095 392 811 1779 2219 315
000246.jpg,861 856 785 1336 407 1365 333 1907 2058 1013 309 96 1632 2591 2160 1727 45 2317 1927 1898 2555 2554 2522 2079 2401 1217 894 2612 2056 2141 1277 335 1214 2153 2197 1683 1889 419 2116 1104 834 34 592 107 1363 1703 22 2386 761 1064 2442 1669 2249 19 468 2566 205 1487 957 1318 1945 2404 1315 924 2562 1364 1458 1177 2751 1108 2567 1858 2188 1471 1288 2182 1171 1251 1283 106 1749 1596 2422 644 2523 2643 1083 232 2807 2408 1722 2414 620 1768 213 1536 1269 953 2498 2230
000247.jpg,1693 1434 1743 310 2827 2656 2441 182 832 1176 1760 983 2149 1712 75 940 2737 132 1257 1298 95 1535 954 1343 2021 1785 1786 2547 2040 2112 824 119 949 1004 198 2190 364 149 695 1971 1685 2497 1795 1228 1103 1773 617 818 2111 2615 251 1231 576 424 1999 63 436 1478 737 1856 751 1265 279 2408 88 1900 215 2546 693 2016 1590 2381 1269 1019 341 596 1091 1749 2202 76 2700 485 1334 1867 1427 1333 2745 2566 1014 1558 469 1087 2493 1818 1476 1166 1722 1357 683 379
000248.jpg,686 2766 1547 2511 447 79 722 2741 1868 137 2665 2499 1126 2393 1463 2435 1606 1944 2068 494 1067 2382 146 1937 948 899 246 2305 1076 2319 2294 1134 2580 1056 1899 2813 692 1055 2248 2558 1935 140 1464 2728 1212 2057 1777 2135 2286 2708 2598 1185 2842 1639 2639 2825 2438 657 864 1874 804 1223 2041 2736 2506 598 274 1876 608 1725 491 2292 526 165 329 1439 204 1452 2719 682 677 1473 97 2436 994 508 2051 647 1592 1721 1130 67 477 2569 974 442 627 12 2183 574
000249.jpg,502 2601 1845 2624 103 2471 990 297 1323 688 578 1235 848 126 1114 1608 768 1908 65 1830 250 931 903 1720 2276 1186 1821 1391 702 284 1767 1413 1340 522 1512 2314 1107 1310 1975 2388 684 1842 1834 2772 1125 2478 18 2777 1753 2077 70 767 369 420 1759 1916 1254 2663 2 601 1418 2346 886 2366 2644 2768 951 2015 1397 2510 2128 2757 475 277 335 1723 1557 1686 1230 1252 2496 789 1801 431 1891 1175 2622 597 395 2315 1989 509 2535 1951 935 2210 240 2504 10 2784
000250.jpg,388 1200 1061 1973 1387 1184 2132 2661 2791 1284 955 400 117 375 1502 1738 163 690 2303 2318 20 1077 2101 1286 1080 827 907 69 510 372 2593 1637 1199 621 298 1326 2179 1479 275 167 2014 1641 425 519 1456 448 2795 281 2494 2425 1560 2726 1015 2203 1610 171 1687 2521 2620 629 2268 2222 122 1979 1521 1591 2760 2677 236 2573 444 669 2688 454 498 1884 1267 2452 531 1227 637 2256 807 2567 1682 423 594 908 946 205 2085 1844 2476 104 1995 1285 942 2691 358 1419
000251.jpg,655 2765 2236 1127 390 1317 2053 1475 1124 799 1635 1503 1050 2531 1967 1024 1274 1395 331 758 2690 2467 1755 484 1715 2398 1021 464 805 1568 1875 1465 2232 389 2025 1037 430 346 1843 2173 753 1008 1912 2565 726 2301 356 2062 2316 1378 216 456 1282 455 2059 1262 618 1500 1662 2693 2017 449 1706 478 927 653 1941 2407 1787 2812 1789 1297 200 1026 1932 780 31 2244 2527 225 2611 326 108 159 999 61 314 786 1097 2715 1756 1011 1140 296 628 580 1039 452 1961 1376
000252.jpg,348 2130 2769 2454 480 550 2649 2714 179 1369 518 2050 925 26 2538 1870 1045 712 735 2840 1092 259 524 2574 1983 970 977 2544 2241 219 1172 59 2148 1552 1752 197 489 1328 817 2200 1710 2375 2564 1316 2817 1569 1422 1051 992 463 1453 74 1386 1146 415 2082 1788 2545 2424 559 1151 1624 1926 445 2046 1644 440 1617 2076 2084 911 1901 715 1656 645 497 100 2397 2300 1202 1490 833 1878 134 2676 623 2721 2011 2287 900 178 188 1123 312 906 2790 611 1796 1407 2626
000253.jpg,377 2520 828 2293 729 2798 624 1337 2578 2640 1173 1093 1219 672 2227 933 1415 979 1162 174 413 224 2828 1226 1266 2808 2325 2463 640 488 2047 2410 2483 1484 1638 1038 2083 703 865 1342 755 2342 1352 1374 1696 1249 2602 2539 2775 2361 1954 15 176 776 1263 1668 347 2003 2514 1074 1952 2729 1736 1835 370 1203 1729 2195 2353 340 2743 1225 2067 353 691 2671 1666 1170 1754 1949 1145 1864 256 853 2154 1429 2107 2210 111 479 585 2031 1222 222 1700 1819 308 713 896 1963
000254.jpg,2510 1230 962 431 1839 70 2644 691 1817 1035 2323 278 1881 1394 1074 1798 2589 308 496 2497 2107 461 477 1322 938 713 1250 395 529 572 384 2779 1206 1562 560 1740 1420 2214 1711 1263 1902 1501 831 1066 1412 136 409 854 1582 2463 944 347 1801 2410 18 2656 1027 2 272 1842 1957 1976 1747 2378 1820 479 995 2663 2149 110 1150 703 1700 1833 1938 714 2561 737 1443 803 1666 2384 2277 364 1241 2475 2762 1342 80 1686 1759 215 2599 915 1418 1654 1557 1984 2077 724
000255.jpg,1898 2591 2550 1487 333 924 2197 2810 335 1727 2171 2526 834 1277 1217 2160 856 897 2555 2216 1931 1536 1507 1449 1889 1907 2230 1214 309 1892 732 1104 761 1318 2043 2249 1188 407 2079 2841 1703 1288 1771 1683 2404 1315 2567 2058 2401 2182 1044 2571 2751 1013 1797 861 2807 1363 42 1669 1556 1768 592 214 1171 1605 2220 1702 2666 1336 22 1232 2816 2056 2351 2612 205 107 1200 1227 851 1677 620 1632 953 45 650 2162 474 181 2608 661 1844 1364 300 1283 2442 96 1891 1744
000256.jpg,2019 2536 764 2426 2284 873 2008 353 2018 719 2067 240 2336 2210 776 483 2146 304 701 1352 1773 2325 1471 2178 2490 2551 196 789 2260 2003 812 1513 1115 522 652 1558 1595 1643 2784 2361 1729 1246 2434 2546 540 1093 781 2754 2113 658 2489 1847 2353 2520 516 2247 2022 1161 2453 1883 825 2579 765 1173 1300 1745 2170 407 1136 2400 910 869 1696 2540 2504 2066 1289 1203 909 1359 98 2209 254 2561 1128 328 393 585 2405 276 1427 757 2585 2081 2759 233 998 1213 1846 564
000257.jpg,2502 851 2152 244 270 40 2386 6 1744 2761 1458 214 2841 1591 1139 1960 45 398 13 1603 2197 1515 844 2048 1768 2109 2726 2115 1221 1251 23 1198 2567 2203 1882 2620 2278 1113 582 2348 2612 2522 2807 1488 285 1605 971 1659 1602 2514 956 640 1205 2056 2162 1525 909 5 1171 2751 1318 2503 1949 1371 661 1365 1536 941 2168 2666 2572 1616 2442 2677 2691 84 636 1083 1272 1364 1754 546 334 1400 1866 2141 2030 609 1064 650 1183 300 957 298 1144 1426 1541 629 510 785
000258.jpg,155 2631 645 2367 950 1840 1993 1444 2389 2628 1544 1965 2011 1640 305 1897 2707 1202 1775 2270 2439 1860 1362 1468 4 2272 169 2837 2556 440 1636 769 1054 2735 2767 51 2732 2376 1788 1895 2713 1218 2836 674 1649 1381 2650 2721 2815 445 562 965 1623 2352 1679 201 1658 947 1752 1799 1261 1496 2088 1029 2069 904 1319 59 2133 439 2312 626 231 1663 1737 611 826 168 2477 2023 613 1316 715 134 1782 992 900 1552 2433 1489 258 2046 2309 770 283 1146 906 2241 194 1320
000259.jpg,1983 2538 518 1552 1045 1092 259 2130 2241 559 2574 59 550 524 219 2376 463 735 992 712 497 2419 1490 2454 2076 74 348 1788 2769 970 1208 1453 1895 1172 2714 2564 168 1328 134 1710 2050 2088 2840 2544 906 2482 2148 1486 2046 2375 2649 1362 1468 1422 2732 563 445 197 100 977 904 2424 415 833 1569 1897 26 260 1151 1799 179 2034 2312 925 1586 2011 48 747 1870 2650 900 440 2735 489 645 1901 769 1617 2631 1840 1878 2676 2200 2133 1796 1644 178 2082 1701 1051
000260.jpg,2044 188 85 987 2501 2411 1934 1656 1405 943 2528 2300 1029 635 1552 2817 2389 1407 556 1386 4 2515 1926 626 221 606 2397 1545 611 197 1319 1202 645 2790 1644 2082 312 547 1102 817 2724 2367 2046 74 2011 659 2270 1799 1993 2424 463 2007 675 992 1848 2133 2419 1190 911 2832 2574 59 2753 2375 1752 1146 1428 2836 2676 2837 2631 833 900 319 950 169 1624 2307 2088 1636 51 559 1422 2606 1417 2670 1895 2735 1788 2439 1796 2337 486 1381 1617 2545 1489 906 2344 1158
000261.jpg,2562 1596 761 2442 1880 609 2720 1802 1889 2725 2464 1515 644 2498 1726 2457 476 1766 2404 2056 1083 2188 620 1602 2168 2448 1866 5 300 387 2678 957 844 2348 1702 325 1797 45 2115 2182 1280 661 2522 2109 509 2197 2476 2688 2591 214 181 1671 2643 2823 43 636 744 1768 752 2313 2263 759 1556 956 592 924 851 2278 229 335 669 2571 1260 1858 1882 1907 1616 1183 1953 1318 1188 815 582 2508 2623 1064 1960 1214 2425 732 40 2230 909 1536 745 2249 1987 2060 2751 2761
000262.jpg,1017 1119 519 1894 1518 257 2763 1138 1516 1992 1385 773 1290 937 1384 1779 1527 908 1978 186 2596 2219 2377 1800 1007 2392 434 966 1301 1705 1731 2543 1495 248 1645 1455 535 2660 631 392 2310 921 709 1424 1707 451 406 1546 852 320 1739 1331 1871 2085 2458 446 605 1604 2282 1002 2262 742 1211 144 1498 2064 1613 984 942 1676 1567 2243 2600 2049 870 1237 607 365 99 2609 662 2318 1031 530 2145 2140 568 301 1133 1058 487 1239 94 1981 338 1131 2102 2087 336 648
000263.jpg,45 2522 2442 1083 2168 644 661 2056 2807 1251 1318 476 2386 1064 762 1536 2197 636 2720 2048 620 1768 181 2278 582 300 1364 1458 1702 1797 1726 6 1515 2194 2761 732 2643 2498 1882 1596 2831 2160 2182 2612 759 851 398 2591 1866 609 407 1183 2263 2188 546 669 270 2678 1960 1488 1802 844 1889 2841 894 40 2562 2230 971 956 761 2688 5 1556 2623 2141 335 387 1602 214 1525 2448 1221 2079 957 1907 2725 2620 1744 1365 2503 1591 2608 2109 2261 244 2476 1283 236 2348
000264.jpg,550 518 2130 480 2538 2714 348 179 1369 2649 2454 1092 2050 925 1453 2574 1983 1552 2769 712 259 26 1362 1045 1490 1897 524 2544 2148 59 1901 977 219 2241 2375 1870 735 2840 74 1172 2376 1569 497 2564 415 197 992 48 559 970 100 2309 715 1422 1151 2082 2800 2419 445 747 1386 2433 2011 1316 1799 2676 1319 2545 2200 826 260 1051 134 1208 64 2289 2626 2817 622 201 2721 1878 439 2732 2046 489 1123 611 2088 2272 2650 2631 645 784 231 178 1644 817 1926 1328
000265.jpg,1946 105 1498 1613 875 2006 975 535 1210 2416 2243 2658 2064 1913 2377 1778 253 336 662 311 338 2793 7 2196 921 605 2349 2697 1174 257 2618 1969 923 1966 2519 1466 2788 320 2219 774 2304 2299 717 2492 1909 937 1585 800 1005 1573 2087 528 2559 248 1142 1894 1068 1511 1424 1527 2394 1936 855 25 434 1094 151 1040 821 530 673 730 2830 2290 2843 593 2417 1020 1131 1739 567 1325 2730 2549 1243 1742 118 1850 2251 2049 112 639 2746 678 1442 579 610 1634 1667 819
000266.jpg,1113 6 285 1949 2514 270 1659 1603 1205 1504 222 1371 2109 582 244 1525 1380 2386 1541 2761 2421 1183 106 851 40 1591 2572 1754 2048 2030 1084 2115 946 1251 973 45 2152 398 776 2194 1221 661 1661 334 546 2168 2474 1280 1458 2502 372 1882 1911 1960 2359 762 2522 298 353 2448 820 2841 1198 1083 23 609 1139 636 640 1462 2203 1536 1365 13 2278 1616 853 377 2734 300 2623 956 327 1226 1643 2210 1768 516 2291 1204 971 2167 2691 281 941 1400 84 2582 2677 482
000267.jpg,126 2624 578 2276 688 1235 1845 1114 1767 1413 65 990 1391 2601 297 103 1186 2471 1323 931 768 1608 250 1340 502 848 2314 1908 522 1830 2667 2388 903 767 1720 684 1512 1821 2015 601 2315 315 1252 702 1310 2663 1975 2 1759 277 1980 2757 1834 191 951 284 1989 1107 2622 1016 2818 18 1120 1842 1557 2518 2702 2772 2302 1390 211 1753 369 1125 1460 2532 70 1809 584 2583 2777 1147 1165 2685 2478 359 2161 646 10 29 67 1579 431 2077 2673 1905 2510 889 2748 286
000268.jpg,478 1141 2070 1248 1780 2406 655 245 1140 2316 331 113 1692 216 1472 1127 1648 2698 1972 200 1273 1026 721 449 1781 1500 1647 1187 1274 363 2611 430 108 139 2467 2062 2669 618 31 2765 402 1505 1216 643 1118 1048 344 455 1912 1961 1317 52 2565 1715 625 1921 2690 1143 786 2311 936 1598 2061 1438 1356 326 580 390 346 2398 1506 1156 1282 1756 1395 525 192 1008 471 159 2173 1335 1262 877 33 2280 1021 2465 2505 2402 2632 1746 1929 408 1704 561 2821 1097 1822 2025
000269.jpg,1773 1693 1743 2441 983 310 832 2827 1795 1786 95 132 2190 949 2737 1353 2149 1836 617 940 1176 1535 2437 1257 1343 75 1971 1346 1760 198 1161 2787 1513 2000 1672 293 2656 436 954 1712 824 1561 1900 149 2202 88 364 341 737 1685 1298 2547 989 215 695 1361 2040 1103 1091 2700 1559 2542 2021 2546 1476 1106 119 2497 251 1115 2673 60 485 2745 63 1333 1434 564 182 1228 2409 1818 1883 1451 1999 1427 2381 1004 2112 2408 1856 1019 230 1847 803 1213 1231 1914 286 2172
000270.jpg,755 2342 1145 1415 174 1163 1638 2747 2463 2775 2098 2274 595 1093 1023 2067 1736 2293 592 2636 2009 1510 571 1162 624 1808 1047 1065 1872 905 1976 1173 612 1696 1566 208 177 979 1729 176 2578 585 2090 2450 2823 2227 141 2798 2587 1089 1806 2679 729 2163 2107 1550 1266 1085 2122 2410 1688 691 460 1226 2829 1436 2640 2108 99 2083 1657 988 121 110 2786 823 1239 453 461 1797 1322 2729 1219 308 1903 1074 1740 2668 1249 1367 1263 816 1027 1963 1793 156 1484 1628 2514 536
000271.jpg,1749 1304 240 1178 60 1804 1469 376 1447 1672 789 95 1483 16 2547 132 1513 824 695 614 1743 483 310 1773 1298 2784 88 2149 2737 1161 1353 576 1535 2190 983 63 1343 1091 1137 1847 1019 1361 2785 967 2408 1087 2441 949 291 1795 44 596 1996 2546 1561 714 1394 251 1176 2827 2409 1427 2523 2656 1451 1693 1300 1971 2381 341 1004 1786 1333 757 1883 2058 1476 777 1389 1231 1115 2745 1207 754 737 75 658 1990 328 2072 1999 803 2422 2288 1103 2040 1213 1798 1558 2323
000272.jpg,1262 1503 331 1274 455 89 999 1127 655 2470 2634 840 1216 726 1273 456 484 464 1282 1039 1281 1706 2698 245 408 363 1829 2173 1275 1912 2017 2715 31 430 108 1923 501 1932 324 239 838 2765 1118 467 2611 290 478 344 1505 1435 1781 1813 390 1929 2059 1024 1140 326 2279 1317 139 52 2232 1780 356 296 2565 2693 241 2465 2505 1789 129 2280 1356 2531 671 418 1062 113 786 209 799 532 1924 295 1472 2594 53 125 162 2025 1568 1438 1335 1050 471 346 2794 1648
000273.jpg,1444 2241 2439 1544 712 2767 2836 1218 1993 2628 2352 1640 1658 1381 2133 1840 1649 1752 51 2837 2272 1422 735 1328 1663 1054 2707 169 440 950 201 2309 194 1261 305 1623 1316 1617 155 1782 2815 1051 563 260 1437 439 2433 2713 674 2826 2023 1799 1860 2367 947 900 1679 1307 562 2545 1552 1584 1878 1586 2650 645 1965 2721 4 1796 2817 1545 2556 2790 2732 1045 2515 611 1569 64 1636 2034 1202 1102 1897 48 1146 2755 626 59 2011 2389 2289 2411 188 559 221 2076 943 992
000274.jpg,1842 70 18 1834 1125 2777 1753 2772 2478 951 2077 2510 431 1759 2663 601 2 2015 2818 1252 962 990 2561 2757 2504 502 297 578 2644 1798 2496 522 1035 2579 1230 101 103 2323 1938 572 1323 2656 1908 789 688 529 2784 364 2624 1235 395 2622 250 2601 1390 126 1928 1845 766 931 1801 1839 1391 2238 1821 2066 315 1186 1720 284 1833 1847 767 1413 1443 2759 803 2149 65 1213 2471 1333 1166 2409 1558 2113 277 1557 1418 1767 215 1394 240 374 1334 1975 436 1448 1114 1175
000275.jpg,1550 957 935 1858 1910 468 1621 2096 340 99 1023 1145 2404 897 571 461 453 177 2274 1729 1766 141 2562 2122 22 1953 1065 2156 2786 592 135 612 1903 1596 1510 724 1249 2098 1976 624 1610 1628 401 1889 2055 2512 2342 558 1337 1199 979 2829 176 1321 1047 2083 1263 554 2679 2587 2747 1093 417 1219 836 850 1702 488 332 121 1890 1562 1436 536 1638 2335 2841 595 1696 1006 908 1085 1214 208 861 43 2591 2227 473 2464 2317 868 2668 2775 744 460 78 1098 755 569
000276.jpg,1163 141 177 2829 2679 1023 1065 2122 1903 460 2098 760 2055 1881 1666 72 2589 1150 694 691 461 1145 1250 1047 1976 2029 1089 2009 713 110 2587 1784 2577 401 2274 2107 2636 2779 595 2463 536 453 1322 208 1740 2747 938 1173 1872 569 1510 384 1674 554 156 1085 1717 1484 1342 1162 1074 1412 2668 985 409 1686 347 1553 308 121 2090 1628 1241 2163 174 555 1206 2108 2599 2743 1562 988 193 332 2451 429 289 703 322 1393 1582 278 2384 1027 142 560 886 477 437 1132
000277.jpg,2284 2018 2146 719 2008 764 1289 2536 1359 652 2551 2585 14 2434 1246 873 723 1493 914 1772 1985 874 825 1351 1745 1347 450 1136 35 247 2019 2209 2405 539 303 516 929 1574 1247 1577 190 212 2157 812 1915 1534 1121 1595 1128 2487 1403 615 1157 2426 2485 2824 66 604 2582 58 3 2204 1997 1352 1642 540 632 2603 2170 998 2336 765 1204 254 282 701 2361 2490 779 2178 2453 2718 1137 1087 757 549 304 206 1583 2003 1773 2353 1958 2195 778 2325 485 862 1854 343
000278.jpg,867 2801 537 1837 2100 2675 912 237 1264 651 2269 1112 1215 203 2338 527 1409 41 1994 551 716 1009 414 1988 2205 2253 1622 1587 1571 2208 1440 1652 1129 1294 2584 2255 2372 1341 2616 1095 2529 2223 1446 2473 195 2834 1411 1238 2231 1698 262 124 795 1291 642 2138 2298 157 616 1812 2139 837 1360 1181 741 267 166 1684 573 961 641 918 472 2833 299 2797 2185 2092 264 1607 2607 1619 2781 600 1630 1445 2648 2758 317 1572 2692 2271 1258 1101 1069 1660 385 991 342 1122
000279.jpg,1583 998 1579 841 928 515 1470 2778 1729 1791 930 492 1354 2333 919 1154 2252 748 639 1063 1977 2647 9 1367 819 2459 1179 517 952 1970 118 945 887 2792 1667 2400 567 1415 2328 1657 778 1651 579 1531 2491 2488 1851 1239 1368 174 1352 382 1566 2682 2293 624 2711 1674 2224 2379 1555 1854 1769 1578 1920 1210 974 2536 114 1206 2775 2065 1588 1132 311 1484 816 1088 432 110 1162 2147 2003 2325 875 571 2108 479 2090 2803 566 1666 2349 935 2170 1477 1344 988 808 2361
000280.jpg,331 726 999 2236 1127 1317 655 1706 1475 478 2765 1282 464 1967 390 2301 1662 1912 1274 2173 484 1756 456 786 471 1008 356 1635 108 1438 245 363 1024 408 1780 2407 2025 758 2429 455 296 139 389 1281 1262 1875 838 61 2091 1932 534 1755 1378 430 1011 2406 1395 1050 2059 1568 1789 113 2280 927 2053 1026 216 1781 1465 2794 1140 2531 1648 31 89 2611 2465 2505 2715 209 1124 2232 239 326 1435 1715 1787 1929 2017 1216 643 2669 2698 1503 495 806 753 2398 580 449
000281.jpg,6 1659 1113 1205 1400 285 851 1183 40 1541 1371 1221 820 327 636 1687 1536 275 1882 1462 582 2278 2474 2109 372 23 1198 1603 1591 956 1488 922 2494 2421 244 1949 334 2247 2726 1661 1960 1084 2691 466 2502 1911 2514 2210 1754 37 1318 776 298 45 2115 750 2761 2386 270 2571 2030 1744 2359 98 796 1525 1251 1272 398 2572 2162 222 281 2623 2677 1458 1226 2168 2841 629 973 2194 2080 2203 762 924 2222 910 2048 353 1933 2152 106 1768 1616 323 909 2807 1232 265
000282.jpg,2545 2034 2433 2713 1316 2309 100 1569 1416 1948 48 715 1901 1453 2272 1796 201 2721 2376 1096 64 1584 2826 168 231 1640 1051 2023 1496 1123 1658 2556 51 2650 1381 1649 562 1218 563 1490 645 439 1782 305 1054 1307 1860 674 2836 155 2815 2352 2628 747 1965 1444 900 950 2439 194 1878 1437 2241 1261 559 1752 1993 1544 2367 1486 1617 1623 769 978 1840 1422 2707 1586 1663 712 134 947 260 59 1710 1679 906 1148 2837 497 1489 1775 1468 2045 965 611 2755 1897 169 1328
000283.jpg,1791 118 887 2328 1470 567 1667 2792 1531 945 919 1179 2491 2065 819 1977 639 1578 1210 1354 2252 808 1367 748 2682 875 1583 841 311 2459 1651 2349 579 998 982 492 1579 2711 1063 1742 2778 1154 2416 1854 1909 1769 1566 2488 2140 7 2796 930 975 2304 530 1970 2049 923 1585 517 1239 2097 928 2042 1368 1851 1567 2793 1271 662 778 1211 1613 114 1058 1209 566 2333 2647 227 959 382 2618 952 1237 916 394 1301 25 1528 151 1920 1657 1604 1415 2803 2310 1879 2225 1770
000284.jpg,1805 775 2586 357 603 794 818 1169 2780 1620 1678 279 693 2368 1626 2605 1611 2275 2701 830 2651 2297 2630 632 2447 1691 1372 2804 676 2637 2347 2345 2329 876 1832 2240 1192 2754 2211 2080 490 1732 1450 1482 2383 845 2422 373 1523 10 2695 86 1259 835 441 102 2805 2192 1959 457 2020 321 2254 1382 1104 1075 482 2058 863 2234 407 2684 371 2019 1147 2106 2733 2555 584 2621 1244 2518 1517 2699 469 1809 1120 1091 1669 1016 2748 2360 1014 145 2395 1734 2233 1748 960 2159
000285.jpg,1908 1107 702 931 1310 903 1340 1114 848 2471 1830 284 1821 1720 2601 835 1608 2624 65 1512 1254 1845 768 502 1767 2276 250 2388 578 126 103 990 297 688 1975 1323 2630 1235 39 522 1391 1691 575 1180 2281 1372 2288 1186 1818 1748 1459 2297 1014 1832 926 2347 2586 581 1413 777 1523 1091 1259 469 102 420 1759 2754 2058 1809 2802 876 2240 10 2383 407 1016 2804 240 373 2314 1147 1120 564 2395 2315 357 2345 70 845 2651 2757 1277 684 2695 2637 1996 1035 2518 818
000286.jpg,2790 1624 1926 2528 1644 1545 2817 221 2389 2411 817 943 2300 1102 4 1752 1146 1656 2367 1202 626 1407 2270 1737 2832 312 2082 547 59 1386 188 611 987 1934 283 826 2069 613 1319 1405 645 1437 562 1796 1993 860 950 556 305 1544 900 635 1417 2721 2837 2439 2011 2477 992 1640 1328 51 1788 1799 2501 1636 2544 715 1895 2044 169 2424 2397 2046 1316 197 1569 1878 970 911 1468 1489 266 2515 85 2707 1381 178 445 2309 2631 463 1029 2358 2312 622 1123 2826 1710 489
000287.jpg,1672 2190 1476 983 2202 1469 2437 88 2745 1990 60 1447 576 373 1749 1743 2080 824 95 376 1773 1178 132 1693 1483 1482 2441 1914 2547 1346 16 845 2166 777 2281 44 441 39 1620 1856 832 1795 695 830 1836 2288 1091 310 1361 1523 1410 1103 483 230 1176 1353 603 2802 2383 1300 357 1147 2000 2699 34 83 2149 2523 2700 564 2605 2695 1678 2785 2780 1451 1732 2275 2408 940 683 291 818 102 1535 240 198 1559 1116 407 2737 1538 2827 1224 2563 1269 87 1343 1601 1996
000288.jpg,2745 2202 1856 88 2190 983 2441 1476 1914 132 1103 940 407 777 1838 2111 695 2547 1343 1713 2737 310 576 1091 1176 2827 1004 95 949 1224 1714 34 1693 2733 1743 1116 230 824 683 2780 1169 1999 1749 2523 1298 1996 2180 357 2112 279 832 341 1795 1538 198 617 693 2684 1482 1561 1517 818 2699 2586 954 632 2785 1773 1535 149 1382 783 424 2630 2447 2368 2651 1601 2106 1631 1434 737 1410 2542 2621 564 60 2408 2489 2525 376 2149 1685 1805 520 1194 2422 540 2281 775
000289.jpg,1944 2435 1899 1223 494 146 2766 2558 1874 2135 2057 1777 2286 2728 2580 1463 2741 165 137 1606 1212 725 1639 2248 2639 1055 647 1464 1185 2207 2294 1076 948 2813 1937 804 2708 1825 686 722 657 899 2436 2393 598 2305 2319 2665 2068 1439 246 1134 447 329 79 1986 2291 1067 1868 2683 2382 1940 140 2598 677 2220 2511 1547 2825 1757 2506 1935 482 574 1056 1126 1452 204 2704 2499 1130 123 2051 986 692 249 2719 1433 2183 1841 939 2362 477 1012 1721 2736 2569 2258 627 1876
000290.jpg,482 2057 939 2220 1223 1874 1439 2051 2766 447 2704 146 2435 494 598 1942 2719 864 2291 2728 2183 2526 1056 2639 2558 2625 2319 274 2037 692 994 647 1771 1944 1055 1408 677 526 574 2825 608 2499 2440 1931 271 1126 2741 2736 1433 1899 2506 477 508 727 1777 2292 1463 948 2294 1677 804 1949 165 1558 485 725 1998 531 1892 646 1721 442 1185 974 658 2813 2708 1937 1175 251 246 1825 2683 2436 2427 2393 614 2382 1076 1134 1166 2445 1287 2248 1876 2569 2207 2438 2286 1757
000291.jpg,2728 725 2558 1874 165 2435 2766 2135 647 1825 2741 1055 2207 2057 1223 899 137 1944 2639 482 146 2506 494 1212 1940 2319 1130 2294 2813 2248 1841 1986 1126 1777 447 1899 1937 2683 1076 1606 2286 1463 2258 948 692 2305 2736 442 1134 2292 804 1639 2220 1464 2511 2291 246 1547 722 2382 2580 686 1185 2393 598 939 2719 2526 362 2436 1439 2499 204 2665 329 2825 2051 1056 79 2068 2704 2708 116 2598 1931 1962 657 574 1067 677 1868 140 1646 1433 202 1935 646 1452 2842 2569
000292.jpg,1321 1098 2156 1709 2645 908 1910 2750 2032 2096 1806 2432 612 2342 1621 935 1750 2201 1865 1761 571 2450 355 396 2249 1858 99 2071 1425 1638 2188 744 56 189 1189 2452 836 1337 1015 2313 2335 1790 2083 38 897 1495 1000 468 43 941 2153 2089 1844 50 1893 959 1550 1610 1002 2512 850 2627 755 54 1736 2355 1387 1396 997 2140 710 2570 115 856 861 1145 1995 1510 164 340 1153 2060 834 813 243 96 2507 2747 542 1023 2357 419 2642 565 1199 2118 156 2404 1554 2562
000293.jpg,2178 1298 757 1019 1087 1343 2737 1228 310 63 2827 2546 949 1785 304 132 1999 695 1394 1333 2066 614 1513 545 2113 1685 1558 1213 1693 2441 596 2112 1004 1161 2022 1137 1847 2040 2566 2149 232 1176 1434 95 1795 2547 1231 1773 1115 2111 341 1945 2408 251 1631 149 520 364 1091 540 1743 1103 2656 101 1883 182 1749 1971 485 1996 714 215 1166 658 436 983 754 954 213 1561 1928 1389 2504 1535 88 1798 1900 940 1207 789 407 2072 1269 293 75 1427 737 898 1353 2784
000294.jpg,2365 849 2689 705 2819 81 2552 2716 2181 2191 1896 2370 1111 2479 2193 2237 2265 2177 2500 633 458 2681 2527 1708 1563 602 553 175 2557 1117 238 2119 152 505 2283 2052 711 28 1680 2592 367 890 2534 847 2099 1003 2144 120 216 503 330 2764 354 1955 2250 1164 68 1873 771 2322 1314 1827 1332 2306 587 2062 523 877 1532 1543 1917 2594 2105 1941 1503 235 740 1008 507 207 1635 1967 390 2199 552 1339 2773 1472 772 2597 313 1746 872 1875 999 1143 734 963 1026 1050
000295.jpg,2601 1845 502 2471 2624 848 990 1114 578 103 688 297 768 1235 126 1608 65 1323 1830 1908 250 903 931 1720 2276 1821 702 1767 284 1340 1391 522 1186 1413 1512 1107 1310 1975 2388 684 2314 1842 18 70 1834 1254 767 420 1759 1125 2478 2772 369 2 1753 2077 2663 2777 1418 601 1916 886 2757 2510 2315 1557 1397 2768 2644 951 2346 2128 2622 431 2015 277 1686 2496 475 2532 2366 789 335 597 395 1801 2210 1230 935 1252 1832 10 1989 211 835 2702 1809 2504 1390 1372
000296.jpg,1237 1981 1567 2796 446 1604 2140 394 530 1290 1058 1518 2049 1879 1301 1239 1613 1909 1002 311 1566 631 662 2357 1119 2349 579 2282 118 2310 982 966 2596 1367 451 2609 1321 607 1211 1495 2392 887 25 945 243 2458 320 567 2093 2252 1210 1906 2618 808 875 1017 1578 487 151 1742 2793 841 1676 2219 1271 2064 7 566 959 1384 2328 2660 2416 1470 2711 2117 528 2658 1894 2792 1791 1368 2065 2156 2459 2488 2042 2089 2262 517 571 937 1851 1854 227 2559 1978 763 1209 984
000297.jpg,2840 518 1656 1202 2515 987 2424 2817 1752 197 2300 1407 1926 221 2411 85 489 188 2084 2082 635 1386 556 943 2011 2375 970 1934 1983 2631 1029 2148 645 817 2270 547 675 626 1993 1405 4 445 1102 1552 606 1092 2389 1636 1545 2367 735 623 977 833 712 1895 2574 2241 2790 2397 463 1146 2832 1319 900 2528 2724 1644 1422 2753 59 550 2133 312 2046 911 480 611 1624 2312 2538 1253 260 992 1788 2200 219 1190 319 2454 2676 1172 2050 1617 2501 1878 2088 659 440 74
000298.jpg,536 569 2090 1023 121 2122 1132 2055 193 1065 2829 988 177 1588 141 1089 401 1903 1268 1047 2274 332 1793 460 2029 453 2098 2108 1562 2747 2786 2577 2679 1085 554 429 694 72 1145 555 2587 1249 760 1404 1155 417 1510 1163 2636 1241 1717 1628 208 979 1784 571 1150 2163 1890 816 142 1430 2009 1699 2217 1553 1808 1686 731 156 176 1033 172 886 1492 289 938 2779 868 62 2668 1888 597 427 461 595 340 1688 2743 1100 2384 2655 2227 666 380 2126 2469 36 1666 901
000299.jpg,188 85 635 1656 556 987 1405 1319 1934 2817 1386 2501 2411 611 2528 547 1102 2044 2082 1644 1926 2375 197 817 2300 2011 2790 221 2631 645 2270 943 312 2424 1407 2832 1788 2389 626 1624 2367 1422 4 2088 992 1552 1752 2046 1202 1545 1993 2419 1983 48 518 463 562 950 283 433 769 826 59 1636 134 715 1737 439 231 1617 155 1895 1799 2574 2721 305 613 2713 1029 1569 100 201 2545 51 1362 2023 559 445 1796 900 64 2439 260 2397 1640 2538 712 2241 1092 2148
000300.jpg,712 489 59 2840 1870 735 2817 1369 2084 1934 348 1656 1552 1752 2367 2411 1407 1045 1710 2755 1328 197 1489 2424 970 2515 2050 2649 524 1051 26 2769 2241 1796 1644 1545 2714 1775 817 1386 2528 221 2023 2010 1895 480 2034 2375 2545 645 2454 943 2045 1054 925 2707 179 2790 1584 550 715 1102 440 900 2544 2082 1840 2148 1202 1926 2389 2133 674 2300 188 2721 1029 2439 2044 623 1624 987 635 2130 626 2501 518 1799 769 463 2837 1316 231 1569 606 1092 2676 2482 563 947
000301.jpg,530 2049 1909 1301 1604 1742 2796 446 1211 1384 1567 1237 662 311 2140 966 631 1613 1614 1058 2349 243 1518 1981 1331 2658 2416 875 451 1210 1290 7 2282 118 1370 487 301 1396 975 2793 1105 2064 1673 355 1554 2452 2618 2609 394 528 2252 2660 1705 2357 1739 982 567 908 2310 887 25 2458 607 1119 337 579 151 2696 1495 1367 2085 1681 2559 2065 841 984 813 1791 1271 1239 1002 959 923 808 2328 2243 2257 1769 937 1321 2097 2093 2304 710 639 2042 921 2792 1920 2600
000302.jpg,732 2550 335 2182 1898 2230 2591 1507 1797 2160 104 1891 407 2079 1702 2056 1768 1889 2351 181 1104 2841 953 620 1214 1364 1458 2346 1277 2612 300 924 2401 1093 2526 2498 1683 1596 1866 214 2620 851 1199 171 1907 1605 2608 2760 45 1083 2643 2197 2705 1397 2386 2503 1515 1723 621 1696 2768 148 236 2442 2831 1487 1536 2414 2048 1953 2521 1556 909 1171 1088 2807 509 759 644 2604 2171 476 325 420 2128 1318 1471 1931 2810 2751 2567 468 40 592 1426 2816 2216 2404 1232 284
000303.jpg,2815 2272 439 201 1316 1860 2721 64 1496 2309 1965 715 155 2352 2556 1640 2628 1993 1658 1218 2713 1381 1901 1569 1416 305 2767 51 562 1096 1948 1649 48 1617 1586 1051 2836 1453 100 2439 1840 563 2433 497 1782 2241 1261 1544 1444 2707 1490 1679 440 747 194 1054 2650 1307 1897 2826 1623 2023 2545 1796 900 674 950 231 2034 1422 1663 2732 1752 1775 2376 169 1437 1468 1328 1123 947 1148 2631 258 611 1878 2837 712 260 2076 2133 2312 978 1636 1584 735 1552 2755 1362 645
000304.jpg,546 1425 582 1015 1285 1098 1286 1084 1449 2719 2688 285 2032 1199 115 2188 744 2222 372 300 1844 2705 790 1962 1610 1882 1525 2268 474 1221 1995 334 1761 106 941 2261 425 2167 669 506 2210 1321 1560 2645 2725 2313 1980 629 2720 1556 609 244 1884 796 298 1032 2359 2153 2685 1284 956 1933 2691 1462 1911 1697 1280 621 116 171 189 1387 1802 2014 388 807 1637 2503 1200 2572 2292 1380 2303 1880 1616 2060 2432 2464 2677 459 2706 2476 2096 1557 38 1371 973 750 43 1456
000305.jpg,1321 1621 1555 340 897 1858 2089 99 2786 1098 571 2156 1550 1495 1199 229 468 1906 2295 1510 1910 2140 908 941 43 997 979 744 2562 2096 565 1766 612 935 332 554 1898 2750 2249 1566 474 1562 135 417 2032 2729 1189 868 1596 1844 2668 957 1657 176 1802 84 592 2452 1637 394 453 2227 2404 2507 959 1904 78 189 2645 1610 630 21 387 802 2640 2423 1023 2188 2450 1889 2458 1890 388 1879 1806 2720 1728 1709 1719 1907 2083 2384 1214 1398 2451 38 164 1449 1047 1088
000306.jpg,1476 2190 1620 2202 603 2745 2275 88 1856 830 1678 1116 441 1732 1410 2080 983 1482 1523 1914 373 1713 683 2733 1169 845 2780 1450 60 2383 1469 832 2695 777 1091 1714 1147 1194 357 87 824 818 2106 1601 1447 132 2525 2281 1838 95 2441 2651 693 2166 2605 1224 376 2804 2748 1693 1483 2288 230 2518 1672 576 1382 1517 1120 751 940 1346 2785 2684 1749 2547 2368 1805 1743 1990 1959 2395 876 44 102 2586 775 310 590 291 1103 76 469 279 1691 2621 2802 2737 1836 39
000307.jpg,1753 2772 1125 2777 1834 2478 2015 2077 1252 951 18 1842 2818 2663 70 601 2 2302 1759 2510 1165 297 431 103 990 2315 315 1323 767 688 2054 126 2409 578 1235 277 2757 1306 2161 646 1980 522 2622 1951 191 1451 29 1186 1413 10 1390 1391 789 2624 1798 1120 2518 2561 1149 1175 240 1928 1809 1905 286 369 962 502 1557 2787 2314 1845 86 2685 1361 293 2784 1016 359 1166 2667 2000 2540 2748 2702 1989 1908 2172 1959 2320 1230 1558 2323 2533 2276 2601 2496 485 436 251
000308.jpg,2714 518 550 348 26 480 712 1328 2130 2454 1369 59 1644 2050 1870 2840 2769 1407 1552 1045 817 2300 1624 2817 179 1926 1092 970 2649 925 524 1202 1710 635 2538 219 735 221 2241 2411 2790 2082 489 1656 1569 2367 943 1752 1386 2544 1545 2528 259 2375 1172 2023 2010 1934 1983 1895 547 2564 1405 2148 74 2501 2045 2287 1102 1489 2270 1584 1799 1796 977 1051 715 947 2800 987 1422 1146 2837 178 1253 197 2482 2574 463 2034 231 911 2721 2676 623 1663 2631 2755 188 445
000309.jpg,1939 30 1514 2481 787 1445 1355 71 638 352 127 1803 969 2619 1539 1167 1863 879 958 1925 2013 1619 667 665 2340 892 2094 1982 1270 2517 557 46 1607 1324 2298 2371 810 2226 2271 1242 1684 1811 160 1524 1258 147 2710 1 2460 1078 577 697 1341 143 1630 226 2595 1540 273 2138 1629 798 2266 2399 1520 2576 2529 1360 2339 405 1815 1159 1349 342 317 1295 2709 428 795 2473 1735 1964 1025 1572 913 1069 2776 2524 2213 2614 2727 2635 888 1278 1373 2139 685 2833 1338 2246
000310.jpg,550 480 518 2130 2538 348 2714 2769 1092 2050 2454 1369 1453 179 2649 26 1490 524 2148 925 1901 977 1983 1045 259 712 1172 1870 2574 2564 59 2544 735 2840 2241 1552 970 1362 415 219 2376 2200 826 231 2375 489 134 1897 2309 1386 74 168 2800 1328 1569 674 266 1422 613 1895 2010 2312 1468 556 1208 100 1710 2676 48 1319 2082 1148 173 715 2631 1123 623 2287 445 559 197 1158 635 178 2817 1624 1644 817 1151 1617 1414 2670 64 1737 547 2732 1388 1316 2626 188
000311.jpg,641 2517 2298 2529 2139 2524 1360 2833 1242 1373 667 1684 1982 638 143 1925 46 226 1440 2371 2092 299 557 1735 1630 428 1324 2460 2104 2138 1863 2266 2481 958 665 352 317 273 2455 2215 1411 1129 30 386 2731 1816 1539 264 969 234 1814 1619 1159 1445 1238 1540 1355 2590 2771 2213 892 2340 2635 2271 879 1572 888 2412 991 1122 798 1338 2776 1291 1803 2013 1939 1446 2619 1009 2246 1520 787 2399 1366 1270 2576 912 1694 1294 2158 913 1295 1549 685 2797 405 1258 267 223
000312.jpg,1476 1620 603 2275 830 1678 1732 2202 2190 88 1523 2080 441 1410 2745 1116 2733 1450 1482 1856 683 845 373 1169 1713 1147 1194 60 2106 1469 87 2695 983 1914 2525 1714 832 2780 2383 1517 1447 44 2166 1382 357 1601 2518 751 2281 818 1838 2804 2605 777 824 1672 584 2288 1120 2395 2748 590 1091 95 2651 2684 1836 1224 1483 693 1691 1990 376 462 230 55 1749 728 876 2621 16 2368 1943 132 102 1693 2785 576 1959 2437 2563 2441 2641 1805 2211 2802 2036 76 1014 469
000313.jpg,2825 2766 1606 447 1944 1899 1463 246 2741 137 2435 2580 2728 146 1134 1056 1067 2558 1874 1055 494 2294 899 2665 722 2305 2057 948 1185 2393 1212 1126 2708 2511 1777 1223 79 477 1639 2135 1547 1439 2319 657 1868 804 686 2068 2286 677 2719 140 1076 2736 1937 2598 2051 1935 2639 165 2382 725 692 2436 1825 1810 2207 2499 329 2813 1464 204 1452 2041 1721 1757 274 864 2248 598 2438 1001 2583 2292 249 1876 1012 442 2183 526 647 2220 2509 1998 682 627 2291 116 531 508
000314.jpg,222 377 2734 1949 1504 1754 640 1352 865 1113 1864 853 2293 2047 776 828 2195 270 1203 1204 2421 2520 516 353 2582 1038 624 2003 370 672 2325 174 2353 2828 1819 1173 1219 1272 13 413 933 1436 1415 2483 910 1595 347 1342 323 2165 1643 1162 2361 812 1625 2578 1337 781 1347 1263 2514 2490 896 1668 1762 247 755 254 1206 224 2602 1477 1226 2001 2400 1565 488 2485 2334 3 1541 2170 1958 1642 2671 874 2210 1954 233 909 2677 84 111 2718 128 1751 256 2152 701 6
000315.jpg,832 1693 983 310 1743 954 2441 2190 1760 940 132 683 1535 1786 824 1836 95 1712 2129 1176 751 2737 1103 2827 1713 1434 1004 1224 1116 2000 2547 2656 1298 1169 2149 1856 1361 182 1714 1343 1838 2408 198 1773 149 818 75 1867 695 1476 321 960 576 2112 949 2202 2621 2745 88 1346 1990 1257 2700 2493 1478 404 1795 2497 469 1590 2651 424 76 2021 693 2437 1685 1601 1269 2701 371 2390 1593 1334 2804 485 279 379 1959 2699 1672 1749 2787 1722 2638 1451 1014 291 1999 2240
000316.jpg,2522 45 2056 1083 1064 1515 1726 1536 1318 181 1768 620 1702 2678 1797 2386 2263 844 1364 40 407 732 636 1596 1960 2182 851 2457 1889 2442 476 2498 2720 1251 1458 2807 644 2761 2048 5 398 2643 582 2168 2278 1866 2623 1802 1183 2562 2612 2197 2115 609 2448 2725 1616 2464 2503 2608 1907 2591 957 592 509 1488 474 1198 761 2160 1525 2351 1602 924 661 1426 2348 2346 6 1880 214 300 1144 23 1471 1591 335 236 956 2508 2760 1898 387 669 759 953 1487 2079 1882 2404
000317.jpg,550 518 2538 2454 2130 348 480 26 2714 2769 1369 2649 179 925 2050 1092 1983 259 2840 712 1045 2574 219 1870 524 977 2544 59 1552 970 735 2148 1172 2241 2200 415 197 74 1569 2375 1453 2626 1151 2564 1422 1490 2397 833 178 1644 100 445 817 622 2676 1624 559 1328 1901 2800 1710 463 1926 911 2287 1788 2817 623 1386 2011 489 497 715 2424 1752 992 2082 2670 1316 134 1388 1253 1123 556 1617 85 2344 260 2646 2721 2300 645 2376 48 2307 2358 784 826 319 283
000318.jpg,2766 2558 1606 447 2741 1937 146 137 1056 1076 1185 1899 2435 1944 1463 2393 899 1126 948 2382 2580 2294 165 2728 2511 686 2135 2813 2708 864 494 2286 1055 1212 2248 608 2825 1464 1777 2736 1547 1874 1639 246 994 1223 804 274 2057 1134 526 2258 2438 2068 2639 329 725 682 1942 79 2220 2305 692 491 677 1935 1452 722 1868 647 271 2499 1067 140 2569 2207 2665 508 2440 1592 1825 1408 2842 598 2319 482 2526 1439 2427 2506 1841 2051 204 2292 2037 657 2041 1725 1130 939
000319.jpg,1511 1969 2516 1526 1243 2151 730 1165 1466 2302 1573 1005 1379 1581 1442 678 2560 2830 1309 338 2746 593 2117 191 2788 2064 1731 2364 2730 2290 435 742 2005 2251 248 2299 1020 2519 2680 500 881 1498 2243 2224 1311 598 709 1992 1707 2518 1142 1385 1613 1555 2492 73 1499 673 1886 774 1557 2267 627 1431 662 2145 2102 1783 2065 605 717 380 866 253 1016 2219 800 2696 1094 1779 1968 660 1553 1174 930 855 2257 1876 1980 921 429 1390 126 336 1053 1851 392 1794 2622 1325
000320.jpg,851 6 285 40 2502 2278 1221 2726 1400 1605 1744 1272 1232 924 1949 629 270 1541 2571 2152 2677 2691 2162 820 956 1882 1591 1687 2567 2109 1960 23 2841 909 2197 650 323 1536 1487 2514 2421 334 1488 13 1318 1661 275 1603 1113 1458 214 910 582 2203 98 42 2807 281 1371 510 2734 2256 1205 265 1226 2612 2666 1426 1922 636 244 2494 1198 1659 2346 2210 2761 2386 1768 327 20 298 2823 2048 640 2810 2751 2620 222 2768 420 2247 661 2348 398 592 1139 1754 922 2168
000321.jpg,609 2109 1602 1515 2464 1603 2706 2115 1616 2725 1596 2348 2056 582 498 1525 844 300 214 45 1083 956 971 2562 669 2567 1139 2442 476 2498 1726 5 851 43 1889 2263 2514 2720 2404 2688 398 1766 270 1380 2457 1570 244 1702 620 2572 40 1953 1882 2522 1610 2197 1221 2448 2168 1280 1768 2591 1061 2620 1802 2761 2503 2751 941 546 1458 387 2032 106 2841 744 1960 334 829 2502 2678 509 1171 661 2222 732 1605 2188 2182 84 1426 957 2152 2386 1199 909 1723 1015 759 1260
000322.jpg,2552 2181 2819 2500 175 1896 705 849 1708 523 2527 587 330 2283 238 2716 2365 2099 2479 2177 2689 2674 2370 152 2191 1117 734 2119 505 1376 972 81 1532 1827 68 354 553 235 2199 2144 313 1563 1823 726 1111 456 2322 2610 633 2193 999 2597 711 2250 1099 2052 1441 458 1281 2534 2592 1314 1543 2059 1852 1746 1010 602 2764 1955 2237 162 2306 1991 1003 1917 1680 28 1050 367 963 120 2681 316 671 1109 1164 464 968 1774 1135 699 1503 1339 890 1932 771 2742 261 1741
000323.jpg,2056 2522 732 45 620 407 181 1889 1797 2182 2498 1596 1458 2591 1064 1866 1702 2351 1768 2386 1515 2048 398 2761 1960 1364 2442 1083 2230 335 509 2160 2503 844 851 2079 2508 1898 1318 476 2608 40 2643 1907 644 2263 1251 2807 1093 592 2612 1726 1536 2141 236 1602 104 2197 2457 214 1953 2562 957 785 953 2760 2725 1488 2448 1214 2720 2346 2203 1766 2620 1696 636 609 2116 2678 1683 300 2841 387 2348 5 1426 2401 270 1365 1471 909 2425 2168 229 325 1144 423 1591 2278
000324.jpg,2180 1996 1785 34 2523 1631 407 457 2111 596 230 1999 2547 1091 695 2254 1683 1561 2233 777 617 1228 1019 132 2422 465 2546 279 2297 499 757 2242 1898 2178 341 2827 374 1103 1685 1176 88 2630 2441 107 2114 2192 926 545 149 2489 576 940 1971 63 2040 304 2347 693 1333 95 564 2202 2113 1914 949 1372 2447 2022 1818 2586 1801 1734 2780 357 2745 1773 818 1847 1795 1856 1343 1298 1727 676 2759 1161 737 2605 1846 1513 2066 558 1213 182 1832 1087 1257 2737 2701 1626
000325.jpg,573 642 2399 2372 17 846 1571 203 1258 1360 1112 1520 1409 317 2100 2253 1446 1618 1215 1445 961 1698 195 2269 1630 2486 1939 2801 891 1994 1 787 1294 1629 795 2648 810 2266 638 2635 665 307 1338 71 741 2412 2223 600 1572 892 2340 1009 537 1540 223 234 1095 1278 1355 1201 46 2298 958 2834 2271 837 2138 2255 2481 90 1341 2619 2246 352 1509 2727 1828 30 1291 969 1129 2820 2189 166 349 2213 2473 551 912 616 1607 1238 1411 577 1622 1684 403 797 2835 1270
000326.jpg,258 2045 2755 1320 1552 2023 2482 747 1584 770 2034 1895 1029 1775 1489 2732 2676 2272 2631 2545 1897 74 2133 1586 168 1362 433 59 1796 2628 2735 769 2367 1799 947 2767 497 1261 645 2352 1051 2707 1701 2389 1870 2753 1710 712 2815 2375 197 2650 735 2713 489 606 675 860 463 1788 2433 231 1328 1649 2837 992 2084 2289 2046 1407 950 1444 1253 906 1663 2553 1840 2556 155 173 563 1172 1627 2376 2515 51 970 904 4 161 1569 2724 439 1054 965 626 2241 2010 1679 833
000327.jpg,726 999 456 1503 1050 464 2765 2531 390 2236 1281 1932 2059 927 1475 1706 484 1635 331 1967 1789 1127 655 1262 356 1274 2173 1024 1282 2693 780 1568 1912 1039 314 2715 2232 296 1317 389 1465 455 2244 653 1011 241 1831 1875 1755 245 1655 1708 1378 671 1008 2396 152 1787 2025 452 89 1730 2594 799 225 2500 139 805 430 2774 2301 1756 840 31 2052 1929 2407 503 2250 2429 238 1339 1026 418 711 53 1843 2193 2053 534 2698 1335 758 806 1662 495 580 1543 268 1062
000328.jpg,79 2511 1547 2305 1067 1076 1185 722 1935 2766 2393 2068 2294 1463 948 1777 2813 2286 686 2382 1464 1937 2665 146 1944 1055 1639 1126 246 1134 2499 494 447 2580 1899 2435 1868 864 2248 2041 1056 994 1606 2319 526 491 2708 2558 140 274 804 2427 2438 692 608 165 1452 329 508 2741 2728 677 598 2598 137 682 2825 2736 2037 1998 2292 1223 2051 2440 1473 1876 2639 1942 1439 2506 647 1592 217 2625 2057 12 2436 2135 1721 2719 1725 271 657 2445 1408 2569 619 1874 2220 1677
000329.jpg,2499 526 864 1876 767 1980 274 608 2702 1868 1721 1473 994 2315 447 2766 79 277 508 2382 598 1998 1185 722 2393 2665 686 2 688 140 2286 146 1067 1725 1463 2305 1937 1055 1076 1639 948 2625 1439 677 494 1056 1944 1777 1547 1464 2051 2813 1899 1126 2435 692 2741 2598 2686 1747 2511 2663 1443 2294 368 601 2728 2068 2708 2436 2685 1938 1235 2427 531 1833 12 246 2506 2580 126 1125 1753 491 2719 990 2496 804 2772 889 2041 2248 2319 329 137 1165 2440 657 297 2292
000330.jpg,201 1860 2721 64 715 155 439 1640 1965 2309 562 2713 2272 1453 1316 1569 1496 48 2556 305 51 1901 2815 100 2352 1490 2628 1658 1381 1993 2433 1416 1218 1096 2826 1422 1051 2631 1948 563 2088 747 1148 194 1840 2650 260 440 1649 1054 2241 1444 2376 1307 1617 1468 2767 1897 2023 645 2836 1782 2545 1752 900 231 2439 611 1544 950 1261 1586 1123 1636 674 2312 1878 2069 1679 559 2707 1623 1796 1437 735 1788 497 2011 2076 784 992 978 2837 906 1362 1319 2732 1328 1552 445
000331.jpg,2817 817 2411 1656 1644 2528 1926 2300 1319 1407 1624 611 188 221 1934 1386 2082 2790 1545 943 547 1405 2270 2367 635 626 59 987 2389 556 1102 4 2501 1569 2832 312 1752 1202 645 85 48 2375 1737 197 2631 2044 2011 2424 1552 1146 2069 1796 64 283 1895 51 992 900 2721 1788 463 1710 1640 1983 1489 715 1799 2312 1381 1422 562 1328 826 1636 1993 613 1658 100 559 970 2200 2046 2837 305 950 2023 1029 769 2545 623 518 1051 445 231 1584 860 2088 2836 1417 2439
000332.jpg,201 1453 1860 2721 563 1316 1496 747 2309 1569 1640 1965 100 1490 1901 64 715 2272 51 562 260 2826 48 2815 2713 1307 1658 305 155 2376 559 906 1381 1123 439 1796 2076 1148 1218 2556 2241 2088 1782 2628 1051 900 645 2433 1096 134 168 1486 1993 1840 2545 440 735 497 1878 2836 1416 2034 1948 1586 965 659 784 674 1468 1261 231 1617 2439 1444 1422 1636 1054 978 1544 1437 1649 2650 2732 2419 2352 2007 769 2133 319 1679 2337 1752 712 2069 1328 611 445 2606 2652 194
000333.jpg,98 2210 1226 1371 1911 196 1170 2823 2086 2572 2263 909 2448 956 1616 2520 776 281 2514 1726 796 2691 2623 1280 1525 474 1536 1144 1084 2278 636 353 2678 398 2359 40 1797 1960 1083 327 1596 2115 1882 2264 582 275 2421 1426 2464 509 1696 1659 2725 476 1702 285 732 1458 1687 1638 23 1183 1038 2494 1198 244 2450 1866 2443 2503 1066 1880 2348 423 1400 1515 2677 2720 781 1768 1462 2168 1080 2014 851 1205 1933 1754 2761 844 957 1949 2474 1272 1318 1093 2671 256 640 620
000334.jpg,188 2088 155 1993 635 1656 1405 611 201 556 1788 987 85 2631 2501 1319 305 950 1202 2270 1934 2082 1636 2411 562 2439 2367 51 2044 1860 1422 1640 1386 2300 2011 2713 2046 2389 197 1752 943 2528 1552 626 1926 2826 1381 1840 1799 134 2817 221 260 1544 1617 2836 645 1102 2337 440 2837 613 2309 826 4 2721 992 1658 900 169 2133 547 1644 1468 2375 2790 784 2419 486 2312 769 1901 463 715 2433 1545 1148 1782 2515 563 1965 445 2606 1029 2007 2424 1407 439 1737 2628
000335.jpg,2216 2810 2171 924 1703 2043 1188 2591 1214 2182 2079 1288 2230 1227 2160 2666 1363 1260 2197 335 2841 1364 2751 1889 1217 1953 2476 1487 476 1907 1797 42 2608 2346 2760 2567 759 1726 189 1171 2348 214 807 1605 300 650 2678 620 856 333 1315 2056 411 506 2060 181 1556 1602 2425 2612 1702 171 20 2404 1515 2278 1221 2351 2401 922 1032 45 851 2502 1844 732 1064 953 2498 22 592 1632 1866 2571 6 644 1768 661 2643 1318 1199 1687 894 2522 2162 1397 2168 309 1108 956
000336.jpg,1031 2660 908 966 1495 50 99 1384 2369 2458 1676 1000 1705 1739 355 2262 1002 519 1287 1893 542 2664 164 2420 54 1119 710 1978 571 1321 156 1017 595 1211 2600 1565 1695 1239 2803 2085 1518 2318 2032 852 56 937 1906 1853 660 2775 2446 1510 631 1396 2782 1098 243 417 1370 392 1331 1920 1554 2543 2379 813 2452 1290 1105 301 320 698 2245 2140 2357 2763 1566 2093 2282 791 1160 984 942 487 1790 1521 515 2512 2507 360 174 394 1415 2156 1614 1419 607 208 2108 2750
000337.jpg,1371 2359 1911 98 1525 1084 796 281 2115 2572 2691 244 1380 2210 1280 1616 1882 956 2623 543 582 2086 2303 2494 275 2464 2514 776 1659 946 327 2474 2014 117 474 1144 2443 546 196 398 298 2263 353 2421 1198 1426 2677 1285 1462 1205 2503 1170 40 909 23 1515 1641 423 1080 285 669 1697 1226 2109 2761 2132 1272 1570 1083 2688 1960 1458 1183 2725 1754 498 1038 609 1973 1139 1726 1541 2448 2222 640 636 1591 851 2348 466 425 2124 1880 629 1643 2678 1536 2720 2706 2520
000338.jpg,1545 2528 1644 1407 2817 2389 2411 1926 2790 1624 2300 2367 221 817 1656 4 943 59 1752 626 1202 1102 1146 2270 1934 2082 547 188 987 1405 1737 1386 1319 556 611 2832 635 312 645 2011 1796 2631 1799 826 283 950 1993 85 2069 2044 2501 1895 562 613 197 992 1552 51 1328 2046 860 1544 2515 305 1489 1569 1636 2045 2837 1788 2721 2439 1316 1640 1437 2424 900 1381 1029 1417 715 155 2375 2309 2707 169 606 2477 911 2397 445 1253 970 675 947 2312 463 1468 2545 769
000339.jpg,70 1834 18 1842 2510 1125 1753 431 601 1759 2772 2777 962 951 2478 2015 1230 990 522 2644 1908 2 1798 284 502 1035 2757 297 2663 2077 2323 1252 803 789 364 2579 2561 931 2409 395 1839 2504 688 578 572 702 2622 1235 103 1390 1801 2601 215 1821 1845 1323 529 2784 2624 240 436 737 251 2656 1928 2471 2149 101 2818 65 714 581 1561 1767 1558 1900 1720 1207 1394 1512 126 766 1427 1306 1166 2496 2381 1557 315 2759 1951 250 1818 926 768 1847 1830 1186 989 1391
000340.jpg,2272 1316 2815 439 1860 1496 201 64 2721 2556 2713 1416 2628 155 715 1569 2309 1965 1218 1640 2767 1096 1993 1658 2352 1901 1381 51 1649 1948 100 1051 305 1453 1261 48 2707 562 2433 1544 1586 1617 1679 563 1490 2439 1444 747 1054 1782 1840 1897 2836 2241 194 1307 1623 497 2650 2826 440 2545 2076 2376 231 674 2631 169 900 2837 1663 2732 645 1752 947 1422 1775 1328 559 2034 1468 1123 1796 1148 2023 1437 978 950 168 260 611 1486 906 134 2133 1362 712 2312 769 258
000341.jpg,1444 2707 1649 1054 2628 2767 1623 1544 947 169 1663 2439 1679 2837 1381 1993 2836 2352 1840 1218 1261 1658 155 1328 1782 51 1640 2815 440 1860 2272 201 2309 305 1468 1437 1775 2241 2433 900 194 950 2713 645 2721 674 1965 1316 445 439 2556 1496 562 1051 1897 1617 1307 2367 965 1752 1796 2011 1948 2826 1416 64 715 1417 1586 2389 2270 1123 563 1422 134 712 2312 735 1096 2133 860 48 611 2076 2631 1569 1545 1552 2732 4 1202 497 2023 1636 1799 1878 2545 1362 978 626
000342.jpg,550 2130 348 2769 2649 518 480 179 2454 2538 925 1369 2050 2714 1045 524 26 1092 712 1870 1983 735 59 2574 2241 1552 970 1453 259 1172 2840 977 2148 2375 2544 219 1490 2564 489 2376 1901 1710 2034 197 48 74 1897 1328 1569 559 1386 415 2082 1362 992 100 1151 497 645 2419 2424 1799 1788 1051 2732 2545 1208 2309 1422 2084 2200 168 1486 747 2088 463 2817 563 1584 833 2650 2023 817 674 64 439 2676 2010 2046 1752 2433 2631 2076 715 1895 1316 1878 260 2289 2011
000343.jpg,2089 1199 924 1487 1865 115 1995 2162 1321 941 1232 1155 802 2032 2512 417 1006 84 38 1132 997 1404 1188 443 2550 680 1703 2090 43 1555 2355 1858 1793 1588 1100 2249 988 2452 2726 2078 193 122 1557 2093 1632 816 1844 1221 1186 229 96 468 2571 323 1605 569 2507 1761 1023 2171 2153 1880 2567 335 1495 429 42 1492 571 592 834 62 1267 2423 411 2458 214 1268 1621 332 1065 1249 1471 1750 2346 1802 953 536 2394 1089 56 554 1906 1890 1898 334 1390 142 2677 1398
000344.jpg,2672 2363 2460 557 1947 2174 879 2456 1421 127 1234 2710 2327 1724 1792 160 583 1982 588 1811 798 795 2444 133 706 577 1295 1366 2104 226 1765 1078 1807 1122 77 1664 2187 1539 1242 2013 2524 57 1925 746 667 2184 150 1939 697 687 2473 1440 2094 1619 814 2374 1863 493 859 2581 1660 386 2468 1684 570 2298 2431 1191 1776 143 428 2820 885 1229 976 1607 1196 2709 1279 1350 273 1278 991 46 147 1480 1816 2321 2371 1457 1575 1542 263 2403 548 969 1193 892 1580 2189
000345.jpg,1944 2766 2580 2558 2435 1463 146 1777 1899 1639 2728 1055 2286 494 165 2294 948 1464 1076 1937 2393 1185 722 2248 2813 2207 1223 725 2068 1606 1874 804 137 2057 2305 1067 2665 79 2708 686 246 2825 598 2741 1547 1825 2511 1452 140 2382 1134 1868 1935 447 2135 647 1942 329 1212 1439 2319 1056 1126 2639 1408 2598 2436 692 2499 864 1940 2220 677 526 2051 2440 2445 2041 939 271 274 2704 994 657 2506 1986 899 2736 1721 1433 1130 482 608 2291 12 491 682 2625 2719 1876
000346.jpg,143 2529 1440 386 2298 1684 2517 641 1925 2524 557 638 2104 1982 718 30 2460 2271 1445 1619 1122 787 1373 273 264 667 958 2139 1129 1366 299 1816 2363 969 879 1355 697 1242 2833 2455 1803 2371 810 1863 1735 1514 2092 46 798 2771 1324 1549 1807 428 2185 226 1009 1295 2481 2731 991 71 1939 1694 888 1167 2013 1411 2158 2635 2340 2619 2215 1238 1629 1360 2576 1446 892 1159 2484 1814 352 1 1815 1539 1540 349 1497 837 2266 195 2584 1291 2844 1270 2138 2727 267 317
000347.jpg,2139 2833 2092 2266 226 1982 264 1694 1411 2529 2298 1129 234 1360 888 1238 665 1291 1445 1520 2371 2385 299 1925 1619 2584 2481 267 2455 638 667 787 46 352 1572 2635 2185 551 1814 317 1159 1440 428 913 1446 2517 143 1 1815 2213 1324 2727 262 1539 2616 557 2271 349 641 1684 969 1514 879 1630 1373 1863 810 1540 1939 1009 2138 2399 71 2215 1366 642 958 1338 1735 1258 891 1294 2100 537 2731 342 685 892 837 1816 2484 2776 223 2460 30 991 1994 1112 273 1122
000348.jpg,2082 2300 4 626 2817 2367 1656 2270 1146 2389 1202 1545 645 817 1386 1752 2046 992 188 1552 1926 2424 197 1407 2411 987 611 1319 1624 2375 2790 221 943 1029 1644 1737 59 2528 2011 547 1993 1102 1405 1934 911 2515 606 74 2044 900 2084 1710 675 2724 2631 489 2840 950 712 2397 635 2501 312 2574 1799 970 1636 2753 1895 1428 2676 219 1253 556 283 1878 445 1328 85 2544 674 1417 826 1489 2419 2439 2832 1983 259 1848 1796 1897 1123 2836 1544 2735 2837 2200 769 1190
000349.jpg,2756 1928 754 1166 1798 2615 2504 251 2656 967 962 119 1448 789 2323 572 2381 2579 714 2784 1558 101 1427 1333 2320 898 426 2546 364 2149 2021 1804 1728 1513 1597 2409 1847 1394 24 1535 1149 215 1971 1883 2644 1213 436 545 803 529 2566 1228 1257 1207 1533 2143 1296 766 80 2040 2413 2759 1087 634 1334 2408 310 1161 2066 1900 240 304 2533 2238 135 485 328 232 1298 989 1231 395 1230 1383 1361 1306 2022 757 1561 1689 374 1269 63 2072 1343 2178 1137 2113 2242 2540
000350.jpg,2381 436 215 364 803 251 1798 1900 101 2040 989 962 374 1928 2579 1427 1166 572 2149 529 395 2656 1394 2644 2504 737 2323 1561 754 2409 341 1883 1357 766 2756 1230 545 1558 789 328 1257 564 2759 926 1818 714 581 2238 1971 2066 310 1207 898 2540 1786 1334 2242 1213 2021 1839 1559 1801 1115 2277 2114 949 1951 1306 2546 1178 1451 1513 1533 2784 1228 1693 1343 1361 1847 2497 1106 1087 1091 1353 119 1333 1035 1161 2542 1137 2072 2113 485 1785 2737 1298 2324 1728 293 1175
000351.jpg,557 1816 879 1684 2529 1619 2298 2460 1925 143 2524 1366 1982 273 2104 2517 1242 2363 667 2139 2371 641 969 2833 30 46 1863 1539 2092 1440 638 2455 226 1445 264 1480 2266 1159 958 2213 1129 1324 428 1122 787 2158 2138 352 234 913 1360 1373 1 299 2635 892 2271 349 1238 386 317 1540 2481 1572 1009 685 1735 1815 1355 1803 2633 697 1660 1514 1814 2776 2215 1291 2771 798 1520 2340 1939 1446 2013 665 810 2731 1630 223 1411 1549 888 991 2576 797 2412 1270 2727 267
000352.jpg,1552 1029 992 463 258 2046 626 1407 2045 4 611 2411 1796 2419 2528 188 2817 1895 1405 860 2574 2367 2270 197 2424 1586 1319 1788 606 1934 74 645 2389 943 1489 2397 900 987 2515 2044 1644 2133 1386 659 1102 497 2755 1545 817 1799 1983 2300 2082 2753 312 1190 2676 1701 559 1636 1656 2631 2088 59 1151 1146 1710 2724 2544 221 283 833 1486 2832 85 1926 1417 635 319 2501 970 906 2790 2011 1320 219 2375 51 1993 1584 2735 1381 769 2545 2023 1202 1428 1752 547 675
000353.jpg,1567 1237 1981 446 1301 1290 1518 2049 2796 2140 1058 607 631 1879 1604 2596 530 2282 451 2392 394 1909 2609 311 1017 579 2349 662 966 2310 2416 2093 1613 1808 118 1239 1578 1384 1566 25 1119 1367 887 2117 982 2064 2458 823 875 2658 567 528 945 841 1495 7 1211 1742 2793 1002 2543 2568 1688 921 1906 2459 2357 2618 487 1470 743 1210 868 1368 571 2488 2274 808 2792 1977 2423 1645 566 2559 2747 1894 151 1800 1705 257 1209 1155 2380 2328 975 763 2252 2537 1271 2267
000354.jpg,1444 1623 1328 2836 1649 1381 1054 1544 947 1782 1679 2707 169 1663 2439 1658 2628 2837 1218 1840 2767 2352 1640 1261 440 51 2241 1993 1437 1417 715 900 305 2721 712 1051 155 1617 860 1307 1468 1316 1489 674 2076 445 735 1569 2815 562 2309 1752 1710 194 2545 1796 134 2272 1586 100 2826 645 1860 2011 201 1486 1422 1701 64 1948 1965 2433 1416 559 1123 497 2034 563 950 965 2713 2007 1878 1496 1029 1636 2606 978 2652 319 906 2358 439 48 992 1552 1096 2312 1045 1584
000355.jpg,1113 1659 6 1525 2514 582 45 1371 636 1205 2109 2168 1198 40 1380 2522 1882 1183 2386 1083 1911 2115 2048 851 1591 1726 2761 661 23 2572 1536 1616 1251 2278 956 466 398 270 2448 609 2263 1768 1960 327 1515 476 1280 2464 2706 1318 2623 2720 1603 1170 844 2210 2247 762 300 1570 498 1226 2222 2359 546 1687 1084 1221 285 2442 2807 1488 1462 1144 1426 2678 2086 1458 1482 244 1400 1933 2056 98 2194 2474 2421 946 957 281 2691 669 474 1064 620 2197 829 106 2571 640
000356.jpg,843 338 410 1466 1131 1309 1133 648 605 519 730 2087 538 392 535 1454 811 365 1894 248 1794 1040 435 257 937 94 870 1498 1634 717 2331 2830 2377 610 202 1424 773 2788 2746 678 1142 2560 1546 434 1527 2519 2763 1075 112 336 2680 821 1110 2697 2151 584 2509 1516 2243 2102 2121 1450 1379 1810 1001 1068 2251 575 881 1722 855 2196 102 1783 1573 1966 749 1581 830 568 1243 1526 416 1992 1867 1790 673 1016 1007 774 2159 1028 1325 406 1626 1020 1079 2145 2005 1406
000357.jpg,2600 1000 1705 1681 1695 1853 2664 487 942 2085 542 791 1893 54 1739 710 1508 2782 50 360 2543 1384 1614 1287 698 1920 660 2803 966 1673 1396 1331 1769 2032 2369 2259 1031 69 355 1189 337 1565 955 1479 2026 2150 1770 566 2318 1370 809 123 1528 2795 56 99 1387 907 512 1495 2570 952 2452 813 893 2103 908 1742 2387 2256 500 2618 425 372 1436 1731 839 1541 451 519 2458 528 1415 323 531 358 302 1402 1521 2001 631 2696 2357 1200 375 1518 2420 743 2391 612
000358.jpg,503 2250 1704 238 633 2592 1111 972 2062 771 1917 2534 532 587 2028 711 455 1827 2557 671 1008 354 1376 2052 31 28 1262 1912 159 2099 120 1026 734 484 458 580 1472 326 1118 772 1680 1967 2017 2301 505 2193 2479 533 200 1956 2283 2236 152 1746 602 330 1532 2674 1756 1335 1143 331 1011 1706 2316 2715 2059 390 313 108 1708 1097 2119 2407 1127 1635 705 2500 1655 2764 139 1317 2370 1563 125 1831 464 643 1662 2429 740 999 1974 726 1274 788 2237 1923 1010 216
000359.jpg,1125 2777 1753 1842 18 1834 70 2772 2478 2077 951 2504 2663 2510 431 2 2015 101 601 297 1759 2818 1252 2561 2579 572 990 2784 789 502 1798 578 2644 962 103 364 2066 1213 1847 1166 1928 2238 1333 2759 2757 766 2113 1230 529 1323 522 2656 1035 1161 1513 2323 1558 2409 395 2022 803 304 1908 1235 240 436 251 1900 215 2040 1883 1228 1951 1186 1306 1115 688 374 2624 1801 2149 2242 126 1390 1413 1391 1427 10 1175 2496 2381 545 250 1845 754 284 2601 328 714 485
000360.jpg,1607 1341 1571 166 2269 2138 573 1349 616 195 1939 180 1964 2738 2266 1201 537 1215 969 405 17 2399 2223 2226 1242 1812 124 1684 2576 317 1618 2614 795 1445 1540 1025 237 2372 414 352 527 651 1698 2298 1837 557 577 1982 2460 961 1294 160 2758 1660 2648 2820 1446 2131 273 1630 2340 1069 1338 600 1078 2255 591 147 1828 1355 642 912 1360 2100 2607 2635 1409 867 2253 879 30 1572 1619 2835 127 1009 1071 2675 2104 1258 2781 2412 345 1539 1167 1863 667 2619 2801 1491
000361.jpg,221 2389 1656 2817 1545 1926 1102 1752 2790 817 2411 547 2300 1386 943 2367 1202 1934 1624 2082 2528 4 987 626 2270 188 1319 611 2832 1407 1146 635 1644 645 556 312 1405 59 2501 1993 1737 1316 85 2069 2011 950 2631 2044 283 2424 900 1636 2515 197 1796 1437 2837 562 613 2375 965 826 169 2721 155 1569 1544 1444 1489 51 1640 305 1328 2439 1051 1840 2545 1895 2707 1788 769 2836 2826 2046 489 1417 2023 2312 1381 1422 1965 231 715 1878 1029 440 1799 992 712 2309
000362.jpg,461 1250 477 1976 1550 135 2323 1027 2589 1683 2779 558 1881 1230 2644 1903 714 555 340 962 78 938 496 1065 2786 529 1890 2295 1207 453 554 1394 1150 141 429 868 289 2679 1066 395 1562 1038 332 724 1984 1898 177 2413 80 572 691 898 1561 2122 905 536 2759 1163 1263 142 2107 1555 62 2029 2463 1817 1175 1074 417 2668 2829 897 681 2579 1628 1597 176 1798 193 634 2409 1322 1740 979 2055 569 1398 713 2242 2072 278 1306 1839 1801 1666 1631 646 1888 21 488
000363.jpg,1800 1871 1731 1385 742 2763 1138 1007 1645 406 2145 1779 1707 773 2613 1721 1876 1992 1894 2102 257 531 2728 1725 2598 598 2435 410 1874 657 1012 1526 2719 202 2110 677 249 1969 1511 2436 2766 2516 1165 2744 2499 2319 1223 519 1287 186 447 627 664 2302 444 1825 500 1557 1406 692 811 2660 1439 709 631 948 1390 165 1442 2051 2207 1810 2558 442 1200 368 1325 647 146 482 2392 1243 2757 1055 1986 2622 2639 730 1056 2708 1733 2803 2506 725 2183 866 878 2509 646 2596
000364.jpg,1492 142 802 2078 2267 868 2217 1890 555 427 2415 743 2074 1699 429 73 2423 554 1888 2568 1599 62 2380 437 380 2029 1053 2668 417 1793 1430 361 302 1236 292 1398 21 1431 399 1256 289 78 681 36 1233 901 199 1553 1886 878 1085 2163 1628 1562 1033 332 2451 2108 1393 597 823 866 886 2743 176 2786 1510 172 1686 340 453 536 893 2274 2384 1155 731 1065 2122 2469 2679 2227 1588 816 2126 979 1808 208 121 2722 1163 2117 1784 401 193 177 2577 1089 694 1688
000365.jpg,258 2045 2482 1552 2755 1895 1320 1029 2676 74 2753 1489 463 770 1584 1775 2735 2732 2133 1701 606 769 1586 489 1897 168 747 2023 1627 2034 1362 645 860 197 2724 906 1710 1796 2631 497 2084 2707 1158 2010 1253 1190 4 59 1788 992 675 2046 219 2419 109 712 433 2044 911 2389 970 833 2367 2564 2574 2545 563 2553 2375 415 524 2544 626 2515 2501 2272 904 173 161 2480 1151 1407 1870 319 947 2840 2628 2397 2287 1848 1799 1934 2011 486 2837 674 2076 2035 2815 178
000366.jpg,1860 439 2721 2309 201 155 2352 562 715 2272 64 1901 1416 1316 2556 1569 1496 645 100 1965 1640 2707 1096 2628 2713 305 1453 48 1948 1261 1444 2767 1993 1218 1623 2815 2433 1679 1381 1649 1490 1544 1054 194 1897 2631 1468 2650 51 1840 1658 1328 2826 947 563 2439 1051 1123 440 2076 1617 169 1307 2837 2836 674 2241 1422 747 2376 168 1148 1782 1663 2011 1362 231 1752 950 611 134 900 906 2034 2732 1437 2023 2545 445 965 2312 1775 978 1878 2088 2270 1796 559 1636 769
000367.jpg,240 1161 483 1513 1353 789 1804 658 2784 1672 1773 1847 1719 714 1178 727 1333 2409 63 2546 1389 1087 1213 1447 1019 1558 1883 1115 614 2024 898 2178 2022 967 2072 589 1928 16 2054 2579 2113 1483 60 304 426 540 1951 1535 1166 1207 1137 2066 1469 1306 1304 1361 1175 1795 1300 1427 251 2540 1561 376 1228 2523 2242 757 2408 485 213 1971 2504 1298 695 2759 572 1898 95 2785 1451 2489 646 1749 1597 2149 293 328 2547 2700 754 310 1685 132 766 407 1394 1559 1091 1996
000368.jpg,530 7 2049 975 2416 1211 1742 2793 2658 875 1613 1909 662 118 567 301 1604 311 2064 2310 2349 2252 151 25 1271 1210 1370 1518 2792 2394 1301 579 1384 528 337 2843 451 631 921 966 841 1367 2618 446 639 487 1290 1567 808 1237 1209 1058 2796 982 105 945 2243 1791 2304 1017 2065 923 2282 2559 227 1239 513 2711 887 2006 2609 243 1946 916 1977 2328 2140 517 1739 819 1585 1119 1614 1981 2042 2225 607 2452 1566 1913 1854 763 2660 1578 1769 1179 114 2097 320 566
000369.jpg,545 754 135 757 101 2504 2759 1728 328 2413 529 572 766 2323 2579 2066 2238 395 558 2644 1228 374 2277 1213 2178 1394 1801 1533 2546 1087 304 1798 2113 1631 2242 232 1847 1513 962 2295 1928 1230 2756 1561 596 1207 1448 714 2022 1166 1333 2784 2381 1558 898 1161 789 364 1945 1785 2566 1883 2040 1971 499 63 803 215 1343 1900 341 2656 1115 1689 2149 967 2143 80 251 1839 695 520 1389 949 1898 310 24 1334 1999 436 1298 1137 2827 1175 989 2072 1427 461 2409 2472
000370.jpg,2482 258 1552 2045 2676 1362 74 1320 1895 1897 2755 168 770 1029 2034 2753 1253 2732 769 1158 2735 2010 1775 1489 2724 606 1627 415 2553 173 645 2367 2631 1848 161 675 1584 2287 463 219 486 904 1586 178 109 860 497 2133 2389 1414 911 2419 2713 2046 2564 59 906 1796 833 784 1190 2433 4 747 2800 2646 2035 231 1701 2272 1388 2544 197 626 2574 2501 2007 2376 2044 1202 950 2307 1151 2707 2545 563 2023 433 2815 1799 992 2344 489 1046 1428 1788 2670 1407 1710 947
000371.jpg,1526 2516 1466 1969 1511 1992 730 338 1385 2302 1309 605 1442 1731 1779 1131 248 742 1498 1165 392 2763 2145 2746 1005 2788 2290 1133 593 2102 1243 2560 2151 773 406 2622 191 709 186 1557 2830 1670 2377 2730 1794 1379 1384 1707 1424 435 94 2064 1325 112 519 336 2219 1390 544 1581 1783 410 1138 2364 1020 1479 365 673 1573 2257 535 1311 1007 937 631 315 881 2318 1001 908 678 1739 1040 568 2299 1419 2243 852 434 1871 1290 870 1119 717 774 1016 99 2085 2680 257
000372.jpg,2798 1337 2227 729 2539 979 176 2640 2629 1145 1266 2083 2108 2342 2578 340 571 755 2786 1429 1249 1033 1729 1023 174 612 2031 2098 1065 1415 1638 1952 2274 2668 2747 1163 1070 2743 554 2729 1566 1872 332 1162 1910 2808 1808 1047 2570 2679 2775 2293 1367 2120 453 597 208 935 1562 1736 2156 624 1510 1764 361 2682 2122 1963 1398 1686 828 2829 2009 595 141 2047 1219 1903 2636 886 1093 1173 1484 1393 460 177 981 2450 1085 1189 2839 2335 1256 1688 555 2587 1399 289 1657 1329
000373.jpg,2439 712 735 440 1544 1045 260 1840 2241 659 1782 900 1617 2836 1993 1381 1658 1486 2837 51 1307 559 2419 1752 563 169 1328 2133 1437 2088 2515 906 1796 943 2076 305 2046 1208 2826 1636 1444 2790 1552 463 2424 1679 221 674 2817 992 2606 1146 2528 1983 2397 2840 1644 1878 1656 1640 134 1623 1663 2411 1405 1202 970 987 59 188 1422 1386 2300 562 1926 1468 1218 1029 2007 2544 1934 4 155 2082 2050 489 1102 2574 2337 201 179 497 259 312 1586 1417 445 2721 2130 1092
000374.jpg,1341 537 2758 1607 472 1069 1837 2372 1025 1571 124 616 195 1618 1491 237 2223 551 2138 2266 2595 166 345 2253 2781 573 342 1215 147 2530 1812 1698 527 996 1630 2607 2100 1660 2131 1994 651 1964 317 1803 203 591 414 1181 157 1360 17 1338 2255 352 2399 1445 2614 1167 2648 2094 1540 665 1355 642 1409 262 2371 405 1201 1572 1258 1587 1095 918 2246 1988 2738 2675 888 2801 2338 2139 1485 2486 700 600 1622 1294 708 2473 1524 716 1828 71 2692 1101 2820 1509 1530 2776
000375.jpg,655 331 1912 159 430 390 1635 2611 1097 580 1127 478 2236 1124 2053 1967 1780 1293 1715 1026 2406 1317 449 726 1140 2062 2765 125 326 455 643 1730 1787 1961 1037 2316 1475 1648 999 1932 1875 1395 1010 31 1274 1050 1216 2565 2301 1472 1929 113 1008 346 2467 618 1335 2812 456 1781 2025 1704 1378 671 2250 1262 2407 2199 1465 131 753 152 1281 1941 1024 1297 464 238 2690 2164 1021 927 758 2557 2173 2070 1706 389 1282 2669 503 1756 1500 1843 2228 1568 1532 1143 1376 1011
000376.jpg,2612 2401 2160 2079 1013 1336 1315 1364 335 2386 1214 1171 2197 1251 1907 894 953 2571 42 759 300 1632 2591 22 2554 1927 2141 1363 2182 2807 2841 2831 1283 1866 2153 1227 1217 2760 785 1108 96 2230 1744 214 2705 2162 924 171 2567 1953 45 1471 2216 2620 1556 2425 2476 2726 6 1064 1365 922 1288 1703 506 592 2751 1318 851 1844 732 2522 1277 1487 1768 2608 205 1488 181 122 2643 1456 856 106 1687 1536 1199 1605 2404 2056 1188 309 2348 2666 468 189 1400 1221 411 2278
000377.jpg,1125 2777 1753 2772 2478 2077 1834 18 1842 951 2015 70 2818 1252 2663 990 297 103 1323 2 578 2510 1186 601 2113 502 1235 1951 126 1161 1213 572 1759 688 431 369 1306 767 1115 1391 2066 789 1175 2504 2784 2624 240 1333 522 2561 2409 1513 1847 277 1845 1413 2054 2022 2314 304 2757 1798 2644 1230 962 2323 485 2496 2579 10 1166 2601 2302 1989 646 1908 2759 1928 766 101 2238 1390 1389 1558 658 1905 1883 315 29 529 2178 2622 364 1353 727 1451 483 1165 1809 714
000378.jpg,1087 1228 1394 1333 1928 1558 545 714 1298 63 1213 1166 2504 1513 757 898 1847 2022 251 2066 572 101 1207 1161 2546 2656 1137 2178 1785 304 2149 529 2113 395 2040 364 1343 789 310 2072 754 1427 1971 2381 1798 2323 1019 485 962 2409 2566 949 766 374 215 2238 232 1801 1257 2784 2759 1389 2737 1561 614 2579 1900 436 2112 596 1434 695 1115 1535 1175 2242 341 1883 803 2644 658 1773 2756 135 328 1945 1839 2827 520 1230 1631 182 1795 1306 1693 1178 1004 1334 240 132
000379.jpg,1487 2591 2197 45 2168 2841 2056 2810 476 661 922 924 6 1227 1188 851 2522 636 2571 1458 2404 1221 1605 1603 2278 1318 2502 2109 214 335 2567 620 2230 270 2666 609 1882 1960 2442 1889 1515 2141 956 761 971 285 669 1183 1744 411 40 1536 1083 644 1364 2807 2348 909 2620 398 2160 1591 300 1768 2751 1602 582 844 1251 2216 2386 333 807 2182 1953 2761 1064 1866 1726 42 181 2171 2503 1260 1171 1488 957 2678 2351 650 1214 1596 1232 2464 2048 1139 2263 1217 2612 2720
000380.jpg,1149 2320 2533 1451 29 1361 1106 2172 286 1306 2409 2054 1559 2673 2354 589 1719 2756 727 1951 707 80 967 1558 293 2000 1798 634 1928 714 1175 119 646 426 1804 803 2615 789 215 1296 1166 2021 251 1427 2787 436 572 2784 2024 2072 240 989 658 2149 1849 24 520 1353 1334 2408 485 2381 2323 1786 1728 2540 754 564 1207 1448 898 1535 1561 1161 2656 364 1269 1513 1383 2413 1231 1883 1213 1597 1984 2579 2143 341 2759 2644 1346 2566 737 1900 1115 1230 1312 1394 135 2430
000381.jpg,374 395 926 2040 581 529 341 101 1801 564 1818 2759 1561 2381 2242 989 1091 2114 1996 737 803 2644 1900 328 1971 545 2579 364 2277 2504 754 436 572 1513 1847 2066 251 1213 1394 1257 1357 1928 1161 1228 757 2323 1785 215 2630 1166 1178 1115 2149 766 1087 1883 2297 1533 230 789 2238 2113 1773 2546 2656 465 1372 962 2523 2756 949 596 2178 2180 1832 1230 1798 2347 777 1333 617 304 1728 1343 1538 39 695 1334 940 1389 2409 2489 2547 1786 1427 2022 2699 310 1035 1137
000382.jpg,1619 1238 969 1291 267 1925 1520 2727 2529 2709 143 226 1 264 46 1440 71 888 2092 2371 810 551 667 913 2340 892 127 1159 262 1122 1445 1366 1694 787 2271 2298 814 1863 2616 1629 2844 1814 2385 299 1807 1572 386 1684 2158 2635 1803 472 2833 2481 1539 891 1939 428 1735 2710 1129 1258 1078 2215 958 837 1009 697 2797 160 1816 991 30 1025 147 2431 342 1540 1421 1059 1815 1982 1355 2776 1811 1295 638 2139 557 2266 879 1514 2731 195 1571 1480 1270 1524 2455 2094
000383.jpg,70 2510 431 18 1759 1842 1834 2757 1125 1753 2777 1035 962 2561 2478 951 2772 2077 2656 2644 1798 1839 1230 2149 601 2663 2323 2015 2 1390 2579 1908 789 284 364 2818 1928 2504 2622 1801 1252 2784 803 931 1357 395 315 529 101 1561 502 737 572 702 1334 1394 522 714 310 240 2409 578 1558 2381 1847 328 766 39 1557 251 754 990 297 2759 215 1166 2756 1720 2497 1767 1427 2242 1448 426 1333 436 2324 581 1821 1830 1883 65 1818 374 898 1207 250 1900 1178 2615
000384.jpg,1568 2232 455 1262 1655 356 389 1789 1831 418 927 2236 296 139 1127 1912 464 484 2693 225 1378 2062 1706 806 2301 822 1011 452 758 788 1282 209 1755 999 2244 1481 1929 534 1475 2025 1503 1008 2137 2142 2407 2173 125 2059 838 1281 31 1274 655 1124 1875 2765 324 726 2316 1465 290 478 331 2429 108 653 52 1756 2531 780 456 33 1932 786 2053 200 1813 1662 458 1730 61 1275 408 207 2193 295 1062 467 2280 2687 2594 1923 633 1037 129 239 2396 245 1438 504
000385.jpg,1671 325 2442 8 2816 2562 745 1891 761 1723 443 1889 1661 2720 1596 586 2591 1898 2571 300 1931 335 644 2404 2168 1683 2167 1556 609 1083 2230 2056 2535 1487 1474 1536 1090 2464 636 661 2448 1449 724 924 2197 1605 1882 1768 2725 851 2109 2705 1318 2278 2823 2831 45 582 2645 459 2043 762 2810 1093 2807 1953 1766 1602 214 2188 2526 1380 909 1702 1797 957 1515 2220 1098 1232 971 744 732 2706 1221 2171 935 1188 476 973 407 2348 509 1726 1015 2841 2048 2096 2449 1866
000386.jpg,221 1656 2817 1926 2790 2411 2528 547 2389 817 1624 1102 1545 1202 943 987 1644 1752 2300 1386 2367 1934 2832 556 188 1407 2082 1319 611 635 312 2270 626 1405 4 645 59 1146 85 1993 1316 2501 2011 1737 950 562 900 51 1640 1569 1437 2631 2069 283 2439 2721 305 2837 1796 2044 1544 1328 48 1422 1051 1381 613 2424 169 826 2309 712 2515 715 439 1636 155 2836 197 1444 100 1489 201 2826 1901 965 2545 1658 1617 518 2133 1307 1054 1965 1123 231 970 674 2352 2088
000387.jpg,476 1797 620 1596 1726 181 1889 1702 1866 2678 2278 732 1260 1083 2498 2168 2348 2182 2720 1515 2810 45 2263 956 1960 2591 2823 1602 1696 1536 2056 300 2448 636 335 909 398 2643 1953 759 644 609 844 214 2197 2725 1458 40 2841 1638 2230 2476 2608 1880 2160 2522 2442 1768 1933 509 851 1214 1487 1188 592 1183 171 957 1318 761 1093 189 2503 1907 6 387 2562 2079 2060 2464 669 5 285 2188 2346 2751 582 1227 2171 1736 2109 42 1802 2351 1766 2457 2404 924 506 2807
000388.jpg,238 633 2062 159 1912 28 1097 1730 326 1293 152 2715 455 125 2557 2193 1111 31 580 1262 503 1026 2365 788 458 2592 1143 1335 1563 2301 2806 1822 602 2552 430 711 1704 655 1008 1708 2479 1124 1923 505 1281 1297 2407 2053 2819 2052 2265 2716 999 1037 1568 1967 2028 2681 484 2687 2232 313 1787 2250 1532 120 671 1827 1929 1715 2228 456 2236 1339 354 2025 1635 2119 1503 331 2237 390 532 295 726 1756 2017 972 1314 849 705 2500 1680 108 324 501 1317 1011 1896 2594
000389.jpg,284 1908 1107 1254 835 1310 702 2471 2601 931 903 1114 1340 2754 575 1512 1830 2624 848 65 1821 1691 502 1608 2630 1720 1372 1845 2383 2297 1996 1832 777 2695 926 1523 768 1259 2802 2347 1180 581 297 103 578 990 250 2276 2395 102 2422 1767 1091 1818 240 126 845 2240 2058 1016 1235 2586 876 2388 1120 688 1147 373 789 2637 775 2192 693 1277 10 1898 39 1809 2523 1323 1678 2804 737 522 407 1459 2242 86 2345 441 2805 2605 564 1014 2651 2114 818 2784 357 2315
000390.jpg,2236 1787 390 225 52 61 1475 1635 2025 430 464 1481 346 1875 1008 2407 1024 1706 726 1789 1967 89 655 2301 331 1827 753 999 2091 927 2669 467 192 484 2557 2765 2396 696 152 108 1317 207 418 2429 1923 1050 2634 2059 1662 1563 1275 1124 2173 456 1465 295 2053 131 1932 1532 1262 501 1127 788 455 1026 1022 389 1831 628 1039 2821 2398 478 1378 758 734 129 2674 2687 2794 2531 2819 1655 840 1929 1568 354 786 1781 1829 313 822 241 654 1281 847 324 2742 2142
000391.jpg,1285 372 629 334 2677 1380 796 2167 425 2691 1084 2222 298 117 750 2359 2593 973 1697 2268 1267 2303 546 1911 582 1221 1284 2705 1882 2443 946 1884 1387 275 2014 1425 2726 244 2355 820 543 459 1015 281 1603 2030 20 980 1200 2494 1525 2688 300 2109 2162 2132 2706 1541 1371 1646 1570 1462 2118 531 285 669 790 375 2124 2572 1763 13 1456 1979 1556 1922 850 807 1080 1061 1073 829 474 1280 2567 454 167 2152 2256 2685 1326 498 1744 1687 1973 1659 1641 2791 2194 2831
000392.jpg,1055 2286 2294 2305 1944 1076 2728 2558 1067 1452 1639 1935 2766 1777 1463 1464 165 79 1185 140 1937 2813 2511 2580 2248 2382 804 2068 722 1899 1547 1868 725 2435 2207 2393 146 246 1126 447 2825 994 494 948 2440 2665 2736 137 686 1825 864 1134 526 2037 329 1606 1942 1056 1408 2427 692 2741 274 2041 2135 67 2499 2445 1212 2319 2625 508 2258 2708 2292 1998 271 608 1874 1940 1223 1473 1130 1841 647 1677 939 482 2220 1721 598 2506 1876 677 619 2526 1771 2057 1439 217
000393.jpg,2333 1179 2252 2682 2491 2361 1651 1367 1583 1977 1600 639 1477 2170 1344 952 233 1864 1819 1415 998 276 701 2405 2328 1920 2225 2647 1769 2334 2400 2097 432 1578 1063 1154 174 2012 763 1851 871 2379 2459 2603 2462 1791 1245 624 1565 1528 698 515 2293 492 2353 2792 945 928 1729 2488 2416 781 353 118 808 381 923 1368 2325 974 2349 982 916 1210 1162 2536 2640 1566 2003 2803 1770 896 2103 1041 1657 1963 114 975 841 2304 853 1470 1354 2391 873 1128 2154 2150 875 776
000394.jpg,640 353 776 1754 1272 13 2210 2677 2152 1643 2520 1541 1371 1949 629 2443 781 98 222 2734 910 413 2421 281 2502 196 1504 2691 820 276 909 1226 2001 933 323 1113 1219 2293 40 1352 285 244 1864 851 6 1477 1038 2353 1436 224 956 1205 1819 2047 853 624 2671 2514 1162 128 2325 2572 275 265 327 796 2726 2109 377 1603 1263 1954 2841 672 2400 2828 2391 2361 1659 701 2003 2474 351 1139 1423 896 828 2278 1625 1173 233 1203 298 854 1041 347 1221 270 1911 370
000395.jpg,1317 1127 1756 2236 655 331 2406 2611 478 786 2765 390 363 1967 1972 2061 1475 1011 1648 1187 1282 356 1715 2402 1662 2465 2505 1647 1124 1273 2774 1274 1378 2053 721 484 1465 108 1755 1780 402 999 245 2301 2794 1843 1635 1438 2429 408 758 1789 1008 430 726 643 471 467 1706 239 2017 2173 455 1929 1912 1921 936 2531 1781 2280 1024 654 2698 2091 2407 534 1262 296 927 1875 113 1118 1140 1395 1037 49 782 1248 805 131 1050 139 216 753 1022 838 464 1692 1787 2059
000396.jpg,495 61 131 2025 268 2173 207 452 2285 241 1022 390 2794 225 1465 1282 1635 840 1875 296 2565 1787 290 2091 53 239 2634 1127 192 1481 1843 1852 1378 1967 2236 2669 2396 1475 1706 2164 753 464 331 1532 52 2531 1317 2280 1216 430 1275 1024 653 1050 113 408 2142 2311 2765 1780 655 2429 799 2693 314 726 89 2398 780 806 356 1140 2611 467 449 534 858 108 525 1781 152 1755 2821 2819 2059 346 1563 1924 1503 2244 1274 1829 1039 49 786 1662 1827 1789 805 1961
000397.jpg,2396 452 225 1481 2244 52 131 2236 1875 1475 1787 501 61 1563 847 207 125 726 129 1827 1062 1274 456 2025 430 313 2429 534 780 268 1923 418 390 296 1282 2557 999 734 356 484 1967 806 2059 389 1378 1127 464 840 1050 2765 152 354 495 324 192 455 1503 1465 1635 239 331 1932 2173 1262 1532 2017 696 653 655 1755 1912 1039 108 2053 2500 1741 788 2674 1568 290 1896 2634 1317 2742 89 1008 2687 927 2479 478 1704 2819 326 1831 1789 1662 2794 1730 758 1281
000398.jpg,1779 406 1385 1800 1645 742 2145 2763 1138 1894 1731 1992 1871 2613 519 773 709 186 1119 1707 2102 1007 1613 2219 1526 1419 763 662 937 257 2516 392 446 631 1567 2310 1978 2596 2101 2225 2377 338 2064 982 1466 500 301 1527 2085 1499 535 1876 811 1721 288 648 1237 253 1325 2559 528 598 2660 1017 94 1516 1546 2696 808 69 2680 1498 605 657 1981 984 1906 881 2392 2618 1455 2257 2097 1511 1969 682 730 677 921 948 2446 2110 1718 1290 2318 1909 852 2095 1518 1301
000399.jpg,2603 343 1200 1633 1049 2485 871 256 2030 594 1504 698 58 1565 392 206 247 2718 862 549 2593 2204 955 233 1600 604 222 2157 1864 2012 123 276 1751 910 3 1403 2803 1643 929 1205 1365 1287 2331 2318 1267 2582 381 781 2195 1642 2071 2336 1245 1247 542 932 1477 598 839 1521 1128 701 2334 1204 1508 2487 2080 539 1402 2170 1625 882 1819 874 2420 254 1255 2434 1763 2696 2361 986 1344 2734 765 2203 2405 1915 825 1541 974 1933 791 2116 1041 2391 2150 2677 1347 2268
000400.jpg,2766 1056 447 2558 2728 2435 1944 1055 146 2825 1076 2294 1899 2736 2286 2708 1126 165 864 1463 994 608 1185 137 274 1874 2207 1212 2248 1777 1937 948 2580 899 2382 1639 2393 1606 2305 1464 2813 686 1067 526 804 79 2511 725 2258 2741 2135 246 692 1868 1825 140 1547 494 1452 1935 1439 2427 508 1942 1841 2499 722 2440 2665 329 2068 1223 482 1134 2438 2057 271 2319 2220 2526 2183 1876 2292 682 2051 2506 1473 1998 939 2037 1408 598 491 677 1721 2625 2719 647 2639 2041
000401.jpg,2150 1041 123 1255 882 986 196 1757 1519 853 907 1754 1088 2421 909 1049 1477 2462 1170 1911 1541 381 820 2362 1508 1600 2671 2047 1038 334 2334 1819 1643 98 2012 2210 543 574 2170 750 353 796 781 1864 1949 1260 956 1267 2132 370 1696 2109 2291 896 2387 15 2520 946 2729 776 1603 473 893 981 2667 1077 1139 932 2803 474 2686 2593 1380 905 933 292 828 306 1525 791 361 2263 1565 276 233 1344 839 980 2001 1423 2391 2706 889 1287 2405 432 2683 116 1697 1641
000402.jpg,63 1087 1228 1019 1298 1333 1785 2546 1513 1137 1847 545 1434 1161 132 1213 2178 1176 695 2547 1795 1343 2656 1971 1749 954 1773 614 1928 1394 1389 757 2149 2066 149 2827 304 2022 310 596 182 1166 1115 2112 1999 2408 1685 2143 2113 485 2441 1257 376 1004 2737 949 2040 898 251 714 213 1535 1178 1743 1207 1693 1631 1447 374 617 2111 2504 1561 1353 101 1103 1265 24 2072 95 2566 634 1483 2700 824 940 1712 529 789 1558 2381 983 16 1175 1760 1883 499 232 2409 395
000403.jpg,1840 645 2076 1799 440 2241 155 2011 735 1788 1444 445 992 2376 1202 2046 1544 950 1328 2837 947 1663 2836 1993 904 2735 1617 1679 59 2133 1261 2732 2628 1775 2631 1054 169 2439 1468 965 2367 1552 1636 134 1897 2389 1381 1623 4 906 769 1362 2088 1640 1045 674 1752 712 1489 2707 2272 305 1422 51 1218 258 1658 2767 1782 1146 1649 2815 1029 1965 319 2270 2419 860 201 2482 1320 900 1796 2606 1307 168 2721 1710 1051 1208 1860 562 770 463 2840 2676 2023 1453 74 2424
000404.jpg,1810 249 1944 2509 1012 2728 2558 627 1056 202 1055 2766 2294 2207 1212 2435 1825 447 165 1001 1606 1076 1406 1876 67 725 1874 2583 137 2825 1464 2135 146 2286 1899 1463 1721 1075 2708 1639 1937 899 2350 2741 2382 1777 2393 1185 948 2121 2258 2580 93 1473 1439 1841 1223 1868 2736 686 2224 1590 2248 2183 2744 362 2813 1986 677 140 2057 2809 1733 804 2390 1731 482 1940 2305 1265 494 598 1452 1529 2719 1126 692 2143 742 682 657 1130 2438 2665 1067 902 2033 541 1935 2319
000405.jpg,131 495 268 2025 464 61 2173 207 452 225 1875 1706 1378 1022 1843 2794 290 239 2142 1127 2285 1503 192 241 1282 296 653 1475 331 390 2091 927 1789 726 840 1465 1275 1635 2236 1481 2669 1787 2531 356 1274 799 780 1932 2693 1003 655 408 999 2280 1852 1262 467 1755 2396 53 2059 806 1011 449 1780 2250 2765 1813 822 455 478 2687 108 52 1655 2565 1024 1961 89 418 2244 324 1532 534 2634 2137 346 2017 786 753 139 2429 430 2819 1568 113 2611 314 671 1050
000406.jpg,181 732 2056 1866 620 2182 1797 2522 2498 2351 45 1093 1960 398 1889 1596 1458 2386 1064 1696 2160 2591 592 2141 1702 2761 2048 1364 407 509 1768 2508 2079 104 40 476 2230 2503 1953 1515 335 2425 2608 851 214 2203 2760 785 909 236 1907 1260 1488 844 171 2841 644 1602 1251 1214 2612 2442 2263 957 953 1083 387 2643 2197 2348 2448 2476 2521 270 1318 306 510 2807 1736 1591 2346 1365 1536 423 1726 2567 2116 2278 2620 1088 43 1139 473 2725 300 2401 1738 1766 229 205
000407.jpg,142 1492 555 802 868 1890 427 554 2415 429 2217 2267 2078 73 2029 2668 2074 2380 2423 1888 1699 62 743 2568 1599 417 289 437 21 399 380 681 1256 1430 1398 361 332 302 292 78 1033 1236 1793 901 1562 1628 199 1553 2108 1085 2163 2451 2786 2743 1393 176 823 1053 1233 536 36 1431 2384 597 878 1510 1065 340 1686 2274 453 886 2122 731 2227 979 2469 2679 893 172 121 460 208 2126 401 1163 2829 1155 1089 2577 177 1588 694 1784 1808 1160 2587 193 1886 595
000408.jpg,1944 2766 1463 2558 1055 1777 1639 2728 948 165 2294 1464 2286 2435 1935 2207 1076 2580 146 1899 2813 1185 2393 1067 2248 2068 2511 725 722 1606 1825 1937 2825 79 1223 246 1547 494 2665 2305 2445 2708 2382 447 1452 1874 2041 804 686 1134 598 1942 1433 2704 2598 2057 2319 1056 2135 140 137 2436 692 1408 677 1439 939 1940 2736 1126 2427 647 2220 1986 1212 271 2741 12 1868 2440 491 864 1721 682 994 1876 2625 329 217 526 2037 274 2051 2438 482 2569 627 2719 67 974
000409.jpg,967 1804 2320 1149 1719 2533 2024 2354 2756 789 2615 2409 1535 29 426 1451 1361 2172 286 2054 1728 2021 240 707 714 1597 634 727 91 2224 1849 1558 2540 2072 1448 1306 2784 658 2408 898 213 24 2235 293 2673 1427 1928 646 754 589 1431 483 80 119 2413 1296 1166 1984 1269 2143 2430 1231 1334 1513 251 1886 1867 1207 1106 2546 792 1951 1178 232 1053 1483 2323 520 2638 2583 1383 60 1175 1945 1672 1555 2000 2787 2078 803 135 2472 215 2579 1786 1773 2381 1559 436 1689
000410.jpg,1728 135 2295 2413 1533 2277 2323 558 1801 754 2759 1898 757 2644 395 1448 529 1683 232 2242 1945 967 80 499 328 1561 2472 1689 1631 2756 2566 2504 572 545 1383 2579 426 1984 1230 374 341 101 520 1296 213 1847 1268 1928 1213 2178 304 766 1228 2238 1132 1996 1513 2546 1588 962 2113 2066 19 1418 1550 935 1597 2143 1334 1161 2090 1839 1804 417 1394 1087 2523 789 2533 24 581 569 1091 777 1971 424 564 2615 1035 596 898 2784 2055 1306 803 1555 401 2384 2408 2029
000411.jpg,461 1976 477 1250 1230 1550 2323 2644 962 135 1683 1027 2779 2589 1263 1881 1984 714 572 529 1394 1903 496 1207 905 395 938 558 1066 691 724 1065 1038 141 2295 2579 898 1150 80 78 555 2759 340 2413 1740 2107 1890 1839 2472 2463 1561 1312 713 2786 328 1817 536 453 1074 289 1628 278 554 1801 1562 1798 868 488 177 2410 1322 897 1654 1035 2242 624 2029 2679 332 1898 1163 1597 2829 2122 1700 1412 2055 429 308 634 62 569 646 2238 417 2409 2277 2167 2577 766
000412.jpg,1321 2450 1098 2060 941 957 189 1987 2156 1638 43 1858 2645 396 565 1910 1495 2032 897 592 2083 2188 2562 2627 99 229 1880 1736 84 1761 815 1844 571 2342 959 56 1621 1199 2249 1766 2823 1802 476 755 1032 1933 1260 2089 2153 908 761 1596 2404 1889 468 2313 1709 861 2476 1702 419 2720 1676 2503 1907 2141 481 387 96 1866 38 620 1280 1337 1806 214 1214 744 1632 340 612 1189 1170 144 1560 506 2567 2750 2688 183 333 2514 1510 2572 2115 1002 1602 2348 1797 1093
000413.jpg,633 2592 503 2193 602 1111 711 2052 2365 1332 2237 1912 1680 740 2322 1472 238 81 159 1297 125 2681 580 1756 2527 28 1143 2181 326 772 2552 1967 1708 2062 31 1335 1314 2689 2764 1281 1896 458 455 505 216 2610 1026 2119 2199 456 2500 1441 1117 2232 705 1262 2177 1037 1118 484 1010 587 1097 330 2594 1822 1008 152 788 2265 2250 1568 1831 1955 1704 2534 354 2053 968 1317 2283 2316 1293 2236 2819 2597 1156 1755 1339 2479 1730 344 1635 1164 1715 1050 1650 655 1543 1124
000414.jpg,2713 2034 2755 2545 2023 2433 1584 747 2272 2376 2650 1320 48 2045 168 231 258 2556 950 770 2367 1316 64 439 1496 194 1453 1261 1897 1051 201 2815 1569 563 2289 1796 2732 2309 1362 1948 2352 1218 2628 1799 1490 2241 769 2439 2767 1901 100 1552 1586 1416 51 1422 59 2721 433 715 1096 1658 1878 497 1775 1965 305 2133 2088 645 2631 1544 1640 155 1444 1649 1123 674 2826 2389 947 1381 2836 1860 260 161 1054 1993 1545 2837 562 2375 1617 1782 1663 712 1895 2735 1752 2501
000415.jpg,2208 41 1652 1264 912 2231 867 616 237 157 1812 961 527 591 651 2675 195 2338 1215 1994 1181 2223 2801 2131 2372 1129 1698 2834 2138 1837 573 1409 1095 1491 1684 641 918 2530 2584 1411 1112 996 2253 1571 1446 1988 317 17 2205 716 2412 2134 1622 718 2835 2517 414 1564 1060 700 600 2298 2100 1587 1294 203 708 1338 2529 1828 1373 2246 1615 2215 2590 2524 1360 345 2063 1862 1009 1341 1964 349 1589 2399 2731 1485 1630 2158 1101 1497 2692 2075 537 1242 2255 1258 797 2781
000416.jpg,1910 1625 2096 2071 1283 935 2156 594 869 468 1098 1806 836 22 861 1709 1963 1556 2795 1171 1953 744 2404 2567 1337 2571 270 2079 2705 908 2197 1436 2452 214 2645 1858 2083 1214 2268 2153 300 2612 1321 2750 2425 1315 2109 2342 2313 1643 894 2512 2188 2160 1790 785 205 856 2570 335 2554 955 1933 1108 850 2331 585 971 459 2831 2116 325 1015 189 1336 2201 43 1329 986 1199 1632 96 2089 1610 1425 592 2841 2775 99 909 1504 1757 571 84 400 123 2218 1763 42 1866
000417.jpg,100 2721 51 1569 1782 715 2034 48 64 2545 735 1658 1640 1617 1453 440 900 562 1490 1051 1796 1307 231 1381 168 559 305 1316 1123 1901 1486 2241 2836 1840 2439 674 563 2076 1710 2826 712 201 1054 2309 2713 1328 906 1218 1422 1444 1437 2376 965 1965 1544 1948 1468 439 1878 2272 260 1679 2815 155 1584 2652 769 1045 1649 2628 1496 2433 2735 1489 1096 319 1416 2050 645 978 1261 497 970 489 1148 1752 1623 2023 134 2606 1663 169 2130 2312 1586 1860 2837 747 2454 2352
000418.jpg,6 546 1882 1591 2386 45 661 285 582 1458 2168 2761 2194 398 762 1251 2620 270 23 851 2048 2522 1488 300 1659 40 1400 1462 1198 1960 1064 1687 1183 1083 2831 1768 2203 973 644 1221 636 2442 1205 2056 244 2197 2807 1536 609 2503 1515 476 2359 2278 1364 466 2109 2705 2688 2494 1744 2261 1426 1318 510 690 669 647 2514 2502 498 956 2683 732 2841 1380 1080 844 1738 2521 1556 275 2263 1371 327 1113 2571 1525 1570 621 1061 1144 2115 1603 1726 1139 2182 298 1397 171
000419.jpg,52 108 1481 418 1378 61 1787 2396 346 2025 2244 225 2398 753 1282 207 2794 2765 2669 2236 125 2429 2173 1475 1781 786 2687 534 452 2821 1274 1662 1127 1500 2467 478 131 356 430 1875 363 467 2690 239 1789 296 268 655 1465 192 653 290 2070 1022 628 138 806 1024 241 408 1026 1008 33 1021 455 331 625 484 2407 1831 927 2465 2505 1506 1048 1568 822 1220 2232 2017 1923 2301 2698 1262 1780 1317 758 1655 390 216 1843 326 389 501 1124 2053 1755 1275 495 89
000420.jpg,2612 2401 1336 2160 335 1013 1364 2079 2591 1171 2230 1251 2197 2386 1315 1214 1365 2522 856 2056 22 45 894 1363 785 953 2807 1632 1907 1064 924 96 214 300 1487 2841 1927 309 851 2442 2182 1318 1605 2571 1703 922 2751 1744 2567 1217 2831 2141 2216 1953 759 1288 1889 1471 1283 333 2404 2554 2153 2760 42 1866 1515 1768 644 1104 2620 1108 861 762 1277 2162 2498 1602 1556 407 2278 2048 1488 1227 2168 1891 2116 1727 661 2666 106 2348 6 592 2502 419 1232 2476 506 1188
000421.jpg,851 2502 2152 244 1603 1221 2386 582 6 1113 2109 40 1525 2115 2514 1744 13 2567 1591 1371 2761 1882 45 2726 1949 1616 1659 270 285 23 1251 1139 1768 2572 956 106 2841 2522 546 2197 1205 2421 2691 1515 2612 334 2677 1458 2706 640 1536 2048 1960 214 1570 1198 298 2030 398 1272 1380 2168 661 281 1541 2162 1171 2278 844 941 2203 2623 2751 2807 1318 1661 1083 2348 629 84 1426 636 971 98 2620 300 1064 1084 2263 1364 1754 609 1183 1602 2464 2359 327 2442 1488 1365
000422.jpg,2047 1949 323 853 1436 1189 222 2293 370 1504 1754 1038 2578 2032 624 377 174 2421 270 2109 2729 828 755 1477 2038 2602 123 1415 1250 1352 672 1162 2120 640 1374 1255 2483 2108 56 2031 2342 1049 882 1163 2828 542 1603 1399 2677 839 1484 2679 1173 1219 629 1206 981 955 1337 84 2520 964 2400 2671 488 2325 2664 2775 1661 2009 2706 72 933 1272 13 713 1864 2001 2734 479 1093 710 1342 941 1674 1910 1954 399 1820 938 985 1643 1952 2512 2514 2083 1070 2353 1145 1263
000423.jpg,848 1830 2601 931 702 2471 1114 1845 903 502 768 1908 1107 1340 1720 65 1821 250 284 2624 1310 1512 1767 1608 990 578 2388 2276 297 688 126 103 1975 1235 1323 1254 522 1391 684 1413 70 1186 1842 835 1759 18 420 2314 2510 1557 2757 1418 2644 1834 2315 2 431 2622 886 2663 1916 1035 2630 767 2768 1397 2346 1686 601 1230 2478 2077 1125 475 1372 1801 395 597 1832 2496 1753 2561 2323 2128 1818 581 2297 2777 789 2772 962 737 39 926 2277 369 315 1390 2347 2620
000424.jpg,395 581 2381 926 2040 436 529 989 803 737 1818 364 341 564 2114 1900 374 101 215 251 2644 1801 1561 572 1357 2242 2759 1928 2149 328 1257 2277 2579 1971 2656 1166 1091 2323 1394 2504 1230 962 789 754 1427 2066 2409 1798 1213 2238 2756 766 1115 545 1883 1513 39 1786 1161 1847 1996 2542 1773 949 1228 1178 230 1035 2021 1839 940 1533 1087 2546 310 2113 757 2630 1951 1334 1343 1785 1306 1728 1558 465 617 1538 714 898 1693 1333 2699 2787 2784 2497 2737 240 76 1559
000425.jpg,941 1987 84 2089 815 2060 2387 959 820 2032 43 1321 115 1541 323 189 2450 2101 1880 56 1761 1865 2162 285 2156 2573 42 1995 1199 2677 592 1844 1098 2081 2278 1910 1643 1221 214 396 334 69 1851 956 750 809 301 2188 244 2476 481 1703 1638 2342 1933 1387 2823 411 1286 106 2210 2726 372 2348 1189 388 1949 2567 2688 2219 1402 1260 755 909 2150 910 2796 1769 2425 1736 2103 2083 1560 122 1866 1657 353 38 2474 1909 2379 2720 2421 1687 1802 1088 924 37 796 2153
000426.jpg,476 669 2623 181 2197 620 1227 924 759 2263 1702 909 732 1188 1911 956 20 1866 1797 2643 1083 2810 2182 167 2168 1170 2608 205 2751 236 1458 1907 2348 1697 2404 1260 1882 1726 214 546 582 1525 1084 2678 411 45 1487 2476 398 244 1536 1933 1515 1221 1214 2841 2726 636 2760 1280 1183 2591 661 1596 1889 1171 1318 1032 2498 23 2567 1570 5 2216 1960 2442 298 474 807 275 285 2086 2313 1364 2160 980 761 2425 1144 423 1064 6 2823 1744 2503 1380 2807 2688 2303 1768
000427.jpg,349 797 1350 1776 656 859 1122 2662 1575 756 720 1191 228 706 1542 2321 837 958 2229 77 2298 2332 2455 885 264 1877 857 1457 2739 1861 1358 884 287 2092 366 2206 2590 1229 2123 1580 2694 1009 421 1043 1445 969 801 2529 158 2327 2456 1619 787 2797 1348 892 2330 2672 1684 2541 143 299 2399 638 82 2844 2727 2619 1551 1520 263 1440 1925 30 976 1196 1193 687 2385 185 2127 746 1 2039 438 810 798 2271 1765 1338 1030 317 2139 1081 470 2155 2659 1815 1025 2484
000428.jpg,1631 2785 2413 1914 1728 1996 754 135 757 2523 2295 695 777 2441 499 1999 1689 1945 132 2827 232 558 1561 596 310 2547 1091 88 2242 1343 34 520 95 2111 2745 213 1103 2180 2756 1856 2202 341 1448 2759 19 328 1176 1535 1383 949 465 230 1533 1898 2566 2546 424 617 1334 2422 2737 1801 1296 2058 2277 2190 983 1538 80 1597 2489 426 1304 1178 766 1846 407 1804 60 1683 374 1773 1971 967 1513 1722 2684 576 1087 2178 2579 2408 2040 634 1298 1231 2615 1228 989 540
000429.jpg,1912 503 238 999 633 2250 456 726 455 28 1281 711 2552 1262 671 152 2119 505 331 1335 2193 2592 532 1827 125 390 655 1563 2236 1706 354 1635 464 1967 1111 1704 1376 2181 458 1932 2062 1708 587 1532 2028 484 1730 734 313 1896 788 31 2500 1680 1756 602 2479 159 1127 1003 2099 478 324 2052 326 2716 580 2557 1923 1317 1008 771 2322 120 2301 705 1503 1475 2059 1050 330 1026 1274 772 1917 2316 1746 2017 2283 68 972 1929 2053 2674 430 2025 2715 1124 2594 2177
000430.jpg,2496 1938 1747 2686 1833 1443 767 889 2 277 2532 2702 2510 431 601 2663 18 1842 70 369 2315 211 1413 1759 1418 1834 1519 531 951 1391 2757 578 1989 1390 990 684 1980 65 126 2772 1125 1186 1975 2314 2818 2622 1753 315 1767 688 2015 1252 1512 2276 250 2777 2128 1323 368 1725 477 1557 2478 1821 1845 461 297 417 1460 502 2077 1720 886 2089 2302 1235 2388 400 2499 444 768 2051 1757 543 2443 13 1165 1884 1114 2183 931 2685 1686 2624 2355 1976 657 2561 1035 62
000431.jpg,280 493 133 2327 1580 2125 548 2418 2174 228 1930 2374 1457 1861 1792 746 976 2672 2332 1664 1758 1575 2456 801 934 1877 2694 1724 656 57 263 2184 689 687 210 1234 242 2581 2229 756 884 150 1193 2039 2198 2356 1375 2739 2659 1542 1229 859 77 2155 1191 2321 1276 1350 1348 2662 1551 1887 1292 1665 857 704 185 1859 82 842 1776 514 1947 170 1675 2127 885 421 2187 1576 438 797 158 2838 1196 2123 2330 706 1345 1857 1765 1377 1358 366 1030 2548 2703 1279 1392 1043
000432.jpg,270 1949 6 1458 285 482 2683 2291 1462 2421 851 661 574 1591 2048 2761 909 244 647 1661 582 2278 40 2109 1113 2168 2080 2197 2503 1221 1183 398 762 2386 1768 629 2203 2841 2194 973 546 222 1882 2494 214 1400 2057 2571 783 2514 2030 1365 1960 334 300 2620 1536 2677 2593 1541 956 2691 844 1744 974 1488 941 1687 636 2222 13 1139 45 1603 84 23 2567 2152 598 256 2639 845 2831 2734 2359 1605 2502 750 1251 2506 1426 946 1659 1198 2442 2162 609 594 2807 1933
000433.jpg,478 1141 2406 1780 2070 1248 1187 113 1648 655 331 1972 245 1692 1472 1140 1127 2698 1647 430 2316 721 525 1921 216 2565 1273 2311 936 1781 52 2765 1715 139 1500 2611 2061 1274 200 1118 786 363 1026 1912 1216 625 2280 2467 31 1505 455 643 449 1143 2062 1317 1756 2669 788 1021 2821 1395 402 2465 2505 561 654 108 346 1822 1008 1438 2398 1048 1037 2632 2173 390 877 471 618 49 1335 1598 1282 2690 1612 53 1262 2164 125 2794 33 1356 467 209 2402 1967 580 356
000434.jpg,1476 1713 1482 357 2699 2202 2780 1169 2281 88 1224 1116 818 2745 2080 2383 1091 683 676 230 1538 2190 2630 2605 1838 693 1714 2523 279 39 777 2368 2651 2804 2493 1014 34 2180 373 940 2733 1192 576 1856 1459 441 469 2166 60 47 2288 1523 2586 95 1914 2345 102 1818 341 1773 2114 824 1194 2329 198 490 1678 564 1805 2447 581 2525 2695 926 794 1178 2621 737 1410 1180 2247 876 2058 1748 2347 603 1517 2297 2240 1626 2211 2036 2422 1832 2209 812 2701 830 407 2637
000435.jpg,1524 1803 1811 1059 551 342 226 127 1629 888 1355 2710 262 267 2094 147 2727 2444 160 1863 1167 798 472 2403 2431 1078 1735 814 2013 2266 1509 1373 1238 991 1291 2595 1939 667 1530 1539 71 2371 2385 1520 859 1295 203 2468 2473 1421 2709 1324 1947 1445 1619 1025 428 891 641 1807 2740 1514 2783 2339 1159 2175 1 1258 2731 795 537 1814 2662 2092 642 846 810 385 2541 403 787 913 706 1129 577 2771 2340 2481 511 687 697 2226 1572 969 1440 2399 2776 665 2271 386
000436.jpg,459 2268 1380 750 2706 829 1911 946 334 372 582 2167 1537 1763 2362 1603 546 1285 629 2677 2691 1697 2030 298 1387 2109 1267 1570 2355 973 285 2222 796 1525 1221 37 1084 1170 2593 1255 922 106 850 669 1073 1541 1015 2514 820 448 6 84 1200 2261 2688 1462 1205 941 2421 1659 971 425 2161 1371 275 661 1661 498 1591 1280 1113 2194 1933 956 2359 2512 2132 2032 98 2572 244 609 1038 1139 1646 474 2115 1183 2318 1425 1882 2014 2118 392 1090 1153 2121 2474 1949 2303
000437.jpg,1526 2516 1466 1779 1385 1969 1511 1992 338 1731 730 605 742 2145 248 1442 709 392 1498 2763 406 2102 2064 186 2302 2377 1309 2788 1131 1243 1325 593 1005 1707 2219 1384 1138 94 2746 937 1165 2151 1379 1424 2257 2290 631 1670 2560 2830 773 336 535 1119 1133 1613 2730 519 1645 112 2696 2622 2318 1479 2364 1739 1290 1419 2243 1800 191 852 662 678 435 1573 257 1581 1557 2596 1020 1794 908 1040 921 500 881 2660 673 1681 1783 253 774 1871 2117 1718 2085 487 660 544
000438.jpg,2510 431 70 1759 1035 1842 18 2757 2561 2 2663 1230 1839 2644 601 962 2622 1390 1834 2077 951 2478 315 1125 1753 2777 2772 578 1443 1767 65 1747 2496 250 1720 277 1557 1938 1391 2323 1413 2388 529 931 1833 395 502 2818 522 2314 1418 2277 1975 1340 1821 2686 101 702 2276 1801 990 364 2579 688 2015 2504 1798 126 2656 684 284 1512 1323 2302 1845 767 1908 789 1928 1252 1830 1114 754 328 1186 297 768 1984 572 369 1519 2472 2315 1166 889 374 2149 1357 2784 103
000439.jpg,635 1405 188 85 987 2501 556 1656 2082 2044 1386 1319 1934 2411 2631 2270 2088 611 547 2300 943 1102 2528 2817 1788 1926 2367 1552 221 1202 155 2389 2713 645 626 1644 1993 2375 197 201 826 2011 1422 2790 950 1362 1407 4 2309 1545 305 817 1897 312 1636 1895 2832 48 1752 1799 439 562 1737 2439 59 2046 613 769 992 463 2433 2424 1860 2721 1029 1617 2312 2837 2419 1901 231 1640 1624 283 2545 51 1840 715 1544 1468 2023 900 1453 2732 134 445 260 2836 1381 169
000440.jpg,639 118 2328 1470 1791 887 2792 945 567 1210 841 1667 2491 2349 808 875 1977 311 975 2252 1179 579 530 819 1851 1211 982 1531 1154 2065 1769 2416 492 2459 1578 1920 2793 2049 1583 1367 2682 748 7 2647 1651 1579 566 2488 1354 1742 928 2304 1909 2711 25 923 1063 2796 1770 1854 2658 114 227 1415 1585 1565 2618 1209 919 2097 517 2225 1368 1657 2778 2723 1239 1528 2147 1613 1604 952 2379 2310 2026 966 778 916 2042 763 151 243 1271 2394 1970 2559 930 382 662 528
000441.jpg,1694 1411 2584 2185 1129 2529 264 299 2139 2517 1264 2731 143 641 2616 1122 1238 2484 1373 2092 1009 837 1291 1814 2833 888 1112 2298 2455 1440 267 2215 912 386 262 428 226 1446 1735 2797 667 2771 991 2371 1589 2834 2635 1684 1619 1360 1549 1925 223 2266 2844 1324 41 1982 638 2271 1863 2385 1807 1294 1295 2481 1159 2541 1445 2524 2776 665 46 2138 718 2460 1862 349 2590 2783 317 741 1994 195 557 787 891 1816 958 2412 1698 2727 1 969 810 2158 798 1540 1520 1630
000442.jpg,1145 2587 2636 208 1023 2098 595 2747 2009 460 666 72 1047 141 1510 1717 2274 2829 177 2679 1163 1903 2122 536 2775 694 2055 2108 121 172 2577 1085 453 399 1784 823 2126 1808 1688 731 2655 1065 1150 401 1089 612 760 2090 2163 2722 2469 569 599 1241 1872 988 2786 156 1550 1628 1162 979 174 340 2227 2640 1132 1588 1740 2668 571 1415 1155 1160 1562 193 554 332 1266 1888 289 2031 1890 2537 1268 2029 322 2629 1666 164 816 417 1553 755 176 555 2779 1070 429 1952
000443.jpg,2623 1084 956 1911 669 1183 1882 2261 1227 1280 1880 2168 636 476 582 481 2197 2474 661 1933 285 2194 2115 1525 1371 1726 396 2678 2476 644 2464 1802 244 42 1536 298 2060 2688 1556 2278 1659 6 1032 815 761 411 275 546 1221 1205 2627 167 2303 2359 2263 2348 2720 20 2726 1866 1170 609 820 2109 2222 300 1687 2573 398 106 1083 1987 759 2188 387 1960 205 2608 1638 506 2442 2571 2450 1797 2691 909 1153 2823 40 1616 1064 1318 214 2425 2030 281 2761 1458 2725 2572
000444.jpg,2514 270 2109 45 2048 1113 2522 1591 2386 957 398 2761 1170 1525 476 40 6 1226 2448 1960 1638 1093 2263 1696 909 2278 2841 1768 2168 2115 1616 1083 2572 407 844 516 582 971 1458 1596 1183 1736 851 23 636 1911 1144 1337 1515 624 2520 1949 1953 2116 2706 1251 1702 2056 609 1380 865 2293 620 423 2421 732 1933 2503 2067 2720 1866 1139 1198 1659 661 1570 43 459 466 2086 956 1260 256 300 1726 1371 1426 1536 377 853 1038 509 2567 1205 1318 1280 181 669 2464 828
000445.jpg,1116 751 1713 1714 683 1194 1224 2036 1601 469 1014 379 187 1838 2745 2733 2202 1192 902 1169 1856 1476 2605 2651 1748 1517 2804 590 87 1459 2621 2020 2525 2780 2190 920 1950 2106 47 818 2684 1919 1382 321 371 603 1940 2211 541 88 2345 404 357 2239 1609 960 279 2275 2033 32 83 1410 2073 2563 1836 1620 2368 832 693 2447 2630 378 1195 917 830 1732 1678 728 2166 1914 2329 1990 34 1538 983 993 1690 1594 1943 2586 462 1482 55 2699 2281 2207 1986 1626 2701 1467
000446.jpg,407 1898 1996 1683 2111 34 777 695 2180 1999 1103 2523 2441 1685 107 149 757 2202 1785 1091 2489 88 2745 2547 2586 279 132 230 2827 457 2447 357 2422 2780 1176 2630 2019 2254 1856 1228 1631 558 2178 2684 1343 596 2192 1914 2242 2297 2555 576 304 783 1019 2546 1333 954 1727 940 693 1298 983 617 310 1795 2233 775 2112 2022 2058 1161 2347 949 1561 540 1846 2368 632 1847 2737 1773 1626 818 63 2701 1513 182 341 2190 1734 1805 1517 95 2637 1801 1169 1372 1177 213
000447.jpg,1470 1791 887 1667 118 819 1531 2328 945 567 2792 2778 1585 748 639 2491 1354 1977 492 1154 1210 919 808 2575 841 1179 930 1579 2459 2065 2647 928 114 2416 875 579 1578 1209 1854 1583 2304 1851 1367 1657 2682 515 2349 1651 2488 311 2711 998 975 1770 1368 1415 1769 2379 923 1958 1063 982 952 2618 1566 566 7 2064 1352 517 2252 2723 1233 1864 382 1642 1239 174 778 380 9 2803 2793 1128 3 1599 2559 1729 1565 437 1920 2026 2267 1528 227 2074 2042 25 2380 2333
000448.jpg,1179 9 2647 2491 2682 1154 515 2333 1477 492 639 1819 2170 2325 1415 1864 1367 1977 998 174 1579 1565 1583 2379 2328 1063 841 928 1344 1470 1729 2293 2459 1657 2400 432 781 701 1651 2195 2778 2334 945 873 2003 2536 2603 624 2803 1041 1920 2488 1287 2405 2008 276 1173 224 2775 1851 1088 381 703 1352 2361 896 353 1566 1600 2252 819 1368 1239 723 887 1245 1667 952 2485 1578 1359 2146 2434 413 479 233 1791 1484 1128 2462 1289 2018 1093 764 539 1643 778 3 1534 2729
000449.jpg,2190 2441 1856 132 2111 2202 88 983 1176 2827 2547 1476 940 1103 2745 95 1838 1224 1914 1714 2737 1713 310 576 832 1693 695 1343 1743 617 1116 1999 683 949 824 1091 1169 1298 1004 198 230 1996 1795 751 34 2780 2180 954 1434 2733 2112 693 279 1561 1535 2523 2129 777 1773 341 1538 76 1194 818 2785 596 149 357 2542 2684 2699 1601 2525 2621 407 465 1517 2040 75 1760 2447 47 2211 60 2700 1749 1590 1990 2651 1685 2020 2149 1785 2586 737 424 2656 2493 376 2368
000450.jpg,2828 2047 370 828 1038 2578 1954 2380 377 672 289 437 1817 691 1250 2107 136 2483 1374 2599 2729 1074 915 776 308 896 2589 1949 938 2293 2001 413 1322 1582 1162 2602 1173 128 1902 2463 944 1501 738 427 2762 1233 1553 901 681 1654 2267 1699 1484 1820 1189 2475 853 142 555 488 278 1754 479 347 399 1881 854 1398 353 384 1219 1342 985 2074 1206 2421 1163 2108 2214 1412 332 2410 496 2520 1225 933 713 1430 322 1835 2415 429 1666 2217 1711 176 361 868 224 1890
000451.jpg,1993 1444 1544 2241 2439 947 1422 2767 1381 1663 2837 2836 2707 2628 1617 1623 1649 1840 1752 1328 1218 1054 1658 169 201 950 1261 2367 440 1860 645 445 1640 2713 155 2309 1679 1316 900 305 51 2650 712 563 2352 1782 735 674 134 1202 1437 2815 439 2133 2011 1965 2631 965 2721 2433 1123 231 1775 2312 1051 2817 2272 194 1552 2082 48 2732 562 1468 2826 2076 1307 1386 1496 1569 1799 2270 769 2556 2606 1948 188 715 1586 1545 1486 221 1636 992 611 559 1878 978 1901 2376
000452.jpg,1717 2655 2636 2009 460 72 823 399 2163 208 731 2469 172 2587 2126 453 2722 1085 595 2074 1599 2679 380 760 1808 429 437 73 177 1510 2568 2274 2108 2829 2122 2747 2098 1047 1233 901 427 1628 1888 1688 868 2577 1890 2380 121 2423 816 743 612 1163 289 1793 1023 694 1784 1492 2267 571 1699 1145 555 1155 142 2668 666 2415 2217 1415 1553 1903 1872 988 930 156 1430 2775 536 174 1160 554 36 1769 1562 1089 599 164 1065 193 2629 199 755 1241 928 401 2537 176
000453.jpg,1953 1602 1188 2197 971 1227 2348 214 476 1889 2810 1596 2404 2498 669 2841 300 956 759 2168 2751 2591 1866 2567 1214 2442 2476 1260 2188 1083 609 1515 2109 620 45 2562 2720 2182 1726 2464 2056 1797 1221 661 2643 1702 2171 644 1907 1603 957 2043 924 2688 181 2263 2160 732 2725 582 1139 1487 1802 1171 2115 335 1556 2678 2608 2313 1032 2216 2079 2278 1766 22 909 744 636 387 2623 829 2522 1768 1199 2230 844 2666 1217 807 851 1536 1364 1458 894 1882 411 244 1858 5
000454.jpg,1476 2190 2202 88 60 2745 1469 983 1856 1914 1447 1620 830 603 2080 132 1482 2733 824 95 376 1483 1672 1410 1116 1749 832 2275 777 373 1990 2785 2441 1091 2780 940 44 16 1732 441 1693 1678 2547 683 845 1743 1713 357 1523 1194 1517 1103 2737 2288 2106 1450 2166 2281 310 2437 1714 198 818 1169 1147 576 1795 87 1773 1004 695 1836 1224 1176 1382 2684 2525 230 2408 75 2111 1996 1178 2383 34 693 1343 1269 949 614 39 2605 1601 2523 2695 954 1838 1346 2827 2699
000455.jpg,1656 2817 2840 2411 987 518 2424 221 1386 1934 635 1752 1202 712 547 489 1926 970 197 735 943 817 1983 2515 85 188 2148 1644 2528 2082 2084 2300 645 59 1407 2790 2454 2241 1102 556 550 2832 1405 312 1624 2375 2270 2011 1045 2050 900 1369 1092 977 2501 623 2130 2367 1319 348 1328 2769 2389 1710 1545 524 1172 1029 1993 440 1552 1422 480 611 626 445 2044 2133 1636 179 26 2574 1617 463 260 659 965 1870 1569 1796 2200 2649 219 1146 2714 4 562 559 1316 2631
000456.jpg,1029 1552 463 2045 74 1190 2044 992 1489 606 1701 2753 1895 860 2724 2046 2574 1934 2419 2411 1586 1417 258 626 4 2528 2676 2397 1788 1796 2501 197 1407 1627 900 2515 2544 1151 645 188 970 1710 2133 2735 2424 1848 659 559 911 319 1428 1486 2389 497 2817 906 2367 2480 943 2482 51 2755 312 1405 1584 1983 2007 489 2564 611 1386 2084 2270 1545 1313 219 2035 675 712 833 2307 1644 2837 2832 1782 2606 2840 1146 817 1381 2545 769 1158 178 161 2836 2011 1993 987 2631
000457.jpg,1159 2092 264 1291 1238 2529 267 2455 2139 2833 1009 2298 2371 1814 234 2158 1129 1925 2731 837 2484 1411 2385 913 1572 2776 1619 428 2215 1122 1520 1684 2717 1694 1815 1445 641 1816 1589 667 1360 2797 1446 403 1366 1373 888 2727 2063 317 2584 1480 1 299 226 1982 891 2185 1735 195 349 638 2771 2844 1025 46 2412 2399 810 1698 2635 1994 958 1630 1549 262 143 2616 665 2783 2633 2266 787 551 2213 1807 1629 1112 1338 2138 797 1440 1863 1294 969 1270 2541 1295 30 2271
000458.jpg,1583 2333 2361 2536 2252 1179 998 2603 1367 1651 1093 1729 1977 1477 2353 1359 1088 701 2682 1566 1352 2491 1415 624 2400 247 928 1970 1063 174 2328 2585 540 2224 2325 276 778 2293 1239 719 1864 2170 639 1657 2434 873 1245 515 2008 2019 1154 1819 517 2018 959 2551 2146 492 118 1791 2640 1204 2284 1173 233 9 1041 841 2003 516 2081 2792 1579 1128 1145 1565 1344 183 2775 1578 930 1949 382 2195 2459 871 723 1206 1136 2394 432 1162 1963 1470 1854 974 2803 1851 1289 2647
000459.jpg,2499 864 608 274 526 2766 598 767 1439 2051 1055 1721 1473 2702 1876 1868 994 1980 2728 1185 447 12 140 1056 1777 2294 277 2393 1463 2315 508 2 2427 1944 531 601 688 2382 2708 686 1165 1076 2183 2663 646 677 948 146 1937 1725 2435 494 1067 79 482 2286 2772 1639 1998 2302 2741 2625 722 1235 2665 1126 1125 2580 67 1753 368 990 2813 627 126 2506 1747 1899 2057 1464 297 2558 2825 18 2319 2719 692 1223 1120 1452 70 2436 103 246 1842 491 804 2440 2639 2305
000460.jpg,2467 2690 2398 346 753 2669 2821 628 2070 1048 108 1781 138 1506 1500 402 625 418 363 679 1220 1140 786 1598 2687 52 2465 2505 430 2407 654 1141 2632 1275 61 1021 1026 1787 2025 1481 655 467 216 2301 1378 936 2311 2611 331 1941 478 1780 1662 2565 1008 1248 449 2142 1789 822 241 113 295 1216 758 326 1124 1356 207 858 561 643 1317 1612 525 290 53 1395 927 1822 618 782 1024 1438 1730 1929 2053 1127 1273 2164 390 408 1282 471 2061 1647 2806 192 2232 1143
000461.jpg,67 1055 627 2583 2728 1944 2294 725 2558 1810 137 1212 2057 2135 2509 494 1012 2207 1606 2766 1120 1869 249 2741 1463 1937 2286 804 1874 1076 1406 1777 1868 2435 165 686 1825 1452 2390 140 2580 1721 1876 2248 2518 1464 2748 2382 1986 1639 722 1529 29 202 1473 2787 2813 1547 2511 359 293 286 2393 79 1223 1130 1940 2319 2665 2305 646 1899 2533 899 2172 1809 1185 1147 2639 948 845 1067 146 12 2021 1243 2809 1001 584 1935 2320 1905 1959 482 2673 2054 2068 10 1379 1733
000462.jpg,394 1879 2140 682 1058 2438 677 1567 1906 1031 447 607 2435 2660 631 2369 2825 1463 1721 2708 451 1876 1237 2809 2392 1223 948 1056 1301 2796 1518 1592 1874 2089 2719 2766 1981 1555 491 1725 274 608 477 2393 2507 1613 657 1886 2282 1384 816 2568 1185 966 146 1290 692 1742 1888 1473 2065 118 2598 686 2117 579 2382 1777 446 2728 508 864 2328 1439 311 50 500 2423 662 627 1893 444 2596 1210 1699 1639 2085 1890 887 1268 1944 1017 526 2183 1553 1937 823 868 1067 2446
000463.jpg,1672 1483 614 727 2054 1361 789 1451 2540 1558 1427 240 44 2409 251 1535 293 1178 483 376 2149 845 2000 291 2787 95 658 485 1804 832 373 1300 1773 1346 1693 1389 63 1019 646 1513 589 1590 1743 1447 2408 16 1469 1175 1333 1306 824 714 1786 2656 310 1353 1161 2072 1928 76 2395 1749 1137 1115 1091 2546 1951 60 737 1120 1016 564 1166 584 1149 10 436 1849 1147 2748 2784 1087 1298 1847 2080 215 1795 2024 2737 898 132 1207 441 954 482 895 1959 2695 576 2547
000464.jpg,201 1860 2721 2272 155 1640 2713 2309 1965 1316 2088 562 1453 1496 64 715 563 260 439 2556 305 2826 51 2815 747 1569 2628 1993 1218 1901 2433 48 1381 2352 1307 1658 100 1490 645 2133 559 1796 440 906 2241 1051 784 1840 900 1878 735 2376 2732 1752 1148 1897 2631 1636 611 1586 1422 1416 2836 2545 992 1468 2076 1782 950 2650 1552 1096 1444 2007 1123 1948 2419 2439 2069 674 497 1261 659 2337 194 2046 1486 1649 1544 2767 1437 1617 1054 486 2023 1788 965 2011 134 2837
000465.jpg,2202 407 1856 2745 88 2441 983 2111 2190 777 1914 2827 1476 132 34 2547 1176 695 310 1838 1996 1091 2733 1713 95 1103 1343 2737 2523 940 576 1714 1743 949 149 2684 230 279 2780 1693 1795 1298 1224 1999 1517 1116 1169 1482 1749 2180 2489 341 1004 1382 1685 1727 683 824 693 954 2785 2586 357 783 1785 1898 2106 1434 832 818 2422 2112 2447 1631 617 1019 1683 2408 1228 2368 1773 2630 1410 1561 2525 2651 596 2555 775 1535 1846 457 198 520 540 182 1601 1760 1805 376
000466.jpg,2406 113 2611 1715 1127 331 1780 1140 1921 430 525 1395 1037 2565 1124 2164 655 2053 478 1781 2765 1187 1648 2236 1026 1929 2311 654 936 758 2407 1317 2467 786 390 2061 49 2301 1216 2465 2505 1912 1730 1335 1647 643 1972 1011 346 1024 2690 753 245 455 580 389 1097 1274 125 2669 2398 1918 1662 1465 159 1568 1875 1967 1475 1635 2070 402 1282 1506 2280 1008 1293 363 2062 2531 1704 1438 2091 471 89 1787 53 1262 138 1141 2821 31 625 1048 838 1932 408 1612 1843 2794
000467.jpg,2517 2731 958 1291 1630 1373 1735 1258 262 1238 267 2619 1939 638 1360 787 1129 891 1215 1520 2271 888 1270 71 1589 991 1159 1445 428 1803 1295 665 2529 810 30 2339 2727 1539 2481 641 1 511 2215 2709 226 1572 1324 2371 1814 1355 1112 2298 2385 573 2399 2246 1629 2776 2466 1807 798 667 234 203 46 1411 2340 741 1694 2092 2541 2412 1524 969 352 2403 642 403 2616 2013 1684 2797 846 1863 2771 2226 892 143 2473 195 17 2139 2834 795 2266 551 718 1242 317 1540
000468.jpg,2558 165 899 2135 1937 2639 2526 2813 2736 1126 2258 2741 2220 1212 1076 647 1931 1134 2248 1606 482 1130 1463 725 1841 2382 1874 2728 2506 1547 2511 246 2766 137 146 2393 948 447 1223 1825 2435 1185 2569 362 2057 1639 2427 1055 2842 1464 2683 2825 692 2207 442 1056 804 204 491 1935 2438 116 2294 1944 686 677 1777 494 1771 2292 2037 1942 2286 1592 1986 1899 939 864 2319 2051 1892 1940 1439 2041 682 2708 722 2440 329 2499 2625 2291 274 2305 2580 1677 1408 608 217 598
000469.jpg,2080 270 1113 6 2734 851 1458 783 1591 1482 1204 2048 1488 1400 2582 1205 1949 285 2386 2203 2761 40 222 2278 1365 482 2030 23 1198 2291 1251 1659 1183 1960 1744 812 516 2683 661 2620 2421 2807 510 398 2502 407 1462 909 275 244 1504 1768 2116 2197 2494 1347 2841 1864 2718 2514 629 1762 1318 1536 2165 647 45 762 2522 2152 2768 2168 2194 1687 632 2691 198 2612 1751 1595 1541 2503 2521 265 327 574 636 2593 874 2141 1226 2726 2209 2247 2571 1221 490 1882 1661 2019
000470.jpg,135 2277 1728 1533 2295 2413 754 1801 2644 558 757 2323 499 2759 529 1689 80 395 1945 2472 232 328 1984 1383 1631 374 1296 1839 2242 2579 1448 1035 1928 1561 2566 520 2756 101 1683 1898 424 545 19 572 2504 1418 967 962 2523 341 766 417 2384 426 1166 1230 898 1550 24 2143 1334 2451 1883 1394 714 1513 2546 1719 1847 1268 1228 1161 2533 2029 213 1597 21 2381 1065 1996 2178 401 554 1398 1087 431 304 2055 1213 803 1686 634 2786 2238 2510 597 935 1971 465 2668
000471.jpg,2647 639 1415 928 1154 1583 1657 1977 945 841 2682 174 1651 1729 492 2778 515 1470 1367 1179 2459 2488 2293 2491 1368 998 2379 1352 9 2775 930 624 1864 2195 1920 1579 2333 114 1819 819 1851 1667 2252 1566 1791 1769 1578 2792 1063 1239 1565 2400 2170 2328 1770 1477 1162 432 2325 517 2416 1210 118 701 1344 2536 2361 1219 952 896 887 781 2334 413 2003 479 1354 1531 748 567 579 1528 875 1173 2154 566 1484 276 1835 1854 2729 2042 1954 1206 778 2723 916 311 808 2803
000472.jpg,892 46 2340 1925 2727 2709 969 1619 2298 667 798 1 577 2619 1324 1684 2524 2104 127 30 1366 913 1122 1025 2481 2576 1520 264 428 1338 1242 1982 1270 2371 2529 1159 1445 2635 557 317 2363 223 2473 795 2094 1814 2455 2595 1939 143 1549 1295 2269 160 697 1816 273 879 2013 2092 638 1078 1863 1815 1421 2412 2460 1009 958 787 2833 226 1735 2717 150 2783 195 2138 1807 2484 1622 1355 2385 352 1539 718 349 888 90 299 891 1629 147 1540 2273 386 2607 837 1440 2223
000473.jpg,1567 1237 1981 446 1301 2796 1058 2140 2049 530 1604 394 1909 1290 1518 1879 451 631 2282 1613 662 2609 2357 311 2349 966 607 2310 1321 2392 118 2596 1742 1119 1239 1367 2093 1017 2064 1894 1384 982 1906 1002 2252 1211 2089 2117 579 2156 1566 567 887 1210 2416 2658 528 7 875 2452 1546 921 1621 984 2219 1495 2793 808 1331 937 2458 975 487 1578 1808 243 2618 1673 25 1614 571 2543 2328 2065 1977 959 908 945 1105 2660 1791 151 923 612 2085 1978 337 2792 1271 186
000474.jpg,131 495 268 1875 61 1635 390 225 1050 2173 207 1378 1787 2025 1967 2396 726 314 2236 1475 927 1789 2059 1532 2244 192 452 464 52 1481 2794 1843 1465 696 296 1563 241 2765 1852 1827 1755 1022 780 1317 1706 805 1024 2674 999 1127 2142 2429 239 655 806 449 734 2742 1282 152 2819 799 331 2283 354 847 2285 1932 430 1003 534 2091 418 671 356 1503 2500 53 653 89 1274 346 290 1829 313 753 92 108 456 840 2693 2250 1941 1961 2557 2669 1008 968 484 1823
000475.jpg,2528 2411 1644 2817 1934 1656 2790 1926 2300 188 221 1624 817 943 1405 1102 1407 2044 987 1386 1319 85 611 2389 556 59 2501 635 1545 312 4 2082 1752 2367 626 1146 1202 197 547 2832 2270 2011 51 1381 1489 1417 2424 1993 645 1796 2439 1788 1640 1737 2836 2631 1552 2837 992 2397 1544 2375 1658 1799 2046 860 283 900 1782 2419 950 305 169 1617 463 1983 712 659 1029 1328 1569 2069 826 1437 559 562 1895 1636 2515 970 1422 613 1679 1710 134 155 1444 2721 2652 2241
000476.jpg,462 2080 1482 357 2733 1476 407 490 575 632 1169 2780 2058 2641 1749 1277 2605 1517 1104 1620 818 1727 60 683 1691 1669 88 830 397 603 2281 2116 441 2190 1523 2176 2368 728 55 783 1194 835 576 1601 2111 2202 2754 279 2684 1713 230 1795 107 1116 1856 777 2630 2019 2211 2036 2275 1626 2586 693 1805 1224 1672 2106 44 1714 1450 794 751 1177 95 2489 2447 2547 2495 2745 2525 2422 940 1996 34 132 1014 198 1773 2166 2718 1200 2604 1137 187 1382 1091 2699 1838 2555
000477.jpg,188 635 2088 2631 1405 155 1788 1993 987 2270 201 556 1319 611 2082 305 1656 950 2367 2501 1386 85 2713 1640 562 1934 626 51 1860 2411 2046 992 1202 1636 2721 439 2439 1552 2389 826 2300 2528 2044 2817 1752 2309 1897 4 1422 1895 1362 1799 1102 197 613 645 1381 547 943 2650 2011 2837 2312 1926 1840 1965 221 2433 2375 1468 1544 1644 1658 715 1617 1737 1545 2836 2826 48 260 440 769 2023 169 900 1901 134 1407 463 64 2069 283 2133 2419 2628 1496 2556 1453 563
000478.jpg,1260 1638 2450 2823 959 909 1736 956 1933 2348 1866 815 2060 1602 2169 2810 2342 196 1987 214 43 2156 1093 820 56 1953 476 189 2083 2150 285 1696 1761 2841 585 1098 1227 1797 1188 2567 1321 2043 1806 894 2216 807 2278 2141 2197 755 2171 971 2188 106 761 941 1088 1221 306 2425 1280 411 419 2032 506 1910 1596 334 2476 1603 398 2153 2109 2751 1703 750 1217 1139 592 2688 1643 1288 1032 183 1960 42 244 2448 2210 732 829 2387 2503 181 1153 481 1458 1214 1541 1709
000479.jpg,1912 331 478 655 2236 455 2301 1317 2053 1127 1124 1715 1756 1262 430 2062 1008 2407 999 1780 390 1037 1648 580 1662 484 1967 1706 125 31 326 726 758 159 456 2611 1026 786 1475 363 1568 389 2406 1281 1011 1635 1097 1282 1730 503 643 2232 139 2765 113 788 1143 1929 2429 108 464 1274 1187 356 1140 245 1704 2806 1438 2017 471 838 1500 1465 2715 295 1781 1472 2316 1293 1932 1831 1789 209 2173 534 1395 346 408 927 1335 2467 2025 216 1118 1216 296 1923 1787 2687
000480.jpg,245 2465 2505 1248 139 1438 2280 471 2794 1127 239 1781 936 2765 2091 1317 1273 478 2279 2406 356 209 1780 1274 786 402 1024 467 2173 363 89 1662 408 1282 1756 1356 390 2164 758 49 113 1648 1008 1967 2611 2061 561 838 138 2698 2236 1505 1187 296 1435 655 331 2429 216 525 1972 625 1465 1118 890 1647 1472 162 654 1829 805 2311 1140 1475 1635 2244 721 679 782 1378 1050 534 2137 1143 108 1141 2070 430 1124 1755 1022 1852 1168 1299 383 2531 2632 753 1395 963
000481.jpg,903 1830 768 848 702 1908 2471 931 2601 1340 2276 284 1114 1845 1107 1767 1310 1608 65 2624 250 1720 1512 502 835 522 1821 2388 688 990 1235 578 126 297 103 1323 2315 2622 1975 1254 1759 1557 2757 1413 1391 2667 315 2224 684 1186 1016 1390 1984 967 1555 426 2314 1579 886 2015 1252 739 2561 515 1810 1418 392 70 1686 1398 2509 1597 1992 2702 767 2472 2354 2024 1980 2320 597 1728 1834 1849 1729 2296 584 792 1719 218 1149 1075 575 24 39 2533 9 2495 1804 707
000482.jpg,1221 546 582 285 244 1882 6 956 669 1139 1525 1603 759 2502 1744 2386 2726 2348 2109 300 2152 807 1084 1687 851 2567 1371 2197 2751 820 40 1083 214 2623 2841 2115 398 1458 45 2705 2263 1570 2168 2688 1515 2162 334 1768 2620 1591 1536 732 23 1659 1911 298 1380 1541 1602 1960 1616 2503 476 2572 1171 2761 621 2691 909 2514 2303 275 1364 690 327 423 171 1080 2474 1205 2666 1400 1227 661 1061 2608 2182 236 1251 474 2014 281 609 971 117 2807 636 2359 106 2203
000483.jpg,2236 1475 464 2765 1789 1706 1831 1127 1274 999 726 1655 2244 1875 927 1024 1378 484 1465 1282 655 1755 331 1787 1008 390 89 356 1967 2794 131 296 1011 780 2059 786 1317 2774 239 2173 2429 268 2301 1124 2531 456 2396 1262 389 1050 495 2407 534 1635 1662 455 452 225 2091 1756 2025 430 241 2465 2505 1503 245 1039 1022 1568 408 1912 2053 363 1297 1335 1929 758 125 2611 1026 2193 28 805 2142 2250 1563 108 478 671 61 139 1730 1438 806 1843 467 471 1275 1932
000484.jpg,452 1481 268 1875 290 131 52 225 418 2285 653 1465 2244 2173 534 806 2429 2025 1011 2531 780 2236 1127 61 1024 1378 2693 495 1475 1843 467 207 2765 484 356 1282 1503 840 1274 1662 2396 1568 2059 296 1787 239 758 108 2794 390 1022 346 1789 726 389 430 1967 2232 786 241 2280 1050 999 408 455 1008 655 2301 1062 324 927 2407 464 753 2142 1755 1635 2634 478 129 139 2565 2687 1262 838 822 53 314 89 1831 1317 1275 2821 2398 799 1655 331 1827 890 1923
000485.jpg,1701 1489 1417 1710 860 1788 1870 1328 2628 712 1552 1569 2837 51 2367 1381 947 2352 1752 1586 950 1544 197 2439 1444 2289 26 2650 769 1782 161 1051 735 169 2836 2707 1054 1895 1663 2045 992 1261 1640 2528 2241 433 1658 1649 64 2375 2046 2721 497 1799 1679 943 59 1644 1627 2433 2556 2631 305 2411 221 970 1623 1934 626 1316 2023 2817 2755 817 1218 2034 1496 900 2544 2545 1045 2358 1993 1897 1840 715 1617 1202 100 440 611 2767 1545 1624 2300 168 74 1584 1796 1422
000486.jpg,1248 1647 1048 782 2061 402 2406 655 1648 2632 1972 478 1273 1472 2316 721 1018 216 1780 331 1118 1438 245 2698 1187 643 1356 33 2402 1598 2062 625 1127 363 200 786 1692 471 108 1756 2070 1141 139 113 1974 1435 2467 455 679 2690 654 1500 2611 1961 1026 936 1262 1143 2311 877 2669 1156 1822 1746 2774 1781 1929 858 2594 1335 1140 618 2398 449 1302 162 1941 561 1274 2765 1317 192 1612 2812 346 467 890 326 963 2025 209 1097 2794 999 31 220 1505 1282 1024 1715
000487.jpg,2178 2113 2066 304 2022 1228 1213 1785 1333 1161 1019 1513 1115 1847 2546 63 545 1087 1389 101 485 1685 2143 1175 1353 2504 1883 1166 2040 182 1773 614 1971 374 2656 1298 2149 1394 1795 1928 310 757 1434 596 2238 24 149 251 2827 395 1951 1343 658 364 949 529 1257 766 1561 1300 2242 2737 2441 789 572 1558 898 2784 1306 714 2759 1207 954 341 1900 2409 2112 240 2381 1999 1801 1996 1743 328 1137 2579 695 754 1631 1693 1798 95 634 132 436 617 1176 215 962 2111
000488.jpg,1545 2389 1407 4 2528 2817 1926 2411 2300 221 626 2367 2790 1656 817 2270 1202 1644 943 59 1624 2082 1752 1102 1146 547 188 1934 1386 1737 987 556 1319 1405 611 2832 312 645 635 2631 283 1993 950 1799 85 1796 826 2069 2011 2837 2044 613 860 1788 992 2501 2046 1489 2515 155 562 1895 169 51 305 2707 1544 1417 900 1636 2045 1381 1328 2721 1640 1552 1437 197 2439 2477 1701 1444 445 1362 1316 911 947 1569 1710 1029 715 1468 2023 2424 1679 1261 266 2545 770 1623
000489.jpg,472 2595 147 1025 342 551 262 888 1803 1530 1524 1059 1355 1167 1629 2727 2094 1509 160 2266 1863 2403 1295 1159 1078 2776 2092 403 1520 1291 2371 913 1811 428 1445 577 2431 2139 226 267 537 1238 127 668 2340 166 1373 891 665 2399 814 1815 71 1939 2833 1572 2013 1807 2717 2783 1540 1735 1539 667 2226 264 2385 385 1619 1814 1258 234 2455 1324 991 352 1618 969 317 1630 2781 2481 1338 2576 1360 1341 2771 2255 2616 1 2731 2541 892 203 837 573 1694 1069 1009 642
000490.jpg,934 2327 228 746 1457 976 2694 2332 280 210 1877 801 2739 1575 263 2418 493 1580 1276 2321 656 1724 1191 756 1664 1542 1193 2125 689 77 1350 1375 1776 1792 2662 2581 1358 1930 1229 1345 1861 548 885 2004 857 1765 2229 859 2184 287 242 1196 880 1086 1758 2456 706 1292 2127 588 2174 1432 2330 2590 1576 366 704 1859 2672 1392 1551 1043 793 2548 1234 133 1857 1665 2155 1030 1675 1494 884 158 842 185 1887 797 720 82 2356 2186 470 2659 2461 514 2039 1279 57 2123
000491.jpg,1909 2049 530 1301 311 631 662 1613 451 1058 446 1604 1384 1237 1567 2796 2416 2349 1742 975 2282 2658 2064 2140 875 1211 1210 1518 1290 607 118 921 1981 2793 7 2304 1370 2243 966 567 2609 923 887 579 1739 528 2310 487 1119 1614 25 1673 2452 2006 2843 937 394 982 2618 2065 1017 1331 2252 908 2655 2660 2559 2519 1913 2357 2328 301 1105 2219 1879 1769 1808 841 243 2792 823 320 2093 1791 151 1681 710 2117 1546 808 355 1894 337 984 2596 1142 571 1367 1977 2257
000492.jpg,2272 1316 439 1860 1496 2815 2556 201 2713 2767 2721 64 1416 155 2309 2628 1218 1965 1261 1640 2352 1096 1993 2433 1901 715 1453 1569 1658 1381 1948 51 1897 1649 305 747 562 2707 1051 563 48 1586 1544 2650 194 1444 1679 2439 100 1490 1782 2836 1617 1054 497 1840 1623 2545 2631 2376 1307 2826 2241 169 440 2837 2023 2732 1362 2034 950 1663 947 231 674 260 1752 1796 1148 258 900 1468 645 2076 2133 1775 1422 2088 1123 1437 1328 2755 611 906 559 134 168 1878 2312 978
000493.jpg,1754 1949 640 1272 2152 222 1541 2502 13 851 2109 353 2734 2421 776 323 1504 1603 270 2677 820 40 2210 2520 6 909 1643 2293 285 629 1436 1371 956 2278 2841 2514 281 1113 910 853 2047 624 244 1352 933 755 98 196 1038 1226 377 2342 1744 334 1591 2567 265 1139 2353 2001 1605 1205 1183 214 1659 585 413 2726 84 844 1960 1219 1162 2115 1221 1093 1638 2218 276 1625 2325 2443 781 2361 1515 1954 2348 1864 224 23 398 1661 370 941 1400 2691 2067 1696 2828 1477
000494.jpg,2377 257 1527 1424 1992 535 605 1498 338 937 1516 392 2763 2243 1017 406 519 1779 336 94 1079 870 610 717 1455 773 1850 434 1894 811 248 2219 1466 1040 1119 1133 2697 410 365 1634 1385 2549 648 1131 253 800 1138 2843 2087 2102 1309 1871 568 2519 2417 1290 2613 1518 774 2492 1384 1731 673 2830 1913 1094 2788 1546 2145 1325 1966 1142 2341 709 2006 1739 730 921 1794 1442 186 1707 821 1007 855 908 544 2064 2196 1174 446 1936 301 1068 320 1670 2609 678 288 631
000495.jpg,655 1127 455 1262 478 331 2765 1912 2236 999 2062 1706 1024 464 1475 1274 2025 2406 1655 1929 2531 786 2316 245 1378 2173 1568 139 356 2794 467 1831 1780 2232 726 1282 1335 2280 225 1008 1932 1124 89 2053 31 1756 296 125 1281 1472 2301 1648 1297 1789 418 1465 1273 216 209 456 484 1039 430 1875 1317 408 1438 1026 1156 1503 1037 192 1187 239 822 61 363 2244 452 52 758 108 552 200 2611 1011 1481 1048 2594 2407 838 389 1662 390 1118 471 1730 2137 402 534
000496.jpg,967 1804 1728 213 1597 1087 754 789 426 232 714 2784 2224 1448 898 135 1555 1945 1207 1513 757 240 2277 2756 2413 2143 2546 2504 2408 1137 2566 1847 1719 680 1535 1558 1265 1928 2024 658 2615 1161 1132 2295 2072 2472 24 1389 1431 1213 1231 2354 1228 2323 193 1849 1588 63 935 634 1333 1268 1166 417 614 572 1269 545 2178 2579 520 36 1178 2066 1418 1394 988 2090 2409 2638 328 1483 395 1304 1019 304 1903 1749 2029 802 1898 1427 1984 1149 16 2656 1533 2122 707 1801
000497.jpg,712 1045 1617 735 2241 1782 2836 1658 440 2439 1840 559 1486 260 900 1328 2076 1381 51 1422 1307 1544 2050 1796 1663 463 563 1444 2419 970 1640 1983 1656 524 2652 674 1679 2130 1437 1054 1489 134 1752 925 2424 2817 1934 659 1092 2411 2840 2200 550 221 906 1386 348 1644 2826 305 2148 1405 1369 1636 2790 1218 169 1710 2649 2837 1993 59 635 2528 1623 188 1878 645 1123 2606 1208 1569 1316 2721 1926 2133 100 1552 489 1051 943 2454 2088 497 977 179 965 2545 978 611
000498.jpg,2152 2502 851 1603 1591 40 1744 2109 13 244 270 6 2841 1221 2567 2386 214 1139 971 1515 844 2761 2115 1525 2726 582 45 2197 1754 2677 640 1768 1251 334 1198 2048 2522 2514 1272 1960 398 1659 956 1605 2612 23 5 2278 2203 1949 2572 1171 2162 1458 1882 285 1488 1602 661 2706 1205 1570 2348 2056 1380 1183 1318 1364 1113 1083 909 1616 1536 1371 957 2807 2168 2623 2666 636 941 2751 2620 84 2030 2464 1365 650 265 546 609 300 2263 476 829 629 2691 2442 1541 820
000499.jpg,105 1778 1854 2394 1946 2711 416 2793 337 819 7 517 1585 2551 1667 778 382 604 875 2042 567 2575 808 247 1970 2204 2049 2792 975 1209 301 11 1210 118 227 2147 916 1271 25 513 1128 530 1565 549 2485 2434 765 151 114 639 1403 1136 153 2426 212 2328 253 2336 841 2618 825 855 873 883 1239 566 1470 1424 2196 2536 515 1246 2095 2803 2102 1020 2519 2416 1745 1325 2006 2603 1791 2417 2243 311 1742 2304 2252 869 2377 1370 2559 945 1359 2110 1040 2487 1174 1573
000500.jpg,1242 2524 1684 667 2298 557 2104 1982 879 428 1122 46 2139 1925 1373 2460 2529 2455 2371 317 352 969 892 273 264 2138 2833 2517 1338 641 2635 1735 1863 1619 226 30 2363 2481 2092 638 2013 299 1549 1324 2776 1159 1295 1440 1009 386 1445 2576 2403 697 143 2484 1238 2340 1807 1814 1816 2727 223 991 1355 405 1964 2266 1939 1411 1540 913 349 2412 891 1360 1270 798 1539 2399 2771 718 1366 1815 2213 665 2835 1497 1167 1803 1129 90 1291 1520 577 888 837 2541 2844 2731
000501.jpg,614 2178 304 1175 1093 935 1891 658 988 485 193 2566 1145 1150 2113 213 1115 443 1161 2546 2143 2408 1588 325 2779 24 727 1132 2022 592 1898 1027 1513 586 2679 540 745 16 335 1685 240 2535 1019 2024 2072 1723 1945 1206 426 1163 569 407 177 1352 1333 2098 63 757 2230 1213 1951 2090 477 1353 1558 2591 8 1749 496 460 1087 1847 2291 714 1173 174 1300 1605 2122 954 36 232 1389 589 2274 1431 1696 1729 2747 1089 1872 713 1137 1250 2342 1065 110 2829 1342 149
000502.jpg,477 1223 1874 2436 1200 1263 955 99 1425 1976 1949 2167 677 482 447 461 1477 2183 2499 2625 2291 2639 1038 854 1757 164 1066 2691 1892 974 117 1082 526 413 647 1521 1725 724 598 657 2220 1998 864 2057 1555 274 1771 156 1931 2435 1439 1088 1049 2421 1380 531 2443 2598 1304 2497 9 796 488 543 2409 646 2593 1230 853 2051 908 986 1226 1721 1250 2245 2766 123 2318 1677 2410 2762 368 146 962 2677 640 1817 946 2514 886 308 174 608 691 897 1700 1979 614 2683
000503.jpg,550 480 518 2130 348 2538 2454 1369 2714 2769 2649 179 2050 925 1092 26 524 1453 1045 712 1983 1490 259 977 2148 219 2574 2544 1172 1870 1901 2840 970 59 2241 1552 415 2564 735 2200 74 2376 1569 2287 100 2676 1422 2375 2800 231 489 1328 1362 826 48 1386 1151 178 1710 168 623 2626 2082 833 134 1644 2010 2309 1897 1624 559 1123 817 715 266 2670 197 2817 2344 173 613 1158 622 1319 556 445 1926 1388 674 1895 1253 911 1617 2312 64 260 2732 1486 497 463
000504.jpg,1672 1469 60 1749 16 44 1447 1483 2437 376 1773 1304 1990 1743 614 983 1795 2080 2190 824 1693 1476 954 95 1482 1836 1178 1593 576 75 373 1231 310 88 832 483 240 198 2737 132 584 1004 2547 2408 1300 1353 1103 1535 1804 2149 845 1269 1867 940 149 2745 2202 830 2288 291 2281 2441 1712 1849 1019 1343 783 2166 1722 1685 1361 39 1137 1298 695 2785 2497 789 1620 1161 632 1914 1091 1410 2426 1856 1346 1513 441 63 1760 407 1176 1427 2827 2699 1147 1999 949 2000
000505.jpg,751 379 1116 1714 2036 469 1990 683 1014 1601 832 1459 187 1748 1224 404 2605 1713 2621 2288 818 541 920 1836 2745 960 1169 1940 2437 2190 2073 1609 1192 1950 39 1195 1838 47 1593 2202 2804 2129 983 2651 2275 1194 1732 1594 321 1476 2020 824 603 87 1693 60 590 2700 902 2211 993 1856 2345 725 1986 1075 378 132 1467 2281 76 2780 2239 2701 1919 2368 2547 693 371 1943 32 44 728 88 2000 2390 2733 2441 2033 279 83 1357 2525 1447 736 55 1529 2493 1469 739
000506.jpg,776 2463 2293 413 347 2520 1162 224 128 703 353 1674 1173 1902 1954 691 1322 1074 995 377 2410 1666 828 1484 1835 15 738 1700 2325 1501 2003 2599 2214 479 1820 640 409 2378 308 2107 272 1225 2589 1881 831 1222 985 110 2762 384 854 1219 1957 1754 1817 938 2400 624 896 136 2154 351 1203 1342 1582 1976 1711 1949 1038 915 278 755 560 1420 713 1206 1250 1226 1415 2421 174 2578 2475 2828 2210 2729 1654 2483 2047 488 496 1263 1163 944 1066 1477 672 2829 370 981
000507.jpg,1127 1378 2765 356 239 2794 1274 2173 2236 1475 1011 2280 478 296 1875 1282 1755 455 655 131 1843 1706 268 139 534 467 331 1024 452 2531 464 758 1262 1568 786 2429 209 2774 1317 2244 1756 245 484 471 1465 806 1438 1789 1912 1662 389 1780 408 1008 726 999 495 838 2301 108 2232 1655 2025 2091 363 1831 2059 2406 1022 927 822 780 225 390 89 1929 2465 2505 1967 125 2285 2611 31 1050 2137 456 2693 52 1124 61 1273 2407 653 2062 1932 805 2316 2396 1781 402
000508.jpg,1810 249 2509 1012 202 2728 627 1944 2558 1001 1212 1056 1876 2766 1055 2435 1406 1075 1606 447 165 137 1874 2294 1076 1825 2583 1721 2350 2207 146 2224 725 1464 1937 2382 1473 2708 67 2135 1899 1463 2825 899 1639 2286 948 2393 2121 1185 1439 1223 686 2741 2248 2813 2744 598 1777 677 1590 2183 93 2143 2809 2057 1868 2580 2258 742 2736 494 1265 1733 482 2438 1731 657 24 1986 1841 1725 682 2390 1130 804 12 140 730 2719 1529 895 2305 1555 2665 362 1454 692 1940 1945
000509.jpg,2327 1664 2174 1724 280 976 2418 1234 57 2456 1580 548 2672 1861 493 746 934 1575 1792 1930 210 1292 133 228 1375 1758 2694 801 2374 1765 2581 1193 2125 1276 242 1392 263 1877 1457 2184 2330 2187 588 77 2127 2229 2332 2461 2186 1229 583 2739 656 1196 1348 2198 1675 2321 1350 1665 1191 857 1776 756 1345 1030 793 1542 2548 885 1086 814 1857 1859 1576 294 884 1551 1947 687 1043 185 514 570 859 842 1034 170 150 706 287 2431 880 704 2004 2662 1494 385 798 2473
000510.jpg,579 1470 517 841 567 1791 311 118 887 2310 748 2792 982 1531 930 2778 2711 945 2459 1970 2796 2349 1583 1854 928 808 2065 778 1977 227 875 382 1210 25 566 2252 1578 7 2049 1579 2488 492 1367 1851 1239 1354 2416 819 2793 2140 1154 639 1209 1667 2328 916 2225 530 1271 1879 1566 1742 114 1368 1657 919 1567 1651 1058 1301 2357 151 1211 394 1604 662 680 2042 1237 2026 513 975 1063 763 1981 607 2723 816 2491 571 2609 631 512 998 2596 446 1613 2618 1808 1290
000511.jpg,113 525 1141 2311 1780 1140 1506 1216 1781 1612 2164 430 331 2406 625 1921 478 1248 1505 1972 2070 1692 1918 2669 27 679 2611 245 49 2465 2505 1395 1187 52 936 2632 1924 655 1647 2821 1715 654 721 2765 1127 1048 138 2698 346 2061 561 1787 1598 2794 1648 2398 786 2402 252 2565 1472 1273 753 1282 61 53 1026 2467 643 363 1024 108 89 1356 1829 390 788 1021 1037 192 125 1335 239 1662 1274 1500 2091 408 2173 2228 1481 1168 1299 2025 1929 2280 1912 1039 1317 2634
000512.jpg,1658 1381 1640 51 1782 2545 1569 2309 2439 1218 2836 2721 715 1796 1316 305 48 1444 1752 201 2826 1261 1328 100 2241 1617 1544 562 2713 2034 2433 712 900 64 2790 1993 1878 1437 1901 1926 1422 1860 439 1965 2817 1663 1644 1623 2300 155 2628 1679 497 2837 260 1586 221 1840 943 611 4 169 563 1307 1123 992 674 1636 559 1649 950 1051 2528 440 2272 1486 1054 2352 1416 1948 2815 2376 2082 2767 1453 1624 735 2367 2046 1096 1146 2270 1656 1417 817 1468 2411 194 645 2312
000513.jpg,2644 1801 2759 529 395 2323 962 2242 2277 572 1230 328 2579 766 1561 2504 1839 1035 558 135 101 2238 754 2510 1394 374 1683 1798 70 341 1533 2413 545 431 1728 803 581 2066 2295 1928 1213 1847 757 461 18 2113 1631 714 364 2381 2478 737 1513 1161 80 2077 1842 989 1207 1898 1166 789 1306 2409 1228 1689 2149 2561 1951 2784 1175 898 2656 2756 1333 2022 304 1900 2114 2777 215 1883 1448 949 2040 1834 1971 926 1087 1334 1418 2178 1125 232 1558 1976 1115 1343 1945 436
000514.jpg,719 2284 2018 2536 2008 764 2146 873 1359 652 1289 2551 2585 14 1246 723 2434 1493 914 1985 825 1136 1772 2209 1745 2019 212 247 874 2426 1351 1347 450 35 1574 2487 929 539 540 2405 190 1121 1577 1128 303 516 1403 812 1595 1534 1997 615 2824 1915 2157 1247 3 2178 66 604 2170 765 1642 632 2336 1157 254 1137 2582 1087 282 2485 2204 779 1773 2603 757 304 58 2453 1204 614 1103 1352 2490 617 1999 2546 998 545 1115 2737 1558 1513 1795 2113 2489 1343 2224 485
000515.jpg,569 2090 536 1023 2122 2829 2055 1065 2108 1089 401 988 177 121 1132 1047 460 694 1588 2577 2274 193 1145 141 1784 1268 2747 208 2587 571 2098 1903 979 2786 1249 595 1241 2029 156 1872 332 1562 731 1510 1686 760 2227 2636 554 1717 72 2743 1729 1628 886 1808 597 2679 1553 555 453 429 417 164 1430 1033 1085 2469 176 816 1163 1155 2384 2126 1404 289 823 1793 2009 2163 1550 1890 1666 1173 1484 172 2668 62 930 935 399 1699 380 1162 680 2655 1393 1688 1266 2640
000516.jpg,1791 118 1583 2792 1977 567 930 2778 2065 579 2049 311 2349 928 2252 808 982 2416 875 1470 1742 530 2459 1729 887 1367 2328 2304 975 2089 7 841 1179 2491 1354 1210 1531 1579 919 2310 1808 1063 517 1657 748 923 1651 816 819 2793 1578 2488 945 639 998 25 2658 1667 1970 1688 2117 1769 959 1851 680 1604 571 952 869 1301 2796 2225 1909 988 1567 2711 2682 492 1209 778 1239 446 1588 2150 2274 1132 1271 1613 2452 121 2090 1368 1058 1100 1211 662 1154 151 2333 528
000517.jpg,2433 2272 2556 2713 439 100 1316 64 2545 2721 1640 1569 747 2309 2650 1496 201 715 562 2352 2034 51 48 1901 563 1860 1490 305 1416 1051 1965 155 2826 1453 645 1218 2628 2815 1948 1096 1381 1658 194 1307 1123 168 1782 1878 559 1261 2023 1649 2836 1584 260 2289 1444 2376 2439 950 674 900 1796 1586 2732 231 906 1840 1993 497 2088 2241 1544 735 1486 2767 712 1552 440 2133 1468 1897 1054 1752 1617 1437 611 2419 2837 978 2631 2011 1679 2707 1422 2007 2076 784 2755 659
000518.jpg,551 342 1059 472 1025 147 1445 913 537 2092 1524 160 1619 1811 1078 1530 1539 71 2595 127 2139 262 1803 969 1514 787 2094 810 2727 1939 2833 2266 1520 1355 352 888 2431 1366 814 264 2226 2740 2633 2607 1815 1629 1572 1167 1863 2371 2385 385 2455 1 2271 2444 1925 226 273 403 638 1159 667 1982 2340 2576 1360 1660 1295 30 2269 1540 892 577 1630 2403 837 795 1291 428 1816 557 2013 1009 2709 2710 2298 2801 2104 2481 1807 234 1238 1509 1440 2468 2529 958 1242 1341
000519.jpg,2404 1610 761 2562 468 1858 2555 2591 2249 2167 1596 957 924 1487 1621 1898 2096 1766 1098 1683 1321 834 1889 1560 1199 1702 1953 38 744 2706 2188 333 1015 22 1697 897 325 335 2720 861 732 1661 2442 1907 229 459 935 2216 1083 1449 586 2571 592 724 2464 2313 1910 2109 1768 2118 2643 2197 1214 2156 980 1727 1188 2168 745 300 850 2841 1556 2355 609 2058 2498 1637 1570 214 2816 476 99 2182 582 2535 1425 443 661 1474 1536 669 856 2750 1221 908 759 1802 2317 997
000520.jpg,1749 1447 1469 376 16 1483 44 954 983 632 2190 149 1476 832 88 2547 1712 1867 824 614 2745 2408 1672 132 2111 1760 1990 2202 1856 576 1019 603 1176 1743 1722 695 1693 1714 1103 1269 1685 2700 1849 830 2441 291 462 2733 1004 1298 60 2422 490 95 1517 1795 63 1194 1620 1382 1169 2080 2106 310 1773 1116 683 1838 1535 1434 818 1482 2275 1601 940 1713 279 1137 357 728 2684 1732 34 75 407 1593 2827 2737 584 2525 47 2180 213 1999 2605 1265 1304 1410 1450 783
000521.jpg,1239 1367 2252 1211 1566 2049 2682 530 841 1920 2660 2310 2097 2042 1578 1368 639 2796 2357 966 1651 945 118 243 301 1742 1851 114 982 916 512 1179 1604 2349 1977 517 2803 566 227 311 1495 2225 394 2488 1210 1002 2140 1565 2394 1614 1301 1567 2647 2328 2379 1676 2416 763 1287 2459 2458 875 808 7 2026 1791 2491 928 2711 1770 487 1657 1518 1579 1271 1970 1384 1906 337 151 1415 1528 567 819 579 2723 1154 1063 1981 975 1058 2618 571 1031 1470 1583 1769 1396 492 2065
000522.jpg,1440 143 2185 1694 386 299 267 2092 1238 1814 2529 1291 264 1122 1129 1807 888 2731 2298 1373 1295 991 2139 2844 2484 2584 2833 226 262 697 2517 641 1411 428 1264 837 2460 1735 2616 1009 1549 1619 2771 1684 2215 798 2385 2455 1982 1196 2363 2797 1925 557 1366 814 2371 2727 2783 867 2431 718 2709 1446 2590 912 223 1514 349 2541 2271 1445 1421 46 1480 667 1947 1589 2834 1629 706 1815 1862 656 810 1540 1324 859 2635 1 2776 1994 2013 71 2403 2104 2340 1622 969 41
000523.jpg,482 2057 2291 1949 2220 1223 939 2719 1874 574 2704 974 598 783 647 2526 1931 494 222 2421 1892 727 1771 853 2625 658 2037 1942 2639 2183 1605 2319 485 692 2841 2435 2051 864 146 2657 1677 1757 285 790 1408 447 1541 2683 6 75 2766 1504 1777 274 477 985 1661 1439 2497 2728 182 1558 323 2825 804 1434 508 1433 677 1760 994 2440 755 271 589 851 2558 2569 442 1088 1090 308 1175 1287 2248 1754 270 954 1723 1477 2292 1027 1998 526 614 251 2813 2427 542 2107
000524.jpg,1807 1373 1440 2529 1295 428 143 1291 1238 1814 991 262 2517 1122 641 2092 1619 2731 888 1242 1735 2104 2460 1684 969 2139 1539 2771 2371 46 267 299 2298 1925 2833 557 2709 2524 226 1982 1129 1694 667 2403 697 264 273 2013 1939 2776 1816 1324 386 891 2455 2844 2271 1270 1366 798 1589 879 1863 2363 2340 741 1 1803 2797 1411 913 2635 1572 2710 1159 638 1520 958 30 2541 1445 2727 787 1549 2633 2226 2215 2175 2473 1355 1480 2576 1629 234 127 71 2481 892 1815 223
000525.jpg,912 41 1812 2138 1446 616 1294 1338 1622 1264 2100 2208 1994 414 317 2223 2835 2372 961 1828 2412 195 2338 1409 591 600 1964 1698 1652 1837 2614 527 237 1095 1630 1360 1129 1618 1607 2298 405 1684 1215 1341 2131 537 2399 2246 2231 2253 2139 651 665 157 1009 1564 352 2530 2801 46 203 1491 996 1411 867 2584 1270 2635 641 2134 2185 642 573 1258 2205 1587 2758 2481 2529 1982 1181 716 2833 2738 1571 1572 1615 345 1242 2269 1988 2781 2834 234 2675 1735 1349 1159 2648 1540
000526.jpg,1785 1298 1228 1434 1087 63 1176 2546 1019 1257 1333 132 182 1971 2827 2656 2547 310 2040 695 545 1166 1343 2149 1535 1693 251 1928 1213 2737 2441 954 2112 596 485 1513 1999 1743 95 1137 949 1685 1795 1847 1004 1334 2066 2178 149 1760 617 2381 1773 1103 1558 1115 2016 1161 304 983 1786 1590 1561 940 1427 1389 1394 2022 1712 898 824 2408 376 2113 2143 364 1207 374 2111 76 101 714 1178 789 2504 1883 634 614 2700 1265 436 832 1749 1900 93 2409 2072 75 1353 341
000527.jpg,2327 280 2418 976 2174 493 1580 228 746 1457 1930 1724 934 801 1758 1664 1276 2694 2456 1877 548 1792 1575 2332 210 756 1234 263 133 1861 2125 57 1375 656 2739 2672 1193 2581 77 1229 1345 2356 1191 857 2198 1665 1350 2659 1857 704 689 2374 1551 2184 1196 2321 242 2004 2039 2127 1887 170 1542 1765 1776 1859 82 514 2229 1292 885 588 859 2662 1030 2330 1358 1392 1576 687 880 1675 2186 842 2155 185 884 2461 2838 1279 2187 2548 2703 421 2123 1494 797 1043 1086 1377
000528.jpg,2761 851 1768 40 1458 2386 398 244 2048 1515 1960 45 2115 2503 582 2841 214 1591 844 2197 2203 732 1536 1139 2567 2056 2278 2522 2807 1866 1616 2182 636 2348 1426 270 285 1221 1882 1064 23 1318 1083 546 909 2168 2263 300 1744 2620 6 956 2751 2109 1364 423 1525 1687 2442 1488 2498 476 2608 1602 661 609 181 1198 1251 1183 1726 2514 2502 957 236 1797 1659 1171 1596 171 2760 2464 2160 620 644 1061 1400 1907 1889 2688 1144 510 205 669 2623 2612 2720 1738 690 1214
000529.jpg,1583 1354 2792 1791 952 919 118 2252 1769 1977 639 945 2491 2328 1179 841 975 567 998 1470 1531 1063 1579 887 1578 1210 1367 1651 1851 2065 2711 1667 819 1742 2416 2349 2682 2459 311 875 748 515 808 928 923 1211 2304 7 1909 2793 2097 2361 982 2778 2394 1415 579 2333 1657 517 1970 2225 2647 1528 1565 25 2796 2488 1154 530 1854 492 930 301 2803 1770 1271 1105 1920 151 2379 2049 337 528 114 2147 227 1239 1729 778 959 1287 2140 816 2310 2658 566 9 966 2618
000530.jpg,545 374 1631 1087 1389 2242 757 395 1213 1996 2178 1513 1161 1019 2523 1801 2759 1561 1228 2066 596 1847 2113 1394 529 328 2546 63 1971 1333 1785 304 2022 2422 1115 2111 1178 341 1898 499 2579 2238 101 2547 34 766 754 1773 1207 714 2277 617 135 572 898 1091 1683 2504 2785 614 2644 1999 581 949 1928 1257 2040 2114 1137 95 132 558 2072 2180 695 658 1353 2323 1298 1883 2381 926 1795 1166 2827 1175 2441 1343 789 465 1176 1900 2489 564 777 457 1230 1728 483 1818
000531.jpg,335 2612 2591 2160 2230 1364 2401 2056 45 2442 2079 1251 300 924 2522 2197 644 2182 762 1336 851 2841 1104 1171 1214 953 2386 1064 2807 1515 1605 1768 1487 1318 1363 1891 2216 2278 1889 2571 2168 661 1703 1232 2831 856 214 407 1083 2666 1471 759 1365 620 922 1907 2751 2620 1288 1723 1536 2498 1507 476 2048 333 2404 1727 6 1277 42 22 785 2346 1661 2760 1013 1744 1866 2567 1953 894 1556 181 5 1458 309 844 2705 2188 2351 2502 1702 2141 2604 732 761 2720 1669 1797
000532.jpg,1752 1316 221 1202 2389 1146 2790 943 4 1545 2300 1926 1993 2367 950 1102 1656 2817 817 2515 1437 1796 626 1624 900 2826 1840 1407 1636 2411 2545 1934 2528 188 1878 2082 1386 611 2270 1307 645 2836 562 440 965 2241 305 1644 197 51 2011 2439 59 155 1965 1544 1051 547 489 2309 2837 1617 712 1496 1381 1737 2046 1218 2652 169 1328 2832 1640 2840 2069 1123 987 283 2424 2433 735 1444 1658 1405 1319 2721 2631 674 2556 715 1422 312 2133 134 1649 1261 1782 1799 978 613
000533.jpg,1221 820 285 334 1744 2726 1603 1541 2502 956 6 546 807 2152 244 1084 582 2197 1139 2162 275 1205 1882 2109 1525 1911 750 2030 1371 1659 2567 298 214 2691 669 2623 1400 2348 1687 2841 851 2474 629 2677 1380 2386 909 1458 448 1488 372 2751 759 650 2194 971 829 1227 106 2620 327 661 2168 1251 1536 1602 1183 40 1697 922 23 1171 2688 117 20 1922 2666 1591 2761 398 2115 2303 2514 2706 2807 167 2222 2203 973 1570 45 281 2593 2612 1198 2572 454 300 636 270
000534.jpg,2631 635 987 556 2389 2367 547 1319 1202 1405 2082 1386 645 2270 1656 1102 188 2411 1934 626 155 1636 2375 2011 85 1407 611 2817 2501 1752 1775 1895 1545 518 2832 950 4 59 221 817 2312 769 2088 1926 1422 2300 1993 943 2023 1737 965 826 2528 562 48 2044 2721 1840 231 201 2424 1965 283 1148 197 2069 2790 2309 613 1788 1362 489 1552 305 674 1029 2133 1468 900 1316 439 2713 2732 2556 1860 440 1624 1897 2084 2735 1146 1253 433 1901 1644 312 1799 2352 2515 911
000535.jpg,2056 2522 45 732 620 181 1797 1596 1889 407 1702 2498 2182 1866 1064 2591 1515 1458 1083 1960 2386 1768 398 509 476 844 335 1364 2503 2160 592 2263 2048 2761 2643 1907 2442 957 40 2351 2508 2079 2230 1318 851 1726 2141 2612 1536 2608 1093 1251 1602 2346 644 1953 785 2457 1696 236 214 2720 2562 2197 2725 2448 1214 2348 2807 1898 1260 2841 909 104 636 2678 2278 5 1488 1365 1766 387 2760 2168 609 953 300 1471 2203 1426 229 270 423 2116 2401 2188 2476 2620 1591 861
000536.jpg,484 2236 2059 1662 2429 390 1317 758 1568 389 1967 1127 2301 1475 356 2232 1635 456 1756 1755 1008 1124 534 2173 927 1282 2407 455 108 2765 1262 806 1789 2053 786 1715 1912 471 1706 1011 125 296 1281 1438 1050 2693 464 788 1465 1378 239 1024 653 805 1932 840 363 780 1831 726 2531 478 2244 31 822 999 1037 1875 655 408 2017 1395 1274 838 2687 324 139 501 331 753 2025 2465 2505 2091 1923 314 2611 467 2193 1648 2715 1143 2137 799 2280 1655 1062 1026 2398 326
000537.jpg,1115 2113 2066 2178 2546 1389 1951 1353 1161 1213 1175 1513 658 304 614 1019 727 485 1333 483 1300 2022 1847 789 1883 293 1306 2409 240 646 1773 393 63 2787 545 251 1166 2054 1558 2784 1087 1798 1228 2143 1785 714 1971 1427 2149 101 364 898 436 374 2040 2000 24 1561 2381 572 1928 215 2504 2579 989 2540 1207 589 2238 2072 1394 1900 443 359 1230 2242 1178 1257 803 1804 766 93 1786 2024 310 1996 1795 1685 2656 2114 926 1672 1559 1137 737 1361 564 1590 1451 95
000538.jpg,1304 1513 1749 1804 240 757 1178 2784 1161 596 789 1847 376 1137 1087 63 754 695 1394 2546 2178 1333 328 1883 1019 2149 95 614 60 483 967 1773 2547 2579 1298 545 1483 1801 714 132 1928 1353 2504 1971 2656 1999 1996 304 310 1795 1447 2066 1213 1898 2058 1343 16 2323 1798 1558 962 1672 1561 1469 1228 1427 374 2022 251 1389 1115 2381 101 824 1207 2827 1535 2737 395 2242 1631 1743 2113 2785 766 658 1166 2408 898 572 2409 1300 576 2759 2040 341 1176 949 2523 2441
000539.jpg,1544 1444 1381 1658 1054 2439 1782 1649 51 1623 2628 2836 1679 1663 1640 2707 169 2837 1617 947 305 1218 1840 2241 1328 1993 2767 2721 440 712 715 1261 155 2815 1586 2352 562 1569 64 100 1422 2272 900 201 1307 1437 735 1051 497 563 1965 1860 2713 2076 2826 1316 674 1796 2433 2309 48 559 1416 439 2545 1417 1123 445 1486 134 1752 1496 194 1468 1096 2011 645 1948 860 992 1489 2606 2034 1878 950 978 1775 1710 1045 260 906 2312 2023 1901 2652 2358 2556 611 2046 2650
000540.jpg,1672 1469 1476 60 1749 2190 44 376 2080 373 983 1447 1482 1483 16 2437 88 824 1743 1693 1773 2202 95 576 832 441 1990 1178 1103 1361 2745 310 1346 1620 845 2408 940 1856 132 1836 1914 1795 2737 614 198 1004 1269 291 830 2441 1304 1535 39 954 2000 2281 2699 1451 2288 2547 2149 1091 1343 2166 75 483 603 1410 1523 240 357 2383 2780 2785 1959 695 293 1298 1538 949 2497 777 2275 683 1867 1300 783 1353 876 2695 102 1849 818 1786 230 1147 1678 564 2802 632
000541.jpg,2734 1504 222 1625 910 233 1754 2353 1949 1864 1643 256 776 869 1963 2165 2361 270 1204 353 853 1762 1600 2195 247 624 1595 1352 2012 2218 2047 1541 2293 2421 2582 701 640 1113 865 1819 1402 2170 2391 1436 781 323 1272 377 2109 276 2001 2520 2334 1415 370 1477 909 2081 2152 1337 820 516 2336 765 585 1255 1205 1565 1226 2462 1911 1423 2514 413 1038 672 13 755 174 874 1642 2083 2841 2677 2342 1751 2453 3 1347 1736 2718 1049 2204 56 1093 6 1933 285 1041 1162
000542.jpg,177 1949 1666 2829 2122 1674 1342 401 1163 640 1173 713 2483 1023 2775 1249 156 1162 141 886 1219 2274 409 2055 461 755 1976 164 1203 380 1550 1038 938 1510 624 174 1686 703 1352 110 2679 985 347 2361 322 2325 1065 1484 2047 2463 477 1628 1250 1757 2400 1952 2808 595 691 2293 760 2342 1954 1643 1155 1553 850 2003 1754 981 597 1085 1412 2353 1263 453 1436 1415 1145 1150 2677 1740 2421 384 2107 460 488 111 1903 1266 2577 1504 2599 437 99 1881 1139 1322 2108 2163
000543.jpg,913 472 1025 2727 2139 2371 551 2833 262 1159 1445 1520 577 2092 342 1572 1366 1338 352 1815 317 2340 1540 403 264 1982 2403 1295 888 1619 2455 147 195 1258 1509 1059 1925 2635 665 1939 1 1360 667 2138 46 892 160 537 1807 1167 1803 969 1539 127 1341 2595 226 1630 891 1629 2481 1078 1355 273 2266 1530 234 2633 2607 2255 428 2576 1607 2399 267 2100 1622 1238 1863 1660 2529 1373 879 2298 2709 2269 1816 2226 1524 1242 1811 1291 1698 573 814 1735 2223 2486 991 1964
000544.jpg,2113 1213 2066 1389 658 1087 898 2178 714 1115 1175 1161 1513 2022 1951 1333 2546 727 572 485 1847 304 1207 1306 1558 545 1166 2409 589 63 1394 1228 1353 1019 240 1230 2784 2072 1883 1928 529 789 2242 2759 2504 1561 395 2238 614 1798 483 2579 251 766 101 2323 1971 1785 328 374 2143 2644 1027 962 2024 2040 757 1773 1597 426 24 1334 2054 2381 2149 1801 634 1125 1427 364 1300 949 135 215 2656 1257 596 341 754 2737 581 803 1343 1298 737 1178 443 1900 989 2772
000545.jpg,2018 2146 2284 719 1289 2434 2536 2008 764 1359 1246 2551 14 723 873 2585 652 1574 1985 998 929 825 539 1577 1493 1157 914 247 1128 190 1534 2157 2019 1772 1351 2603 450 35 874 2405 2361 1121 604 2485 1745 779 1352 1915 701 303 2426 3 2170 1347 212 58 1136 1997 1595 2336 2209 1247 1403 2487 1642 2003 1583 516 2325 2400 2204 812 2582 2394 778 615 254 2353 382 765 1204 540 2824 1970 549 632 2178 1864 1854 1203 2333 757 1958 2718 1819 282 276 1041 432 703
000546.jpg,1221 285 956 582 6 546 820 1603 244 1371 2348 1525 1882 807 1084 1139 334 669 1687 2152 2623 2115 1458 2109 1541 1083 2810 214 1911 2197 398 1536 2726 2502 2263 759 40 851 2168 2572 1602 2751 45 2386 909 476 300 1726 1659 1744 1960 1183 2567 1515 2210 2841 2162 1616 106 2688 196 2514 636 732 2678 609 1400 1797 2503 661 1280 2278 1205 275 23 1227 1591 2474 1380 1768 474 2608 1251 181 2761 1866 1933 2464 171 2494 372 2666 327 2194 2620 1198 236 98 796 750
000547.jpg,655 2611 331 390 1635 1127 430 1715 1780 1317 2053 1967 2236 1912 478 1124 1140 2406 1216 1395 643 113 159 1026 2565 449 1097 2765 1961 1475 1648 580 1037 2062 2164 726 1293 1335 1730 1050 1875 1787 1704 326 671 999 618 1274 455 2669 1008 1932 1781 2467 1929 125 1141 2316 2070 2407 131 1921 2301 1972 1465 1339 1282 456 152 1706 2173 753 464 758 2690 1472 2402 1187 2025 495 654 2557 389 1024 31 1532 1506 1281 484 1956 786 2091 363 1010 2311 1756 61 1297 245 1262
000548.jpg,482 2057 939 2051 1439 2220 1223 1874 2704 2291 2639 598 1942 146 494 2183 647 2435 2719 2766 447 864 2728 574 2526 2558 2319 1931 2625 1949 692 274 1944 1408 1771 1056 2499 2037 994 2506 1433 2683 1055 271 1899 2741 477 526 727 677 1175 1777 2440 608 2292 1126 1558 485 531 646 2825 2421 974 2736 948 1892 804 2294 508 725 614 1757 1937 1463 783 2436 2813 1677 165 1185 251 1998 2569 2708 1721 2445 2382 1076 2427 442 1166 2248 246 658 657 2787 1825 1605 2393 1134
000549.jpg,340 2786 979 2227 2798 1510 1145 2668 176 1023 2640 1550 554 2274 1266 2108 2629 78 332 21 571 1621 2122 302 1033 1398 141 595 1562 453 2451 729 868 2747 1047 2384 208 2098 401 1065 1890 199 2055 1808 2587 1085 177 612 2163 1249 1628 289 1952 2829 417 135 536 99 361 893 597 2775 1686 1903 555 823 1089 292 2743 142 2636 2570 62 1495 1070 2679 1888 1393 1321 1163 2029 2031 886 2074 1566 2539 399 2577 681 73 666 2578 802 935 429 2009 2126 2423 1688 156
000550.jpg,1588 193 988 1132 1431 121 569 536 36 2274 1089 1430 2090 1492 2122 1553 2078 1699 1155 401 2829 802 1793 1065 177 429 142 680 1903 1268 694 1808 2055 555 1023 2380 380 460 1047 1784 1236 135 2108 1890 2679 2029 1085 1628 453 554 816 2163 2747 2267 1404 1872 2577 332 437 141 2786 417 1249 289 868 1688 823 2668 1562 731 1163 427 2743 2143 2587 1599 2098 208 1888 1686 1233 1241 2469 399 1393 2074 2636 2126 1053 1717 21 24 62 2217 967 1100 1398 172 111 2415
000551.jpg,249 1810 2728 1012 627 2558 1944 2509 1056 202 1055 1212 2766 1876 1076 165 1406 1874 1937 2382 2294 447 1606 2435 725 1825 1464 2207 1001 1473 2583 2708 137 2393 1721 2224 146 1075 948 686 67 1639 2825 1223 1185 2286 1439 2135 2813 677 1463 899 2248 1899 2350 2057 2809 2741 2438 598 1777 2258 682 2183 2744 1590 2121 93 2736 742 2143 1725 657 494 12 804 1841 1592 482 1986 491 1868 1130 1733 1555 1265 2390 2639 2580 2569 1547 24 362 1731 2305 1529 2719 2511 1940 1126
000552.jpg,761 2442 1671 644 325 2571 2720 1083 8 1891 1596 300 443 335 1536 2562 1661 1556 745 1898 924 2168 2167 582 1723 2278 2816 1889 1462 2404 636 1768 2591 1797 1232 2188 586 2230 609 1882 1449 732 1487 2705 851 2831 1702 1515 45 1318 2645 2249 909 2182 1474 2109 2535 1221 2197 2056 1726 2464 2448 661 1683 2346 1880 1098 2498 2725 1802 42 1380 2807 1866 1104 973 476 1090 407 1426 762 1907 2823 1057 2366 2348 1507 1272 957 40 1093 1696 2810 1425 1605 214 2550 2359 1933
000553.jpg,614 16 1447 1749 1469 376 44 1483 1019 954 149 2408 63 1795 1773 1672 1004 1137 1298 2737 60 132 310 1087 2178 983 1712 1685 2190 1693 291 2546 1343 2547 1103 1178 695 1760 1743 1476 824 1304 88 2111 1115 2441 2149 1389 1999 949 632 2072 1161 1513 1269 1333 1300 940 658 485 1176 213 95 832 1849 576 540 2112 783 1867 1434 75 2700 1856 1175 2827 2566 1535 304 2024 198 1361 727 2497 1353 2000 707 2437 1558 490 1722 1394 240 2656 182 1231 483 1727 757 1990
000554.jpg,536 569 2090 193 121 1132 2055 988 2122 1588 401 1268 1023 1903 2829 177 1793 1047 2577 141 453 1089 1065 1241 460 2274 1430 1628 429 694 1553 2029 1562 1699 2098 554 1085 2747 2163 1404 1890 816 2587 2217 555 417 2679 1717 1888 142 2108 72 36 571 1784 868 289 427 1431 731 1155 760 380 2786 2636 1150 208 1492 1510 1808 823 2415 156 62 1100 332 461 2779 1163 2469 680 2126 1599 2009 2655 2642 802 595 2668 2568 938 901 1740 1145 2537 1550 666 2074 2380 437
000555.jpg,1793 1699 901 2078 2217 1492 2568 2267 2423 743 1599 142 380 429 1430 2380 2108 1717 2074 1553 427 62 417 1155 760 500 2415 2655 361 1233 2722 437 172 72 802 1890 460 2009 1398 193 1085 36 302 2029 555 1431 1886 1888 731 199 868 2636 866 1053 1256 554 816 536 1872 1047 1588 681 1236 988 1065 823 292 2126 289 73 2469 1089 164 2122 2163 208 332 151 2668 2098 177 528 1808 2304 2274 1268 2679 878 121 1000 1189 1271 1688 2369 1132 2829 923 2747 975 893
000556.jpg,1189 2032 955 323 2664 698 50 1436 755 1000 2421 1949 1920 370 2578 1038 1521 542 174 1893 99 2775 1654 1910 839 123 1415 2342 2677 413 164 2047 1163 54 1162 1769 56 897 1287 477 2369 791 156 1219 1031 1976 1250 1717 908 1049 1954 1754 1263 1477 710 2423 1757 853 1695 461 2679 2335 1508 2218 222 1495 2009 1374 2512 276 1739 1065 1705 907 2782 78 660 1528 340 2108 1398 629 2602 302 128 2570 2803 1044 932 2245 1256 531 854 224 1817 2600 2729 2083 2150 2154
000557.jpg,300 325 1671 761 2442 745 8 2571 644 609 443 1083 2109 1596 1515 1723 909 335 586 2705 973 1891 1380 1882 1462 1474 2404 2720 2167 2591 2535 582 2056 2688 2168 1768 244 924 1556 1661 762 45 2182 1090 2124 2562 2831 851 2366 2464 2348 214 2230 1697 2816 1426 2197 2751 2115 2503 476 1702 1458 1285 759 5 2359 2620 732 2841 1889 2448 661 2188 636 474 1221 1171 1605 1536 425 1139 1797 1931 956 1616 1683 1364 1866 2263 498 2725 2498 669 40 2494 104 971 1570 2706
000558.jpg,239 1127 2794 467 139 2765 245 2465 2505 2280 2091 209 356 786 1780 331 2236 478 1011 471 1438 1274 936 2173 2611 1282 1378 534 1273 1022 89 806 402 131 758 363 1024 268 2429 1875 1781 838 2406 1756 2285 1929 643 1662 655 1317 455 1475 1248 999 2774 1465 52 452 1706 296 113 1843 389 2137 2061 1262 1755 2279 408 2698 1789 2142 2632 726 2531 1647 525 53 1912 464 561 1831 840 108 2164 1655 324 1062 31 495 2634 1648 1568 129 1356 1932 49 484 1972 125
000559.jpg,1221 6 1603 1591 2502 285 690 106 1364 2152 2109 2567 851 2386 40 1515 1251 2620 973 582 1015 334 1064 1570 1139 1687 372 546 2612 2726 2571 1744 2115 829 609 23 300 1659 298 2348 498 1061 2688 2014 244 820 448 2197 669 2222 1610 807 971 214 750 1227 1541 1488 45 1882 2203 398 2751 2706 2705 1768 661 956 1400 1616 1602 2761 510 163 2522 844 1205 1605 1922 2831 1884 1171 1960 1198 1397 2056 275 2160 980 476 2514 20 629 375 1426 2666 1556 759 270 2494
000560.jpg,100 64 2721 48 1569 439 2309 715 562 1640 201 305 1948 1316 51 1860 1901 1416 1381 2352 1658 1965 1096 2272 1490 2713 2826 1051 1123 900 1453 155 645 2433 1782 1649 1054 1307 2545 2034 2836 1496 2628 1444 674 1218 559 231 2556 2439 194 1468 978 2815 168 2241 563 1617 1437 1544 1486 1422 1878 2376 1993 1840 611 1796 1623 2707 965 1328 1148 1679 440 747 1752 1710 547 2023 2650 169 1261 2837 134 2652 1586 1584 906 260 2076 2767 947 950 712 497 735 1319 2312 1663
000561.jpg,1350 2662 2332 857 228 1542 1776 859 2321 1191 1861 756 1580 1575 2123 2739 720 706 1877 656 77 2229 421 287 2694 158 746 2039 2206 885 1930 1551 884 1457 797 704 2659 1358 366 2327 1193 280 1792 2330 263 2155 1043 2672 82 801 1229 1348 2356 1887 2581 493 976 349 185 242 1345 210 470 2456 2461 793 2125 1122 438 2418 548 1765 570 1392 1234 1716 2590 1375 2004 2184 1030 1086 837 1576 798 1196 1859 2127 1377 2385 2473 1665 892 1292 170 663 880 1276 1724 2186
000562.jpg,1453 1860 1490 2721 201 1901 64 715 2713 2272 439 1316 2309 562 100 1965 1569 1640 155 1496 305 563 48 2556 51 1416 2376 1096 2815 2826 747 1658 2433 2628 260 1218 1381 2088 1948 1307 1993 1148 2545 2650 2241 559 1123 1617 231 134 440 1051 1782 906 1840 2439 2352 645 1422 674 2034 497 1261 1544 2076 900 1586 2732 784 1679 1796 1054 611 1897 1486 2836 1468 1649 2007 735 2631 1444 1752 168 1636 194 1878 1623 978 2069 1362 613 950 2767 1437 486 2011 1319 769 712
000563.jpg,2252 1367 1578 841 2310 1977 1566 311 118 1239 2682 2349 945 1651 1210 639 2459 975 2491 1368 875 2796 1179 579 1583 982 1579 2328 1791 2488 1063 2304 2225 227 2097 2416 928 887 1470 923 916 567 2792 1211 1742 451 517 2140 7 1567 1851 1769 2049 1920 528 492 1058 2042 114 763 1354 952 808 1657 530 1528 2333 819 1909 2793 2065 1154 25 394 566 2778 2357 2618 1301 2559 662 1271 515 1531 930 2711 1970 1667 919 1237 1770 151 1604 1879 571 2660 1209 337 607 2026
000564.jpg,2092 2371 264 913 262 428 1814 2455 1159 2727 2833 888 1572 2403 837 2139 1520 1238 1291 267 234 1619 2776 2484 1009 667 1807 1815 1122 226 891 1025 1925 1295 1735 403 1445 1509 472 1982 2633 2635 551 46 2709 2844 1373 2529 1366 1 1338 299 2616 1629 1129 1684 2431 1258 2731 2385 1622 1863 665 814 2063 195 2771 1630 2797 2486 1549 2541 2100 1540 1589 2298 1816 2481 2783 2138 969 2340 317 90 892 2717 1324 2266 2607 1270 2412 641 2013 2399 1360 991 1355 342 2576 1480
000565.jpg,912 41 1828 2208 2835 2138 195 1812 1630 2372 1698 1446 1338 2246 2223 405 600 2399 1360 1294 961 1964 317 2100 1264 352 616 1215 414 665 1618 2139 2614 1095 1341 591 1258 2298 2253 1994 1622 1409 527 2338 1837 2833 1270 2635 2529 2131 1009 1572 1607 1684 2801 716 237 2834 1652 642 2738 1540 573 2231 2185 1112 1564 2616 234 2481 2412 1349 651 1411 2619 958 345 1129 203 157 299 1982 1445 1571 166 638 46 2092 1587 1815 2266 718 2205 1491 1615 2530 2213 2692 2215 996
000566.jpg,1567 1981 446 1237 1301 1604 2049 530 1518 1290 1058 2796 2140 451 1119 1017 1909 2609 1613 1879 2310 662 966 2282 1894 2349 631 394 2596 2392 311 982 1384 2658 1002 1211 1239 2219 607 1495 2458 2357 118 937 528 1546 875 2064 579 808 2416 2093 984 1978 257 1742 2543 567 2618 908 1331 763 1566 1516 921 975 1367 519 2252 2117 7 243 186 2537 1210 25 2225 2042 1321 1578 2559 945 2065 709 2660 1455 487 301 151 1368 1676 2793 2085 1271 1614 1791 887 2452 1705 1906
000567.jpg,1866 476 1260 1696 2823 620 909 181 1093 1797 2278 1889 956 1702 2348 2841 1596 1953 1726 2678 732 1960 1638 214 2263 1602 1736 957 2810 1487 1318 1188 509 592 398 1536 45 2522 2591 196 636 2448 1515 2168 40 2498 844 2056 1083 1458 851 2182 2141 2197 1933 2450 1170 2109 1214 924 1471 585 2169 5 2346 1227 2643 2171 2048 1768 669 2751 1907 2807 2457 2567 2508 306 2425 1183 2115 335 2160 1280 2761 2503 2230 2623 2720 42 6 2060 2562 2514 2067 411 1139 2216 1488 2476
000568.jpg,2054 646 293 2787 2409 727 1951 1306 1451 240 789 658 1175 1361 1161 251 2000 1558 483 1928 1427 1353 1513 1149 1115 1166 2784 29 1804 1798 589 2540 485 1230 714 2149 1559 1213 436 1333 1847 1106 2066 1300 215 967 1389 572 364 898 2113 2320 1883 614 803 2546 737 286 2172 2533 1561 989 2579 845 1207 2656 2022 2381 2504 962 1178 1786 564 634 2072 2024 1719 2518 1773 1900 2323 426 1394 1120 1672 1818 304 2242 24 581 2143 359 1535 1346 63 2644 2238 1693 395 373
000569.jpg,726 999 331 2236 456 1317 655 464 390 1706 1912 1967 1127 1281 1475 1282 1635 478 2765 484 356 455 296 1932 2301 1756 2715 1274 1262 1050 326 108 2059 238 2173 152 31 363 580 2025 1568 927 671 2053 1026 1662 1008 2250 786 1789 2407 1875 245 1011 430 2693 2611 408 159 1465 389 1730 2531 1780 1216 2429 1755 1024 61 1503 758 2232 139 1929 1378 1704 1787 1124 838 1715 503 643 192 1395 2091 1532 2500 1376 799 449 89 2052 1923 495 2017 1140 1781 216 1827 1648
000570.jpg,1583 998 2792 928 1729 930 2252 1657 1977 1651 2778 1354 1063 1791 1769 816 841 945 952 2488 118 1100 1404 567 1970 2333 1155 2122 2361 1851 1415 2829 1367 639 2459 1132 1808 517 1688 988 177 1179 2640 919 1588 1249 1470 2274 2090 1023 536 571 193 1162 569 121 1085 1239 1578 2108 1566 1089 1368 2379 1271 2055 1531 1266 2711 748 1154 778 1065 1579 808 2775 174 2682 2225 2491 492 1047 2647 401 164 72 680 975 760 579 2747 2416 1872 453 1674 2328 2163 1793 382 2400
000571.jpg,1444 1328 947 1663 1054 2241 2836 1840 1544 645 1679 900 440 2707 1381 2628 965 1649 169 1623 712 2439 735 1782 2837 1658 445 1261 1552 2767 2352 2011 1775 2076 1468 1640 51 1218 992 1993 1710 1617 1029 1796 155 611 2411 1437 2270 559 319 1489 1486 1051 2367 1422 1307 2133 134 970 1045 2815 305 674 2312 2735 1386 59 2721 489 1569 2419 1636 2817 48 860 194 2046 64 747 1319 497 258 906 626 2528 1586 904 562 439 1417 4 2084 2389 1965 2652 2045 1878 2424 1752
000572.jpg,2171 2810 2591 2666 2043 2230 335 2216 924 1487 2841 1702 1889 2346 1953 650 1605 732 620 2182 1696 181 1188 1797 1214 851 2751 2160 2502 1260 1916 953 2404 476 2678 2056 759 2351 2263 1515 1397 2643 1596 1171 1083 2567 1726 2079 45 1891 214 2348 2620 5 22 2197 1471 2169 1318 1093 1907 1227 1144 468 957 1139 2498 2128 1898 1703 1866 1602 2807 306 2608 1536 1217 300 1603 844 1768 509 909 1364 2768 2278 411 1221 1922 40 2550 1723 1426 2612 1326 2401 2816 1687 1960 1744
000573.jpg,1122 837 1009 264 2484 349 299 1129 2092 2455 2215 1698 1446 195 1994 1652 2834 1264 2139 2844 1112 2223 961 797 2412 2529 912 2833 2399 2797 1095 656 1409 1291 1814 2584 573 428 1815 1411 1238 2298 1684 1338 1622 2771 46 1982 1925 1694 1776 2063 317 2371 1159 641 2635 41 2731 2158 1549 720 2590 2206 2338 1619 1589 2185 1807 17 223 2253 642 1294 1270 2231 1360 414 741 958 2541 2269 891 2776 234 1373 600 143 1520 267 203 2138 403 2801 1350 2213 1630 1445 892 1229
000574.jpg,2500 587 458 671 1896 2193 532 2181 2674 455 505 1262 2028 238 1912 464 999 633 1706 972 734 2592 1827 28 2322 31 1543 484 1026 2306 2236 2062 2059 2119 2144 553 2552 2594 162 125 1568 33 1472 890 456 108 1967 1756 2232 705 2099 1746 1917 2316 2250 726 1831 1376 356 2715 2199 1923 1741 354 788 771 503 711 390 1111 159 68 1281 296 1503 580 1635 1317 2370 1282 2764 655 963 1164 326 330 139 2301 1563 1787 1655 1143 120 1680 1008 1127 602 1708 1378 1011
000575.jpg,2377 535 1424 1527 605 336 1498 870 338 1516 257 94 434 1992 1133 248 1455 1634 717 1131 937 1040 648 2243 2697 2219 365 2613 2519 253 1079 610 1094 1850 2417 410 1466 774 538 2549 811 1966 1894 2102 1142 2087 1309 2492 2763 1794 1546 392 1017 773 406 673 519 2006 1913 2843 800 730 288 1936 1779 544 1325 855 1119 2830 2341 821 2609 2196 2788 1174 678 568 2145 2251 881 1573 1311 1442 2516 446 1020 709 1526 1670 1068 2560 593 1138 1290 2064 2005 1739 186 2310
000576.jpg,2104 2363 2524 2460 557 273 1242 1122 1816 1684 879 1366 969 1619 1549 697 2633 1440 1807 2403 2298 1480 1925 428 2455 1863 2092 2013 2607 143 667 1982 2541 1660 2771 299 2226 2269 913 2529 264 1539 226 1373 2844 2175 127 150 2709 2576 1009 2740 2783 2797 2517 1355 2139 1324 2833 2776 1295 2635 30 1167 641 1025 2371 2340 892 180 2138 2727 1947 961 386 2158 2456 867 2444 837 2595 2273 2339 1811 1803 1238 133 1159 2710 385 1939 814 1814 1421 2431 2266 1629 1445 1815 349
000577.jpg,2389 4 645 258 626 1552 1895 1407 2367 2515 1545 59 1029 770 2631 1320 2045 1202 1799 1386 547 2044 2755 197 675 1362 2676 2424 2270 188 1584 1190 2411 1319 2011 1146 2817 1934 1405 943 2082 2732 2046 2724 987 1656 74 950 2133 992 1636 1897 2375 611 911 2528 2501 463 2419 1775 1752 1158 2084 1489 1253 606 1737 85 556 2300 2753 2023 906 769 2574 319 2735 1848 2088 833 155 231 817 486 221 965 1796 489 433 1414 2007 445 635 283 2713 2034 1468 168 1627 1388
000578.jpg,2193 505 1896 2500 1563 2552 2181 523 2689 602 2819 1111 2365 2052 28 2283 2681 2119 175 458 2191 238 705 1827 2527 2479 1117 711 1680 2177 2592 2237 330 587 849 2199 2099 2236 2322 2370 1708 1010 152 354 1475 633 1543 1376 2250 2396 1441 2716 1532 2674 847 553 68 92 734 1314 313 2597 1109 1787 968 1823 2764 456 1003 464 2534 1967 1135 1332 2144 963 503 1955 2531 1008 484 1917 1635 1050 1875 1932 2557 81 2594 2742 1831 726 2059 125 1039 1472 389 390 1124 740
000579.jpg,2479 81 2819 2557 2365 1532 458 152 1827 1111 849 1563 2250 354 2773 2283 2500 1708 1704 2119 2062 1003 238 633 2237 2191 120 1896 2181 1026 207 313 2301 1376 2681 200 2052 872 2193 2534 671 2592 734 2407 2265 2594 503 1008 771 2716 587 216 1967 108 2025 2099 705 2316 2552 1568 2199 33 1635 455 1912 330 2687 28 711 740 1756 2322 390 505 2370 1917 532 2177 61 225 1262 602 1500 618 1314 2232 877 655 192 1746 159 1787 1021 1335 344 2105 847 2764 2144 1339
000580.jpg,1321 2156 1858 957 1098 43 1910 1638 2450 941 2342 468 571 2032 959 2083 1145 229 189 99 565 1736 2645 2060 340 908 396 1260 755 897 612 1337 2141 2627 1510 592 2249 2567 1806 2404 1550 1495 861 1709 1199 2188 2562 56 84 2313 22 1621 2750 1766 1189 1880 387 744 1761 2786 1214 1987 476 2089 2096 2476 2201 2775 38 1002 1802 1023 935 1953 1844 1676 1933 979 333 1596 1889 183 2227 156 1032 785 1093 1696 595 1866 164 2841 2747 971 214 1750 1963 1249 2720 1702
000581.jpg,2510 431 70 1839 962 1035 2644 1230 2561 18 1842 1798 2323 529 1759 395 2478 2663 1834 2 2077 803 1125 572 1753 2777 1394 2622 2579 601 714 1928 2656 2772 1801 2757 951 2409 2149 1207 364 315 2277 1390 215 1451 328 2381 1561 2504 2497 713 461 2759 1557 766 101 522 886 1306 374 2015 789 1558 1166 1686 737 1747 754 1175 1342 436 1418 477 1443 80 2161 1252 251 2686 1984 1203 1357 691 2818 1427 898 347 1334 581 1206 597 1951 2000 1361 1519 989 2743 1900 1412
000582.jpg,2145 742 1779 406 1871 1385 2102 1138 2763 1731 1800 773 1992 1707 1526 1007 1645 519 2516 2613 1466 1969 730 338 2095 1670 1325 1499 11 1511 811 1894 1527 605 410 1442 2377 870 2680 248 392 257 1721 535 881 648 112 2318 709 1200 69 739 2224 1876 2219 2101 253 1133 2661 1502 1613 434 1498 500 2296 365 94 2179 1419 336 2073 435 937 598 1479 2696 400 792 2809 1243 678 2110 733 1309 1557 763 186 375 531 2560 1040 1379 664 1783 1424 544 2559 1017 1454 1165
000583.jpg,70 1842 18 1125 1753 2777 1834 2772 2478 2077 2510 951 431 2663 601 1759 2 2015 990 2818 2757 297 1252 2561 578 502 2504 2496 2644 962 103 1390 1230 1323 572 101 2622 2579 2784 767 2323 789 1938 1798 277 522 1035 315 1908 688 369 126 1443 1413 1235 1845 529 1391 1557 1186 2066 1833 364 2759 1213 766 284 250 1847 395 2624 2113 1720 1928 1821 1166 240 931 2601 1951 1801 2238 65 2409 1333 2686 1306 2314 1883 1839 1161 803 1418 2315 1558 2471 714 1747 1513 2656
000584.jpg,1545 2389 4 2817 1926 2528 2411 817 221 2300 1202 1407 943 2790 1656 1146 626 2270 1624 1752 547 2367 1644 59 1934 2082 1102 1386 188 987 1319 611 312 645 2832 1405 556 2837 635 1993 1737 1489 860 2044 2707 169 950 1328 1417 2046 2011 2631 85 1544 2501 1799 992 1796 947 2515 1381 2439 283 1444 1701 51 1569 900 1261 1552 1623 1437 562 2045 1788 1679 305 2069 1029 911 1710 2721 2836 1640 826 197 445 1895 712 1316 155 2352 1636 2023 1253 1840 613 715 1663 2545
000585.jpg,1926 221 2790 2389 1656 2411 1545 817 2528 2300 2817 1624 943 1407 1752 1102 2367 1644 1202 1934 547 4 1386 987 1146 2082 626 59 188 2832 556 635 312 2270 1405 1319 2501 611 645 2631 1993 1737 950 85 2515 1316 2044 562 2011 1796 283 51 900 1489 826 2069 1437 2837 1895 305 197 613 1636 1640 1569 2424 2439 1328 2721 1788 1544 169 712 1799 1422 2545 155 2375 769 1552 2397 1417 1051 860 1878 2046 715 1029 1381 970 2312 1617 2707 2544 1710 463 606 1444 911 489
000586.jpg,2558 2766 165 2728 1056 1944 137 447 1055 2741 1076 1212 899 1606 2135 1126 146 2736 2286 2435 1463 2294 1899 1937 2258 725 2207 2825 2580 1185 1639 1825 1464 2248 2393 804 2813 2382 948 2511 1874 1777 1547 1841 246 1935 494 2305 1452 1134 2057 2708 686 2220 79 692 2526 2506 2639 1067 722 1223 329 2068 140 994 864 1130 1942 1868 647 482 2319 2292 362 2440 2665 271 608 1940 274 677 1408 2438 2499 939 2041 1439 2842 508 526 682 2427 491 204 2719 442 2037 1986 2569
000587.jpg,1179 998 1583 2682 2536 2333 2252 1651 2491 1977 1367 1729 2361 1063 873 639 1359 701 2170 1415 9 1128 515 1477 2647 2081 2603 2400 1245 233 959 174 2434 2328 1154 624 2195 2325 1093 1864 2585 2293 1819 2336 492 1352 540 2551 1579 1088 276 2426 2019 841 869 1643 1246 2405 247 1791 1402 2003 1963 585 1565 1136 723 928 118 952 2018 1470 2008 719 1657 432 2459 1920 1344 2379 1337 2083 825 2042 2146 652 1625 781 353 222 1578 604 945 2157 1600 2775 2353 2487 1239 1289
000588.jpg,1681 1000 487 1853 2600 1739 1705 542 2664 1695 710 2570 2782 942 660 1893 1770 54 2085 2795 893 1920 791 1370 1769 360 69 698 1384 566 1508 1614 99 2543 302 2064 2452 2026 292 1396 78 2618 399 743 1742 172 2722 355 512 908 337 2559 1673 1387 1105 50 1510 2416 2032 528 73 358 921 1189 1415 2074 114 823 2259 1331 25 975 1585 2775 966 681 1528 1374 500 1495 1682 1209 595 923 763 2602 2126 1287 868 2423 432 2658 2218 123 2803 1398 1436 2469 199 1565
000589.jpg,1444 2707 1649 2628 2767 1623 1544 1054 947 169 2837 2439 1663 1679 1261 2352 1218 1381 2836 1782 1658 1840 1328 2272 1640 1993 51 194 2815 155 440 2433 305 2241 201 2713 950 2721 1860 1051 2309 1468 900 439 1617 1437 1586 1965 1416 674 1496 645 1948 1316 562 1775 2556 1422 64 1307 445 497 965 715 1897 2826 2367 1796 1123 563 48 2133 2076 1096 735 712 860 1417 2023 992 1569 904 2376 2545 1752 2046 2732 611 1878 134 906 100 1799 1489 168 559 2270 1710 2011 2389
000590.jpg,1125 2777 1753 2772 2478 2077 1834 18 1842 951 2015 2818 70 103 1252 297 990 2663 1323 2113 1161 578 2 1213 1186 2504 1115 2510 2066 2784 1847 1333 1513 2022 572 1235 789 1951 502 304 126 240 688 601 1175 431 1306 369 2624 767 1759 2409 2238 101 1558 522 1391 2054 1389 2178 485 766 1413 1166 10 1230 1228 1845 2561 277 364 2314 1798 658 2579 1928 1883 2601 962 2759 2496 1809 2757 646 1989 1908 1905 483 2644 1120 1353 727 251 2546 529 2149 2323 2242 714 1087
000591.jpg,2759 374 529 545 1801 2242 395 1561 757 1533 1631 1213 2579 101 558 2644 1228 2323 2113 1785 1847 2066 2546 135 328 2178 1513 2504 304 1971 499 1161 1928 572 2523 2022 2277 1178 1333 341 754 2040 1087 617 2238 766 1115 2381 596 581 803 1334 1394 1166 962 63 926 564 695 1773 1728 1883 1999 989 1996 1798 465 1257 2180 1898 1343 1683 2413 2656 1839 1389 789 2149 1091 1298 737 1019 1175 949 714 1900 1353 1818 2409 2542 1306 1207 1103 1035 364 251 1137 2295 2827 898
000592.jpg,936 245 1780 471 1438 2406 2465 2505 1127 139 2765 1505 1187 1781 1921 1140 2611 1648 113 209 1317 1472 721 1647 402 331 2280 1248 49 2061 838 1972 363 1395 239 643 2164 1274 1918 1216 1662 786 1282 1141 356 478 383 2091 525 1024 655 2632 408 2311 2236 2402 2794 561 1124 1026 2173 2279 1435 1008 625 1037 1612 27 1356 1018 89 2698 758 2429 2053 430 534 296 53 1273 1852 390 2070 2244 216 1048 679 1715 1967 782 1756 1118 654 344 1021 1475 2565 1465 138 1912
000593.jpg,1752 221 2790 943 1926 1102 817 1146 2389 2300 1656 1202 1545 1624 4 2817 2528 1316 2082 626 2832 1437 1644 1934 2411 312 2367 2270 611 1386 2069 188 1737 1407 547 613 1796 1993 283 900 2515 1636 562 59 645 2826 1307 1319 1405 2721 950 1840 305 1417 987 440 1640 635 1328 51 826 2544 860 155 715 1544 197 2076 489 2439 556 1489 2011 1878 2837 1965 965 1123 134 674 1051 169 2652 2836 463 1381 1569 2309 2424 978 1444 2044 712 1788 1468 1148 1496 970 2337 659
000594.jpg,967 1804 1149 2320 2533 1719 2756 1728 789 2024 2409 29 286 2224 2172 426 2354 1431 634 24 2615 1597 2054 714 1451 2021 1535 898 754 2143 1306 2072 240 1361 1448 293 2413 1558 1984 2784 2673 1928 1207 727 2430 80 1886 658 2078 707 1849 1555 91 135 2235 1427 1166 213 2323 646 2540 2295 119 1231 1296 2472 803 1236 251 1175 1053 1951 2579 2546 1398 215 802 232 2277 36 1513 1334 483 1106 1533 572 589 1689 1566 1178 1945 436 2787 2408 21 680 2381 1492 2809 142
000595.jpg,2354 2320 1149 2533 707 29 1849 967 1451 2615 1361 286 2172 1804 2756 2000 634 426 1535 2054 1719 2673 2408 2409 80 1334 119 1269 1106 2021 1728 1448 1798 2024 1306 24 1296 1559 2149 1867 1928 2413 803 215 2656 1558 714 520 1984 789 1597 1689 2143 1561 436 2323 1175 564 2390 310 1383 2072 1346 1231 2381 737 1529 485 293 754 291 1786 1722 251 1166 1207 213 898 2787 91 989 646 2430 1427 364 2566 589 2638 1951 1091 1478 341 1178 727 1818 1016 232 1945 1693 581
000596.jpg,1860 2309 155 201 439 1901 2721 2707 1444 1640 2272 2713 562 305 1993 64 1316 1416 2433 1381 2767 1649 2628 1096 645 1623 2815 1218 1261 1965 2826 1468 1544 2352 1496 715 1054 2556 1453 100 1679 1658 51 1840 1569 48 1948 1897 563 947 674 1307 2631 2836 169 2439 1328 1123 1782 1437 1663 440 2837 1148 194 2076 906 2241 900 168 134 1617 978 1490 965 2650 1362 2312 1422 445 2732 2376 2034 231 1878 2545 2011 1051 260 747 1775 1752 1636 1796 2088 769 559 2337 611 486
000597.jpg,1115 2113 2178 1389 2066 304 658 1951 1161 2546 1513 727 1213 1300 1175 614 1019 293 2054 1353 485 2787 483 789 2022 646 393 443 240 1847 1333 1883 2409 1306 1558 251 1773 545 2784 63 1166 1427 2143 1798 1087 2504 1230 101 364 1804 2579 2238 1228 1785 436 359 24 898 2540 2149 572 714 215 586 589 374 2114 2024 2242 1561 2040 1207 1900 989 1394 1971 1928 766 2381 2000 1996 1891 737 596 926 2072 1672 967 1178 845 1685 1795 328 2136 95 1137 395 949 93 2291
000598.jpg,502 2601 990 1845 103 2624 1323 2471 578 297 1235 688 126 1114 848 1608 768 65 1186 1908 250 1391 2276 1720 931 1830 903 1413 1821 1767 284 702 522 2314 1340 1512 1975 684 1834 1310 1842 1107 2478 2388 1125 2772 18 2777 2077 1753 70 369 767 1759 2663 2 2015 601 1418 951 886 420 2510 1916 2644 1254 2366 1252 277 2757 1557 1686 2128 2622 431 1989 1230 597 2496 2346 1397 1801 789 2768 1175 2532 395 2315 2210 2504 509 572 1723 1951 2323 935 2784 1460 1390 475
000599.jpg,340 1250 1550 2786 979 177 2274 141 1976 2829 289 2629 1162 461 1023 78 1145 332 2122 2798 176 681 1150 2587 2055 1628 1163 536 121 1173 135 2578 868 595 1038 2636 2589 1510 1890 1065 1881 208 399 2463 453 477 1562 555 401 2679 938 558 460 2227 2108 2779 554 2577 691 1241 1085 1954 1903 2640 2163 2098 2009 199 893 142 1888 72 1412 569 2668 1952 1666 1784 1047 1089 2483 21 1266 828 437 156 302 1066 1374 1740 624 2747 988 193 694 1398 729 1249 1484 2762
000600.jpg,2820 2672 1081 798 1421 577 2456 77 1497 2269 1792 1861 1765 706 1350 386 1575 2581 583 160 1122 1580 1234 795 2473 588 2709 1078 1524 2229 687 1542 2013 127 1193 287 859 46 299 837 2321 892 307 1887 133 1664 1811 667 263 1440 2184 570 1776 2174 1947 2123 1724 1229 2340 1939 57 1551 884 2187 801 1355 1629 885 1982 147 1716 242 421 2662 1392 428 969 2330 2694 226 1324 1457 2635 2481 472 2127 2844 264 2659 2189 2461 223 2595 2094 1348 2155 2327 1735 1576 2298
000601.jpg,1367 2252 1578 841 1566 1239 2310 2682 639 945 1368 1977 1651 2097 118 311 2349 2459 1210 2488 1179 579 1920 2225 982 2491 1211 1579 2328 875 1791 517 227 928 916 1583 1470 887 1742 2796 114 1063 1851 2416 975 1970 2049 952 763 2647 567 2792 566 1354 2333 2065 492 1154 7 2778 2042 2711 530 1657 808 2304 919 819 1567 2140 1528 1770 2357 923 515 528 25 1271 1604 1058 778 930 2660 151 512 1769 451 1667 2793 1854 2379 2026 2618 1531 1301 394 2559 2723 337 1879
000602.jpg,767 277 2532 211 951 369 2818 1460 2496 1989 1125 2772 2702 1252 2777 1753 1391 2663 990 1834 2015 1186 1842 2 18 1323 601 2686 2478 2096 1413 688 70 126 2077 2314 2315 531 123 1747 297 1443 1757 2685 578 889 1938 1088 1980 1884 1833 1519 980 1764 2167 1418 1474 2510 2128 2302 2535 986 315 103 431 1637 935 1767 2366 2512 1139 417 850 1556 1171 325 1845 886 2276 1235 22 1759 2624 1165 543 5 2841 1199 1015 461 2160 300 660 473 502 836 361 1610 459 2150
000603.jpg,2790 1624 221 1926 1545 1752 2389 817 1644 2817 2528 2300 943 1146 1102 1202 2411 4 1656 2367 1407 312 626 2832 2270 547 2082 1386 59 611 1934 1737 188 1437 1796 1993 645 1319 987 900 1405 2069 1316 950 283 1544 562 2837 1328 1417 2439 2011 305 860 613 635 169 826 2721 1640 51 197 1381 556 1636 1489 2826 2397 2501 715 2836 1569 2544 1878 2046 970 463 2545 1799 992 2515 712 1840 1444 2044 1788 1123 1307 2707 445 489 2424 674 2477 911 1029 2309 1710 2419 85
000604.jpg,2476 2060 1032 1227 476 189 2197 1802 2188 1217 1880 2425 2627 387 669 1907 2608 1866 2313 2153 506 1188 1260 20 2141 2623 956 2720 1844 1726 419 333 1933 96 2554 1214 894 644 2216 592 2348 396 214 1280 957 2751 171 236 2643 2567 1797 2688 2442 2498 2823 309 2168 454 807 856 2562 205 2678 1638 1632 2404 620 1108 2464 181 1015 2182 761 1889 1987 2263 815 2760 661 1083 2079 167 924 1596 1927 1556 1602 2115 636 759 565 481 1702 2278 2725 732 1703 1525 1536 1515
000605.jpg,633 2592 503 711 2193 1111 1680 2052 28 602 238 2322 2500 1912 458 1896 587 152 1472 1827 313 1967 505 1756 2181 2681 772 1010 2250 1339 2552 2119 1335 120 2237 2283 456 1281 159 2236 1532 125 1317 2199 580 354 671 330 1635 81 1708 455 1831 2819 999 1143 1262 1376 1117 1003 390 1755 1917 2479 1332 1704 2594 963 788 1543 1109 2099 734 484 1563 1955 1050 1314 972 2610 261 1026 2365 2764 1441 1118 2017 532 2062 740 2028 726 316 2597 1746 1182 2534 2191 326 721
000606.jpg,2600 1000 1705 1695 1853 542 2664 2085 1681 942 1739 791 487 1893 54 1287 50 1396 710 360 1479 1384 2318 698 1614 1508 355 660 2543 2803 966 2782 1031 2369 809 1331 2259 1673 2032 813 1200 852 1565 955 69 2458 99 1682 2452 1189 531 2132 123 1387 908 2256 932 2262 1920 2420 907 1105 1370 519 56 2593 629 2677 425 1495 2795 2357 358 1750 1521 1267 1436 1049 1541 1554 400 2282 2696 2150 117 1042 2387 2598 1402 1385 871 1884 372 2436 1321 222 2026 1211 2245 1769
000607.jpg,1149 2320 2533 1451 2172 29 1306 1361 286 1106 2409 2756 2673 2054 2354 1559 589 1558 727 1951 714 80 1798 967 707 1175 1928 634 119 572 1166 426 2072 2615 2021 293 24 1296 1719 215 2784 1207 789 251 1427 754 803 1804 1849 2000 485 1448 520 1728 2149 436 989 658 2024 898 1786 646 2381 2323 240 1231 1334 2413 1353 364 2579 2656 2143 1597 2787 135 1213 1230 2644 1561 1513 2759 1161 1984 2408 2540 1394 142 1883 2078 232 1383 962 564 2504 2566 1533 1535 2066 2430
000608.jpg,2661 827 400 1200 388 1738 2791 1184 1284 1419 1061 444 955 1502 621 2179 2521 1973 148 1456 510 1286 2268 1637 637 2712 690 2203 117 163 521 1387 448 375 1425 1080 20 1725 2593 2318 368 1199 519 2795 1979 171 594 1521 1610 531 1401 2101 255 2132 2620 1560 104 298 69 2760 1904 2705 2303 1556 1326 236 167 122 2452 392 2425 1884 1397 1015 629 358 2726 997 205 598 1479 1077 1315 420 546 423 2014 1687 281 2051 1995 2079 2677 1744 1548 2160 425 2257 1844 2030
000609.jpg,1765 2473 2186 77 2460 706 1234 2461 2456 2662 1575 1196 1982 366 1034 588 1191 1539 1863 2004 557 795 1072 797 1242 2174 583 287 1279 1724 1081 2321 859 2175 879 1776 1939 2672 656 228 2229 570 46 885 2266 667 2820 2412 2399 1358 720 294 1350 1229 2710 2226 2013 2614 2330 1278 2811 2363 746 1619 1664 2187 2371 798 2581 428 2517 1811 2094 1877 1122 226 1542 1324 1925 1355 2739 1392 1675 573 2588 641 976 1803 147 2206 1514 1607 158 2783 160 130 1665 210 2340 793
000610.jpg,348 2130 925 2649 2769 179 480 1369 2050 2714 26 550 2454 1045 1870 712 2538 518 524 735 2840 970 1092 2241 1172 2574 59 1328 977 1983 2544 1710 259 489 219 1552 2148 2545 2034 1151 2084 2564 1752 497 1051 1569 1489 1584 2375 1624 817 1644 197 992 74 2817 1146 2200 1617 2023 559 2046 1486 415 100 1934 1316 1417 440 1878 900 1701 2376 463 2501 1586 2076 2010 2411 1422 1796 2287 674 1490 715 1663 1386 1437 1840 1926 747 2397 623 1788 2424 1307 1054 168 2044 1656
000611.jpg,2766 447 1056 2558 1944 2728 2435 146 1899 1055 2825 1126 2736 1463 165 2294 2708 1076 137 2286 1606 899 1185 2741 1874 2580 1212 864 608 1937 948 2207 686 2135 1777 994 2305 2248 2511 1639 2393 274 2813 2382 1464 494 692 1067 725 1223 246 2258 1825 1547 79 804 1439 526 1935 1868 508 1942 2057 1134 2499 140 722 482 1841 2438 2068 2639 2319 2665 2220 2292 2051 1452 2427 2440 329 2183 598 271 677 1876 682 2526 2719 1408 2506 939 647 1473 2041 1998 491 1725 1721 657
000612.jpg,84 2032 941 1321 2089 2677 56 1189 796 2101 43 2379 1199 1851 115 820 1761 1098 1657 959 2140 2387 2423 2156 2150 1387 571 334 657 2450 2210 743 1769 323 1555 186 151 196 1995 2796 1750 98 1541 2618 388 1528 1949 629 1909 1088 285 755 750 709 2342 372 2421 698 528 1682 69 1880 543 189 2047 2060 1477 396 1084 2219 353 662 763 1844 1709 2065 982 1910 1239 631 2559 1613 123 1495 809 1221 2085 956 2349 1643 2691 1865 1705 1911 244 1287 966 2688 2282 1754
000613.jpg,1631 1561 499 1728 135 2759 1689 1533 2413 1801 395 2644 529 2323 2277 803 341 2295 2242 2381 754 374 465 1334 1178 2523 757 1538 558 328 1394 1928 962 1971 564 989 714 2546 2756 310 581 1207 898 1343 80 1839 545 2579 2656 1798 737 2072 695 1559 2547 576 2000 2040 1087 634 949 596 617 1106 572 1213 2149 1883 1091 1535 2409 2699 95 1818 215 1166 230 1914 1228 2785 2441 232 1035 1257 1786 2066 1353 766 1513 436 1103 1296 2737 1333 132 926 1999 2542 1773 1996
000614.jpg,288 870 336 1325 253 811 1516 2613 434 544 1794 535 410 1779 648 365 1498 605 94 1094 1079 1634 821 2145 406 2095 2377 1455 1133 2697 1936 1966 2417 1040 1424 1871 1526 1783 2516 1850 1527 673 338 1546 257 1670 1894 774 800 1992 2219 2519 2102 2549 843 1131 248 112 2492 1442 881 1243 2341 1466 538 937 717 730 593 855 1068 1721 2151 1309 2251 416 1142 2087 610 202 1645 1311 2560 2788 1174 2196 678 1379 2310 1968 2243 1810 435 1110 1454 1778 2005 1573 1800 11
000615.jpg,2059 1262 455 484 464 1706 1568 2236 2301 2232 1475 1274 1039 390 356 1662 1317 389 726 2407 1282 1912 108 1008 456 999 2173 2429 1281 1967 331 296 1127 655 354 471 1755 1503 1024 2025 927 207 840 1635 125 89 1756 430 2099 2765 1831 1932 2053 2715 1655 61 1438 1050 1026 758 799 822 408 1124 225 1875 239 838 1789 534 2062 1275 1929 2634 418 2674 139 295 2017 2244 2531 363 671 1730 216 1787 1827 1011 2396 209 330 1037 653 31 245 1378 2687 806 1335 2693
000616.jpg,2353 2361 1145 1162 624 701 2293 585 1249 2640 2400 1954 2009 1173 1352 2636 1674 1337 1963 2067 755 110 1415 72 1150 1688 2808 738 1666 2775 1696 174 1729 2274 2342 1023 985 2047 479 1872 2463 2325 1093 233 703 351 1342 322 1808 1477 384 1484 2747 988 2090 1203 2003 1163 347 1625 2333 460 276 2098 1949 1740 1225 1266 865 121 409 1754 1206 208 938 2483 691 1835 713 1222 177 569 2829 2107 2108 839 1643 1952 377 1504 1027 2587 172 2679 1047 1717 981 853 828 1049
000617.jpg,505 1896 2500 2119 2191 2681 2193 2181 587 1111 458 633 2819 1827 2365 2597 2552 602 2237 2283 2716 2689 1008 2099 1563 175 484 354 330 503 705 1680 2236 2301 2592 120 2059 711 1475 523 788 1568 81 2674 28 553 1831 313 1967 2370 1117 849 2534 1655 2322 2062 2407 2199 2479 734 2557 2052 238 1635 740 1923 389 2527 1708 1917 152 2177 390 2250 2232 1912 1873 225 1050 2429 1756 68 324 2764 139 1332 456 1472 534 890 1376 927 1124 1003 1010 125 1317 726 2144 455
000618.jpg,712 2817 2836 2439 1752 1444 2241 1328 2411 2790 645 1544 1386 1782 2528 221 2367 943 1545 900 1658 4 1796 1381 2837 735 611 1656 51 1840 2082 1926 1644 188 817 1437 1640 2300 1045 1319 674 1486 169 1051 1054 440 1552 1307 1407 559 2628 1710 992 1489 197 626 2424 59 1934 1649 2419 1218 2133 1617 1146 1405 1261 2270 1679 1102 1993 2352 1623 305 1663 1316 489 1624 563 260 2707 1586 950 2545 1569 2721 1422 2076 2767 2034 2652 194 987 659 947 547 463 2389 2044 2840
000619.jpg,1713 2281 1116 1014 2036 469 1714 683 379 2288 1459 1601 1748 39 187 751 1194 1838 1224 2745 2239 920 2202 1476 1950 1192 1919 2699 2073 88 1818 541 1482 818 1538 184 2651 1856 230 2493 198 32 47 902 1733 676 2033 940 2345 2804 1357 1836 1722 590 2497 87 1091 2190 60 2630 424 917 2080 576 19 2605 1478 832 2638 824 564 1743 2390 2547 1867 777 1169 1693 2180 2733 835 693 291 1940 279 1467 2166 83 983 2106 2586 737 1990 2563 2495 926 1593 736 739 76
000620.jpg,2790 221 1926 1624 2528 2817 2411 817 1644 1656 2389 943 1545 2300 1102 1752 1202 547 1146 2367 4 626 1386 1407 2832 312 2082 188 1934 2270 611 987 1737 1319 556 59 1405 1993 635 283 645 2069 1437 613 826 1796 950 900 562 85 2011 2501 1316 1544 2837 2044 2439 51 2515 1640 305 1417 1328 1636 2721 860 169 2397 715 1569 2424 2477 2309 1489 2631 197 970 2826 1799 1381 2200 2544 2046 911 1878 712 1029 1895 266 2836 1788 2707 992 659 2337 1123 155 2312 1444 606
000621.jpg,1132 1588 536 569 988 193 121 2090 2122 2274 401 2055 1268 1089 1023 1430 2829 1065 177 1903 1793 1155 1553 1085 1047 816 141 429 1404 1699 1808 460 2029 2747 453 1492 554 694 555 2679 142 1628 1431 332 36 680 2380 1890 2577 2163 1562 2108 1688 2098 1100 417 380 427 2786 1249 208 802 1784 1888 2587 1145 731 571 2217 72 2267 1163 868 1241 2636 2668 289 2078 437 1236 62 1717 760 1510 1599 1872 1686 2743 901 979 886 172 1033 2469 399 1150 135 176 2126 2009
000622.jpg,1861 1792 1930 1580 570 2418 746 1234 704 2662 57 1665 242 280 793 1758 2461 2330 2327 228 1392 2004 294 210 2672 1551 2229 859 857 2189 493 2332 287 2581 1350 1276 756 548 1724 2321 1193 1859 1034 2174 158 421 1575 2456 2186 2473 2659 77 1542 2206 2739 2155 1716 976 1191 366 1765 2123 2694 2039 1375 1877 2125 884 706 1576 1664 1887 2356 1345 170 1072 2184 1229 2374 1358 82 885 1292 1377 1348 934 1776 801 1457 185 577 133 470 1196 263 663 1043 656 1030 588
000623.jpg,2278 851 2109 40 270 2421 1113 1949 909 2115 244 2514 2761 956 214 1525 1659 2048 1205 2348 1591 844 1616 285 1960 957 1754 281 640 1643 1226 6 1272 1183 636 398 1426 2210 2841 1515 1139 776 23 1866 2168 1371 476 222 1602 98 582 1768 1536 1458 1198 1038 2520 592 1638 2567 2734 2623 1318 2263 1726 2197 1488 1436 2386 1170 353 2083 1911 2572 2706 1910 298 609 1280 2691 1541 1603 1570 661 1083 1504 84 2464 1882 2203 624 323 2677 2678 45 1221 2522 2823 1400 1744
000624.jpg,2601 2471 848 1845 2624 502 768 903 103 297 1830 1114 990 931 1908 688 65 1235 1323 1608 702 284 126 1720 1340 2276 578 1821 1107 1767 250 1512 522 1310 1975 1391 2388 1186 1413 1254 684 2314 835 420 2315 767 1759 1834 1842 2772 1125 18 70 1753 1147 1120 2366 2702 1016 2612 2478 2757 475 2015 240 1252 2667 1088 2077 1397 2777 935 369 2128 2768 886 1916 2622 2079 2096 2160 2518 277 1418 148 1199 335 584 2 789 2671 1557 951 1686 845 2663 426 2210 1729 2571
000625.jpg,1567 1237 1981 2140 1879 2796 446 394 2049 1058 1301 1909 530 1604 1290 1239 1518 451 2282 1321 1566 311 2093 2392 2349 1367 607 631 1613 662 1495 1808 1002 118 571 1906 966 1017 2596 2458 2310 2357 1742 1621 2089 2156 567 579 1119 2416 2252 982 1977 1688 2609 1578 2274 2459 945 2117 528 975 2747 2488 1368 1894 2793 921 808 2658 2792 25 2064 7 2423 2618 875 1651 612 823 959 2042 1210 887 1384 816 1211 841 908 337 923 1271 1155 2568 2543 151 2328 2452 2537 487
000626.jpg,1980 2315 277 2702 2 2663 767 1833 1443 2818 2685 951 2496 269 2686 1938 211 1747 601 18 889 1842 2532 531 1767 315 1548 65 70 2015 1413 1252 2388 2510 684 126 1759 1753 1391 339 1512 1340 369 431 1125 578 2757 1834 2302 2772 2161 2314 1989 931 1975 1401 1165 2777 191 2276 1519 2518 1646 1460 1390 1821 2622 250 1186 863 1884 584 1073 688 2561 2128 834 990 2478 827 2624 1285 1720 1200 1114 1310 297 2077 1254 1016 2443 1557 1107 2499 1267 768 1450 400 87 1147
000627.jpg,177 2829 1023 2122 141 1163 401 2055 2274 1903 2679 1145 1065 1510 1249 2775 1686 1550 886 1666 1162 156 2483 461 595 332 1342 597 1952 453 1266 713 1150 1173 1674 2098 460 174 1085 2108 2808 2587 322 938 164 1484 1872 208 760 380 1976 1628 755 110 340 1047 417 1033 2163 1740 1729 979 1398 1203 2577 1155 554 2384 2009 72 1553 409 2029 2640 1412 2636 1910 1352 555 477 2743 1436 1808 1562 1089 1415 624 981 935 1784 2798 2786 2451 2747 1250 703 99 111 399 361
000628.jpg,1085 816 1588 988 1132 121 1155 193 2274 453 1430 1553 1688 1808 380 2122 2163 429 1404 569 536 2267 2679 177 1023 401 1100 437 1903 2829 2380 1699 1089 2090 1492 1233 930 694 1047 460 571 2747 868 1628 73 172 208 289 1784 2055 2587 36 2636 680 72 1236 142 1431 141 554 399 1793 2469 2577 1888 823 1890 731 2126 1599 1160 2009 2722 1241 1717 2642 1163 555 2074 2537 2078 1268 2098 427 1872 802 595 1562 1510 599 2117 928 666 2568 2655 2415 1550 2108 866 1065
000629.jpg,152 1532 2479 734 1827 2283 354 313 1339 671 2557 1563 696 2819 238 1741 1708 2119 2674 2250 972 330 1376 2500 2742 532 1635 1967 28 458 390 1704 1026 207 2552 2099 2028 847 2052 1896 849 726 1787 61 2059 120 2534 633 2181 1050 1875 1003 999 92 1917 2236 455 1010 711 2017 2025 81 587 456 655 1262 2062 1317 1956 1281 799 225 108 2199 1912 2193 1335 449 430 1475 2407 503 2301 1680 1961 1755 484 1008 192 1111 464 2322 331 2592 2370 131 2687 2396 505 2228
000630.jpg,390 1317 2053 484 1124 1967 2236 1635 1037 1715 2301 2407 2017 1662 125 1008 2687 2429 758 1475 430 1395 1787 389 1756 2059 788 2765 1127 1026 2611 1755 1021 2557 1831 1912 1220 927 159 1097 1143 1500 580 655 2398 753 1293 1648 628 1704 1282 363 108 1465 1789 2062 455 847 534 331 2228 346 1568 1050 1378 326 786 2244 1187 1875 478 356 2232 1262 1706 1730 1011 456 2091 449 31 2052 805 1917 2173 1827 1781 2193 2025 296 2806 1923 806 618 1921 780 1216 131 1563 239
000631.jpg,251 2381 436 364 215 803 1166 1928 1798 2409 2149 1427 2040 572 2656 1558 989 1900 714 962 1257 1394 1786 789 737 1207 1451 1561 1971 341 101 898 395 2504 1361 2323 1306 529 1213 485 2066 1883 310 1559 2756 2546 2579 581 564 1230 1115 1357 1951 2644 1106 119 1818 545 1087 374 2072 926 2759 2021 766 1333 2114 949 1513 1693 1228 754 1334 2242 2540 2784 1343 1175 1847 1161 2238 1298 2737 328 1149 2113 2497 1353 589 1773 2000 240 1178 2324 1535 727 293 1389 1091 2320
000632.jpg,1944 2766 1463 948 1639 2580 2558 1777 146 1464 2393 2435 1899 1076 1606 1185 1937 2286 2813 2294 1055 165 2728 2248 246 1935 494 2511 1547 2382 1134 1067 686 2708 2068 2825 1223 804 598 2207 722 1942 79 447 1874 137 2041 725 1056 2135 2057 1439 1452 2665 2305 1825 2445 1408 2598 2741 140 491 677 329 2704 1212 1868 271 692 2051 2436 1433 2319 1126 647 864 274 2440 12 682 2736 526 2639 1876 939 2220 2427 2438 994 1721 2569 2625 608 657 899 482 2499 1473 1998 1592
000633.jpg,2328 1791 118 2792 887 1977 1470 2491 567 1667 1210 2252 819 1179 808 1583 1531 875 2349 311 2304 639 975 945 2065 1651 1578 1367 1354 2416 998 2459 841 982 1063 1579 492 2793 2778 748 7 923 2682 1154 928 579 919 1769 2333 1854 515 930 952 1585 2711 227 1851 1415 2488 916 1742 517 1128 778 1368 2042 382 1209 1657 1565 869 2658 2647 1909 2575 114 2803 1970 2225 25 1271 1729 1566 2049 174 432 528 2618 1239 2147 2310 530 151 105 233 1613 1352 2559 763 701
000634.jpg,2662 756 228 1350 1776 1191 2332 720 2123 656 1575 1358 1877 797 366 859 2321 857 1457 2739 421 885 2206 77 158 1542 287 801 2039 1580 1861 82 263 704 746 1551 349 2659 706 884 2356 2155 1930 2461 2229 2327 1193 1345 976 1043 1229 2694 2330 1765 280 1196 2186 470 2004 2473 1792 2590 2456 185 2672 1030 438 1122 1887 2385 514 1348 663 1392 958 170 2127 210 1034 1716 130 1377 1576 687 892 2703 1432 2581 1375 1234 2298 1675 793 570 493 2797 1859 2189 2418 588
000635.jpg,1159 2455 264 2092 2529 1238 1291 1009 1814 2215 2158 2139 267 2797 2731 234 837 1129 2371 2833 1816 1572 2484 2298 913 1589 1815 2776 1373 1925 2844 1122 2771 641 428 403 2541 1684 1619 1366 2385 299 1735 2412 2717 1480 1694 1445 1549 1520 1270 2635 667 958 638 1112 2063 1446 2834 2185 891 1360 1411 195 1698 1630 2517 2633 2616 46 797 912 1264 1982 1 2783 349 223 226 30 317 143 1095 2138 888 1807 685 787 511 1994 2727 2584 1863 1338 1622 2246 2213 969 810 1025
000636.jpg,1487 924 2216 922 1288 1363 1703 1108 1315 2612 1283 650 2841 1605 2043 1744 2401 2197 2502 1188 2171 2810 2162 1232 2726 953 214 42 1171 1221 2666 2567 1953 2160 1227 1277 807 335 2230 1013 1214 309 1471 1336 454 856 851 122 411 1364 1556 2591 1217 2807 2571 2751 1318 1044 22 2079 333 400 2278 2346 1892 448 167 96 1632 2141 1251 20 1456 2816 1139 6 2348 861 510 894 2404 1104 2152 2351 2526 909 785 1153 1866 1397 1922 592 1602 1400 1687 1536 285 2182 1771 759
000637.jpg,2113 1213 2066 658 1161 2022 2178 1513 1389 1333 1115 304 727 1847 1019 2546 572 63 1175 1087 1951 485 1228 789 1353 240 1558 2784 589 2242 1306 2504 714 545 898 1883 2238 1230 2409 1166 1785 1300 483 1207 251 1773 1561 766 1125 2759 101 1394 1928 2054 1971 2579 443 1507 2040 293 2772 614 2787 1798 1685 364 2149 1427 1898 328 395 1753 436 2777 215 737 926 646 529 2143 2072 1900 1257 103 310 2656 2737 374 1027 1996 2024 1891 1298 2381 341 426 949 581 1334 2323
000638.jpg,28 238 152 711 1680 2250 633 671 1827 1532 503 313 458 1635 2193 1967 1335 1563 734 390 2500 1787 1026 2052 505 354 1339 2119 2557 1704 2236 602 532 1297 159 2479 2592 1111 125 1912 1708 2062 2028 1896 1376 1010 2283 2181 1008 1917 968 580 2742 2199 456 999 484 464 696 430 2053 2017 1293 847 1097 587 726 655 2365 1143 1317 972 1050 2674 2681 1831 330 326 1741 2552 2228 2819 1756 2301 1475 2099 455 2322 1706 1955 2370 2407 927 1281 92 2396 1923 1003 2715 1124
000639.jpg,2536 998 1583 873 2019 719 2426 1128 2008 764 2018 2284 1359 2361 2146 2551 1179 701 2252 2333 1063 247 2682 2336 2170 2434 652 869 1136 540 2003 1651 1246 2585 1352 2325 1729 2400 1745 1289 1977 2603 1997 723 1367 2405 1595 516 353 2491 1791 2353 14 825 153 2157 2195 276 397 2487 2178 2453 1864 304 2224 233 1558 517 929 2081 604 757 1493 639 1819 1137 1204 1985 492 781 778 2490 776 1093 1245 789 212 483 2328 1403 809 910 118 812 1477 765 2792 1154 919 2582
000640.jpg,1161 1513 2178 240 1213 304 1115 658 2113 1847 789 2546 1166 483 1087 2022 2066 1333 1773 293 1353 63 1951 2409 1928 2787 2504 2784 572 1175 757 251 485 727 529 545 1298 1394 1685 1019 1228 1971 1389 1306 101 24 395 2759 1801 1883 2143 898 714 2242 1558 2644 2579 1785 2054 2323 2040 1257 1561 2224 374 2149 646 1343 341 989 2238 1427 614 766 949 328 1798 754 2072 2381 1178 2656 1804 2277 1230 1207 436 1900 426 1149 962 364 803 1361 1300 564 926 182 2700 1795
000641.jpg,123 1255 986 2150 882 1646 932 1267 1041 1049 1757 907 2362 1519 2593 1541 2686 334 2436 1508 381 839 820 750 1747 2132 889 796 1200 863 2512 791 116 2012 1548 1521 2387 339 531 2462 1853 196 2667 1911 1088 698 2334 2421 657 1000 2677 2355 2671 1477 1754 358 2391 2580 117 909 1287 2803 1038 2691 2047 1042 2702 543 1600 2001 853 1682 1643 601 448 2598 1077 1443 1641 629 2506 1695 767 896 137 2318 1170 1819 1385 2706 1864 1479 361 372 1973 2256 2741 1949 1958 1779
000642.jpg,1532 2479 354 1827 152 2283 734 313 2500 1339 2099 2674 2819 2742 671 1376 1563 207 330 1741 2119 390 108 696 2557 1708 61 2059 847 2250 1635 1967 120 2017 1917 1896 238 726 458 587 2181 1282 1003 1704 1026 1787 2025 2236 532 456 1317 849 711 449 1262 1932 999 484 2552 192 1961 1662 2429 972 1923 1281 455 1475 1050 356 503 28 225 2052 2407 2687 655 296 331 2396 1746 1875 2193 633 344 2534 799 464 81 1755 1680 1756 2301 2173 430 2028 2370 927 534 2594
000643.jpg,1620 830 1450 1732 2275 603 1678 1523 2080 441 1073 1482 845 1147 373 1410 1476 1691 2518 2695 2383 584 269 762 1120 2641 1057 2202 87 1200 1090 1469 863 2733 1763 1462 60 2745 2190 2395 2166 55 350 2194 2831 2106 1116 44 661 1601 339 1943 683 2525 1277 88 835 1130 1251 2802 876 1401 102 1194 2261 2804 1841 590 1244 2748 1449 2258 1016 761 83 993 728 1447 1672 2030 2239 2780 1169 2563 922 2197 462 2036 357 2281 1856 751 2685 1556 777 2058 2605 1382 1104 1869
000644.jpg,2500 238 2819 587 2181 2552 1708 2365 2099 2479 2193 2250 1896 711 152 849 354 2052 458 330 705 1563 1111 81 1003 505 2283 2370 602 1376 2592 313 1746 1532 2681 1827 2237 890 633 2322 2199 1314 1543 2527 2119 2594 2177 503 2306 1680 28 972 464 2191 456 1917 2674 734 1281 1912 1262 1010 1117 872 192 296 2265 2773 356 455 261 326 523 2764 1955 1704 1441 2236 1756 2017 2025 1026 1755 108 1475 553 671 2059 1706 1967 1021 726 2534 207 2232 2689 655 999 1472 1852
000645.jpg,1306 1951 1175 2409 485 1213 2113 2066 1166 251 1115 1928 727 572 1451 714 1558 1798 1161 2054 789 1513 1353 589 658 803 1427 1561 1207 215 1230 2072 1361 898 436 2787 2381 646 1847 1883 2784 293 304 1333 240 2178 1559 364 2022 989 1106 2759 1149 2149 2504 2579 395 2546 2242 1228 529 2000 2644 286 1389 962 1786 2540 634 1900 766 2323 2172 101 1394 2143 1087 614 29 2040 2673 737 2238 564 2656 581 341 1773 1334 2320 1971 24 2533 545 926 374 10 1257 1818 2324
000646.jpg,1787 346 430 2091 1781 2669 61 2407 1022 2465 2505 2821 753 2164 654 2025 2794 2236 1662 467 331 52 2301 1024 1275 138 89 113 2398 390 1008 2687 1475 655 1829 1780 628 1481 1635 1378 225 108 525 2634 1127 786 464 822 2765 758 2228 2173 192 2429 1789 1317 1026 1706 1875 1967 2053 1568 927 2279 478 418 1140 726 363 245 1124 389 207 2280 1303 1220 1465 2311 239 1282 455 1929 1048 1831 1262 1932 1827 2467 2611 241 679 1021 131 1168 295 2285 2017 1299 1216 1248
000647.jpg,585 1093 2361 2293 624 2353 1696 2325 776 1162 1173 224 2520 1949 1477 2463 755 2003 2400 353 413 909 1638 347 1643 640 703 701 1226 2067 2342 1736 110 1674 1415 2410 1754 2278 1352 1222 377 276 233 196 2083 2081 1954 2107 1219 1206 1729 308 174 2841 1225 15 910 1666 1625 1963 1203 1074 2333 222 1976 957 1337 691 1835 2823 1484 738 2421 351 1866 781 2808 985 828 1864 479 592 1819 409 1322 2169 2214 869 1342 938 384 2154 853 865 2210 1088 1902 1263 2291 509
000648.jpg,275 2494 117 2691 281 23 1911 2303 1198 1641 1659 1591 1371 2359 244 2677 40 796 1080 1687 265 1170 327 1973 1882 1183 820 1541 98 582 1205 907 956 1616 946 1922 298 2115 2109 1754 1380 909 1144 2474 1084 1525 1960 398 2014 334 20 2421 2791 2086 466 2203 510 6 196 285 851 1488 1462 2623 1426 1400 474 372 205 2263 2132 1603 167 1184 629 1221 375 2210 2514 423 2572 2726 1285 163 1458 498 973 425 955 1326 636 1744 2179 690 1139 776 2706 546 2502 1570
000649.jpg,258 2045 2482 1552 2755 1320 1895 2676 1029 74 2753 770 1489 1584 1775 1897 1362 463 2724 606 168 2735 1701 1627 2732 645 2010 1586 769 675 2034 1253 1190 2023 489 197 59 2044 2133 2564 1158 860 2084 4 1710 2367 992 2553 497 2631 109 2707 747 415 2389 219 911 173 2046 2574 1796 712 2287 1870 1788 2501 833 433 906 161 904 2375 970 2515 626 1151 524 2419 178 2480 2840 1407 1848 1799 1934 2544 2035 1417 2397 319 947 2011 2272 2815 2411 2545 1388 231 2767 1172
000650.jpg,853 1038 1250 477 123 2107 1189 1399 1027 691 2463 308 1949 78 2589 1976 340 488 461 1049 1757 1074 1436 714 624 2421 1162 2150 1952 2167 724 1521 1881 361 2578 1817 905 1163 938 1322 1374 2293 2047 555 828 1477 110 2679 370 289 2729 377 176 1398 1173 2410 142 496 896 964 1654 2067 672 986 681 1666 2602 2828 2031 2323 1263 2120 479 1070 868 1484 1380 2072 2409 839 1065 713 1066 1219 332 554 2221 560 1754 946 1954 1674 1206 2038 955 302 1820 136 1175 2109
000651.jpg,2660 301 1211 975 966 1017 1210 710 1384 530 105 1676 2049 2416 875 1239 2310 2147 1565 1370 1739 1518 639 2349 311 921 937 7 515 1415 2394 908 1778 2658 1920 1566 320 2064 1031 337 841 1946 1742 819 2793 1769 487 451 2803 1368 2782 542 2252 257 1287 2304 1367 114 607 118 945 1585 519 1516 2369 631 243 1613 2282 1893 2259 1002 567 2618 1119 579 1290 512 1909 392 528 2647 164 355 1894 2243 1614 571 662 50 1851 94 174 56 25 1770 566 151 2420 1604
000652.jpg,851 270 6 1113 2502 2152 1603 40 1591 1659 2761 13 2278 2109 2514 2048 1949 844 285 1205 2522 2386 45 640 1221 1183 1251 1318 1198 1744 244 636 23 2115 582 1371 1754 1960 1768 661 398 1458 2841 1536 334 1515 1504 1272 2168 2807 1882 2197 2734 1488 2726 2203 1525 323 1661 1616 2567 1400 214 609 1541 2677 106 971 956 2421 941 2612 2056 298 1139 2572 84 2030 957 1083 629 1605 5 222 2194 1602 2442 476 750 2706 820 1365 2623 1726 2691 1364 1144 1226 281 909
000653.jpg,1911 2691 1541 1084 956 820 275 796 298 98 117 1170 2677 907 1285 2303 1371 909 334 281 2210 1255 2623 1525 2132 196 2014 669 1697 1643 1200 285 2118 543 20 1280 244 1973 2359 1884 1326 629 690 2494 1508 2150 2593 1616 2726 2263 582 1080 448 372 980 2421 425 882 167 2115 205 2706 2109 375 1641 750 1221 2514 973 23 546 1139 1267 1603 2443 2572 1882 398 2464 1570 946 2348 1426 1922 1272 474 1380 2503 2567 2751 214 1205 1458 2222 2256 1184 2474 2086 236 353
000654.jpg,427 2568 868 2163 1890 823 1888 72 289 2668 554 1717 2636 1562 1599 208 453 2074 172 2009 2423 731 2469 460 429 399 1085 1628 2126 2587 555 142 2108 2217 743 2655 380 2415 1492 1510 199 1047 2722 1793 73 595 901 1699 760 2679 2380 292 2747 437 176 21 78 2122 302 2274 2267 1808 1430 694 571 2098 536 177 340 121 2577 2786 2829 1023 1784 599 1688 1553 816 2029 681 802 1065 893 332 2227 1233 1155 666 401 36 1236 1089 979 2078 2629 417 1241 1903 1160
000655.jpg,189 2060 1032 1286 2153 96 1844 1632 506 419 2476 2450 1987 2216 1933 476 1907 1227 1188 411 2313 761 2554 2197 815 1217 396 481 1098 894 20 1321 1199 924 2249 1802 2608 897 1015 2627 1638 1927 2645 2823 2404 2156 1880 333 2425 1260 856 106 1703 1214 1995 669 759 807 2623 1797 1610 2032 2079 1449 2188 1560 2348 167 592 565 620 171 1288 1084 42 1736 1766 1556 956 2168 236 2643 2751 1280 2182 454 285 752 1284 38 2118 2760 1487 1889 115 2141 2573 1108 2810 1602
000656.jpg,2558 1810 2728 2509 202 249 627 1012 1944 1055 165 1212 1825 2207 1075 725 1056 2766 1406 447 1874 1606 67 2294 1876 2435 1001 2135 2583 1076 1937 137 899 2382 1463 1464 2258 1721 1841 146 2813 1473 362 2741 2736 1639 2825 1223 948 2248 2057 1130 2350 2286 2393 1899 2224 1986 2744 2708 1185 2809 686 1590 1439 1733 93 1940 2121 2390 482 1777 677 1265 520 1945 494 804 2438 1126 692 1529 2143 1867 1231 2511 1547 2639 1868 682 12 2183 2580 598 2719 1452 24 1725 1592 2319
000657.jpg,585 1736 1866 1696 1638 2278 2450 1093 909 476 2348 592 2342 1471 1260 189 1953 2060 2823 411 214 2083 42 815 2346 1602 2081 1487 335 1987 2169 2425 1797 2841 1933 1337 620 1889 285 181 1643 924 1910 196 956 1726 953 1960 1188 2160 2476 2571 1703 759 2230 1880 1214 40 1596 1625 2591 732 2168 2216 1702 183 851 2210 2353 1032 473 2079 1232 2109 6 959 2498 2103 2612 2156 820 2643 506 2678 957 2182 752 1139 1436 755 894 2197 1515 2810 2404 171 1088 306 1907 475
000658.jpg,2227 979 2798 176 2786 2640 1145 340 2108 729 2274 1266 2668 2747 571 1023 2629 1808 1566 1729 1033 554 1249 208 2098 1047 1065 1510 612 332 1562 2743 2539 453 2122 1089 595 1085 2031 2578 1337 174 1415 1890 2636 1688 1393 868 2679 21 78 1163 536 2587 1550 2163 1952 1398 2729 2009 399 141 1070 289 1657 1367 1872 2775 988 1429 121 1903 1162 2829 429 555 177 361 460 199 823 597 142 1239 755 1686 2384 401 2451 893 1628 2808 302 2120 935 2090 1155 1888 2682 417
000659.jpg,550 2130 480 518 348 2454 2769 2649 2538 179 1092 2050 2714 925 1045 2574 1369 524 1983 26 259 712 2544 1552 219 1453 1870 2840 735 1172 59 977 970 2148 2241 2375 415 1362 2564 1490 489 74 197 1897 1901 2376 1710 463 1151 2676 497 2200 1386 645 168 2287 2084 445 2082 563 2732 2419 2424 992 1051 1422 559 48 2010 1208 747 1799 911 178 1569 2309 833 906 1123 2800 1253 2034 2289 1895 1328 2088 1878 2545 260 623 2626 674 1788 1190 231 1486 1316 1158 2011 784
000660.jpg,913 2455 2635 2092 264 1159 1009 2833 2139 472 2371 1572 1338 1619 1815 195 317 403 1925 1698 837 1520 1622 2223 1684 1025 2100 1 1445 1615 46 1982 2063 1258 1366 2298 2529 1994 2633 2269 2138 2158 1571 2486 1122 2412 2484 551 969 234 892 1238 2801 2727 667 2844 352 1629 223 349 1360 2576 2399 267 879 262 1540 1291 2340 2607 1549 428 1660 2797 342 1803 1816 299 2403 1270 1735 1355 2266 1630 2481 17 642 600 573 665 273 1863 577 1807 2717 1242 414 1129 891 226
000661.jpg,2174 746 1234 210 228 1664 2327 976 1724 1580 2186 1930 2456 280 2125 1877 1575 2461 2418 801 2229 294 934 756 1392 263 2004 1030 1792 185 1857 1665 1229 1457 1034 1276 2321 1576 2155 1191 885 77 1193 242 1758 1861 2672 2187 493 656 2662 884 1765 548 570 2739 2581 1196 2332 1292 1542 130 2694 2330 366 1776 57 2127 1043 706 158 857 793 704 514 1675 880 1348 1859 859 1350 1375 1358 2206 1345 1551 1716 170 133 2659 2473 1494 287 470 1279 2184 2356 663 1072 82
000662.jpg,2460 2517 557 143 2175 969 1863 1619 1982 2363 226 1539 2529 1939 2298 1440 879 667 428 2710 30 1925 1324 1242 641 2371 1684 1816 2013 273 697 46 1122 685 2266 1238 2524 1129 2104 299 958 386 1291 1373 1355 2139 2339 2776 1445 2541 1514 2481 2213 2092 1735 2783 638 1446 2215 2340 1 71 2709 787 267 2797 1803 2271 1540 264 1629 1807 1549 2771 1270 2635 2833 1294 1572 798 127 2731 2138 234 891 795 991 2226 2431 511 2412 1295 1009 1811 2399 665 1159 1480 718 888
000663.jpg,1779 1645 1800 406 1385 2145 742 1894 1138 2763 2613 1731 1871 1992 773 2102 709 2219 1707 519 257 1526 1007 1419 1613 1876 2516 937 2310 288 186 763 982 1455 811 338 1721 253 446 1516 662 1119 1567 535 2225 2064 2377 1466 2596 1017 2065 648 1981 730 1546 1527 2680 605 1498 870 392 1237 881 2559 2095 1325 1454 1499 94 2609 598 500 808 528 948 248 657 682 1079 1511 336 1969 2382 2660 2393 1094 1592 1442 2618 677 1243 1473 664 1464 1301 410 1424 1518 631 1290
000664.jpg,407 2745 2202 1856 2441 88 777 2190 983 2111 34 1914 1476 2827 132 2733 310 1482 1091 576 1996 2547 1176 783 1713 695 95 2737 1517 1838 1743 2523 1103 1714 1343 2684 2780 1795 1749 940 279 2489 1693 357 1224 949 230 2080 149 1169 1898 2785 2180 462 1116 1999 1727 1004 832 2422 824 2586 1601 693 1685 1298 1382 617 341 2630 2116 818 954 683 2019 540 2106 107 1773 2447 2522 1434 1019 1785 1410 1683 2368 2112 1561 2408 2555 1535 376 45 596 198 2525 2058 1846 751
000665.jpg,70 1834 18 1842 1753 1125 2777 2510 431 2478 2772 1759 601 2077 951 2663 2015 2757 2 2561 1252 962 1390 1230 2622 1798 2644 2818 2504 315 2579 1035 2323 789 572 2784 1557 297 990 522 1928 2409 364 101 502 1839 1908 284 803 529 2496 578 1306 395 2656 240 251 714 1427 1166 1558 767 766 1443 215 1938 2315 1951 2759 277 103 436 2149 931 1323 1357 1833 2054 1801 1900 1847 2381 1235 2540 688 2686 2238 1883 1905 1451 898 1207 2624 1747 126 2302 328 1213 374 1720
000666.jpg,1029 1552 74 2724 2676 2753 2735 1848 1253 178 2307 2044 645 2670 2482 1428 1895 2626 992 2574 2344 1190 2419 2800 1489 675 319 659 911 463 2287 219 606 1158 2007 2646 2045 622 2046 2397 1586 1710 860 1414 626 1362 1701 1151 906 1897 1388 4 2389 497 2480 1313 2528 1627 188 2544 2631 2411 833 2011 1046 770 415 258 2270 109 1417 445 1782 2501 1737 2564 2732 1146 486 59 2035 51 1983 2836 197 168 1584 1934 283 900 2477 2367 559 2424 1386 784 173 2133 1381 1788
000667.jpg,2178 304 1019 1898 757 1785 1996 2113 1228 2066 596 545 1669 1087 1177 1507 2233 107 63 2546 2604 1513 1213 2022 1727 2550 1333 1161 1394 1847 2414 2827 2111 1685 1104 132 457 407 101 2040 95 1091 2547 695 614 310 1115 2254 2441 2555 1971 2192 1683 1734 341 658 1801 1883 1389 754 1176 1137 2242 2489 1631 1999 374 1298 949 251 230 1900 1795 777 2504 926 364 1558 1693 1561 1773 2737 789 1818 2238 1343 149 213 2114 1928 2422 1257 436 2784 1372 2656 737 88 564 1535
000668.jpg,1567 2252 1367 1058 2140 1578 982 1301 2796 2349 662 446 2682 1179 937 1237 1613 1546 1981 1604 311 1879 2310 2328 2491 579 2097 1651 1239 1977 1566 1555 2049 118 2065 2596 2219 1518 2225 763 2609 1210 2224 1909 451 631 709 639 2333 2064 1290 875 887 530 2117 1791 682 394 945 948 2318 1017 1894 257 2357 2393 841 1470 1579 2282 1645 528 2459 2416 1876 1920 1455 2507 2089 2809 2382 500 1851 984 1368 1119 492 1592 1800 1742 2438 916 923 2488 1384 1516 698 1211 742 1937
000669.jpg,1159 638 958 1520 1630 234 1291 1238 1735 1258 71 1572 2215 1445 2619 787 403 2517 267 665 1270 1360 2731 810 1129 30 2727 2481 891 2541 2529 2385 1 2298 2371 641 2271 913 1373 888 551 1355 226 2455 1025 2399 2246 1815 1803 667 2158 1324 511 1814 2466 428 1338 317 991 2372 342 2412 969 1684 262 1112 1863 2092 1589 352 1939 46 1619 264 1629 798 2139 797 2266 1816 1095 1009 573 195 892 846 2776 1925 2138 2709 2339 2834 642 2616 143 1539 718 1994 2486 1698
000670.jpg,1286 2060 189 1032 2688 106 506 2153 1844 285 1284 2476 1761 1098 2425 2188 1933 1153 2032 894 1227 2261 171 1987 96 1015 669 481 1556 419 1387 1199 372 815 807 2554 56 244 396 1425 1995 20 1456 115 2222 956 298 1560 214 2450 1632 2197 2313 546 820 2348 425 941 2249 1084 621 1638 2194 1910 334 2162 300 790 2567 1927 476 1610 2726 629 1139 2645 2268 829 1703 1880 1288 1221 1884 122 388 1285 759 2608 1541 2571 167 387 582 744 1602 411 2109 1321 2156 236
000671.jpg,1083 45 476 620 1702 2056 1596 2720 2522 2442 1889 2562 2168 1726 1797 957 181 644 1515 2725 1260 2448 609 636 2263 844 2197 1318 2278 2591 5 732 1802 2498 2643 2678 661 1536 1458 2457 1880 300 2141 761 2823 2464 582 956 1768 398 1280 669 2810 1960 1866 2807 2623 2182 1602 407 2188 335 509 1638 1525 1064 1907 861 1858 2230 387 43 762 851 592 2386 2404 1882 1487 2348 2841 1933 2048 2109 2503 6 2761 2115 759 2476 214 971 2514 229 1251 1953 1364 2313 2160 1616
000672.jpg,377 2520 2293 828 624 729 1337 2798 1173 933 2578 413 865 776 672 2325 2047 224 353 1093 1754 1415 1162 2361 1219 1864 640 2828 2640 1226 174 1038 1819 2003 2353 2410 703 853 2463 1949 347 1638 1477 2734 15 222 2808 2195 370 196 1484 896 2083 2400 1696 256 1170 585 488 2602 2210 2671 981 1736 2421 2514 1352 2170 1835 1374 1668 1225 755 1266 2483 2729 2067 781 233 1342 479 1954 1203 2227 738 701 2154 909 2342 1074 2333 2539 1643 1666 1222 128 2107 2214 1963 2334
000673.jpg,61 2025 2794 1022 2669 1787 2091 207 1475 346 2236 225 192 430 1781 52 2173 464 331 1378 1706 2164 753 1875 1275 1481 655 467 1024 2821 131 2465 2505 1662 1282 113 239 654 390 1127 108 726 2407 2280 2398 2765 2429 525 927 495 2301 758 1789 1635 1465 138 268 822 389 1532 245 1780 786 89 1568 1008 418 2687 1317 534 1967 2634 296 2396 1655 139 455 2285 2311 1929 478 2279 2053 1262 452 999 356 1831 806 2142 152 2531 1932 241 936 628 2632 53 1124 1140
000674.jpg,1567 1981 1237 394 1879 446 1058 1604 2140 1301 2796 2357 530 1518 1613 1290 451 631 2049 1321 2609 1909 2392 2282 1906 662 1119 1239 966 2596 243 118 2310 1002 2089 984 2093 1566 311 2349 982 2117 1742 1367 607 579 1211 1384 1017 1546 2446 2219 2064 2507 2660 2252 1495 2262 2543 487 1894 2156 1614 2065 1621 1331 528 567 937 2458 887 2085 709 25 2642 2618 1978 959 151 320 2537 186 945 1271 2452 1673 1105 1210 875 1578 908 7 808 599 2328 997 852 571 682 2257
000675.jpg,1544 1444 2439 1663 2628 2836 1623 1649 1054 2241 1840 947 1381 169 2837 1782 440 1218 2767 1328 1993 1658 1679 1261 1617 1307 563 2707 51 735 1640 1437 2076 712 674 305 2826 2433 900 201 1422 155 2309 1316 2713 2352 2272 1752 2133 559 1860 1486 1468 1051 1045 1878 2815 134 1123 260 2721 950 1586 2606 1796 445 194 562 1208 965 906 497 1496 1965 645 2419 978 1948 2545 439 2556 2358 2652 1569 1552 2011 1416 992 715 2007 2312 904 64 1417 2650 2732 1775 2544 2088 1489
000676.jpg,2210 1371 285 956 1084 196 582 1525 820 244 546 2572 1911 98 1541 1280 1221 2263 6 796 2348 1616 2115 1603 2623 1882 372 2014 2688 474 334 353 2503 669 398 2474 2464 2514 2421 1797 1726 275 909 1183 609 1170 2494 2086 1139 2678 2109 1462 1687 1536 750 1083 2448 40 2359 1960 476 2725 106 281 1933 732 2691 327 1458 1602 300 1880 1380 1515 2303 1659 1144 1285 171 236 1754 2677 425 759 1702 2608 636 23 1080 776 1205 629 214 298 2720 2222 1866 2751 2168 2726
000677.jpg,348 2769 2454 550 480 2130 26 1369 2050 2649 179 1870 2714 518 2538 925 1045 712 1092 2840 735 259 524 2544 977 219 970 1983 1172 2574 2148 2241 59 1552 1710 489 2200 2564 415 1328 1752 197 2375 74 911 817 2076 2084 1386 1316 1051 463 1617 2082 1453 1422 1151 1569 440 445 1788 1901 2545 2287 1123 559 2397 2676 2800 178 2358 833 168 906 1926 623 1146 134 2424 1878 1624 674 900 100 2501 645 2010 173 2817 992 1202 2626 715 622 1388 1486 1644 1307 2011 1796
000678.jpg,2790 221 1752 1926 1624 2389 1545 2300 817 1102 1656 2817 2528 943 2411 1644 1146 1202 2367 4 626 1934 547 1407 312 2832 1386 1316 2082 2270 188 611 1993 987 1437 59 1796 2069 950 1737 1319 645 900 1405 635 562 51 283 1640 2439 1544 305 2837 613 556 2011 2826 1636 2836 169 2721 1328 1051 2515 1381 2501 1840 826 1878 1417 1569 1307 2397 2545 715 440 155 197 860 1444 1489 2424 2044 1782 85 978 1123 2309 2544 1658 712 1965 965 1422 463 2200 1496 1617 2046 1649
000679.jpg,1487 1625 909 585 2109 1471 2067 2083 2278 476 1696 411 1736 586 761 1963 2571 1272 1093 1866 2168 42 1337 2404 1260 2841 1643 325 956 1933 270 1910 214 1953 1638 924 1911 1318 1671 2348 475 861 1596 922 2346 1436 2450 1536 2706 1255 443 2197 910 1188 820 2247 957 2448 636 335 233 953 1221 1139 1605 2823 2591 620 1232 851 2562 222 1702 1183 2720 2342 1170 6 2081 285 1488 196 1602 240 1083 1916 1726 2810 869 669 2353 592 205 1227 448 1889 8 265 2048 323
000680.jpg,1444 1544 2767 2439 2628 1649 1623 947 1663 1054 2241 2836 1218 2837 169 1840 1381 1993 2707 1261 440 1679 1782 2272 1658 1640 563 201 1328 2076 1617 2815 51 305 735 155 2433 1860 2713 1307 2352 1422 1316 1437 712 2309 2826 900 1051 2133 2721 1752 1496 674 134 1586 562 439 194 1468 1965 950 559 260 2556 1948 445 1416 497 2650 1878 1486 1045 965 64 645 1796 715 1569 1123 1775 906 978 2732 2606 2545 1208 2312 1096 2011 2419 1799 48 2376 992 1552 904 1901 1897 100
000681.jpg,2516 2243 2519 1511 1442 730 1142 1969 678 338 593 1526 2830 2492 1094 1005 800 2064 1573 1020 1466 774 2364 1243 2560 1581 709 2219 435 1174 1311 2730 1850 2005 855 2151 2290 2788 717 2417 662 1613 881 1309 673 1498 2746 1936 2251 1966 1992 1794 2697 1379 186 2680 937 248 1913 1455 2117 1325 336 253 1040 921 2065 1424 2006 1968 631 852 1783 446 1739 94 2282 1779 2257 2658 112 1384 1119 1301 513 2299 1290 870 984 1567 191 2618 1370 2696 151 528 2596 2085 2140 610
000682.jpg,728 2754 55 2641 357 2684 1517 2605 2422 751 457 1669 1690 2563 2176 1734 1996 2630 2254 2780 1919 279 2106 2347 2233 2180 1691 2360 2414 2525 1467 2752 2733 1382 34 2804 2192 2368 1626 187 818 1990 1104 1014 1169 2297 2326 397 47 1259 2447 2637 1372 2211 2489 2166 462 1748 575 1832 1147 1459 2651 469 2523 1177 1523 736 2586 2020 2111 693 2437 102 2234 2329 2240 2345 2395 83 1773 993 107 1447 1028 2700 2036 902 794 373 32 845 2805 917 576 379 1846 2699 87 2058
000683.jpg,70 2510 18 1842 1834 431 1230 962 2644 1798 1759 2579 1125 1753 364 2323 803 2478 2777 1035 789 2504 572 1839 2077 2772 2784 2409 951 101 2015 215 522 284 601 2149 529 395 2 436 2757 766 2759 502 2663 1928 2561 2656 328 251 737 1561 240 1801 1252 714 1558 990 2381 2622 1908 1900 1427 2242 1166 989 297 1207 2238 1847 1390 754 581 2756 578 374 1883 1306 702 1951 1394 1357 1323 931 2066 1451 1557 2040 688 310 103 1513 341 1334 1178 1213 926 2601 315 1235
000684.jpg,1031 2140 477 1223 1906 394 2660 607 1874 2369 1725 631 677 1879 571 2435 1555 2598 2719 1721 417 657 1241 368 2438 164 2423 2282 1058 760 447 1888 554 289 50 1553 823 1567 1876 2267 156 1160 2451 2029 1717 1699 2568 908 2577 2057 202 444 1886 1287 868 802 694 2415 429 1518 2122 2642 380 731 1793 1047 682 2796 2380 2436 62 186 1430 2089 2668 427 1510 1439 1237 1390 1890 2143 2392 2469 2093 73 1431 595 1384 2217 1256 1290 142 1065 966 2655 1566 1557 1268 692
000685.jpg,258 2045 2755 1552 2482 1320 1895 770 1029 2676 1584 74 2023 1362 59 1897 2389 2367 1489 2631 645 2753 747 2034 2732 1586 1407 4 769 1775 168 2735 626 463 497 1253 1796 992 2133 675 1710 197 606 2044 2564 1799 2724 2046 2375 1701 2419 970 860 2545 1627 489 2501 2411 2010 1158 2270 1151 2084 1934 906 173 433 1788 2553 524 1545 833 947 2707 219 1202 1190 2011 2272 2352 2528 2574 712 911 2515 2424 950 1146 2433 2397 904 2287 2837 2628 178 1405 109 415 1328 1172
000686.jpg,2394 105 517 2049 7 2793 567 2042 530 301 2331 2711 1271 975 337 1854 25 2551 416 2658 2195 1209 1970 2792 808 513 875 1729 2310 778 151 2559 841 1778 2618 1239 2196 2026 1249 2252 1583 763 566 1604 2225 1808 2260 1155 869 118 662 2416 982 1946 227 490 528 1002 639 512 579 382 1585 144 1211 2304 1791 2458 680 1063 253 243 945 2452 2459 1657 114 916 1851 1688 870 2417 519 2537 2102 819 1154 538 1742 1667 2147 2219 1613 1352 392 937 816 923 1495 1676
000687.jpg,1798 251 2409 1427 1928 2381 215 1558 1166 436 803 1306 1451 714 2656 1394 1207 1361 962 2149 2540 485 572 2072 1149 789 1900 1175 364 646 989 1951 1106 2320 898 1786 1559 2000 2323 1561 1334 2579 2054 2756 2644 2040 1213 293 634 529 395 564 1971 737 1230 1257 2066 2533 727 2787 29 1883 101 545 2021 2172 2504 1535 286 2784 374 1357 341 1115 754 1178 1087 2673 2546 589 1818 1353 895 2759 240 1513 581 926 119 2143 24 76 310 614 1590 1333 1693 1228 1804 766
000688.jpg,2660 966 1031 1676 1211 1384 1565 1287 908 937 519 1495 2458 2803 2420 1119 301 1739 2085 1705 1518 1239 1017 2147 2369 1002 2379 631 50 1000 1695 392 2262 710 1978 542 320 2318 1290 1920 515 791 852 2600 1893 56 99 243 164 487 2763 1853 186 355 54 2664 1851 1331 1370 1385 942 1992 571 2310 2282 660 1585 1894 360 607 1396 1321 1566 530 1415 9 512 819 773 1906 114 1614 1779 2140 841 2032 2049 1567 2357 1301 1554 2782 2775 2259 1419 1769 2219 1516 2392 1105
000689.jpg,1291 267 1238 888 226 991 1295 1807 1440 143 1694 1129 2529 262 428 2431 1735 2092 814 2371 1619 1373 2731 1814 299 2709 264 2517 2710 1122 2776 2783 2727 667 1520 2298 1863 1803 1539 2139 71 147 969 1939 2616 2271 2266 2771 2595 2460 1421 1 127 2833 2185 641 2215 1925 798 697 386 1811 46 1480 2403 160 1629 1509 1572 557 891 2175 1324 385 1078 1514 2340 2385 1446 1524 1366 577 2094 551 1816 1159 2844 1411 2013 810 2633 837 1355 1982 1258 1684 2797 795 2473 1445
000690.jpg,2348 956 1602 214 909 1866 2751 1139 509 1515 1953 244 398 43 2567 2109 1260 1280 2115 844 1596 196 2197 851 1960 2152 2572 1458 40 1643 2841 2457 5 1221 2823 971 1638 476 2726 1726 1171 1616 1371 2162 1889 2464 1603 609 2263 2503 815 1797 2502 2278 1525 2210 2725 1768 2678 2761 1696 582 2448 98 1093 1214 2498 620 306 592 669 20 1744 45 6 334 1083 1736 285 732 2056 2514 941 2688 636 2623 2169 1084 1536 1702 84 270 2182 924 2608 181 820 1933 2720 640
000691.jpg,629 1911 2677 1541 285 2691 1659 281 820 334 298 372 1205 2222 275 1084 1882 2359 1371 946 6 2109 1380 1113 582 244 1603 1285 750 796 956 1949 425 98 2514 2474 1525 327 2494 2014 546 1221 2421 973 2030 466 1183 1462 2623 353 2167 776 2210 2443 1280 1170 1272 909 222 117 1933 2194 1661 1754 2278 2706 2168 2268 1400 661 829 2571 636 1697 2303 1570 459 669 270 1591 1255 1226 2115 2572 23 2391 20 256 2261 2001 2593 40 2264 853 1536 476 882 300 2734 2688
000692.jpg,431 477 2510 677 2625 601 2499 447 70 2 1721 18 1230 531 1998 1842 1439 461 2663 688 146 2051 2315 1223 1834 1747 789 2825 526 482 2766 1976 646 2719 2702 1725 2435 1771 274 2686 2757 864 962 1759 1252 2504 951 2622 368 657 2409 2167 2685 2728 1185 2784 1165 1390 1980 2579 1056 608 1899 2015 767 1443 508 2054 522 2302 240 1876 1413 1166 1677 2708 990 1874 2037 1557 2319 1235 2772 2496 1175 277 2436 1463 1001 101 2220 1207 1938 2183 315 768 494 1012 1391 2741
000693.jpg,1258 638 958 1520 1360 1630 787 1445 2619 1159 2271 810 1735 665 1238 71 1112 267 2215 30 1291 2481 403 891 1129 1 2529 1939 2517 1270 2731 2298 1373 2727 641 1572 17 262 195 317 2385 352 234 573 2834 888 2158 2371 1803 46 1925 667 969 1698 892 2399 2616 1338 1215 2246 1684 551 1589 642 342 1619 1355 2412 264 226 203 846 2253 2139 913 2372 428 2340 718 1539 1863 2092 1411 2466 798 1815 1629 991 741 2339 1694 600 1009 797 143 511 2635 1446 2541 1814
000694.jpg,2434 825 2536 1246 2018 247 719 2336 2551 2146 1289 2284 2008 873 1574 652 929 764 1985 2585 1403 2603 14 2157 779 765 1359 723 1577 1136 1128 2394 2426 604 1157 539 1121 105 701 2405 212 3 2485 540 1493 1745 1534 1352 914 1946 998 2019 874 2361 190 58 1772 254 450 2204 1642 869 1915 549 2170 2353 35 1351 282 343 2487 1963 1854 1347 1997 516 1595 303 153 865 2209 1729 1204 1970 2711 7 2582 2793 2003 485 757 2178 2143 2400 1583 778 2195 174 426 2792
000695.jpg,2677 2502 629 650 1221 1605 2704 1744 2726 1232 285 334 2691 2841 1949 2256 1541 851 1272 820 2162 2666 1433 2512 13 448 2152 2355 6 1400 1922 924 2593 750 1661 117 1487 323 2391 2421 939 265 1267 910 932 2734 2567 2571 275 270 1687 909 40 2171 1200 2810 1603 1591 98 955 1882 510 2043 2443 372 2278 454 796 23 1762 375 2150 1044 986 482 2109 2245 1139 2514 582 2387 2706 1184 1263 2203 1283 2165 214 281 724 1754 1641 1892 1477 2494 2220 2179 2768 956 1757
000696.jpg,134 2076 260 1307 906 559 2088 2836 1782 155 1658 2628 2826 1381 2419 1860 1218 1640 1840 1444 1208 440 563 201 2133 900 1468 51 2439 1993 1544 659 319 2652 1486 674 1054 2732 1679 1649 645 305 2815 1901 1965 1261 1623 1437 1148 2272 1617 2721 2309 2007 1496 1316 2767 904 1123 169 2011 611 2312 965 445 1051 735 2837 1046 562 1636 1878 978 2337 1663 2515 784 715 1422 2241 1796 1328 2556 747 2735 2713 1453 64 2046 2376 2631 1428 1417 486 992 2606 2650 613 2433 947
000697.jpg,1515 844 2115 40 956 851 398 1525 1726 5 244 1371 582 2464 1616 1768 2457 2761 1198 2263 2678 2623 1083 1458 1960 1882 2572 45 1221 609 1280 636 6 2210 2514 2386 2348 1536 2503 1426 23 2152 2197 1659 98 2109 546 2522 2359 909 1591 2048 2502 476 1139 1084 1144 1064 214 2751 1183 2056 2168 285 2278 300 2725 1866 509 1318 1603 1488 2720 669 1205 2691 1602 2567 1802 2688 1596 2448 1251 2620 1687 661 1744 2442 1570 281 1380 298 1797 1364 2203 973 640 2726 181 1880
000698.jpg,2272 1948 2556 1051 1649 1316 1218 2628 1416 2815 1496 1096 2352 1860 194 64 201 155 1965 1640 1054 2767 1658 2721 2713 2836 51 1381 2309 1993 305 1444 715 48 439 562 2439 1261 2433 1544 1782 2707 1840 2826 169 1679 1569 1623 1307 674 2545 2837 950 100 1617 1901 1586 900 440 1148 978 2023 1437 645 1422 2241 1897 1663 2650 747 1752 1468 947 611 1775 563 2034 1123 2732 1584 2652 2367 1453 231 260 965 559 2631 1636 134 1796 2376 1328 1878 2755 2133 497 2312 2088 1799
000699.jpg,2389 4 1407 1545 2367 626 645 1552 59 1895 2270 2515 1029 2045 2631 547 1202 770 188 675 1319 258 2817 2044 1386 2411 2082 197 2755 1146 2676 1405 1799 1584 1320 2300 1934 2424 1362 611 2011 463 2528 817 1752 1656 943 987 74 1190 1636 2046 1253 992 2501 2724 2023 950 911 606 1489 2375 1737 2084 1897 1796 1775 445 906 1158 2753 2133 1926 2088 2419 1848 85 221 556 769 635 2735 319 2732 2574 1468 2837 2034 155 1428 1102 2397 489 283 860 2007 833 1644 1788 1414
000700.jpg,2135 1841 1874 165 725 899 647 2558 2728 1130 1940 2435 362 2258 2207 1825 2683 1212 1986 1223 2741 2506 2057 2639 482 204 2248 1931 2813 137 2766 2526 2319 494 442 146 1126 2736 447 1055 1463 2291 1606 1937 1601 1076 2292 2220 1899 692 2294 1134 2842 804 1944 948 2286 939 1777 1464 2511 246 1639 1458 1962 1547 2569 1733 2382 574 2719 2036 116 722 2436 2744 2494 1185 6 2051 783 379 2239 1433 1935 2393 1771 677 2503 2305 2073 1056 329 686 751 2665 2708 2499 1439 104
000701.jpg,254 2405 652 3 765 1642 2170 212 825 1915 2490 1493 1985 1246 1403 2824 1351 35 2008 2209 764 719 14 247 1289 914 1121 1347 539 874 2284 2485 2487 66 2434 615 2336 929 873 2018 1958 1574 1772 2146 282 303 450 2204 1157 1577 2551 549 779 1997 723 1136 1595 1534 343 2157 58 2536 812 2585 190 206 1359 862 1128 1247 1751 2582 1864 604 2453 2603 1204 2195 318 1819 2334 895 233 1672 1600 483 2019 1745 853 2426 2409 701 2012 432 2667 1778 485 2718 1565 2699
000702.jpg,123 2150 986 1255 1041 882 1757 1267 2362 1519 1049 334 2686 907 1646 1088 889 2512 750 2012 2593 820 1508 909 381 932 1541 1477 1521 2671 1911 839 2421 657 853 196 1747 2047 698 1600 1170 1038 2121 2667 796 2132 2462 531 1000 1287 361 2387 1754 980 1697 1853 1643 2355 1949 1139 1922 116 2803 2706 1603 1413 2496 1200 2334 1012 543 1380 2677 791 98 1001 292 2167 302 358 1443 601 2109 574 249 2423 893 2436 1767 78 1570 767 863 1884 2532 1989 946 1186 370 1398
000703.jpg,221 2389 1656 1102 1752 1202 2790 943 1926 1545 2411 2817 817 1624 2300 2367 547 626 2832 4 2528 987 1934 1386 2082 1146 1407 1644 2270 312 188 635 1993 611 556 645 1405 1319 59 1316 2011 950 1737 562 2515 1437 2631 900 2069 283 85 1636 2501 51 2837 1640 305 2044 2439 613 1328 1544 155 169 1840 965 1796 2721 197 440 712 1422 1489 1569 826 2424 769 2826 715 1444 2707 489 2133 2312 1381 1417 1895 2309 1051 1029 1788 1878 1799 518 2836 970 1965 1775 1307 2375
000704.jpg,2386 1364 1251 1064 45 1591 2056 2522 40 1768 851 1488 1515 2182 2203 2612 2768 1687 6 1960 2048 2761 2620 1458 398 181 582 2351 732 1397 510 1198 1183 1083 300 844 2760 1536 420 2160 2401 1221 2521 2831 546 1738 23 423 2263 1426 1744 163 244 1659 2503 1726 644 2841 2608 1797 1139 1400 104 2442 148 2807 2197 762 690 2115 214 953 620 1061 636 1318 1702 2494 2498 2678 476 1882 2502 474 661 1144 609 1462 236 2567 1205 2688 759 1866 2162 407 1080 973 1171 2751
000705.jpg,2817 2411 1656 221 712 1752 1934 1407 2790 943 817 1386 59 735 1644 1926 2367 2424 2528 489 1102 2300 1545 1328 2840 1624 987 970 2082 2832 1051 2515 1796 547 312 635 2241 1202 188 1710 1045 197 900 1489 2084 1369 645 2389 440 2439 2837 2721 1405 2270 2501 2050 2454 524 1444 1870 1569 1840 4 1437 1552 1319 2044 2148 1544 626 2714 1316 715 2649 1993 611 2545 1617 169 1054 1422 2133 348 518 562 1307 1146 2707 1878 26 51 1029 2375 2023 2836 179 965 1983 950 1486
000706.jpg,2664 50 1893 1000 542 1189 54 1163 2369 174 1521 698 955 1031 1769 2782 1436 2679 839 1739 1415 710 2775 2032 1287 123 791 1920 660 1329 1162 1374 1695 755 1717 2602 760 1399 2578 2335 164 370 1049 1910 1398 1757 453 2009 177 276 2795 2839 2829 477 1508 1705 1256 2342 2803 323 1038 2600 2668 2808 413 908 99 1954 1654 964 222 1085 1504 461 1952 2421 72 2452 2423 612 2218 2122 853 1477 2108 1065 1949 156 417 2098 672 1528 1853 2047 2636 2570 1976 302 78 2380
000707.jpg,2759 135 1728 754 2413 558 328 757 2242 2323 1631 1533 2295 2579 545 1801 529 1561 374 572 2644 395 2277 2504 2238 766 101 1228 499 1213 2756 1847 2066 1513 1087 596 2178 1928 341 2546 304 1798 962 1898 1394 232 2113 803 2381 714 898 1689 1971 1161 1683 1883 2040 1207 967 1166 1230 1333 1448 789 1178 2523 2022 80 695 1996 1945 2784 1343 989 1804 1785 364 1558 1334 1999 2656 1839 1115 1900 949 1846 310 2785 2827 2566 63 215 2149 2489 1389 617 426 520 1091 1535
000708.jpg,1624 1644 1934 817 2528 2817 2411 1656 1926 188 59 2790 1328 611 1545 1386 221 2300 1752 1544 547 1319 2082 2011 1663 947 2439 635 2501 1102 1437 2367 2389 2270 556 1381 2044 900 305 645 51 1202 2721 943 1993 1569 134 715 987 562 169 1407 1796 1054 674 1623 1444 1146 445 1640 2837 1617 2358 2707 2836 1405 1782 100 1468 1658 1417 1679 1422 559 1123 1840 4 312 48 1307 626 155 2832 950 2545 2309 1316 1552 2241 1489 712 2652 1710 64 231 978 1486 197 85 2826
000709.jpg,2236 1475 1127 2765 2429 534 1282 356 1662 239 331 1706 1274 1875 2794 1789 484 1024 1011 1317 1378 464 2301 655 786 1831 1465 131 2244 467 2465 2505 1655 1756 1008 296 927 999 1755 1022 1967 726 2407 108 268 1787 389 2173 806 430 758 363 408 2091 471 245 390 2053 1124 1438 2531 2059 1781 780 89 1929 2280 452 478 455 139 654 61 2396 2611 2025 209 838 1262 1843 52 225 2285 1568 125 495 1780 1912 1026 1730 1275 936 2687 753 113 295 346 2062 1635 2017
000710.jpg,70 2510 431 18 1842 1834 1759 951 2 601 2757 2561 2663 1125 2777 1753 2478 1035 2818 2772 2496 2077 931 1767 2015 1443 578 1821 1720 1252 1938 65 1908 250 315 1833 1340 1747 962 277 2276 1975 1512 126 2315 2686 2644 2622 284 522 1310 1114 1413 702 2624 1391 1839 502 1230 2388 889 990 297 1107 767 1186 1390 2532 1845 1801 2323 1830 684 103 395 1323 2702 789 688 1357 2504 2601 1418 2471 1557 529 2314 531 2128 2579 1608 39 369 848 1254 768 2656 1798 101 572
000711.jpg,1552 1895 1029 2631 645 1362 463 74 1897 2676 197 1489 2753 2419 2270 770 1788 1701 992 1190 1253 2735 1848 626 2044 178 2011 606 4 2646 860 2724 2045 2046 1428 219 1158 2482 258 911 769 622 2574 2626 2367 319 1405 2375 2501 2544 2007 2034 2307 833 1710 675 2800 2670 1407 2389 188 1737 906 2732 1320 1586 2424 445 486 283 85 2082 2088 155 1417 1934 2515 2755 1584 1046 1796 659 784 2397 2344 2312 817 715 2337 2411 900 2528 1627 1414 2707 433 2721 2300 1468 635
000712.jpg,1473 12 1876 2809 1463 1721 1067 948 246 2393 1937 1886 2382 2511 2813 677 1185 491 2041 686 1639 1547 1076 2598 79 526 1464 2825 1134 1592 608 2248 447 1777 274 67 1052 2427 2625 2766 2438 2435 864 692 627 2005 2151 2286 217 2665 722 1868 1935 2068 1581 1980 974 1555 2499 146 1243 682 2140 97 2305 1223 140 2583 1998 2117 1944 1055 2507 2065 2569 1573 1879 2294 1606 1725 1439 2708 2736 657 804 881 1142 2728 1379 994 2251 1431 2560 1126 394 2051 494 2558 678 584
000713.jpg,2721 1860 1316 201 715 562 1496 1453 2309 2556 2826 1965 1569 2272 155 1640 1901 305 100 563 1416 64 1948 1307 1148 260 2088 1096 2713 1993 2076 559 906 645 51 900 1051 1123 1490 1218 2628 439 747 1381 134 1752 48 2352 1468 1878 2815 440 1658 1437 2337 2433 1486 978 1840 2007 1796 2650 1649 2545 1422 2241 1782 2011 784 674 659 611 1261 1617 2836 2419 2732 735 1544 1636 445 2424 1054 2439 2631 1444 1586 319 1208 194 2606 1679 2652 2837 497 2069 1046 613 2312 2133
000714.jpg,2386 6 1251 1488 1591 1400 2620 1687 2768 2203 1205 1364 1659 1198 2612 1397 420 851 40 45 2521 23 2502 510 1113 1064 1221 1960 1515 2522 285 1768 2761 690 327 1738 582 2152 2831 546 398 973 1426 1458 1183 2247 1744 2056 275 844 1061 2726 2048 1882 2030 300 244 1462 1536 2571 1570 1080 2401 2494 2160 1922 762 2162 1371 2080 2807 2115 106 1144 423 1083 1139 148 298 466 1318 1184 270 1605 1482 2841 1525 2514 1603 2182 475 2197 498 609 1616 636 956 2503 1726 2109
000715.jpg,1791 1470 2792 887 567 1531 118 2778 748 819 2328 1583 1667 930 1977 928 579 998 945 1354 841 919 2065 808 2416 2459 2711 1210 2491 492 639 1854 517 7 1179 1154 1578 875 1657 1209 1579 982 311 2252 1367 778 975 2304 1651 2349 2793 2488 382 816 1970 1585 25 1271 1742 1729 1851 1769 151 380 114 227 1368 923 1063 1233 2682 1415 1588 1566 2647 2333 2267 916 952 2380 1132 1808 1239 566 2575 988 1528 1688 2618 432 513 515 1100 437 1599 2379 1352 1553 429 2163
000716.jpg,2113 304 1513 1161 1847 2066 1213 2178 2546 2022 1333 1228 2784 1115 754 967 426 2504 213 1883 63 2759 1353 101 789 1728 2143 658 572 545 1448 2756 1087 135 757 1804 2242 2579 240 1166 1019 766 1558 2413 2238 24 1928 232 1389 1773 328 1785 714 1175 1597 1971 2615 2024 898 1561 634 558 2323 2320 1951 485 2149 2409 1306 1149 1207 1898 529 1798 364 251 1685 374 1945 2656 1533 1334 2408 520 310 1394 727 1535 2533 1719 1230 395 596 1427 119 2040 2566 2277 1801 2644
000717.jpg,1647 2061 1048 402 2406 782 1187 654 2632 1648 655 1972 1438 331 721 1780 2402 363 1248 1127 625 786 643 936 471 113 2611 1356 1018 1781 478 2062 1118 1756 1026 245 1598 1472 2690 1335 2465 2505 1273 1435 108 2467 1715 679 525 1921 1500 1974 1140 2698 1317 858 2311 1612 2669 216 1662 1282 33 2765 1961 455 139 2398 2316 1692 200 2070 1141 1143 1011 1024 1262 1929 408 1822 1274 2774 618 430 999 753 467 138 1021 326 346 31 838 2236 1912 1505 2794 2301 1008 239
000718.jpg,609 1602 2109 270 1515 1603 2442 300 2348 582 2056 45 498 2761 2706 1596 1083 2168 2115 2725 84 851 244 844 2464 1616 1525 476 6 2522 214 106 546 2386 1458 941 2620 1139 1768 2688 2514 285 2503 2567 956 661 398 1661 1221 2498 971 1726 2197 40 1766 2720 1570 759 1882 620 2591 2562 690 2048 43 669 2222 1061 1064 2831 1889 2032 732 1251 2457 2841 2263 1702 1659 5 2404 1610 1280 387 2152 2502 2188 1591 1960 2182 1802 1380 644 1436 1199 744 2079 2230 2014 973
000719.jpg,1115 2113 2546 2066 1213 1389 2178 1161 1513 658 1019 1951 1333 304 1353 1175 63 727 485 1847 614 2022 2409 1306 1883 1773 789 483 1166 1087 240 251 545 1228 1300 1971 714 1785 898 1928 1207 1558 2040 2000 2784 1427 2143 1561 589 1257 2149 293 1798 2381 646 364 374 436 2504 572 2072 101 1795 393 2787 1786 24 2540 1394 2579 2054 1178 989 2242 215 2656 1137 596 1685 2238 1298 1900 1361 310 93 803 634 95 1996 1451 1559 2827 766 737 1672 926 954 1590 1693 341
000720.jpg,1083 45 1702 2056 2522 1536 732 2263 181 1726 1797 1768 1515 620 1596 2678 1064 2386 2182 1318 2643 844 1889 636 1364 2498 40 407 476 2720 851 2442 2591 474 582 644 1960 957 2457 1458 2168 2562 2048 335 2278 5 1907 2503 592 2807 2448 300 398 1802 1866 2464 1251 2197 2115 2623 2608 2612 2761 1616 2160 1183 1525 2346 1426 761 609 1898 2725 1144 2351 509 423 924 759 1487 1591 2230 2841 214 2404 2128 2079 387 661 2751 669 236 2348 1602 1214 2810 1471 956 1880 2508
000721.jpg,2269 1071 414 2223 180 1201 837 1122 1009 195 1698 1684 264 2635 2371 2833 2576 573 2092 2298 1549 1622 17 961 2484 2529 1571 1982 1615 299 349 1338 2273 2063 317 1824 1925 2139 2100 1421 1264 2844 969 1409 1994 718 2104 1807 428 2455 2717 2138 2801 1652 912 2738 1826 2616 1446 1242 2231 2834 667 2158 2253 41 203 2412 716 1238 1440 2399 577 166 1815 1540 2820 273 1607 143 2776 262 1660 2266 1112 1341 2797 600 1509 2709 223 2524 1295 352 2486 2633 1964 345 1619 642
000722.jpg,98 1280 281 1371 2210 196 1911 776 353 1084 956 2572 1616 1643 2115 796 1525 275 398 2691 1170 1226 2086 2623 2263 2514 2303 244 2359 909 1960 781 2520 2677 2264 2421 2014 1754 327 298 40 2503 2494 285 1933 1080 2348 1659 2448 1205 1866 2725 2464 2047 23 582 1144 117 669 1038 474 1426 1638 1882 2761 171 1880 1541 2450 476 2474 387 1458 1183 1736 423 2729 1189 543 2109 20 2671 413 1402 946 396 809 1973 629 214 1726 372 276 1696 1641 636 2678 2132 236 509
000723.jpg,143 1694 2529 2185 299 2298 1122 2833 1129 2092 2139 2584 1411 1440 264 386 1925 1684 2616 1238 46 2844 1009 1814 2517 1549 1982 2215 837 223 267 1291 2484 2371 428 1619 2635 1446 718 641 888 1264 2271 1540 349 1373 697 2340 2460 2481 2731 787 667 1112 1615 1445 958 969 1514 262 30 2834 2797 638 557 1815 892 810 2455 414 226 1294 2158 1735 1807 71 912 2063 798 2363 2771 1 1295 1994 195 1366 2524 2104 2385 273 2541 991 2709 1270 1572 2776 1360 2269 1698 879
000724.jpg,241 452 2173 290 1024 2531 1127 1465 2285 61 653 2025 495 2794 1282 1273 1378 1503 296 2765 239 840 467 131 1022 2142 268 2280 2698 786 2396 2565 225 89 2611 408 2236 806 1481 2244 52 655 464 1706 1039 1274 356 331 1875 1961 53 1780 858 2693 1787 1262 1789 1140 2311 455 534 726 49 1475 1843 113 390 2634 207 999 389 643 363 108 478 780 618 753 758 1317 1048 2429 2091 1781 2017 1021 2465 2505 2164 2398 561 1932 1715 449 1275 625 2316 138 2059 1635
000725.jpg,569 2090 536 1023 1065 2122 2055 1132 988 2829 121 1089 1588 177 1047 1145 401 2108 193 141 694 1268 460 2747 2274 2098 2577 1903 2786 1784 571 2587 208 2029 332 1562 2636 453 429 979 1241 1249 1717 1686 1510 417 554 1872 2679 731 156 595 72 555 760 886 1628 1808 2227 2743 1085 1793 816 597 1163 1155 1430 1033 2009 1553 1890 1550 2163 935 2469 2668 1150 2655 1729 2126 172 1393 164 1404 823 176 289 62 2384 680 340 1699 142 380 461 1688 666 399 1162 1666
000726.jpg,1603 6 1221 2502 285 2152 1591 690 40 1687 23 851 372 582 2726 1659 820 2109 1515 1541 2620 334 1616 1139 1570 1371 275 1605 973 1400 2386 2115 1364 106 2014 1922 1144 2348 2514 244 298 1397 1744 956 1882 546 2768 2612 1061 1205 1960 2706 1198 2567 807 2571 2162 1080 2691 327 2203 1525 498 2572 163 844 214 2263 1602 2677 98 2494 2210 2666 375 1426 1488 420 609 398 300 2303 669 1251 629 2751 2841 510 750 425 1723 45 1326 117 796 2222 1171 2043 448 2086
000727.jpg,335 924 1891 1232 2230 1507 2591 1487 2550 953 1104 851 107 1177 2604 1605 2414 443 2056 1363 1889 2841 1364 1703 2810 2612 45 2171 2160 1536 1288 1898 2666 1471 1318 1669 1727 2807 2182 407 2346 2197 2278 2571 2816 2401 2502 650 2641 2526 1768 2351 2216 42 1171 2386 1723 1744 586 2522 1083 922 2567 1671 2442 644 1214 300 333 40 2751 761 620 1221 732 1661 6 1515 214 2162 1931 1702 181 309 2178 2168 592 2079 636 1797 2768 1953 8 325 1251 2620 1458 2043 762 2726
000728.jpg,2367 645 4 1545 1489 2389 626 2817 1386 1752 2528 547 2270 1710 1202 2411 1656 2082 1417 2300 943 2707 1926 188 197 1934 2790 860 2352 221 1444 1102 1319 2837 1701 1897 59 2424 987 950 1362 2044 1054 817 1405 712 992 1623 1407 1737 1146 169 1679 1649 1644 1775 1328 1051 611 1261 770 1624 2439 489 1544 2836 2011 1799 947 2628 1552 2046 1627 1316 635 674 2631 769 51 2721 1840 1381 1895 2034 1782 556 2515 2767 194 2713 911 1948 2045 305 2755 1993 2501 2556 1029 1046
000729.jpg,2612 2401 1336 1013 2160 1251 1365 2197 335 1364 1171 1315 2522 2386 2591 45 856 2807 861 785 1487 922 1363 309 924 894 2554 22 1283 1318 2079 2056 2230 1632 1214 1744 1108 1217 953 851 96 2141 2571 2116 1064 1907 1471 333 2442 407 2567 2841 2404 1927 1727 300 106 1488 2278 1703 2162 1605 214 2153 6 2726 42 1277 762 2751 1104 2502 759 1288 2168 2831 1232 661 644 1953 1661 1227 2216 2048 1889 592 2109 1221 1768 2666 1536 1866 205 1891 1625 650 2058 1556 1515 2620
000730.jpg,1561 374 2040 2381 803 2656 989 1900 1334 1798 926 341 2149 617 395 364 529 1818 1257 101 1971 1785 564 2242 436 737 215 2827 95 251 1228 1928 310 1091 1213 2542 2441 1166 1343 2066 962 695 1357 465 1333 1847 132 2579 1394 949 581 2759 1513 545 2547 2737 940 1176 596 2323 2644 1298 1427 1161 2504 1773 1996 754 2114 1087 1693 2546 1207 2113 572 76 1535 93 485 1115 328 1786 1801 2409 1434 1743 766 1558 1883 1590 1999 1178 714 789 1230 1103 1353 2756 2238 2112
000731.jpg,2510 431 70 1035 1839 962 2561 1759 1230 2656 2757 2644 18 1842 1798 2149 2478 2497 529 364 2772 2077 1753 1125 2323 1357 1390 395 2777 1834 1928 2579 951 101 1394 1801 374 2663 2 2504 1334 601 824 714 2622 803 1561 328 75 1427 2381 1166 754 2566 2409 310 1207 39 251 2277 1900 2324 1343 1558 426 789 572 1743 215 766 737 1333 2542 2016 436 2818 1557 1847 940 315 520 95 1434 676 989 695 119 2040 2784 1945 1257 1137 2015 1689 522 182 1984 596 1883 898
000732.jpg,201 2721 1860 64 1640 562 715 439 155 2309 2713 1453 1316 2088 1965 260 2272 1569 51 305 1901 2826 48 563 100 1496 1658 1993 1490 1381 2815 2556 1422 2433 2241 747 559 1218 1878 1307 2628 900 1148 645 1617 440 1796 2376 2545 611 1840 2352 1752 1051 735 2631 2439 906 1782 1123 2133 2836 1636 1416 1948 1486 1096 1468 784 1586 2650 674 1544 2732 1444 497 992 1437 1552 950 2076 1897 1649 2312 231 2419 134 518 2069 2007 1261 1319 659 2337 2023 712 2034 978 1054 1788
000733.jpg,439 1860 2309 201 2721 1901 1316 1569 64 715 562 100 155 1640 2713 1965 48 2272 2352 1453 2815 305 1496 1416 2826 1948 563 1490 1444 2628 1993 1381 2707 2433 1096 2556 1218 1658 2767 51 1468 645 1261 1328 1649 1054 1307 1437 1544 1840 1623 900 2241 194 2631 674 1123 1679 2034 2836 747 2439 947 2545 1051 2076 1617 1752 1782 2650 1897 611 1878 965 1148 978 2312 440 1422 231 1663 168 2376 1796 1486 260 906 559 2732 2837 169 2023 1636 1775 950 134 2088 2069 1362 712
000734.jpg,238 2552 152 28 1532 1563 633 2479 2250 2500 2193 313 2181 505 1708 2592 2819 1912 1111 602 711 1896 705 503 1376 458 1827 587 972 849 2283 726 734 999 2119 2052 1281 456 354 2177 2199 671 330 2527 2099 464 1680 2716 2557 2674 175 1967 1706 2365 1339 1335 1314 1955 2062 1635 455 968 2681 1003 2742 523 390 68 532 1010 2236 2322 1730 2028 1704 159 1262 1117 655 772 2370 696 2237 1026 1741 2534 1932 81 1050 580 235 1917 1475 771 1503 2025 2017 92 326 2689
000735.jpg,1239 1566 841 1367 2796 2140 2357 394 1906 2660 607 571 1920 1211 2049 1879 631 2310 1031 2252 966 1578 928 1567 1495 1518 118 1657 1368 579 2392 1058 945 1977 530 1301 311 2458 2682 1579 2097 2369 2042 1555 1742 517 1237 1851 1290 566 1981 887 2349 2459 2416 2488 1651 2093 1604 982 1002 1705 1384 1321 1017 114 567 1528 639 1287 1470 451 2446 50 2328 763 1119 2803 1791 1415 1769 2026 1271 492 1893 1179 2379 595 1583 2655 930 25 731 7 1210 487 2282 151 2596 2747
000736.jpg,48 2309 1901 439 64 100 201 1569 2721 2545 1453 2034 2376 1860 2433 562 715 2713 1640 1490 1965 305 1316 231 2826 155 1948 1658 1096 51 1416 1796 1381 611 2272 674 1218 1617 1422 1319 1051 2439 1444 2023 194 1782 2352 900 1054 645 2650 2815 2836 1123 1307 2241 1584 1656 2556 1437 1878 1544 260 563 1328 1663 1644 134 2631 1624 950 1993 978 188 2628 1636 947 1148 559 2817 1623 1386 1496 547 1752 168 2082 1405 826 1926 613 2367 635 1468 1679 2312 1486 2652 1840 2088
000737.jpg,1321 2156 571 1621 1550 897 1098 99 1510 340 1858 612 908 1145 1910 1495 1023 2786 2032 2342 957 2750 2747 595 468 1002 2089 2450 2587 156 1709 1638 1806 2274 755 935 208 941 43 959 2645 979 1047 164 565 2098 2140 73 453 2083 1199 2096 2775 1906 189 2227 1676 141 2452 229 1750 554 868 2201 1065 56 1566 1189 1736 1808 2093 592 1239 172 1890 396 332 823 1628 2636 2458 1085 2055 2668 2577 394 744 22 38 1337 417 2074 1567 401 2423 1766 861 2122 2163 2627
000738.jpg,807 650 2043 922 2216 1221 1227 2666 2810 924 1315 1487 2502 2726 334 2171 1188 2567 2197 1363 2841 1603 454 750 1744 1605 2401 1108 1288 1171 1217 2162 1703 2612 829 1284 122 214 2816 2751 1364 1283 1267 309 2160 980 1456 1953 1922 411 1153 2152 1763 1139 1015 1995 1610 333 2118 22 1214 2571 1556 20 2705 2704 300 971 2109 2591 661 851 820 6 669 1892 2620 1251 335 1687 856 785 1044 448 759 96 2404 375 106 2348 1277 2079 2220 115 2222 510 285 2526 1397 2706
000739.jpg,1999 1785 695 2547 1176 2112 1228 132 1103 1298 499 596 2827 182 757 2546 63 1434 1343 617 1019 1631 2441 545 1685 2111 1004 2178 2180 374 465 1087 149 1561 1333 1137 940 954 95 2040 304 310 2737 949 2656 1795 576 1971 1257 1996 1847 2022 983 1334 1773 1513 101 2113 824 88 2149 1213 1693 2016 1743 1928 1166 2066 1749 1760 1115 1161 279 424 2566 2523 540 2700 341 34 485 1535 2190 1091 1394 1883 2143 614 2745 232 2324 230 2202 2242 407 564 1689 1590 754 2381
000740.jpg,1701 1788 1417 860 1870 1489 26 197 735 1710 1752 712 2289 2544 1552 606 463 433 992 1586 2650 161 51 950 440 2046 2454 2837 1993 2241 2397 1328 2840 1045 497 1316 305 2538 1895 1381 2480 562 169 1627 626 2375 1496 1640 2076 348 259 2358 769 2628 2556 2367 943 1840 2574 900 1799 622 1782 1796 1208 1617 2439 2631 2836 2721 2714 1544 221 1146 2130 911 1202 715 1569 1878 445 1636 559 1428 2769 2419 2606 4 970 2753 833 1190 2050 1437 2545 1029 1102 283 1983 74
000741.jpg,635 1405 987 188 85 2501 1319 1656 2411 1934 1386 556 2044 2631 2817 2713 48 547 1552 611 645 1102 2082 1422 2375 943 2367 2528 2023 2088 2270 439 2300 950 1362 2011 1926 1644 197 221 2433 1788 1407 817 1799 2832 201 231 2389 992 1897 2790 1545 2545 2046 312 626 1202 1993 2309 59 155 4 1584 2837 2376 64 2439 2034 2133 463 305 769 1029 1617 562 1775 2312 2650 2836 1640 2732 2424 51 1636 2721 1624 2755 2241 715 169 1752 1895 433 1544 194 2419 1051 1840 1444
000742.jpg,777 1996 2630 2684 1091 2202 1856 407 2745 2780 818 693 2733 357 279 1523 2586 2297 88 1517 1382 2106 2651 1476 1372 775 2422 2190 2605 1482 2347 2368 2080 1914 2058 2383 1805 2441 2804 230 1832 2641 830 1727 341 2695 2785 728 2754 2637 2523 1014 603 34 469 2240 1169 1459 55 2254 1104 737 794 1669 457 2281 1691 1620 2114 2233 1748 1192 441 2176 462 2447 2111 926 95 2192 310 1898 1410 1259 1678 1818 2555 983 1611 187 575 2414 2166 1734 2489 2604 2827 132 1507 373
000743.jpg,913 2371 2092 2833 1925 1619 2139 264 2635 1159 1366 879 2633 1982 1009 1684 1572 2455 667 1025 969 1815 1660 2298 2529 1520 557 428 2607 1816 234 837 1 2158 1338 1480 1122 2727 1445 2403 46 2138 317 2717 1549 2776 1238 1863 352 2266 1622 267 472 2576 2063 2484 814 226 2223 195 1291 2412 127 273 2100 892 1698 1571 2844 1242 2269 1615 1540 147 551 403 2431 1994 299 414 2460 2273 2399 1807 2340 1539 697 2486 349 1258 2213 1629 2104 1355 2709 1814 223 385 30 1167
000744.jpg,1802 2562 1596 957 2720 1889 1726 2464 1083 1702 1880 2643 476 2725 2404 2498 620 2678 387 1515 609 2457 2442 2263 2623 752 844 1766 2168 1858 1797 5 2448 669 1280 2115 181 761 1525 759 2348 1866 2476 2278 2188 1602 2572 300 1616 2313 2056 1214 45 1907 636 2591 644 2182 468 732 1318 1953 1188 1536 582 1260 2346 2109 1768 956 924 2197 335 2522 214 2823 592 744 1487 1697 2508 1032 661 2079 1882 2608 851 509 229 2807 1696 2841 2751 2627 2706 1227 40 22 189 43
000745.jpg,2454 2769 348 26 1870 550 2538 518 2050 2130 2714 480 1369 2649 1045 735 712 925 179 2840 2241 1788 59 1552 2544 1092 197 1752 2375 970 1983 259 2574 524 1710 219 463 817 1328 977 1422 1569 1644 1895 2300 440 1172 2397 2148 833 489 1316 1146 2817 74 1934 1202 1926 1656 445 1624 1617 2200 606 2501 2631 2367 2411 1407 715 1799 2011 992 100 221 1051 2676 1386 911 2564 188 635 2082 497 2528 1701 1636 178 2084 1993 2424 1901 2046 1029 769 623 2289 1123 2389 2790
000746.jpg,1451 2409 1558 1361 789 1427 293 251 215 727 436 2054 1306 714 1951 364 2540 1166 1798 1786 803 240 2787 1928 1149 589 2149 2000 737 2381 1115 2784 1207 572 989 485 1513 2072 658 1900 1161 1559 483 898 646 1883 2040 1106 1175 564 2656 1389 1230 2066 1561 1773 341 2320 1213 581 310 1672 614 1178 29 1804 1693 926 1847 1091 1353 1257 1394 1971 1346 2021 1087 2737 2546 2579 1357 10 1818 2113 1333 949 2533 2504 1535 2242 2756 373 1334 286 2699 2114 2172 2247 1300 1228
000747.jpg,832 1693 310 983 2000 1786 1743 940 1836 954 2787 2190 1361 2441 2737 293 2149 2673 1535 2656 95 1760 132 949 1712 1773 1476 286 824 1106 1451 1713 2408 737 198 751 1905 1856 1559 1116 683 469 485 2172 1176 2745 75 1343 2202 2497 29 2390 291 1346 2827 818 76 634 1959 10 88 1014 1601 2533 727 1529 1224 1091 1334 2240 564 1434 1867 1714 149 2547 2021 182 1818 614 1103 1257 2409 1004 86 617 2699 1672 2437 1849 1869 2493 87 424 1459 341 1478 1298 2651 1357
000748.jpg,1087 545 1394 714 572 1213 2504 1558 1228 1847 2066 1207 1333 1513 757 2022 395 529 898 1389 2579 2178 63 2759 2072 766 1137 2238 2113 1928 1161 2546 101 374 754 962 304 328 1801 2323 789 1166 1971 232 1298 1798 2149 2242 2644 2656 1230 596 1561 1178 1019 135 251 485 1785 2409 2381 1257 1115 2784 1773 658 2040 1839 1427 1343 1175 1631 364 2277 240 614 1334 2566 520 2756 310 426 695 1945 1306 1804 2737 1795 803 341 2413 1900 949 540 1883 215 581 967 727 1728
000749.jpg,2810 924 2171 2216 2666 1487 2591 2043 2230 2197 2160 650 335 2841 45 2182 2351 1364 851 1889 1318 1605 2056 181 1536 1363 2751 2807 2550 1703 333 1797 1104 1288 620 2502 1744 732 309 476 1702 1217 2278 2567 1726 1214 1227 922 1188 1556 1687 953 2522 42 1171 2612 1768 636 2678 2401 2168 1515 2386 1083 2079 2608 214 644 1458 2526 300 6 1251 661 2620 1232 2726 2442 1064 1315 1907 856 20 1507 2162 1221 40 807 759 1277 761 1866 167 762 1931 2263 1882 2571 1960 1953
000750.jpg,851 2502 2152 6 40 2197 214 1744 2278 924 1605 1515 1221 1488 1458 244 1768 2666 2841 2386 844 1960 2620 2348 2726 2807 1139 1364 2567 2751 650 2612 45 1318 2761 2160 1591 2162 956 1882 270 285 398 1536 661 1171 2109 1400 1251 300 909 1687 2056 42 2048 644 2168 636 1866 582 1602 335 2522 2571 1198 2203 1487 2230 5 1953 2591 2442 953 2115 20 2182 1426 23 1083 1471 971 1397 1603 510 1064 1922 1183 762 2503 420 1556 1726 2768 476 609 2521 1232 1214 2810 1205
000751.jpg,2765 1127 1011 2236 1282 2531 1475 356 1465 2244 1024 780 484 999 1274 1755 1568 239 1378 452 1789 2059 296 2693 1262 389 1831 726 2232 1875 927 786 408 464 1706 1503 331 268 1655 2173 2774 655 131 758 2429 2794 455 390 653 534 241 806 1967 1662 1317 1843 2142 840 2285 1932 1050 225 1929 838 363 456 1022 2091 467 2396 495 2025 1756 1039 139 1124 2301 799 2053 1635 245 1281 209 2465 2505 1730 89 1715 314 1008 2611 2406 108 1912 471 1787 61 1438 478 2407
000752.jpg,285 6 1221 2502 1882 1687 582 973 546 1400 2726 2152 298 2691 1371 1922 244 956 1744 690 2620 2210 1080 2162 629 334 40 23 275 117 851 1603 327 1541 621 1458 1659 820 2014 2705 2303 2359 1084 2203 398 372 300 2677 796 2666 1426 2386 1616 1205 1536 1397 1591 1462 2572 1285 420 1570 1515 13 1184 1525 98 2348 20 2514 281 2494 2115 2521 1061 1139 2109 1960 2768 2567 106 2197 1738 1768 2751 807 750 1083 171 2503 2571 2263 425 375 2623 1144 669 2761 1326 909
000753.jpg,2478 2772 1834 2777 2077 1753 951 1125 2015 1252 2818 18 1842 70 990 578 1186 103 601 2663 1323 126 688 2624 297 1235 1391 522 2561 1413 431 2 1759 10 2409 1306 2314 2054 2510 1809 502 2276 1908 1905 2601 2757 767 2161 1845 359 2667 2673 1951 1175 646 29 1928 1035 86 1120 1989 931 286 65 2471 1166 240 369 1767 2172 789 2787 1161 1959 315 485 277 886 1114 2302 2000 2533 1798 1149 2247 1608 2143 1390 2210 962 24 1839 2622 293 2315 1451 2784 2320 1686 191
000754.jpg,767 2496 1842 18 2532 70 277 2663 1834 951 211 1125 2 1938 601 990 2510 369 578 431 2777 2772 1753 1418 1759 250 1413 2478 126 684 2818 297 2077 1975 1391 502 1989 2702 1833 1323 65 1747 2686 1443 1845 2757 1186 688 103 1767 2314 1720 1252 2015 2128 1821 2315 2624 2601 461 2276 315 889 1460 1114 1235 886 2471 931 417 1608 1686 768 1519 2622 1512 2388 597 2096 1908 2561 1065 1390 284 522 848 62 1557 1916 531 2346 1340 1764 935 1035 2671 1884 475 2029 2504
000755.jpg,585 1866 1696 2081 909 1625 411 1471 1093 2083 1643 910 1736 701 42 2353 953 1953 2342 214 592 2425 196 2348 2841 353 1088 476 1638 2067 869 2278 2573 2169 2612 1729 755 1139 1337 2103 2293 1260 2474 1933 1910 820 181 1183 233 2361 1436 285 1488 1963 189 2571 776 1754 2027 2346 1171 40 1602 2450 759 815 2218 2060 1960 183 624 1487 924 1541 1214 1188 244 851 1949 2160 473 2109 1227 6 475 1162 1415 732 2476 956 2567 2210 1232 2162 1797 335 2141 2400 1703 222
000756.jpg,2394 105 2793 530 7 2711 337 1854 1778 975 301 2049 567 1946 1370 1742 875 2792 819 1970 1211 517 118 808 25 2658 2042 639 243 1667 778 1271 1565 1585 1583 2416 966 1210 1239 114 1791 869 151 2304 2252 513 1209 382 2618 945 841 1769 1604 2147 247 1770 311 2551 1415 2803 1354 2026 710 1367 2225 1676 566 1963 487 923 227 916 1002 1566 528 1396 2559 153 2575 2459 512 2259 2310 2195 1554 1920 1909 2349 355 1851 1105 2696 2328 1739 2660 982 959 416 1470 763
000757.jpg,1830 903 702 1908 848 284 768 1107 1340 2471 1310 931 2601 1114 1845 835 2624 1512 2276 1767 1608 1720 65 502 250 1821 522 2388 297 1235 990 688 1254 103 126 578 1323 1975 2315 1759 2757 2622 1557 967 2224 575 739 1391 315 1016 2667 426 1413 1186 792 1804 684 39 1984 240 1075 2015 2288 2024 70 1252 2296 1390 789 2561 2509 1147 1579 584 1334 2314 1555 2354 1810 1597 2702 1818 2495 1834 707 1691 392 1719 2630 1178 767 1958 2320 886 2159 1849 218 581 1728 291
000758.jpg,269 1548 863 1073 339 1646 2685 1450 830 1678 1732 1980 2275 2818 1267 2686 1620 1537 2315 1763 2518 889 1443 2161 1943 2362 116 603 1869 1244 584 973 1285 277 2702 459 1147 1410 2268 1833 2015 2506 1200 1884 1252 845 2121 373 767 1130 148 951 531 827 2167 1120 191 2302 2593 2395 2 2499 1016 750 2118 334 87 2695 2663 2080 2496 1131 647 2831 2258 126 1015 350 1938 1090 922 1767 2688 1753 1012 2030 1001 1747 1523 2136 368 1979 1691 315 1165 392 1959 1057 2804 834
000759.jpg,2751 1083 546 956 5 1525 582 669 1515 2666 1380 300 1882 1697 2197 980 1221 2263 2643 1768 2152 244 759 2841 2128 2567 1139 2348 2457 2688 1702 2168 474 2109 2464 1267 476 844 1603 2502 2810 334 650 732 1458 2503 214 909 1726 2182 1570 2591 2572 1536 1171 2623 1911 1596 1616 2115 1084 2514 609 2706 1907 1602 1371 2620 45 661 2442 2720 889 335 851 1214 971 2498 398 1426 1802 2608 807 2160 2691 2705 1797 1227 2726 13 1170 2359 1744 38 1280 1144 1889 1272 1015 2355
000760.jpg,635 1405 188 2088 987 1319 2501 611 155 1656 85 2411 201 556 1386 1934 2082 2631 2044 2270 305 1993 2713 2817 950 1640 2528 943 221 1102 645 2389 2439 51 2367 1422 562 1202 1636 2721 547 1788 1644 2309 1926 1840 2836 439 2011 1752 2300 626 440 1381 2837 260 1552 1617 4 900 2312 2826 1468 1658 1544 2790 2433 197 992 2832 1901 48 1860 134 1799 2046 1407 613 817 2419 169 674 826 2133 1782 463 59 1965 715 2375 1307 563 312 1545 1444 769 231 2023 2241 1029
000761.jpg,1162 1173 2483 1666 1250 2578 1342 1954 691 2293 713 624 2463 1412 828 1163 1484 1203 1674 1352 347 1322 377 322 938 1038 110 2107 488 703 1074 2047 985 1740 174 1206 111 1219 177 479 1976 1374 308 370 351 2829 595 409 2775 1065 460 413 1654 289 979 332 640 1415 2599 2679 1949 672 2589 2003 2108 1881 1436 176 399 2325 1225 340 461 755 2828 1817 2227 2762 853 1582 2729 224 2400 555 1501 2743 1820 1393 384 1145 1510 2009 1263 1150 208 1562 2587 72 2602 496
000762.jpg,2409 789 251 1166 240 1558 1427 727 1513 1928 483 1161 1951 1451 1361 1306 1115 2054 293 714 2784 658 436 1847 2540 215 1389 1178 1773 589 485 364 2381 898 1213 1786 803 2787 1883 2149 2040 1798 2066 989 1333 737 646 2546 1207 572 1149 564 1672 1087 1353 1561 2000 1257 1971 1175 1804 1900 2072 1091 2656 2113 2504 2579 581 926 63 1228 341 614 1693 310 1559 1106 10 2320 93 1818 2242 2699 1357 1535 1019 1230 1137 1334 1590 2247 95 1298 1394 373 2737 101 374 949
000763.jpg,2494 2691 6 1687 796 1462 1605 117 1641 1426 275 1882 2768 1080 1221 924 1400 40 582 1541 23 973 1326 2666 1537 474 334 2359 851 98 1911 285 327 1144 298 1198 2810 1591 420 372 1380 466 2620 820 1285 1659 2571 650 1371 1458 690 1570 956 375 1922 2421 2014 1616 2303 2502 946 2726 1744 498 1874 2086 1960 1397 1603 531 636 2443 1061 510 475 2210 281 20 1931 2109 2751 543 2683 244 546 2203 907 1170 2263 2043 1536 1205 909 2291 2503 2179 2677 2705 425 1487
000764.jpg,2529 2517 143 641 1735 2271 1440 638 787 1238 1291 958 2731 1373 1129 810 1445 428 299 1863 386 71 2215 267 226 30 264 1694 1814 1360 2139 2481 1619 2298 969 46 2092 1324 2771 991 888 2371 667 1939 1803 1925 1630 718 798 1112 1411 2541 2455 262 1159 1355 1009 2460 665 1520 1446 1589 837 1122 2797 1807 2619 1684 1982 1258 2833 1539 1629 1270 234 1295 2616 891 2013 557 1572 2175 2158 2776 2584 2340 697 2266 1294 2524 2385 797 1816 2709 511 1 706 403 1514 1242
000765.jpg,633 159 2062 326 580 503 1912 1097 31 2316 238 125 455 2250 1293 772 1704 2715 2812 771 2592 711 2265 200 1127 1143 655 1111 1730 2681 1011 1026 2322 999 2789 2301 2770 1974 1314 1335 1262 1008 2594 505 788 2025 726 2193 618 602 2236 1822 2774 1472 1124 458 2017 1302 478 1461 120 1297 331 1274 552 28 33 1873 877 2765 1831 484 2764 1941 456 1568 1500 1967 2181 2237 1240 2053 1655 1003 1648 1317 1635 2407 390 1917 643 1929 2557 235 2773 1708 139 1756 2232 1875
000766.jpg,767 2496 2532 1938 277 1842 18 70 2 2663 1747 601 431 1833 2510 1443 2702 211 369 2686 951 1834 1759 1413 1418 578 889 990 1125 126 1391 1989 250 2757 2315 65 684 2772 1753 2818 1975 2777 1186 1845 1767 688 297 1323 502 2314 2478 2015 1252 2276 417 315 1821 1460 461 1720 2077 2128 1512 531 2388 2622 1519 103 1235 2624 931 2601 1114 1390 886 1557 768 62 1686 2471 1980 1608 1908 1340 2183 2029 597 522 1757 2561 284 477 1065 2096 1035 848 2671 2644 2302 2512
000767.jpg,1260 1188 1602 1953 2348 1889 2810 2823 1596 2171 1866 971 214 620 476 1766 2562 2457 1702 2725 509 306 1227 956 1907 1214 1726 2404 2498 2591 2678 2043 1638 43 2841 2056 752 2643 5 2751 957 2197 669 411 1797 2464 1487 2476 894 2169 1515 419 181 924 1696 2448 759 1217 2567 844 909 609 2263 2313 2346 96 1802 1280 1858 1632 229 2182 2060 2216 1093 2079 2425 1603 2160 592 189 45 2153 1083 2141 732 1171 2720 2115 22 1139 785 1318 468 2522 861 2168 2508 1032 2623
000768.jpg,1444 1328 1649 2836 1623 947 1544 1663 2439 1054 1782 1381 2628 1840 1437 169 1658 2837 1679 2707 712 1261 2241 1307 1218 900 2352 440 2767 1640 51 674 1051 1993 2076 563 1486 735 1316 2309 860 1489 1417 2826 305 1617 1796 1710 1752 2034 715 2545 2721 1569 1123 1468 1878 2272 645 2815 1586 2433 155 2606 194 1948 559 965 562 201 134 906 100 1701 2358 2713 1045 978 445 497 1029 1860 2133 2007 1422 1496 950 1416 2652 1552 489 64 2544 260 659 2011 168 1046 904 747
000769.jpg,377 1352 828 222 1504 865 1173 640 2195 2293 174 2047 1203 2325 1754 1864 1949 1415 2483 2003 672 2520 853 1342 624 1477 2734 370 516 2828 347 2578 2485 1337 1206 776 1819 1038 1204 2582 111 1113 2743 488 2775 1219 353 224 1574 1162 2157 929 781 703 1643 1565 1393 2353 896 2421 413 2729 812 2400 2585 270 479 2361 1484 981 539 322 2808 3 450 933 58 1246 1359 2490 1954 1041 874 256 1686 2798 303 2170 1436 1642 713 2640 2334 2762 1595 825 13 1958 332 247
000770.jpg,2113 658 1115 1213 1161 2066 727 1389 2178 2022 1019 1513 1175 1333 1951 304 1353 2546 1847 485 1300 63 443 589 240 1306 1087 483 789 1558 2409 572 1228 614 1883 714 898 2784 1773 545 2054 293 1785 1891 1166 1230 2242 2024 2787 393 646 1125 2772 1561 1507 1207 251 1685 2504 2238 2143 103 2149 1928 1394 1971 2040 101 2072 1753 1898 2777 1798 364 24 586 2000 1427 2579 2759 737 926 1244 1323 766 436 2114 215 1795 2136 426 1996 1818 581 2737 1719 1334 1178 1091 395
000771.jpg,280 493 1580 133 548 2672 1861 2327 228 1930 2332 2418 1457 2174 1792 2125 746 801 1575 2456 687 976 1758 263 656 2039 1877 756 1664 2374 2581 884 2184 2356 242 57 934 1193 2694 2659 1724 2198 1551 1234 210 1887 2229 689 1542 77 859 704 1348 1350 2739 158 2662 170 421 857 514 2321 1859 1229 2155 2123 82 1292 1375 1191 438 185 1665 842 150 1392 1345 797 1947 885 1377 1576 1776 1765 1675 1358 2206 2127 2187 1196 366 2703 1030 1276 720 706 2461 1857 880 2330
000772.jpg,1860 2272 201 2721 2556 1316 2309 2713 439 1453 1496 155 1416 2628 1901 2433 563 562 2650 2815 1965 305 1096 1948 1640 715 2352 1490 64 1569 2767 1218 1261 1897 2707 1993 1381 1444 1544 100 1649 747 2376 2826 2631 51 645 48 2034 1623 2439 1658 1307 1679 1054 2545 1840 674 2076 2732 1123 168 2241 947 1468 1782 2836 1617 906 1051 440 194 1362 2837 1663 169 231 2289 950 1586 1878 1148 900 769 1328 1437 260 1422 2088 2023 134 1775 1752 497 965 2133 2312 1486 559 1796
000773.jpg,1693 832 310 1743 983 2441 2656 940 1434 2737 1760 1712 2149 75 2827 1786 954 132 95 182 1535 2190 1176 824 1343 949 2021 198 119 1298 1004 1856 1257 818 2112 1103 1773 2497 2547 737 1867 2040 695 1269 751 2408 149 1836 1795 2000 576 2202 1713 693 424 1476 364 1361 88 2745 1091 436 1231 1478 1685 279 683 1971 469 1014 2615 251 215 1116 379 341 76 1224 2699 1459 485 1334 2493 1849 1593 2651 1346 1749 2240 1722 1999 1169 1714 617 1265 1785 1838 63 2354 1590
000774.jpg,280 2327 493 2418 1580 548 133 1930 1792 1861 2174 934 746 1758 57 228 1724 242 2125 1664 2672 2581 2456 2374 1575 2332 2198 1877 976 2694 801 210 1234 1193 263 1457 1551 2039 704 689 1375 2356 2739 2659 1887 756 884 2184 842 1276 170 1292 1345 1665 514 77 1576 1542 857 656 2321 2229 1859 82 158 1350 1191 2123 1377 2155 1776 438 2330 687 1392 2703 150 2127 421 1675 885 2662 185 859 1348 2838 1229 880 1765 2187 1857 2548 1494 1086 588 2206 2004 470 294 793
000775.jpg,64 2721 1640 155 51 715 2352 439 100 2272 562 1316 1569 201 48 1860 305 2713 2628 2556 1965 1381 1051 1496 1658 2309 1649 1840 1054 2815 1218 1948 1416 1782 2433 440 645 2836 194 1444 900 2826 1096 1993 1490 2767 735 747 1307 559 2241 1617 563 2439 1679 1544 2023 1901 2707 2837 2545 1422 1752 1453 1468 2076 169 2631 965 1586 1261 2011 2650 978 950 1623 1148 2088 168 1437 1584 2034 2376 712 231 260 1123 1775 1796 1328 674 1486 1897 906 1788 497 1878 1663 319 611
000776.jpg,1640 201 305 51 1658 1381 2836 1617 155 1965 2309 562 2439 439 1782 1993 2713 2826 2545 1901 1316 2721 2433 715 2241 900 950 48 1422 100 1840 1860 1544 1444 1796 64 2034 1636 1752 1218 2815 1878 440 188 563 674 1307 1649 2272 611 1569 1405 1437 1123 260 1054 1663 559 2088 2650 1656 2352 2023 1679 1934 2628 2376 635 1584 1496 2411 169 1623 2367 992 712 735 1586 2837 231 1799 2046 2556 134 2082 1319 978 1453 1202 2767 497 1468 2528 4 2817 1486 1096 947 1051 645
000777.jpg,639 1210 2252 2349 1791 311 875 975 1470 945 841 2792 118 567 1851 1667 579 2416 819 7 2459 1977 1583 2328 887 2793 1769 982 808 227 1154 2488 530 928 1367 1920 2491 1531 492 2310 1651 1578 2647 2065 1211 114 1354 517 916 566 2304 2658 2147 1854 2682 2049 1368 1770 2711 1579 1179 1657 25 1209 2225 2723 923 1742 2026 1239 1970 1565 748 2618 1415 2042 451 512 2796 2803 2778 1271 1585 778 528 2559 930 1063 2394 1528 151 1566 2575 919 2379 966 1604 382 952 1909
000778.jpg,1513 1161 1847 1333 240 2784 1213 483 304 2178 789 2022 63 1087 1228 2546 1019 2504 1928 2066 2113 1773 1115 1166 1389 658 1785 1353 2409 757 1685 376 1971 1558 1178 1883 1298 714 251 2579 101 1951 2149 545 485 1898 1804 898 1175 727 572 1996 2242 2408 2759 1137 1306 1795 2054 328 2656 754 149 614 1394 695 1483 967 374 529 596 1801 766 954 1427 1257 2700 395 2040 2238 1300 1749 2422 182 1561 1207 341 310 1447 1798 2523 1535 213 1091 1999 1361 2381 2787 407 646
000779.jpg,2434 2018 2146 2536 719 2284 1289 2008 1246 247 825 2551 2361 764 1985 701 652 998 873 1359 1574 929 14 2585 2353 723 1352 2157 2603 1128 2336 2394 1403 539 1577 1157 2405 874 2019 604 2170 779 1583 2400 2426 3 1493 1595 212 516 2003 2485 1745 1534 914 1347 1204 2325 2204 1642 1121 2582 1772 190 1351 1915 765 1136 1864 58 865 869 35 105 1819 450 2487 1729 778 1970 276 2209 2792 343 382 1997 303 1203 540 549 254 1854 1173 1247 2195 233 1041 2718 1477 2178
000780.jpg,2494 1659 275 1400 1687 1205 1198 6 1488 2014 327 690 23 2768 1537 510 1502 1462 466 1426 298 1080 2203 1591 1641 40 420 1326 2179 498 2521 2691 117 2620 1738 2303 1397 2359 375 1371 851 1570 285 265 281 1922 1541 1960 1144 2222 924 1882 1183 973 1061 2571 2210 953 1221 1113 2124 167 2247 1515 582 820 1184 956 1471 796 398 2366 1077 1616 244 20 1180 946 425 148 636 1911 98 448 2132 2386 474 1251 2573 1458 2264 909 1726 2109 423 1973 1364 2115 546 1603
000781.jpg,2320 1149 1451 2354 29 2533 1361 967 707 286 2172 2000 1849 1804 2054 2756 2615 1106 2673 2409 1719 634 1559 80 1334 1535 1306 426 803 1798 1728 215 2408 2021 1269 1561 2413 119 1346 1928 2024 2149 1296 2323 1558 436 714 293 789 1448 1984 564 24 2656 520 1175 737 2787 989 2381 1786 2072 1689 1867 1951 754 310 646 1091 341 1207 1597 1231 251 2143 581 291 485 1178 589 1383 364 1166 727 1427 1818 240 898 2784 1016 1538 218 2390 2566 1533 10 1722 572 2748 2430
000782.jpg,753 2821 2669 2398 628 2465 2505 346 138 1781 52 108 625 1787 786 679 467 654 1220 363 1662 430 2467 1022 2687 2091 1048 2311 61 2164 2690 936 858 1021 2794 331 1248 2429 241 113 525 2407 1282 1481 1500 1024 2017 402 1378 2025 49 53 2070 89 408 1275 1356 2634 1127 1435 2765 2611 1612 239 1780 2236 1789 1317 1598 534 2142 2565 1140 1506 478 245 418 1008 2301 655 1216 2698 1026 2632 806 1273 2285 1303 1465 1918 758 390 840 471 1475 1829 1438 561 1141 1274
000783.jpg,2163 453 1085 1628 2679 177 2122 401 1023 73 823 380 2274 1903 141 2829 437 868 460 1888 2636 1553 2009 2587 2577 1430 2055 429 694 72 595 2074 399 1599 289 1808 1163 208 1784 2469 1890 1510 1688 1699 1241 1740 554 816 731 142 2126 2415 172 1160 1047 1717 1492 1233 427 121 2568 2668 2747 760 536 1562 1793 2098 1089 322 2655 2217 901 555 1550 2267 2380 802 1155 1412 713 681 571 1872 2722 2629 156 78 743 199 612 193 2108 988 2423 21 930 569 176 2786
000784.jpg,1730 1929 2715 1262 452 455 464 295 1275 418 389 2687 31 1706 1813 225 1923 326 2236 1568 484 125 456 2193 999 324 2806 1912 840 1563 927 207 1281 2396 2232 2301 1039 1655 726 1831 580 788 2531 1124 1481 505 1787 653 1789 501 1062 2025 2557 1011 129 1475 2407 780 1008 159 2594 108 1503 1111 1932 822 2592 61 1875 2059 1003 2062 458 1708 1026 2244 238 2053 290 356 1097 2365 192 33 758 1704 1335 139 1465 1543 2142 2716 633 1941 52 346 28 2306 806 2773
000785.jpg,702 1830 1107 1908 931 1310 284 848 903 1114 1340 2471 2601 1512 1720 1821 1767 835 768 1254 1845 65 250 2624 502 1608 2276 2388 578 990 1975 126 297 103 688 420 522 39 2630 1180 1235 1372 1323 2768 1557 1818 1759 581 1832 2297 2757 1397 1391 2347 70 926 475 2315 2288 684 1916 1413 2622 2345 575 1748 2754 2281 1259 1014 148 2586 2159 1459 1390 2620 1186 1035 2521 2510 564 1357 2612 737 1016 2346 676 469 1691 2203 102 1842 240 18 1192 1687 1922 2561 775 2637
000786.jpg,1842 18 1834 70 951 2777 2478 2663 1125 601 2077 1753 2 2772 431 2015 1759 2510 1252 2818 578 2757 2561 990 126 297 250 502 1391 1413 522 277 1323 2496 103 1035 931 1720 65 1767 1186 2624 1821 2276 1845 1908 767 315 2622 369 688 2644 962 1114 1975 2315 1938 684 2532 1235 2504 2314 2601 101 1390 2579 1418 2471 1340 1608 1443 2323 284 789 1557 1989 1798 1230 1833 2702 2667 572 768 364 529 1166 1928 1839 702 2784 10 1905 2388 886 1809 1747 2656 211 395 1801
000787.jpg,374 499 529 101 545 1561 1785 1228 617 757 2759 1533 1689 2644 1928 695 2579 395 1999 2546 465 2323 1166 1847 2504 1801 754 596 962 135 1631 2242 1333 1213 1334 328 1971 2040 1513 304 2656 2112 1798 2113 2143 2381 1103 2178 558 1087 1343 1257 2277 1298 2066 2547 1176 63 1161 2022 766 132 2324 1394 803 1115 2827 1728 341 2238 2149 24 182 989 2542 1883 1773 1137 564 2180 485 364 251 572 2413 1207 1900 2441 898 1535 1035 310 2523 1839 714 1175 1434 1178 2409 926
000788.jpg,743 2568 2423 2117 2267 662 2140 528 73 1613 2559 1492 36 2618 451 1886 2074 1599 1058 2349 427 1431 2078 1567 380 2416 311 2064 868 2380 802 500 1233 1236 2415 2596 1769 1528 921 429 142 1053 823 1301 292 875 302 437 1237 172 2796 2658 975 2428 2163 2722 763 923 1909 2282 1210 2217 579 901 1085 7 1699 446 1384 1290 1981 151 1888 607 566 1890 982 399 253 2537 2219 878 631 199 1155 1793 1742 554 709 1604 394 1017 866 2221 1879 1160 2642 1518 2469 2225
000789.jpg,1752 221 2790 1202 1102 943 1926 2389 2367 1624 1656 2817 1545 1316 817 2300 1644 2411 2528 1146 2832 59 4 1934 1437 1993 2082 1407 950 2515 1386 547 312 626 611 2270 1796 900 188 987 635 2826 562 1636 1328 645 51 1640 613 1569 1878 2721 2069 2011 2309 1405 1737 1840 2241 197 712 556 1307 1319 2631 518 489 1422 715 283 1965 1051 155 305 2439 440 1123 2714 1381 1544 1496 1799 2556 1148 85 2544 674 1788 2545 1860 965 201 1658 2652 2501 2337 2837 826 735 2836
000790.jpg,2070 200 2690 643 478 1048 2062 2467 655 2316 1141 1780 216 1500 346 1912 455 33 618 331 108 1941 2669 192 1003 139 402 1140 363 1648 31 1598 1506 1124 326 1262 344 1008 1021 561 2773 2565 1756 449 2301 1026 1961 1248 2025 52 1568 2611 418 1273 2232 290 61 159 1472 1097 822 2407 2632 2398 786 753 1692 1972 1127 1715 788 2406 2053 1647 1929 2105 1317 1481 1118 1923 1781 430 2821 782 1704 2265 503 1037 654 758 2698 1822 113 721 1275 209 1730 877 580 1156
000791.jpg,1816 1366 2529 143 2298 1480 273 2271 2139 1539 1619 557 1982 958 2104 2833 2092 1242 1684 1925 787 638 2517 1360 969 2460 2797 1440 1445 641 1238 1291 1572 2371 2524 264 667 30 234 1129 810 2385 2481 71 2455 2633 1446 299 1630 1803 879 1159 1863 226 1814 428 46 2731 2266 2138 1 1660 1324 2215 1355 1122 2844 267 1373 1514 1009 2213 2607 551 1294 2363 1540 1549 2776 1411 1520 2158 685 2185 1694 352 537 665 1735 386 913 891 1815 317 837 1939 888 2226 1589 1112
000792.jpg,1045 1208 735 1983 2241 2130 2376 2076 2538 518 1552 134 1092 712 992 440 1490 904 1328 259 1799 2050 2419 2046 1840 2574 524 59 1172 219 2732 550 559 1453 445 1422 463 1788 497 2148 2088 906 2011 970 1468 1617 179 2482 977 2375 2564 2714 1362 2133 2840 1710 2735 747 348 950 2769 2649 2424 74 1636 563 168 645 1486 925 1261 197 1901 1663 1679 439 1544 2439 1895 1897 1640 258 769 260 900 1993 833 2544 1381 283 48 319 2454 201 51 1151 613 1146 489 1796
000793.jpg,1898 757 1631 407 2317 1945 2178 540 2111 1087 1343 783 949 304 1749 232 135 1999 2737 1683 2566 1801 1304 1298 861 1093 558 1685 1513 149 614 1161 545 1019 2112 2441 2827 2546 596 1228 520 310 2523 1394 1004 1795 1137 1727 2408 2422 213 1150 935 1847 1773 2224 2022 516 2242 954 1103 2238 132 1333 724 1996 2113 1213 617 341 2591 63 2785 2759 88 1561 1145 34 2058 335 2547 695 1597 2071 714 1352 766 328 2504 624 2066 95 2489 485 2277 1434 785 1389 60 529
000794.jpg,1649 1444 1054 2628 2836 1381 1658 1218 1544 2767 1623 169 2439 1782 1640 155 2707 1840 1679 51 2837 2352 1993 1663 947 1261 2815 1860 201 440 194 1437 305 1965 1316 1328 1051 2272 2309 900 1617 64 2713 2826 2241 2433 645 950 1948 2721 2556 439 1422 1468 1307 1496 674 48 1752 562 611 1416 978 965 1569 715 1096 134 2367 2011 1796 559 1775 1417 100 2076 1123 1901 1897 1148 563 1636 2652 735 2270 445 2133 2545 1878 2389 1545 2312 1202 4 712 2631 1586 1486 260 2023
000795.jpg,1752 2367 645 2389 1316 1386 1656 1202 2082 221 611 2424 1636 547 2817 188 1102 1319 1545 965 943 2631 4 2270 950 2790 626 1926 2300 1407 1993 987 1840 2411 900 562 2721 635 155 1405 817 2826 2309 1965 1422 1796 201 2011 1878 1146 1934 489 305 2069 1437 2241 2088 2439 2515 556 1496 2375 1775 2545 2528 1737 2133 2713 2556 769 440 1307 1544 715 1148 2084 2312 2837 59 613 283 1123 197 518 260 2433 2023 1096 674 1860 1569 1051 2832 1640 1444 2652 2836 2272 1901 1624
000796.jpg,1728 2413 1448 2785 754 2295 2756 1689 1945 1383 232 1914 135 310 2615 95 2441 596 1631 1597 1296 1996 2827 967 520 213 328 1265 19 1535 1804 499 695 1231 2472 777 1561 1743 426 1091 634 2547 132 2566 1722 2242 2745 2638 424 80 2523 88 757 2784 1304 2354 1984 1334 341 766 1856 1593 1538 1846 2202 2684 2546 1343 1176 1999 184 2579 1533 2235 1197 558 119 2111 91 2656 1883 983 2759 2737 1478 737 2149 2277 2489 989 60 949 1971 2021 832 24 917 824 1693 2190
000797.jpg,2270 2389 1545 2082 626 4 645 59 817 547 2011 2300 445 2367 188 1737 1386 1146 1407 2817 1319 611 1926 1202 1468 2411 2631 197 2528 1102 1710 1752 556 1405 283 987 221 1624 943 2044 1656 900 1934 1993 2790 635 1029 2837 169 1644 1895 2707 826 1552 911 2424 675 2312 1328 1489 1636 1123 2832 463 1253 155 2501 85 613 2544 134 1437 2397 562 312 674 947 489 1788 2344 178 1428 2375 1544 1701 305 1381 860 1417 970 1046 1444 2200 992 1414 606 319 2069 1796 2670
000798.jpg,1243 673 1131 605 253 248 1424 257 434 1498 1442 1133 593 2095 336 2377 112 2788 535 1068 2151 921 1794 870 2697 1966 1573 338 2064 1020 1527 2251 410 365 2519 1040 749 94 2830 1309 1783 1634 1466 1325 2299 730 610 811 678 1850 800 855 1379 2102 1936 1581 821 1946 774 2516 568 2560 1311 2746 544 2087 1094 1992 648 1526 1142 435 2492 1969 881 2243 1005 1779 2549 2290 1778 1670 1968 717 1516 1110 2145 1174 1079 1913 2730 2005 2219 2417 1511 2196 1017 937 2364 883
000799.jpg,1277 1450 830 2058 575 1104 834 1620 1669 603 835 1691 1732 2422 2275 1013 1523 2641 1254 1727 2550 2176 2555 1507 1678 1028 55 2754 1449 2080 357 2233 2166 1401 2414 2159 1749 1200 2684 2239 102 1372 2586 1336 1734 2604 693 2563 1996 728 920 2254 2368 1469 1147 584 2192 2106 2297 1919 777 1611 1898 1690 2234 2347 1672 1014 407 1107 775 2383 2780 373 845 2630 1771 1382 441 1459 34 187 794 2288 279 2804 2605 397 2360 2160 469 1259 1517 2637 2695 1016 827 284 2651 1748
000800.jpg,1381 1444 1640 1658 2439 2309 2721 1218 1544 51 715 2837 2352 2836 201 2767 169 1993 562 1860 305 1782 1261 1623 1569 1328 2826 1752 2707 1437 439 1649 2628 155 900 1316 1965 1663 950 1679 1054 1878 48 100 1796 64 2241 2270 2713 947 4 1948 2272 1468 194 1422 2790 1840 2433 440 2367 674 1545 2312 1617 2817 1416 611 1901 1636 2545 1123 2815 1926 563 221 1307 943 1496 1417 992 626 1586 712 1799 1051 1096 645 2300 2528 1644 2082 2389 1146 2023 260 445 1202 2046 1102
000801.jpg,1980 2818 277 2685 2663 2161 767 269 2 1413 1252 2315 951 2015 191 1753 2302 1391 2686 2772 1125 126 2518 1165 1285 1443 2777 1537 2314 2702 1989 1833 973 1767 531 578 889 369 315 1519 1462 1186 1834 2366 688 339 18 1905 1646 601 1073 1747 1267 1842 2478 863 70 2362 1869 646 2167 2510 2496 2077 1120 1380 2276 1460 334 1548 2667 1884 65 543 1147 990 1809 2124 2359 431 1938 1943 2499 211 750 574 2443 1323 584 2506 796 2691 2128 2535 2624 1390 2532 2494 2561 123
000802.jpg,1898 1507 2550 407 1104 732 335 2182 1683 1093 2591 2230 2414 104 284 1908 240 1161 1797 1891 1847 2601 1702 297 953 1669 2768 1768 1691 1088 1277 1513 502 2604 2471 103 789 2056 2346 1696 107 509 2754 990 148 1596 2019 2641 1845 1333 1115 848 2351 2022 2504 909 777 2841 2160 2624 475 1889 181 483 2784 325 1471 1177 2630 1458 1723 575 2113 443 1364 420 2503 1397 1605 304 2297 1515 620 1213 1389 903 1372 2521 1996 1866 2079 1323 1125 851 2178 2242 1235 2526 2498 2612
000803.jpg,275 2494 2303 1205 117 372 298 1687 1659 2014 1400 1502 2179 327 1541 285 375 1080 6 1641 2474 2691 796 23 167 820 510 2203 1591 425 2726 2791 1084 690 1488 1326 2030 973 1973 1184 2521 1371 20 1285 448 2359 281 1738 790 244 40 1911 2132 1221 1922 1183 1198 2162 1960 910 1462 2768 582 1603 546 163 334 1537 1061 1979 466 907 1570 2620 956 946 2677 2623 398 1200 1882 2086 420 2115 1397 1744 1144 669 621 2109 1284 2264 2222 1077 629 2573 474 1616 2386 69
000804.jpg,1032 189 2060 1286 506 2153 1933 2476 1844 1632 1227 1217 476 96 2197 20 419 2554 2608 2216 1907 2623 1188 2313 2450 411 924 894 171 807 1284 167 761 759 2823 396 1802 1556 669 1260 1015 1880 2425 620 1987 1927 1214 333 1797 2645 1084 1456 481 1638 236 2627 897 2760 181 106 454 2261 2404 2249 1703 815 1449 2573 2810 2182 2079 2751 1199 856 2141 2726 2348 1726 1098 2168 592 1280 621 2188 2643 956 2156 1288 1536 1866 285 1736 2278 42 309 2567 1108 732 1321 1221
000805.jpg,1548 1646 531 117 2593 1184 2132 2179 2791 1973 1200 907 1502 2661 375 1738 1284 1267 1922 448 690 400 2303 298 1884 827 269 1641 1747 2691 275 594 1285 510 2686 1326 1080 20 1061 2726 1519 889 1979 955 454 388 1397 2521 1456 2268 2620 339 2014 1443 2203 2162 1570 425 2494 980 2702 932 420 2677 104 973 1537 2128 334 167 1833 1077 621 2051 1767 148 372 1744 2499 1139 123 2118 2496 2768 669 2030 1171 122 796 601 1521 546 629 1763 444 1512 2150 863 1255 650
000806.jpg,2558 165 2135 2258 899 725 2728 2741 2813 1841 647 137 2639 1126 1937 1212 2736 1130 2248 2506 1606 2526 1055 2766 1076 1825 2207 1874 2220 2057 1463 146 1134 2435 482 2511 2382 447 804 362 948 1547 246 1944 1931 2294 2683 1223 1639 1464 2393 442 1185 494 692 1940 2286 1935 1056 2842 2292 1899 1777 2319 2305 1986 204 116 2580 2825 2569 939 329 722 1942 686 1452 2291 2427 2068 677 2665 2708 2440 491 2041 1408 2438 2037 140 598 2719 2051 1771 864 271 2499 1439 1067 1433
000807.jpg,192 478 455 2070 655 1262 331 2062 2025 1929 216 363 139 2669 1756 1118 1912 1008 782 1781 1248 245 346 108 1780 52 430 1273 295 1143 2301 326 1822 1730 1127 1275 1026 1048 2690 1124 402 2406 2467 418 1141 1356 1692 2236 31 786 2407 61 2053 1647 1481 1706 2611 1156 822 2173 467 390 1648 2794 1972 125 2632 2821 561 1018 1317 1923 1021 33 1568 1140 2806 1472 1097 721 788 1282 356 449 1274 654 2232 2698 1438 113 643 1378 2765 344 758 1003 580 471 464 2465
000808.jpg,2381 803 436 1900 364 2040 215 989 374 101 251 926 395 737 1357 1818 341 2579 581 1798 564 529 962 1561 2149 1427 2644 2656 1928 572 1257 1166 2756 2504 754 328 2114 1394 2759 766 1230 1971 2323 1883 789 2242 2238 545 1091 2409 1801 1178 310 2066 1786 1213 1334 2021 2542 1558 2277 1115 1693 949 1513 39 1533 1839 1773 1559 1847 714 95 898 76 2540 1343 2546 1035 1228 1161 1353 1207 2497 1087 2699 2324 230 940 1451 1180 1333 596 2784 2113 1996 1538 2630 1728 1951
000809.jpg,476 1188 1889 2197 1227 1953 1596 2348 2404 1602 971 2562 1866 214 669 2464 1260 2168 2725 1726 2498 1907 2810 1214 2720 957 956 2476 759 2751 609 2643 620 661 1802 2313 2841 300 2188 2442 1515 1083 2591 1702 2678 2823 1797 1766 1032 1217 2115 2182 2056 45 2608 2567 2171 2457 2160 2623 2278 924 1221 2263 894 1280 1768 387 2109 636 181 22 844 1556 761 644 2079 1697 5 189 1858 1318 2060 909 1171 732 411 752 2043 829 1880 2688 582 2522 2216 1487 236 1536 1638 506
000810.jpg,2641 107 2414 1177 1104 55 2176 728 2604 397 1669 953 1471 407 2019 1601 2326 1488 2036 632 2080 462 2768 357 1691 2351 2605 2360 783 575 149 1507 510 954 1685 2754 1036 2258 2573 2700 1795 1749 2203 198 2234 2521 2281 1365 148 1712 1447 457 2180 818 2159 1760 1591 60 39 1727 205 420 1482 924 1898 2780 1194 2630 1232 2211 104 1277 2254 475 2550 1748 2288 2522 2058 2494 835 265 751 1773 2422 2603 2453 1620 2506 1469 940 279 1318 2612 2368 1169 187 2233 1990 2447
000811.jpg,2361 701 2353 2325 585 2400 1162 2293 353 624 276 2003 1173 1225 776 233 2067 1477 1954 2154 1415 703 351 1754 1222 347 1093 479 110 865 1643 224 413 1963 781 869 1819 755 1352 738 1674 1864 910 1203 1484 1835 2342 2081 1729 2333 2640 2195 174 1949 2463 1625 409 1666 2520 2808 640 15 1696 985 2214 1583 2603 896 2483 128 1651 222 384 909 1249 272 1342 1206 998 1337 1219 831 871 2682 196 2083 1902 2410 1654 1179 1957 2103 1711 1344 2775 308 1266 1074 1245 1402
000812.jpg,924 1232 922 1487 1471 2278 42 953 851 37 2573 6 761 40 1536 107 1318 2823 1104 1703 2571 636 1177 2810 1221 1488 2162 1687 1188 411 1400 1044 2678 1669 586 2197 820 325 1605 2726 956 214 2604 1364 2612 1726 443 2346 2216 592 1541 1661 1183 1288 2841 1960 285 909 2522 2109 861 1744 167 2807 856 2171 1603 1866 1363 476 2567 2502 45 20 1727 2067 2168 1882 407 1659 644 122 1260 1272 323 2348 1227 2103 2056 1093 1797 1591 2751 582 2591 334 2043 844 335 745
000813.jpg,70 2510 431 18 1842 1759 1834 1753 1125 962 1230 601 2 2644 2777 2663 2478 1035 2757 2561 951 2772 1839 2077 2323 2622 1798 1390 1443 315 1938 2496 2015 572 529 1557 2579 395 1833 2504 284 990 2818 1801 803 364 1747 502 1908 2686 522 578 1252 2149 2656 101 714 277 789 688 767 2759 2409 1394 766 1928 297 931 2784 215 1767 1207 1391 1418 1561 328 65 737 1558 1413 2315 1720 1323 702 1821 2277 240 436 754 581 2601 374 1845 250 1357 251 1306 1512 889 1451
000814.jpg,2792 567 1791 7 118 887 1470 2416 2328 1531 808 2065 2778 579 151 1977 2793 1271 1742 975 841 930 928 819 1354 748 982 2711 945 1667 2349 1583 919 25 2491 1210 875 311 1209 1854 517 1851 2459 492 227 2252 1179 1578 1585 1970 1154 816 382 528 2304 639 1769 778 916 998 2618 1367 114 1579 513 662 2225 1657 1688 1528 2658 2488 923 1233 1613 952 2559 763 566 1808 380 2267 2117 2097 1651 432 1909 1100 1770 2064 1155 1729 1063 2380 1368 1404 2575 2796 1553 1239
000815.jpg,1029 1552 463 992 258 1407 2046 2045 626 4 2411 1796 2419 2574 2528 606 611 74 2424 197 2515 2817 1586 1934 1788 1895 188 2397 2753 860 1190 1983 1151 1405 2676 645 2724 2044 1644 1319 497 2133 900 833 1489 312 559 1701 2367 2270 987 659 319 1102 1636 970 2389 2755 1799 943 1486 2832 817 1146 219 1710 1386 906 1417 1656 2011 675 2544 1545 2300 2501 85 2375 2088 2631 2084 2735 283 51 59 1584 1428 1926 2790 635 1381 221 2564 1993 2082 2840 445 747 2069 1320
000816.jpg,655 331 478 2406 245 1780 455 2316 1262 139 1248 1127 2062 1912 2765 786 113 1048 1472 1929 1648 782 1273 402 1187 467 1781 936 2794 1647 2280 1335 1024 209 430 1655 2465 2505 654 89 1026 363 2632 2611 1274 2025 1972 1706 1438 31 2173 2236 1756 52 1831 999 2061 643 1356 525 1140 1018 2698 239 1141 346 2311 2164 1568 1282 33 2531 471 125 200 192 216 2232 2301 1008 1124 838 1822 2669 1118 356 1275 625 108 1317 418 452 2467 1378 464 788 1143 822 2137 1465
000817.jpg,446 1301 1567 1237 1909 2282 1290 1981 1058 1604 2609 1613 662 1518 631 2049 2140 530 2064 451 2796 2658 1384 1119 2349 186 921 709 2596 2219 1017 1546 311 2117 984 1455 394 966 1879 937 1331 607 1742 875 2416 2543 2310 1894 528 2392 7 118 1673 1978 1211 2843 2085 579 1210 2006 2618 908 2093 2065 1516 2257 1614 982 2357 567 2559 887 975 1105 942 25 1913 1739 487 1002 852 355 2452 2243 1142 2697 519 1791 808 2519 243 2537 2262 257 151 2793 1174 513 301 923
000818.jpg,477 2625 1998 461 677 1976 2499 1223 431 2510 526 447 531 1721 1771 1230 146 274 2686 1747 1677 1725 2 864 70 1439 1519 482 2167 2051 1892 1874 601 2436 368 608 1501 1165 646 688 2435 1418 962 2685 1425 2315 2663 657 2622 18 508 2037 2220 2593 2825 2719 2302 1443 2443 2639 886 444 1185 1557 854 1842 1899 768 2702 2054 1980 2496 543 2779 2766 2409 2757 1463 1759 1390 944 1876 1082 1686 1949 136 1252 1817 2438 277 1833 2427 1757 1088 915 1391 2598 1263 1413 2741
000819.jpg,2810 2171 2043 2841 2666 2216 2591 1953 650 1188 1221 924 2751 2502 1487 214 1605 2230 851 2197 1889 2348 2567 1603 1227 335 1602 1139 1171 2056 2160 2182 732 956 1214 300 1797 807 45 334 1687 1515 1260 1922 1744 909 759 2678 1217 1931 1397 1536 476 1556 2109 2726 1882 1702 1318 2351 971 2620 2263 1364 1726 1768 1596 6 411 620 181 2807 2404 40 1866 2168 2823 1458 922 285 2816 582 2608 2162 2526 2278 333 1083 636 1960 163 1400 1723 661 1232 1703 2464 669 2346 1288
000820.jpg,1489 1545 2367 645 4 2817 1386 2528 1417 2707 1752 547 626 2411 1710 943 1656 2270 2082 2790 1934 2389 860 1102 1701 1623 1926 221 188 2300 1202 2044 712 817 1405 1444 1328 2352 987 197 2837 1679 1054 1737 489 2424 1644 59 169 1624 1319 2721 947 1407 1544 1046 2439 674 1649 1897 950 769 1362 1895 635 1146 1627 1051 770 992 51 556 715 1848 1261 1316 1775 305 2007 1948 611 911 1381 1840 2631 2011 1428 2713 562 1993 2010 2480 1569 2023 2309 1158 2836 2034 155 2084
000821.jpg,2558 2728 165 725 1825 1055 2207 202 1212 1810 2509 1937 1076 249 1944 1464 1012 2766 1874 2382 2258 2294 1056 2813 627 1075 447 2135 1606 1406 1130 2435 2248 1841 1986 137 146 948 1639 67 2393 2286 1940 899 1223 1876 2744 2741 1185 2736 362 1463 2057 1733 1439 482 2583 2708 1721 1473 1777 2825 1001 686 2506 494 677 2809 2390 647 598 1899 1265 1126 2438 692 2639 2224 682 804 1529 1592 491 751 1547 1725 2292 1590 2183 2511 2319 1868 1867 2569 2350 1601 93 140 1452 2073
000822.jpg,1083 45 2522 476 1702 2442 620 2056 2168 2720 1596 1726 1318 2562 1797 644 1889 957 636 1515 181 2643 1536 2278 661 2263 2725 609 1802 844 2807 2197 732 5 2678 2448 582 2498 1768 1458 2591 1064 2457 300 2623 2386 2464 669 1880 1960 1525 1251 2048 2182 398 1280 1882 956 2188 1602 851 6 2761 407 1866 1907 761 387 2141 1260 759 335 762 1364 2404 40 2115 2841 2160 270 2348 214 1183 1616 2823 2514 2230 2109 752 1858 2503 2608 2079 1487 894 509 592 861 2476 2346
000823.jpg,1925 1982 1684 1619 352 2298 879 969 2138 557 2139 30 2833 1445 1242 913 2226 317 2371 273 667 2529 2635 1572 2399 1540 1514 892 405 2576 2213 1270 1338 2266 1159 638 46 958 2092 1360 1630 2460 1964 1349 2619 1025 1355 1939 787 2104 1549 665 234 1571 195 2776 1863 2481 1607 1815 1816 2614 1520 2524 1341 2340 1009 1539 143 2727 600 1122 573 2835 1446 2455 685 1366 1 1258 1698 226 17 264 414 2269 1828 1660 891 428 961 2223 1167 1294 71 2633 2363 127 1238 810
000824.jpg,478 2406 1780 655 1141 1781 1248 2070 1127 113 331 245 1921 2765 1972 1648 430 525 1140 2280 936 2465 2505 1647 1187 2061 52 139 1395 2698 402 721 2173 1026 1438 471 2611 2794 2398 1317 786 1274 1692 654 1282 216 1273 2311 1472 1912 2316 2164 1500 1715 1024 2565 356 1662 625 2467 1048 363 108 455 2821 2669 753 1505 346 1335 2062 31 467 390 408 1037 138 49 758 561 239 1929 2632 125 1021 1143 1756 643 2025 2402 1378 838 209 2690 89 1008 2053 2236 1822 1356
000825.jpg,258 2045 1552 2482 1320 2755 1895 770 2676 1029 74 1362 1897 1489 2735 1584 645 1701 168 1627 2034 769 2732 1775 2023 2753 463 747 1158 1710 2631 860 992 4 2046 606 1586 1796 1253 197 2419 2707 2133 1190 489 906 2564 219 2010 1788 415 2044 2724 2389 2084 2545 2367 911 433 2501 497 947 59 161 2553 626 1151 2433 675 109 2574 2544 2375 1848 970 712 524 2272 2035 173 2480 904 563 2352 1934 2011 2270 1407 1417 2713 674 231 319 1870 833 1046 178 2628 2287 2837
000826.jpg,430 2025 346 52 2669 331 1787 61 467 1781 2821 2236 2794 1481 2091 2407 1022 1275 655 478 2301 455 225 654 89 1475 192 1127 2173 2465 2505 2164 2280 1929 1262 2765 113 1024 1008 786 1465 295 418 1378 2053 239 1662 464 525 2634 390 753 125 2429 2687 138 822 758 1706 245 1124 1875 2806 788 1780 726 108 452 1789 241 2398 131 495 1829 1635 1822 1912 927 1317 1568 1282 2228 1026 1730 139 363 1655 1831 1967 2062 268 1932 1037 2467 1143 1923 1335 207 2396 389
000827.jpg,1316 2272 1496 2721 1051 2556 64 201 1965 155 1948 1860 1640 2628 2352 562 715 2309 1096 194 305 2815 1569 48 439 1218 51 1416 2713 1649 1307 1840 900 100 747 440 1658 1054 2826 1381 2767 1444 735 2836 563 1261 1148 2241 965 2076 1993 260 1782 559 645 1752 2088 1468 2433 2439 1437 906 1544 978 1422 1901 1796 674 2545 1486 2837 169 1636 950 1453 2652 2707 1617 1679 1123 1328 2133 2023 1775 2631 2732 1490 2312 1878 2376 2650 611 769 1586 319 2034 134 1663 712 2367
000828.jpg,1834 2478 2772 2777 2077 1252 2015 1753 1125 951 1842 18 601 2663 2818 70 2409 2 1306 522 578 431 2667 990 1951 1166 1175 2054 1928 1323 1186 103 688 2510 1235 485 646 297 2561 126 1759 2673 1391 1905 2624 286 10 1798 2757 1413 1809 29 962 2161 789 2172 251 2143 1908 2644 1390 502 2302 2276 315 24 1035 359 2622 86 1451 2579 1334 803 2504 2533 1149 2314 2787 2323 1120 2784 1845 1557 1427 1839 2601 240 369 1165 931 2320 886 364 1558 426 436 2324 101 767
000829.jpg,726 999 456 464 1050 1706 331 1274 1503 1281 390 1967 2059 1127 2765 2173 655 1317 2236 1475 1635 356 152 1282 2250 1912 1852 927 1875 296 238 495 1755 2693 1789 1011 2531 245 1932 2025 1532 139 799 2500 61 1376 1262 1378 1843 484 314 1756 534 131 455 2715 268 1008 1465 207 192 225 2774 2429 1024 2244 780 671 239 478 2552 108 389 1568 1003 1039 2091 326 1543 209 53 734 2232 805 1827 1708 2698 408 1662 354 1563 503 31 806 1026 2479 89 1438 449 2052
000830.jpg,1860 439 2309 2721 201 155 1901 562 1316 64 1640 1444 2707 1381 305 2272 2713 1569 2352 100 715 1993 1416 2628 1965 2433 1218 1649 2826 2767 1623 2556 645 1544 48 2815 1679 1658 1948 1496 1261 1096 51 1453 1054 1468 563 947 1328 2836 1840 2631 1897 1782 1307 2439 674 900 169 1437 1123 1617 1490 2241 1663 194 2076 2837 440 2545 2650 134 2034 611 978 747 1422 1878 1148 1051 906 168 965 1752 2732 2376 2011 559 2312 1796 260 445 231 1362 2023 1636 1486 950 2088 2270
000831.jpg,1604 451 1613 1909 1567 446 1301 1384 1237 2609 2658 1981 966 355 530 1742 1739 2452 1853 1290 2543 1518 1000 2150 1058 123 908 1546 662 612 937 2349 2064 2843 2049 986 975 2416 528 7 923 2219 2117 1370 1688 1614 1105 698 710 1017 921 1705 301 1119 1757 2722 172 2664 709 2387 56 2140 2282 1893 1681 2782 839 1521 243 1049 2357 487 2085 2089 599 320 942 1002 743 1682 50 2304 1920 2006 2600 1479 1387 54 1331 631 519 542 1769 2618 2559 25 186 1600 311 2318
000832.jpg,839 1162 2009 2353 1145 2636 72 2361 1954 2293 2400 1049 1674 624 2047 1477 738 1521 1688 1952 110 1484 666 1163 2679 1666 2038 853 276 1173 2031 479 1717 172 630 938 2108 460 755 2463 2655 955 1872 322 2107 1250 123 2325 1027 174 2722 323 1754 985 1399 2640 2483 1206 1070 384 2808 1150 701 1342 713 1249 1352 1949 351 1415 1225 2098 1835 2829 409 370 691 1740 1023 981 2775 177 2747 208 488 1808 347 964 2333 698 988 1085 1654 1757 2762 399 121 1047 828 2274
000833.jpg,1602 609 2056 214 1515 2522 45 476 2348 2109 1726 2197 844 1596 2498 40 1889 851 620 2567 2464 2115 1866 2442 2591 1953 398 1768 2168 2761 300 1960 2841 270 1603 956 2404 1064 582 924 2278 1364 1083 661 2720 2048 1139 636 335 2476 2386 2263 971 1458 2562 1251 181 2230 2182 2678 2188 1487 669 957 2503 909 5 6 2751 2706 2160 829 1318 2688 1221 732 1591 1183 1616 2612 387 1797 2725 1171 498 1802 644 1214 1260 2620 856 761 2079 1536 2457 1188 1702 244 1488 1605
000834.jpg,1083 45 2522 476 2168 1702 2442 636 2720 1726 2056 620 1797 1536 644 1318 582 2263 1596 661 1515 181 2678 732 2278 1768 609 1458 1064 2643 2725 300 2197 2807 2448 2386 398 669 762 6 1251 2498 956 844 1525 1802 5 2562 2623 1882 2048 1960 2182 2464 1889 1183 2761 1280 2457 957 40 1880 2188 2115 1364 1866 2591 851 759 546 761 2503 387 1616 1602 407 2109 2194 1907 2348 2608 2831 1380 474 1260 1221 2160 2514 214 2841 2688 270 1170 1933 236 2572 1426 971 23 2810
000835.jpg,285 2210 820 582 956 1541 2109 1221 1603 334 546 196 1911 1525 1371 1084 372 2014 669 796 244 281 2677 98 2421 1139 909 1170 353 2348 2474 629 2222 2263 2688 6 2572 1933 2115 750 1436 2514 474 1882 1616 1754 2464 323 2032 476 2706 2623 1570 300 1949 946 106 40 2567 214 1687 1280 759 1973 425 2726 1536 1602 1726 275 1380 732 1189 2047 807 298 2691 609 2150 776 2494 1326 543 423 2503 1797 2841 2132 882 375 1083 2152 1199 1697 2571 2671 2678 171 1183 1255
000836.jpg,1588 193 988 1132 569 536 121 1431 2090 1089 2122 2274 1430 36 401 1155 2829 1065 1553 2055 1023 177 1903 1268 1492 1699 1404 694 1249 1047 2380 680 2078 1236 555 1793 2029 142 135 429 141 554 332 2747 1784 460 2679 802 1808 1085 2108 816 1872 2267 2743 2786 1163 453 1100 437 1890 1686 1562 2577 380 1628 2098 2163 417 1688 1393 2295 886 979 289 2668 208 427 2143 21 1033 1888 1241 2587 597 760 2413 62 2451 2384 868 1398 731 1666 1145 1510 1233 571 24 176
000837.jpg,2510 1230 431 962 70 1839 2644 1035 691 1394 1263 2497 477 1798 1747 2 1817 308 2323 496 2107 278 2663 1066 1074 18 1881 572 1833 395 1842 1390 2589 1938 1759 461 1557 2410 1443 713 1322 529 1562 1250 560 1420 2443 2561 938 1801 854 1740 2656 1902 384 2779 2077 2214 714 737 2463 831 1984 2622 543 1206 889 1700 1226 1501 1582 2496 803 2686 1412 944 2409 1711 1519 1125 80 364 136 277 2277 2149 624 1418 2478 215 272 601 2132 2593 1027 2384 1641 1957 409 1976
000838.jpg,1239 1367 2310 1566 2252 2357 841 2796 2140 1211 394 2049 1920 118 1578 1906 2660 1368 2097 1567 530 982 2042 2682 966 1742 1977 1657 1301 579 566 1879 945 2349 311 571 1851 1604 2416 1791 1518 512 928 1058 631 517 567 2225 763 1579 1495 1321 2488 1555 7 1271 1981 1651 114 607 2459 151 2392 2026 1614 227 2065 639 1528 1237 1002 451 916 1031 528 487 1705 337 875 2618 1179 1470 25 1290 2803 1384 1210 1063 808 2458 301 2792 1287 2379 2596 1583 887 1769 1119 2328
000839.jpg,1882 851 2691 1458 2761 23 298 244 1525 1744 2115 582 398 1659 1205 2359 2197 2623 2726 1198 40 1371 1616 45 2502 956 2514 327 2303 2567 1380 2620 2386 1515 2706 1426 6 2109 2572 973 1221 636 1960 281 117 275 1280 1084 1768 546 1591 270 2030 2203 1144 2751 1113 1911 2807 1083 2048 2464 661 2152 2263 1080 2503 1318 2522 1536 466 609 1488 1570 2168 1251 844 2442 1139 1603 1687 214 285 300 2677 2086 690 1400 1183 669 1697 98 20 2194 2162 957 941 2348 1171 2056
000840.jpg,2840 518 1895 197 1092 1752 1552 635 2375 2424 1993 1983 445 2241 1202 2631 550 2082 259 2538 826 2148 833 1788 489 463 1386 1656 1636 188 987 59 613 1926 2270 1422 970 735 712 2011 1405 2544 1102 2817 2300 85 221 2312 623 606 2454 645 524 2200 977 1029 2084 219 556 769 2574 911 2367 2397 1644 134 622 1617 2515 943 1045 1148 1146 2088 1934 900 547 992 817 2790 1878 1407 1328 260 480 2046 1737 440 562 2721 675 1840 2411 2309 2832 201 2724 178 2606 283
000841.jpg,1567 1237 1981 1879 1058 2140 2796 394 446 1301 1518 2392 631 1290 1604 1119 2282 2596 451 607 1613 1017 2310 662 311 530 579 2093 1909 2049 1239 2609 966 887 2349 1906 186 2117 1894 1566 1002 982 118 2357 1211 1645 1978 2660 1800 2064 984 875 2543 2262 1495 841 1470 25 1210 1578 2219 567 1367 2458 1384 709 2618 528 2446 2065 945 2568 1516 1321 2642 2085 320 7 571 852 2328 2416 1271 151 1546 1368 921 2423 808 2089 2559 2252 2537 1621 1791 937 1742 566 2459 1209
000842.jpg,1535 310 2615 2354 2756 1334 1269 2149 2656 1693 1743 119 2408 803 215 2566 1558 1561 1448 436 1361 1451 520 2021 1798 1804 2441 1343 967 1849 364 2827 1091 2000 2737 789 737 2381 634 1231 2320 989 695 251 564 1149 1728 1346 1786 132 2546 1178 1296 1867 1298 2533 754 1478 341 2413 232 949 2040 80 1689 1818 707 1383 983 426 1176 1971 213 95 832 24 1559 1427 29 424 2323 1945 1928 1722 1106 1257 2409 2072 1538 614 1900 1672 2143 1357 714 286 1773 2172 19 1483
000843.jpg,1868 2741 494 722 79 2766 137 686 1547 1463 1899 2511 2665 2435 140 1944 2580 146 2286 447 2558 1076 2068 2728 1055 899 2305 2135 2294 2813 1606 165 2248 2499 1777 1185 1935 1126 2319 1212 1464 2057 246 1452 1937 1223 2506 1134 1067 2393 692 948 1639 2639 2708 1056 2382 647 1130 508 657 864 526 2842 67 725 1874 804 2598 2736 2438 2292 1473 204 598 1825 608 2719 274 994 2436 1876 677 627 2207 329 574 2825 1725 2041 491 682 482 1115 2220 2583 2291 477 974 614
000844.jpg,556 2631 987 635 2270 1386 2082 1319 2389 645 85 1656 547 188 1405 2367 2011 1202 626 1934 611 1407 155 1926 2300 1102 2411 2817 2501 2088 817 2375 59 1422 1636 1545 826 4 1993 2424 1737 2312 221 283 518 1752 2832 1895 613 2528 1552 1644 445 197 2721 1148 2790 943 1624 562 1362 2069 950 1788 48 1029 769 2023 312 1860 715 1146 2044 201 1840 1468 900 440 231 1775 2837 1897 1569 833 1901 305 2515 965 2309 169 1799 1965 319 134 2556 1316 1253 1096 2713 64
000845.jpg,1908 702 284 1107 835 1310 931 1830 1340 1720 2471 2601 1821 1254 848 903 1180 1114 39 2624 1608 1818 502 581 1512 1767 250 926 564 1845 65 2276 2288 2630 578 768 297 1357 103 990 2281 1372 2297 126 1832 676 218 737 2347 1459 2754 522 1691 1091 688 2395 1748 2247 1759 1557 230 789 2345 1235 1323 1014 240 2388 2495 989 2757 575 1259 10 2114 1975 2586 420 1334 803 2021 2561 2768 1035 1809 1905 86 1561 2644 2323 1801 2320 876 967 70 469 777 1178 1149 1391
000846.jpg,2270 645 2082 1710 992 2817 626 2300 197 1386 4 1752 2424 188 1737 611 2367 1319 1545 817 1926 1102 1656 2411 987 489 1202 2528 900 943 547 1405 221 1146 2790 2389 2046 1624 1644 1029 2011 2084 1552 445 1934 1328 1489 59 1701 970 1993 283 1417 2515 2631 2375 674 911 312 1983 85 1437 1788 134 2837 635 1428 1468 1407 1444 1381 606 950 2832 1544 169 1046 305 562 1895 1123 556 1253 1878 2574 2721 2836 1636 860 712 2419 2840 2007 2439 2606 1848 2044 675 659 319
000847.jpg,760 1065 1256 555 2029 1033 1163 2108 2743 1793 2578 460 2679 1699 332 62 1484 1342 2668 1686 2829 1553 177 429 886 1398 1890 174 1562 1666 1393 1872 1219 1074 427 2380 554 713 289 597 1250 142 2122 901 361 496 2483 2589 2217 1654 915 1430 164 437 2539 1674 417 2107 536 1162 1903 1173 944 1717 691 938 136 1599 1740 1501 2798 72 176 2415 308 828 488 322 193 1429 979 2227 1881 1492 2451 2599 2031 1582 681 1820 1817 2629 1322 2098 1412 2293 111 802 340 377
000848.jpg,2034 2545 1051 1948 2023 1416 2272 1569 48 64 1096 1218 1261 1796 747 1584 100 2721 1316 1586 715 497 194 2352 2713 2755 2376 2628 2241 1640 1381 2433 231 1649 51 1658 2309 1496 2045 2836 2815 1782 2556 1965 1054 1444 305 1328 562 439 1123 2439 950 201 1617 645 168 2367 674 2767 1679 1422 1453 1663 1901 947 258 1552 2837 712 2650 1544 563 900 1710 440 1840 59 1636 1993 735 169 1490 155 1307 769 1320 1878 559 2707 2312 1860 1029 2826 1468 611 992 1489 2732 1623
000849.jpg,2840 518 1656 2424 1983 2148 977 197 987 635 2817 2375 2082 489 1092 2300 1386 970 817 1926 2084 188 2270 1202 2200 445 221 556 85 1407 1752 623 2011 1405 1029 2515 1102 547 2574 463 1934 2411 1636 645 1319 943 2631 1552 611 833 1895 675 2312 2832 1644 626 1172 2397 259 550 2538 219 1624 900 2790 2724 524 312 4 613 826 1993 911 1146 2454 2241 606 1422 2544 712 1545 59 2367 319 1737 992 2501 2528 2389 283 1253 480 1788 735 1878 622 1328 1190 2753 134
000850.jpg,1215 1964 414 2139 2576 405 1446 2269 1294 1828 195 352 1630 2833 1982 1360 2835 2298 1009 1571 166 2399 1258 837 2092 2138 1338 912 573 2738 1349 2223 1445 317 2185 1684 2616 1698 600 665 2226 1242 203 969 264 642 1572 299 1549 2246 2481 2484 2529 638 2372 2619 2455 1341 2801 1112 2412 2635 2614 1355 958 262 1122 1201 1607 891 616 718 2266 1270 1939 1264 1925 2100 787 71 961 716 1812 1629 30 41 1622 17 1540 2797 273 2253 2371 2255 234 1618 846 1291 1815 537
000851.jpg,919 1354 1583 1791 639 118 1531 945 1769 2792 1179 1470 1977 567 975 887 2252 748 2491 1579 841 2328 952 1063 998 923 2682 1667 492 2459 1578 579 2304 1651 2065 2349 1154 1367 1210 875 1742 819 2647 311 2416 2778 1920 808 2711 515 1657 1851 928 1105 1211 1770 25 2488 982 1528 528 7 2793 930 566 2796 1585 2618 432 1854 959 1415 2026 1209 2097 2559 517 1909 2310 114 530 2081 337 1614 1729 2049 2658 1970 1128 151 2042 1673 710 2147 2333 1042 2803 869 2361 2089
000852.jpg,2327 228 976 801 2174 1877 1575 1457 746 1724 1664 263 656 756 1229 280 1234 2739 1191 1580 2694 1196 77 2332 2456 1930 885 1350 1193 934 1776 493 1358 2418 2321 2229 2672 2662 2186 1542 1765 2127 1030 2461 1857 2581 366 210 1792 1276 2590 2125 880 514 1861 2356 797 859 2004 2330 242 185 720 2659 884 548 130 1345 1375 706 2187 588 1675 2206 158 1887 1758 1034 857 1043 294 133 704 1392 842 2198 2184 1576 1551 2155 663 687 287 1432 470 1292 1494 2123 438 1086
000853.jpg,156 164 595 174 1065 2108 571 1415 460 99 1510 760 1717 2775 2369 755 2668 1256 50 2098 1163 2578 1031 417 1189 1398 208 2009 177 289 554 429 2829 380 1599 1949 2122 72 1890 2729 2029 2679 73 477 2577 612 2587 332 1033 2636 2423 2342 555 2074 823 1893 1436 62 1047 1628 2032 1793 2415 1562 908 340 453 542 437 2664 1976 427 142 1888 731 1000 2747 361 2227 1038 2451 2163 78 2380 2655 1699 1657 868 461 2267 2217 2421 172 1553 979 399 2469 1219 1393 981
000854.jpg,1761 115 941 1995 84 2032 1098 43 2688 334 956 1199 1387 1321 1260 820 669 807 2567 2060 750 1603 2476 56 229 2188 1227 1560 997 1188 1221 959 2348 1904 829 1602 189 2706 744 2109 214 1880 582 1865 1911 2197 2249 971 476 1015 1255 2156 546 909 1802 2355 1170 2507 285 1267 908 2512 1495 38 1139 1766 2404 1032 2720 1933 2425 2387 2450 661 1987 1610 1189 1858 2677 2503 609 565 2168 1676 2751 980 2222 388 629 1487 1866 2152 2562 387 1525 270 1541 2150 205 1882
000855.jpg,2045 2755 2023 2034 1584 258 770 2545 1320 1489 1796 1051 1710 1261 2482 947 747 1552 769 1799 1895 2367 59 645 168 860 1545 74 2732 2735 48 2272 2433 1328 2352 1407 2713 1362 2501 231 1444 2676 2084 1569 1663 2376 2628 992 2389 194 950 1649 1948 1897 906 2837 2046 161 4 1701 2836 433 1158 173 2631 1405 970 489 1218 2044 2133 626 1029 675 1870 2375 197 2564 2424 1381 674 1319 1417 1253 1054 900 2767 2439 1679 611 2419 1544 1782 712 169 1623 2817 904 64 100
000856.jpg,61 207 2025 1475 2236 225 1481 1787 2173 726 2280 2396 1024 464 389 1022 192 430 89 2091 1039 2634 52 1875 1706 758 2794 331 2429 1282 840 1275 2765 418 131 1781 1465 1127 999 452 239 1635 390 1532 534 1662 1932 696 296 1563 806 655 139 356 2531 1568 245 2244 2669 467 2164 268 495 927 1827 2557 152 2479 2059 113 2285 2053 1780 108 1789 313 1503 346 2819 1378 1317 1262 2674 2742 290 2465 2505 1967 1829 838 2407 129 1852 53 753 354 2500 734 822 1831
000857.jpg,270 851 1949 6 1458 482 40 1591 2203 2291 1661 2048 2080 2761 2386 285 2278 1113 909 1365 1462 1488 2421 1768 244 629 2841 2683 783 1960 2494 2162 1744 13 1400 2197 2726 214 1536 45 2593 661 510 2677 407 582 1221 2521 2734 398 2691 1183 2620 23 647 2030 2571 1605 2057 1426 2109 2503 2152 2502 2768 2514 574 1882 1251 2807 1272 1687 2522 1226 1477 941 1318 1198 2168 974 844 222 2567 84 420 2612 762 1866 1139 973 1093 1738 636 2506 924 2194 956 1263 2056 1104
000858.jpg,1661 2706 1380 724 2109 2167 582 1882 2464 973 1671 2514 1272 2562 636 609 851 98 1616 2448 1603 1221 2359 2572 459 2442 1015 971 1536 2720 850 1697 2691 1083 300 946 325 2115 8 2168 1285 474 1462 2705 644 13 2222 1556 1570 761 1371 443 1744 498 1426 2571 270 1723 1596 425 2086 2263 941 1525 38 298 40 2761 1263 661 1144 1768 586 1949 956 2567 1318 2726 1659 1189 1911 957 1038 2725 2502 2355 745 2421 1515 45 1090 1449 323 84 334 1170 829 2048 1726 2404
000859.jpg,2620 6 1397 2386 420 2768 2502 1251 2612 1687 1364 1591 2152 1400 2203 1488 851 1205 2521 1922 45 1221 1659 40 23 690 510 1198 1738 973 1515 2726 1061 1744 285 2831 2160 1960 2401 582 1064 1426 1605 546 327 2162 300 1458 2522 1113 1603 1184 1768 1080 2056 2666 1139 106 244 2247 844 1882 398 2567 1171 275 2841 2761 1570 298 2705 2494 117 807 2182 2751 2571 1371 1144 621 1723 475 2514 2030 148 1462 1083 2197 214 2348 2691 2109 1525 1183 163 1616 1916 1365 956 2303
000860.jpg,1705 2318 519 852 2085 942 1384 1331 1479 355 966 2543 2600 1682 1387 1396 908 1000 1200 1739 984 1554 1614 1978 1211 813 1695 2262 1419 1673 1853 392 1370 2420 2660 1495 69 2458 186 1681 2452 2257 50 2245 1031 1790 99 1518 54 2664 1893 710 487 2598 1105 320 791 1119 1718 542 1017 1920 955 631 698 1301 2446 1290 301 937 360 2369 2782 243 1906 2387 2032 660 56 2795 2357 94 1287 1769 1385 2512 2392 827 629 530 932 1779 451 2661 2282 1521 1528 2763 952 709
000861.jpg,258 2045 2755 1552 1320 2482 1584 770 2023 1895 2676 1029 1489 74 2034 1897 747 2732 2367 1362 2133 2631 645 1701 2735 2389 1627 1799 1775 59 4 433 168 769 2753 860 1586 1796 1710 2545 2553 606 1253 626 1158 947 2433 992 2272 2046 197 906 2352 2724 497 463 2628 2707 2767 2375 2044 675 1788 1407 950 2419 489 1417 173 2084 2713 2501 2289 904 2515 911 155 2564 2837 51 2650 1328 1261 1444 2010 833 1202 1848 1545 1649 109 2270 161 219 970 674 2480 231 2287 1870
000862.jpg,2644 2323 529 1801 962 2759 395 572 1230 2242 1839 1394 1561 135 558 1683 1035 2277 1798 328 461 2579 766 2238 714 545 2413 1631 1213 1250 1207 2504 2066 1928 581 80 1550 374 2295 803 1976 341 724 2381 754 2113 101 757 477 2409 1898 2149 1533 1306 898 1881 1847 1206 1175 2589 2656 949 2779 2510 1728 938 1334 1951 1412 496 364 1173 1984 1971 737 1161 1558 1263 691 1513 713 2114 1027 1166 1666 1150 232 989 1343 215 789 1115 110 1333 2542 1087 2072 1074 555 1389
000863.jpg,828 377 2293 2520 1337 2798 624 729 2578 2047 1173 1162 672 933 224 413 2640 1219 2227 2325 174 2463 2828 1415 1038 1093 370 2602 979 1696 1249 640 1374 1484 2729 703 2083 2539 2671 1754 488 865 1668 2353 2410 2361 853 2067 2003 2808 776 347 981 2483 353 176 1954 1266 585 1638 1226 755 15 2107 1225 2031 691 1835 1429 1963 2342 1952 1145 1477 896 2400 2775 1666 1736 1352 1342 1074 1819 1949 2210 196 2154 1222 479 2629 1203 738 308 2038 1674 1864 1170 909 2743 340
000864.jpg,1221 2726 6 37 922 820 2162 1541 372 1687 275 334 750 1659 924 956 1205 1400 582 285 2494 1603 40 1084 851 167 636 298 2691 23 244 1536 2109 1183 1744 796 1371 1911 1882 1232 411 1488 2571 20 1462 2474 2502 1364 2623 829 1591 327 973 2115 2030 2197 790 1198 807 1960 106 669 214 42 1487 2303 1227 2573 2751 1251 2810 1697 454 2222 650 2567 448 1170 1661 2263 45 2572 117 98 2278 2678 1525 1616 1763 546 2677 1113 2612 1922 909 2348 1188 466 2014 1171
000865.jpg,556 635 987 547 1656 2631 1405 1319 2082 2389 2270 1934 1386 1102 2411 188 2367 645 1407 1926 2501 85 1202 626 2300 2817 611 817 1545 221 155 2832 2011 2528 59 1636 4 826 1752 1737 943 1624 2790 518 1644 613 2312 48 2375 2088 283 2721 562 1422 1895 1993 312 2044 1148 2069 2023 715 1901 769 950 1569 231 2424 201 2309 1775 1316 1146 305 900 1965 439 1468 1840 197 1552 1860 1029 64 965 440 1362 1788 2713 1096 2556 445 2837 1640 674 266 1799 2515 1051 1878
000866.jpg,1908 1107 702 284 931 1310 835 1830 1254 1340 1821 1720 2471 2601 1512 848 903 2624 1114 502 65 1845 1608 1767 250 1180 39 297 768 990 2276 578 103 581 1818 926 2630 126 420 1975 688 522 2768 1372 2388 1323 564 1832 2288 2297 2281 1235 1357 70 2347 1759 1691 2561 1035 1916 737 1426 475 1801 1259 2644 240 1391 2757 2247 1186 2754 575 1091 789 676 1748 1557 1459 1014 1397 2345 1809 1905 2114 218 1834 10 2586 230 102 2323 989 2203 1036 2395 2620 2315 395 2510
000867.jpg,2178 2113 304 2066 2022 1213 1333 1228 2546 1019 1785 1115 63 1161 1513 1847 545 1087 2143 485 1389 1175 1685 1353 1166 101 1883 182 614 596 24 1773 757 1298 374 1928 1971 2504 1394 658 2656 2149 1951 1561 310 2040 1795 898 1434 1343 529 149 949 2242 714 2827 1306 2238 766 395 1999 1631 1207 2759 2737 1558 634 954 251 572 364 1257 2112 1300 2441 2409 789 695 328 1137 1801 2784 1798 341 754 213 617 2579 1230 2111 95 727 132 240 2547 2381 1176 499 962 1743
000868.jpg,1006 1404 1155 1100 1082 1308 981 443 585 380 1757 177 816 938 174 2535 1322 156 1643 755 2122 123 1817 2679 2808 164 1415 854 308 2779 437 1949 1163 1976 1085 691 1674 351 136 1881 2829 1266 2274 1553 1233 1074 1954 1582 1666 760 2083 1910 2107 1550 1963 2475 871 1711 193 384 2599 2463 409 477 1250 461 986 1902 1241 325 1808 713 1700 1820 2589 1088 571 612 882 1089 1952 1501 1740 1249 2366 586 347 2150 2267 1023 1903 278 1206 1225 2380 988 1654 915 738 1729
000869.jpg,767 277 2496 1842 18 2532 2663 70 2 1125 990 601 1938 1834 297 1753 951 369 1759 578 2702 2772 211 2510 1323 2777 126 1418 431 502 1391 1413 103 250 688 1833 1845 1747 2757 1443 2077 1989 2478 1186 2818 2315 2686 1235 684 65 2624 1975 1767 2314 2128 2601 2015 1252 461 2276 1821 889 315 1720 2471 1114 1460 417 886 931 1512 1390 2622 1557 768 1686 531 1908 2388 284 1608 1519 1980 848 597 1065 62 2096 935 522 1340 335 1199 477 420 2346 2504 1916 475 2029
000870.jpg,7 975 530 1742 337 2049 2793 2416 2792 2658 567 1211 1271 1909 662 25 118 875 151 2349 2394 1604 1613 2252 2064 528 966 1301 1370 451 311 301 921 2310 2618 579 1518 1384 1791 2711 487 1210 513 227 808 2796 2609 1209 1567 1367 841 1237 2140 1290 1977 982 2559 446 916 1058 945 2304 1808 105 1854 1981 517 1769 1239 2225 2282 2065 394 631 923 2459 2042 1614 566 1946 1017 1578 639 512 1705 1739 819 887 1688 816 2458 607 1681 2843 763 1851 2328 1495 2117 1566
000871.jpg,446 1290 1567 1237 1301 1518 1981 631 1058 1604 2282 662 2609 1613 1119 2596 451 186 2140 1017 1909 2796 709 921 2064 2658 2049 2349 530 2392 1384 2219 311 1978 984 966 607 1879 394 2416 2117 579 2543 1894 2843 875 2310 937 528 2085 1455 1546 1211 852 257 25 2618 2559 519 1645 513 908 2093 7 982 1002 1516 1331 942 1209 2262 887 2458 567 1800 320 1779 1742 118 1210 2006 1718 1906 1495 1705 487 1239 2446 151 1913 945 288 2642 763 2568 2537 975 2304 2087 1578
000872.jpg,550 2130 179 480 1092 2649 518 348 925 2574 2714 2538 1983 1369 2050 2454 1045 524 259 2769 2544 712 1552 977 1172 1453 2840 219 2148 26 735 2241 1362 59 970 1897 2375 1151 1870 2376 1208 2564 559 1490 197 1901 489 2200 992 2419 260 747 497 445 1710 74 2309 463 1051 2088 48 415 2424 2082 1386 201 1468 1319 2046 1422 1486 2545 645 1190 134 611 1878 1737 826 2433 2272 1569 64 2312 1328 1123 563 2084 1799 2721 283 715 2676 2626 1316 674 194 2289 2817 622
000873.jpg,275 2494 1641 117 2691 281 1077 2132 1541 327 1973 796 946 1591 2014 1687 1659 2264 1205 1911 2677 265 285 2359 1080 907 2179 2421 629 909 1170 196 1255 820 1462 23 781 1198 776 353 510 1502 2303 1423 2203 1371 1400 1200 2210 2593 1326 1184 244 6 372 1754 298 2474 594 582 334 98 1144 546 1922 375 474 1882 1477 1738 466 40 69 1979 2222 423 2391 1426 955 2101 1949 1226 276 2086 2521 956 256 398 1488 1183 2791 2109 1049 2462 1570 690 1038 543 425 1960
000874.jpg,2056 181 732 2522 1797 1702 620 45 2182 1083 1064 2498 1515 1596 1889 1768 2643 1726 2263 2386 1866 407 476 1960 1364 2678 2442 844 40 1536 1458 2351 398 644 2503 2608 2591 1318 592 2720 2761 851 2508 2048 2457 1907 2079 509 2760 387 636 2160 2725 5 236 609 335 2562 2197 1251 2448 2807 214 957 1898 1602 300 2348 474 2612 953 2168 2346 2230 759 2476 582 1766 1471 2115 1802 1214 1183 1426 1616 104 2464 1488 1144 2278 423 229 2623 171 1591 1953 2128 1525 669 2751
000875.jpg,1513 1228 1847 1161 1087 1333 2546 545 1213 2504 695 2178 789 757 63 2066 304 1785 2113 1298 2827 1561 1019 2022 1178 754 2759 2579 2242 310 101 2040 1971 1928 132 2784 1773 2441 328 596 1115 1996 2238 1535 374 1166 240 1631 2149 1558 1343 572 766 1176 1137 2656 1353 1091 1798 341 1883 1999 2323 1898 251 1389 614 485 1394 714 1804 2547 1728 949 1685 1207 2408 2381 95 803 1175 2523 2737 364 1334 395 1801 2409 898 135 1257 777 407 529 213 564 967 1795 658 2566
000876.jpg,2272 2815 1860 439 201 1316 64 1965 1496 2309 155 2556 2628 2721 2352 715 2713 1640 1658 1993 1416 1569 1218 1381 1649 51 2767 1051 305 1948 1096 1901 562 48 100 1054 1586 2433 1840 1453 2439 2707 2836 1617 1544 1444 1897 194 747 1782 2241 1679 563 1490 1261 440 497 1623 1307 2023 674 231 1775 2650 2545 2826 950 2376 900 1663 1796 2034 1123 2631 1148 169 1422 2732 1437 1468 258 947 2837 978 1752 611 1328 645 1584 2755 168 2076 2133 2312 1878 712 2367 1362 735 769
000877.jpg,446 1301 1567 1604 1981 1290 1237 1518 2049 2609 530 1058 451 1017 2282 2140 2596 1119 1384 966 2796 2219 1613 2658 662 1909 631 984 2392 2064 1546 2310 1331 1879 394 937 1455 709 2349 1978 2458 921 2543 2117 186 528 982 1211 1894 311 1002 519 2085 118 1742 2618 2065 1495 487 908 2559 2416 875 1614 579 607 2537 1673 257 2262 243 567 808 942 2357 1705 852 2093 1516 7 1105 151 25 975 2006 2843 1209 1210 2446 1239 513 2089 355 1271 599 763 2257 434 2225 2452
000878.jpg,536 569 1023 2829 1065 2122 2090 177 121 988 193 1132 1903 2055 1588 141 1047 460 1089 332 401 2108 2679 2274 2098 1249 1793 1145 72 1163 760 2747 1085 1268 453 2029 2577 1562 2587 2636 1717 979 2786 1155 554 1404 208 555 2009 694 1510 429 1686 417 571 938 1666 176 1150 1033 886 816 1553 1430 156 1241 597 2163 1484 1808 2217 1699 142 1628 1784 461 2743 340 2779 172 1674 1872 2227 1688 595 2384 1162 164 1492 901 1890 2655 731 1256 1100 1266 62 2668 1250 289
000879.jpg,2117 2267 743 1886 2596 2064 662 921 1431 1053 2140 2416 2559 1492 2078 2349 2618 2423 73 36 1210 311 1236 802 1613 528 2380 2568 566 2282 2219 1017 1567 982 709 579 1290 1528 2658 1851 875 248 1769 380 2151 253 1233 7 1384 2796 763 1599 142 1518 2074 1058 631 2788 492 151 1367 1566 500 1301 868 2005 1470 607 1154 114 1237 2026 1239 512 1243 866 427 292 2730 878 2225 451 2252 2065 1209 1005 1271 2415 627 446 1794 437 2459 2318 1155 394 930 945 429 639
000880.jpg,165 2558 2728 2766 2435 146 2207 725 1874 1944 647 1825 1055 2813 447 1463 2741 1126 1130 1223 2506 2135 494 1777 1899 2294 2286 137 948 1076 2319 1464 899 2248 692 1639 2305 2292 2736 2511 722 1185 1940 1547 2393 1937 2057 2639 1212 2665 1606 939 2220 482 1841 2499 1134 2382 1986 442 2580 2068 2436 246 79 1935 2708 2258 686 1056 598 2445 2598 1433 2719 2704 2526 2683 804 2825 140 1439 2037 1868 1942 1067 2051 1646 329 2569 2625 2427 2041 677 526 2438 1962 864 491 657
000881.jpg,1864 1819 2170 1415 2647 639 174 9 2333 1565 2293 2334 1179 1477 1344 1583 2361 1154 2491 515 2325 432 701 2682 624 2379 2400 1920 998 781 1977 2462 492 928 2775 276 1600 896 2803 1657 233 1367 2195 2459 945 413 1352 841 2154 222 1287 952 1851 1470 1651 1729 381 479 2603 1579 353 2405 1162 2328 1041 1835 819 1088 1770 224 1949 2488 2536 1769 2003 1667 2729 2252 1484 776 2778 1173 128 2008 2353 1368 1219 1791 114 1093 1063 853 1508 1643 703 873 1245 738 1225 764
000882.jpg,776 2293 353 413 2463 1162 1674 2520 2400 1173 624 738 703 110 1754 347 1666 828 640 1038 1954 2003 377 1484 1949 691 1643 224 479 409 1477 128 2325 1902 1322 2107 1074 1501 1835 938 755 2762 1976 995 308 384 2421 2214 1225 854 1219 1700 2599 1342 985 2410 351 1203 1820 15 1711 2353 1250 272 196 1206 713 278 1957 781 915 1582 1817 831 896 2378 2047 1415 585 1222 136 2828 276 2210 560 2578 2361 1420 1881 488 1226 174 2589 672 1163 1263 2808 2154 981 1696
000883.jpg,100 64 2721 562 715 1640 48 305 439 1569 2309 201 51 1381 1860 155 1658 1901 1965 900 1316 2826 1948 1490 1782 2836 1123 2272 2352 1416 2713 1617 1453 1096 1051 1307 1649 1468 2439 1054 2628 1444 1218 559 645 2433 1422 2545 2241 1544 1496 674 1840 978 2034 563 440 1486 1993 2815 2556 1437 231 1878 1796 1623 1679 1148 1328 2376 611 168 965 194 169 2837 2707 260 2076 1752 747 1710 2312 134 1261 2652 2767 906 735 950 947 1586 1636 2650 2023 1663 1319 2011 1584 712
000884.jpg,2409 1451 1558 727 789 1361 251 1427 293 2054 1306 1166 714 1951 215 436 589 1928 1207 364 2540 240 803 2072 898 1786 1798 2787 485 614 2784 2381 658 737 2000 1175 483 2149 1513 1389 1149 1115 989 646 1883 572 1900 1161 1559 1178 1353 1106 1230 2066 1561 2040 1213 341 1672 1087 2656 1773 2546 1804 310 564 2320 1847 1693 581 1091 29 2579 1257 1971 10 926 1535 1346 1333 95 1394 2699 2756 2021 1818 2533 2737 2113 63 2504 286 949 1357 1334 1300 93 2172 395 1590
000885.jpg,2113 1115 2066 2178 1213 1161 2022 1513 1175 1019 304 2546 1389 1951 1847 1333 485 1353 614 63 1300 658 1228 1306 545 1785 1883 1087 2143 2149 727 2409 1773 789 240 1561 1558 2784 1166 251 714 1230 1798 898 24 2504 483 572 2242 364 2787 1207 1685 2040 949 101 374 1394 1971 2238 310 2656 1795 395 2737 443 293 596 215 1928 436 2054 529 737 766 2827 1298 2072 634 341 1743 328 2381 2000 2114 393 1343 2759 2579 95 962 646 803 1427 757 1891 1334 581 989 926
000886.jpg,851 244 2502 1515 2152 2348 214 1139 2115 2751 40 2197 1458 2386 5 1960 1744 844 398 956 2761 1602 6 45 1768 2567 2726 609 1171 1488 1882 1603 2666 2620 582 1525 1221 2503 1198 2056 1083 1064 2162 1591 1364 2457 2109 1866 1616 23 2612 759 2623 2168 2841 2442 1251 2263 300 2688 285 909 1205 2522 1659 1536 1371 2608 669 2182 476 1426 1183 2203 2464 636 2807 1726 2678 924 546 1605 1318 106 2278 661 620 690 1907 2160 2514 2572 1144 644 181 270 1953 732 236 1214
000887.jpg,967 1513 1161 2546 2113 1213 304 1847 2066 426 2178 1804 213 1115 2024 1333 658 1353 754 1719 2784 1149 1728 2022 2413 1883 2756 789 2320 135 2143 714 240 634 24 1597 1773 898 63 1448 2533 1558 1228 1087 232 2759 1928 2409 1166 1561 2615 1389 757 2242 572 727 1951 1019 1175 545 2323 2408 1207 2504 2579 1306 1971 29 558 328 101 766 1945 1535 2238 707 485 614 1533 520 2295 1334 80 310 1798 2149 251 2072 1427 803 1394 2354 1898 286 589 2172 1231 1178 364 483
000888.jpg,1730 1929 326 2715 455 1262 31 125 1706 295 1912 464 1275 580 1923 418 159 2687 2806 1655 456 2301 1813 452 788 108 1831 2062 1281 484 207 1568 999 2236 2193 505 389 33 927 2025 2232 1789 324 1026 1097 1124 238 225 503 2316 653 1008 840 1111 1011 478 2773 2407 822 200 726 501 192 2592 1563 2250 1481 1704 772 216 2531 1787 61 139 290 2467 356 1062 2306 2396 1378 1475 2594 1932 458 129 1875 1039 2053 1127 1543 2137 1756 1708 633 2557 618 1240 643 2690
000889.jpg,1752 2367 1545 1624 2389 2790 2817 2528 1644 1316 1926 817 1102 2411 221 2721 950 2270 1407 547 4 2352 1569 1656 2300 59 1202 1948 715 1051 943 626 611 562 2082 1386 645 1640 1437 1993 1146 2309 2556 51 1328 1544 2628 305 1416 1496 188 2837 1319 1381 2439 1096 1796 900 1649 1934 1444 2707 155 169 2631 947 1737 2545 1965 1123 674 2069 48 2023 2826 1054 2832 100 1658 2836 556 987 2433 1218 1261 194 1417 201 2011 2272 1799 1307 635 64 1405 1788 1663 860 1489 1878
000890.jpg,665 638 1360 1258 1445 352 1520 2481 317 1630 787 667 1159 2371 2727 1939 810 888 1338 958 17 30 891 1803 573 2619 71 1373 1 2271 892 262 403 2298 267 2266 1238 234 2399 600 1572 226 1509 195 1863 642 1815 2833 1295 2139 1411 1167 1735 1291 969 991 2529 2616 1925 1355 2385 1982 1694 1341 846 1698 2486 913 2576 1242 2731 2776 2100 46 342 90 2213 2138 1270 264 2092 1025 1619 641 428 2253 1540 741 1129 1629 1571 1539 2246 1112 2455 405 1684 551 2094 1278
000891.jpg,1656 2817 2411 712 1934 221 1407 817 1386 1752 2790 943 1644 2528 987 1102 2082 1926 2300 188 635 1545 59 2367 547 2832 2424 489 1328 1624 312 1405 970 735 1319 2840 1569 2270 197 1710 645 1552 626 2241 611 1202 2721 900 2515 2389 2837 2501 4 2084 1045 715 2439 2023 1489 2375 1051 524 1796 518 1422 2454 2044 1146 1369 2714 51 2011 440 562 348 1437 2352 556 2755 2148 2707 1444 2631 1544 2312 1840 1316 48 2133 1878 1993 2050 463 1584 1617 169 992 1983 1658 1775
000892.jpg,306 2508 473 2169 1696 1093 1471 1916 1596 909 2346 2128 509 1326 1260 475 423 732 1866 1953 1766 1426 1797 620 953 1889 1702 2351 2498 205 1515 2124 957 181 476 592 1488 2503 844 761 2366 924 2014 2348 2263 2591 1960 2404 1144 2203 2182 1764 690 2570 398 40 1139 1907 325 375 1088 2643 1898 980 1198 1738 214 2810 498 1487 861 752 196 1061 1214 1602 1858 510 265 956 1768 2841 104 335 183 1591 2448 851 388 2562 2671 2620 1975 1458 1726 1736 1397 2067 468 5
000893.jpg,2294 137 2766 722 79 2499 1547 2068 2511 2741 2665 1126 2580 686 1606 1055 2305 1868 804 140 2558 1076 2393 1937 246 899 2728 447 1463 329 494 1134 2382 1944 1212 948 2135 165 2248 1452 2506 1056 1067 2319 2813 2842 864 2286 1464 1639 725 1935 994 204 1777 2057 2736 598 2258 692 2435 274 1185 2708 1825 146 526 508 2598 2207 608 2825 442 1130 1874 2639 1899 2436 2051 2041 1439 1223 1940 1942 1986 2440 647 2292 2427 1725 2037 12 2291 1408 1646 97 2438 116 271 682
000894.jpg,1093 1696 1638 1337 1736 1702 476 2520 2448 2293 1260 620 585 181 2083 1596 732 624 1797 909 196 1866 2450 957 2508 2169 509 1226 306 1170 1726 1729 592 2263 1183 473 2278 2210 1960 1933 828 729 2823 1889 844 377 2346 398 2498 2841 2342 2640 1953 423 1515 387 2514 2067 2678 2720 1249 1083 2463 40 1910 2798 2348 2643 1088 214 43 2353 2361 1415 1145 1602 1643 2729 1144 2725 1768 609 2182 174 755 1536 2109 353 2086 2048 981 270 1525 1173 2168 776 636 1963 2351 1880
000895.jpg,348 2130 2769 2649 2454 925 2714 1870 2050 1369 26 550 712 179 480 1045 518 59 970 524 735 2538 1328 1710 1092 2241 2817 2034 1644 1172 817 1569 1489 2411 2564 1051 489 1584 2023 2501 1552 1656 1934 1624 48 2545 1983 219 1386 2375 2840 977 100 1545 2082 2544 1407 2528 2148 1752 2084 2045 2352 2574 2010 1926 2755 259 2832 947 312 64 2367 1799 715 645 992 2044 1422 635 2300 1617 194 2790 74 197 900 2721 221 1405 188 497 1151 2482 547 168 1701 987 1146 1895
000896.jpg,2817 2528 2367 1545 2411 4 1489 1656 2389 1926 645 1644 2300 626 1386 2790 817 1752 2270 1202 547 943 1102 1624 2082 1417 1710 1934 221 1407 59 1737 188 860 987 2707 1319 1405 1146 2424 197 1328 2044 556 1623 2837 611 635 1701 950 489 992 2721 283 712 2011 2631 169 1679 1054 1544 1444 1799 947 674 2439 1895 1362 1051 2352 1897 2046 51 1046 312 1316 1848 1381 715 2515 1840 826 770 1569 769 1993 155 911 1029 2007 85 1428 1796 562 2309 2832 305 1649 1261 1948
000897.jpg,832 1224 2699 1786 2190 1693 1713 1116 1538 1361 576 1178 1559 1990 1476 824 683 1672 1346 2000 76 1451 1106 132 1357 39 1714 230 1836 2493 1773 95 1169 1838 1743 564 2281 47 1014 983 1257 2129 310 1091 2288 2441 60 751 1818 291 2547 2149 989 2202 695 818 2700 676 1176 88 469 1914 2745 2605 2381 1971 940 1103 87 2437 1459 1535 1959 693 2780 1748 737 2180 2656 2495 1856 1469 1601 803 86 2209 926 2036 378 1561 2804 2523 373 357 876 1805 1334 1410 581 2651
000898.jpg,1646 1548 531 117 1747 2593 889 1922 1200 1184 2686 907 1443 1267 2132 2791 1973 2691 2179 1519 375 1833 2702 1884 2661 339 400 1641 2496 1738 2303 1285 275 2162 2499 1502 1284 690 448 2726 298 2128 104 2494 601 796 1080 2051 980 1767 454 827 594 543 2 20 334 1397 955 388 1326 2677 277 1570 269 1061 2315 510 420 1139 790 2521 2620 2014 1979 2436 1512 425 2268 2203 973 2506 2150 2118 2443 932 546 1687 2666 1975 1938 122 123 2663 1744 650 2671 244 372 1456
000899.jpg,2066 1087 1019 1213 2178 1389 63 2113 545 2022 1228 1333 1513 1847 1394 1161 2546 304 1785 596 1115 614 714 658 898 1558 1207 572 757 1971 395 2504 1507 2238 2149 1175 101 2827 310 2040 2737 1300 789 328 2656 1298 2550 485 2111 374 2242 1353 949 766 251 2441 1743 2784 1561 1230 1996 1883 1727 364 95 1773 341 2547 1898 240 1257 1631 2072 1801 1795 1091 529 754 2114 1137 132 1951 2759 1749 727 737 1343 1891 1434 1166 2579 1178 1928 2604 2381 1427 1900 1176 1306 215
000900.jpg,1145 2587 2636 208 595 1023 2098 2747 666 2009 1510 2274 1047 460 72 2775 141 2829 1717 177 1808 2108 536 2122 2055 172 2679 1163 1903 1688 1085 399 823 2126 2577 121 731 694 453 599 2163 2655 2469 401 979 1089 1550 2786 2640 156 1784 2722 1241 1065 1628 612 1415 2227 760 2090 988 569 340 1155 1266 174 571 1162 1872 2537 1562 176 164 289 193 1132 1890 1588 1249 554 816 332 2668 755 2798 1553 380 1888 1150 437 868 99 429 1793 1268 2629 417 2074 555 1430
000901.jpg,1262 2025 455 61 464 207 418 1275 1481 1706 192 331 655 2236 225 1929 1912 2173 52 1282 1475 125 295 2396 927 356 1568 1730 430 2232 822 452 999 1789 296 1274 1378 1787 290 1932 108 1923 1655 726 1503 484 2059 1831 2765 840 2053 1281 2687 1875 326 1127 2806 390 31 456 2794 1024 478 2062 131 2634 1813 2429 2244 346 2669 2531 129 1781 324 2301 1635 1039 2715 806 1967 534 671 239 1756 1026 467 89 788 389 501 1465 653 241 1124 1317 1755 2467 1662 2407
000902.jpg,645 2367 2270 626 2817 1545 1386 2389 4 197 992 2082 1656 2411 1752 1710 2300 547 987 2424 1202 1489 1926 188 2528 817 1934 1102 2375 2011 2046 2084 1146 2707 221 1319 1624 2790 1407 2631 1029 943 1552 2837 1417 1644 489 1737 59 1701 1405 611 1444 312 169 950 2044 1328 635 1627 556 2832 860 900 712 445 1544 2515 1993 1897 911 1895 606 2352 1788 1253 970 2753 2501 85 1362 2439 1381 74 947 1775 1261 1054 675 2721 1623 2724 769 51 1679 674 562 1428 2836 305
000903.jpg,2711 1854 7 337 819 2793 517 1271 2394 1585 151 567 1742 1970 118 25 105 875 2792 778 1239 841 975 114 1667 2042 382 808 1209 2049 513 1791 2618 530 566 1210 2416 1565 227 945 2575 2660 1470 1946 2803 916 680 2304 2328 1370 1211 2026 311 1778 1851 2065 2225 639 710 2259 928 487 1566 1770 512 301 1287 1769 1367 579 1354 2310 2559 966 416 982 528 2459 763 1154 2369 1739 2252 2723 2658 1893 571 1031 1002 2782 1583 1415 2349 1657 887 1368 1808 1676 1909 919
000904.jpg,1834 1842 18 951 2777 70 2478 1125 1753 2077 2772 2663 2015 601 1252 2818 2 1759 431 2510 2757 578 2561 990 277 126 2496 1413 297 522 315 767 1391 2622 103 250 1323 2624 1186 369 2276 502 2532 1035 2315 65 1390 1908 1767 931 1845 1720 1235 1938 688 2504 962 1821 1114 2314 1989 1975 2579 684 101 1418 2644 2601 2667 1557 1443 789 1608 211 1166 2302 2471 2702 1928 1833 1798 2323 2784 1809 10 886 2409 1340 2686 284 1905 2161 1839 572 2656 1259 1165 1747 364 1230
000905.jpg,1752 221 2790 1316 1926 1624 817 943 2817 1102 1202 2389 1644 1146 1545 2300 2367 1796 2528 2411 900 2832 1437 1656 4 1640 59 312 562 1051 1328 2082 1993 2721 611 1569 950 1407 2069 51 2826 1878 2439 305 2270 1965 1636 2241 440 1840 2836 715 1307 1381 1386 712 645 1544 626 547 2545 2837 735 1496 1934 613 2544 1123 1782 559 1658 2515 463 1617 1444 169 2076 283 965 188 1486 970 2840 134 1586 1737 100 1948 2424 1319 2309 1422 489 563 1218 1261 992 1405 2714 1788
000906.jpg,2815 2272 439 1860 1316 201 64 2721 1496 1965 155 2556 2628 1640 2309 1569 715 2352 2713 1658 51 2767 1381 1993 1218 562 305 1901 1416 100 48 1453 1051 1649 1096 2707 1544 1840 1490 1617 563 1948 1444 1054 747 2439 1586 1261 1782 1679 2836 2433 2241 440 1897 497 1307 2631 194 2650 2826 900 1623 2023 1775 1468 231 1148 2076 2376 1437 674 2837 2732 1422 169 2545 1752 258 950 1663 2312 1328 645 1796 978 1123 559 260 611 947 965 2034 2133 906 769 1878 2088 735 712
000907.jpg,1672 1469 1476 2190 1749 1447 44 983 2080 16 1482 576 2202 88 2437 1990 60 2745 376 1620 1483 373 441 824 830 2166 603 1743 1856 95 1836 832 683 1410 1773 357 1693 132 845 1914 2281 2275 1116 2780 1523 1178 2441 1795 2605 2547 2733 1194 1593 291 1103 1732 83 1713 2699 462 614 2288 1601 1678 1346 310 1169 1147 2383 1450 87 47 1714 695 102 954 728 818 2106 2785 1091 2058 1224 777 2802 1538 34 230 940 39 1517 751 2563 198 2525 1176 1838 55 876 1004
000908.jpg,2389 4 1545 626 2367 1407 59 645 1202 188 2270 2817 1386 547 1319 2082 1656 1584 2023 1799 2515 987 611 2631 2411 2045 2755 950 1934 2044 1752 943 1146 258 2501 1405 1636 817 2528 221 2300 1926 1895 770 1552 675 635 1362 2034 2011 2713 197 2424 1261 1320 1796 556 2133 2046 1029 2837 1993 1737 2375 1102 2545 2790 85 992 1897 2732 155 2088 2832 2084 769 1775 283 2272 1489 2753 562 231 169 2352 2767 2707 1051 2312 439 2676 1316 606 1788 305 2556 1624 1444 1644 2433
000909.jpg,1444 1544 2439 1649 1623 2241 2628 947 1663 1054 2767 2837 1840 1381 169 2836 440 1993 2707 1218 1328 1679 1782 1658 1261 735 1617 1640 563 51 1422 201 155 305 2076 1437 712 2272 2352 1307 1860 2815 2826 900 1316 445 2721 2309 2433 2713 1051 674 562 1878 1468 1752 1586 134 2133 194 1965 1496 1123 497 1045 260 950 1416 1796 965 559 715 1486 1948 2312 2545 1569 439 2011 64 2556 2650 2606 645 1775 906 1552 978 1096 992 1417 1710 1208 904 2023 1148 1636 2034 1799 2732
000910.jpg,536 121 988 569 193 1588 1132 2090 2274 1023 2122 1793 1089 2829 1085 1047 1268 1430 401 460 2055 2747 1808 177 429 1155 1699 1553 1404 1903 453 816 2636 1065 208 1688 1492 36 380 2587 72 731 1717 141 2163 2098 2108 1628 694 2577 142 2009 1890 2679 554 2380 823 2655 1145 1100 2469 571 172 1431 2029 2217 555 680 2126 1888 868 2267 1241 1562 1510 399 332 2786 1784 427 1599 289 760 666 417 437 1249 901 595 2537 2074 2722 1163 2078 1872 802 2568 73 2642 1160
000911.jpg,478 245 1780 331 1127 655 1781 1248 2465 2505 113 139 2406 1317 786 1274 363 455 2765 471 1438 1756 1662 1356 1282 89 216 2173 2794 2698 430 1648 1912 390 1262 1273 1026 1008 1024 402 2280 1472 408 356 2611 108 1048 936 239 1141 1967 2061 2236 2316 1335 209 561 346 31 1021 52 2301 1140 2062 1118 1929 467 1505 1635 1692 758 654 1972 2407 782 2669 2070 525 1156 2025 1568 1647 1715 753 2279 2164 999 1143 2398 2232 721 1500 580 1435 1706 49 2429 838 805 1216
000912.jpg,2371 1925 913 1159 2833 2529 1982 2298 2139 879 2092 1619 1684 1572 1445 234 1360 2266 264 557 317 2158 226 667 1238 1366 1816 1129 1009 1815 352 267 2633 1660 2455 273 2138 2727 1520 1539 30 665 1025 428 1291 1411 638 969 46 1571 2635 2484 1630 2481 1540 349 1863 958 1242 2213 2776 2385 1338 1270 1324 2399 143 195 787 1549 892 1258 697 1295 641 1373 1446 2100 1807 888 2576 1 1939 600 1514 2460 127 17 1803 2403 1480 403 810 551 1698 2524 1814 1355 342 685
000913.jpg,429 1699 868 1890 289 142 1492 1430 427 1085 2163 823 1553 554 2380 1888 2568 380 2267 2415 2469 453 731 437 2074 73 1599 2636 1628 2126 399 1717 2423 2009 536 460 555 2668 2108 2217 1793 743 694 2078 2679 1562 121 2122 72 208 1160 901 2274 2655 21 2587 681 401 2029 595 1233 1236 199 2829 1784 760 1510 1047 193 177 1241 802 2577 172 1903 930 1023 1808 1089 1588 816 988 569 2747 302 292 1163 417 62 2786 1155 1132 36 176 1688 2055 1431 2098 78 571
000914.jpg,142 1492 555 554 868 2267 802 1890 2029 2078 62 2380 2217 427 2668 1888 332 21 2423 1033 429 1699 417 361 1398 2415 399 289 2074 1599 73 1562 437 2743 1256 1236 292 743 1053 380 302 78 1393 2451 2108 681 340 2568 597 2786 1430 176 1686 1431 886 1553 2384 1793 36 1510 1233 2227 1628 199 979 1065 536 1085 901 2122 208 823 2274 2163 878 893 1886 460 453 2469 172 1588 731 2587 2829 2679 1784 121 571 694 164 1089 595 1717 2577 2126 1163 2729 866 1155
000915.jpg,924 2550 2182 2810 1487 1702 1104 2591 335 181 1797 1507 620 2216 476 732 45 1364 2160 1083 2230 1536 104 2666 2351 2171 1277 1669 1188 953 1227 1889 1726 2056 2197 1232 2751 759 2168 2526 644 2643 2571 1214 2678 2079 2841 1318 1515 2263 300 761 2612 1605 851 636 1768 1898 1471 2608 42 2249 2522 2498 1687 2401 1866 2442 1171 1907 2346 2760 474 1363 650 669 6 1064 1596 1183 2278 2807 1892 2162 1703 2573 1260 1458 2414 2386 2620 2043 922 1288 214 2128 5 2476 661 1251
000916.jpg,2798 979 2640 1266 2227 340 729 1952 176 828 1162 78 893 2786 2108 2729 1249 2031 332 2578 2629 361 1398 1070 1038 2829 2120 1145 597 2808 1484 2539 1163 1399 302 1686 1065 2122 1374 2274 2384 886 2743 1429 2463 554 2293 488 1033 1173 21 177 399 2047 2668 224 1510 292 536 2679 1696 289 1023 1562 141 174 672 2098 1550 2602 199 1250 555 1903 2451 437 1976 1835 1666 1093 377 62 461 1047 868 1222 1085 2775 142 453 2221 1393 2483 2828 2520 558 477 624 208 595
000917.jpg,476 956 1726 1260 2823 1797 2810 2678 620 2278 2168 1866 2348 1083 1596 2197 1602 2263 181 1889 636 1702 1536 909 214 1933 45 1515 669 2720 732 844 1183 2623 2841 1458 1638 398 1318 6 609 1227 661 2109 582 1880 1188 2448 1280 2498 2751 5 1487 1960 2464 1170 2171 2476 1525 957 1953 1221 300 2056 2457 644 761 1802 2442 2643 2182 2725 1768 2591 759 2522 196 285 40 2060 2115 851 924 2450 2503 2562 1882 2807 2188 1911 2567 1736 1371 1696 1093 1603 509 2608 1907 2572
000918.jpg,1694 264 1411 2529 1291 1238 2092 1122 299 1373 143 2139 837 1009 2455 1440 2298 2833 226 641 267 2517 2731 2584 1814 667 1129 888 2185 428 1925 2215 2271 386 1619 1684 2371 2771 1863 2616 2484 1982 1735 2776 1549 1264 638 810 2266 1295 557 969 2460 1816 1807 991 1159 2524 787 262 1445 2541 2797 2158 1366 1803 2590 2481 1446 2635 1324 223 1815 1112 2104 2727 1520 46 891 2834 1355 1629 958 1540 1242 2385 30 2399 273 718 892 1360 71 2844 349 2340 879 2576 1 912
000919.jpg,1993 1422 2241 445 2631 1752 2011 1202 1617 635 188 645 518 1328 197 2312 1636 2082 1860 2840 1895 1544 2439 134 2367 201 562 1656 1788 1148 440 987 1840 1386 1405 1552 826 2837 305 2817 2309 2721 155 221 2270 1926 1444 900 1029 59 2707 1381 712 1316 1102 735 85 950 556 613 1934 169 715 769 1218 1468 1569 2826 1901 1123 674 1640 1644 833 611 231 1658 606 51 2411 2424 2650 1623 943 1261 1965 2375 1437 2076 2300 2790 547 2713 4 563 1545 947 48 1319 2389
000920.jpg,2082 556 1319 2270 547 188 2389 987 1386 611 1405 2300 1545 626 635 1656 4 1926 1202 2817 645 2367 1737 221 1102 2631 1752 1934 817 2411 85 283 826 2011 2790 943 1407 155 2528 613 1636 1993 1146 1624 900 59 2069 2832 2424 1644 2501 562 445 305 2044 1468 312 2312 1422 169 1123 2721 2837 1316 1544 134 950 197 266 1437 674 2439 1840 1444 2375 48 1148 2826 2200 1878 2309 1381 1895 1029 1328 2477 715 947 1901 965 51 769 1046 1640 1788 231 2088 2707 1965 911
000921.jpg,2600 1705 2085 1000 942 1695 1681 2543 2664 487 1853 1384 50 966 542 1739 2458 1893 1495 1031 54 1331 791 355 1287 1396 2262 1614 2318 2369 99 1479 908 710 698 893 302 852 2803 360 1189 660 2782 519 2032 292 1682 2452 1920 1906 2420 1387 955 1673 813 1521 1508 1200 1565 1978 1370 78 1510 56 123 69 1002 2423 1528 2598 631 2446 1769 1321 907 595 2357 358 1518 1398 512 1676 1211 809 1105 500 2795 1017 612 2245 2660 1385 1554 361 1049 2026 164 984 1290 2282
000922.jpg,165 2558 2728 2741 2135 2766 1874 899 2435 1126 725 447 2207 137 1130 647 1463 1825 146 2506 2736 1223 1055 1944 494 1212 2639 2813 1606 1899 2511 692 2057 1841 2294 2292 2319 1547 1076 2286 2258 1134 722 442 948 1777 2248 2305 1937 1639 1940 246 2220 1464 482 2526 2665 1935 362 1986 79 2393 939 1185 2499 2683 1056 2068 2382 2580 2825 686 2719 804 2037 1433 1439 2708 677 140 116 1067 2842 2445 204 2436 2704 1942 2051 598 1931 2041 1868 2438 1962 2569 864 2598 1771 2291
000923.jpg,45 2522 2442 1083 2168 661 2056 2386 1251 644 2807 1064 2048 1318 1768 762 300 476 1536 582 636 1364 2720 2761 2197 2194 1458 6 2831 732 181 1515 620 1702 2278 1797 2182 1882 546 2160 759 1726 2498 2643 609 398 851 2612 270 2591 1596 669 1183 2263 2688 40 1556 1960 2841 971 2079 2230 1866 2620 1591 1221 844 387 2608 2188 2503 407 2705 1488 1744 2760 236 335 1889 1802 2678 214 2725 2261 244 1525 1602 1907 2448 894 2476 2401 2351 2562 5 2109 23 285 1380 2115
000924.jpg,570 2581 1576 1665 294 793 1392 2155 1072 242 1859 1716 2461 421 704 210 1792 57 1551 2418 1234 1580 1193 746 1034 884 2123 1930 2229 1861 2588 158 2672 2662 185 2004 2039 1887 2820 548 77 287 2330 170 1292 1575 2659 1758 2184 82 2206 493 280 2838 2125 1857 1542 2321 1348 2456 1653 1494 1030 859 2327 470 857 1765 1377 1350 2186 2473 934 2174 2332 438 706 2356 756 2187 689 2002 228 801 885 1345 880 1776 1276 2374 842 720 1724 1675 1191 2189 2703 514 1432 1358
000925.jpg,832 1786 1990 1693 1672 1836 1257 824 1743 1773 1971 2700 132 60 1178 39 2547 76 576 751 1176 2437 2149 1357 1593 2190 2000 1014 1361 983 2699 1469 1447 683 1224 95 44 1535 2288 2656 564 1483 1116 310 1559 2129 1476 1713 1818 695 2281 2493 230 376 2441 1714 1451 940 1795 1169 818 1459 1106 251 1091 469 291 2605 2540 2021 2381 16 1346 1427 1103 926 989 198 954 1538 88 87 1748 676 2497 739 2036 789 1760 2495 1838 737 240 379 75 2180 1590 2827 1749 1353
000926.jpg,394 2660 2140 1031 1906 2438 1876 677 1725 1058 1223 2719 1721 2435 2598 682 631 2085 1879 1874 2420 2369 607 686 2796 657 1555 202 2708 447 2318 1567 1287 948 368 491 1479 2328 2809 1777 477 966 2436 186 2813 146 1613 627 2057 1185 1463 444 692 1384 2382 2097 1211 2392 1886 1210 2803 1592 2432 1237 1705 662 1518 50 2282 2393 1937 1473 2065 1557 1301 2423 1390 1909 2248 1321 852 494 2766 974 320 1893 1239 2379 1406 2728 2089 2262 1439 246 571 2825 2596 1012 1566 1639
000927.jpg,1579 841 1555 118 1239 1367 1063 579 1977 1583 928 1566 2252 1578 930 1470 2140 945 2459 2778 887 492 1879 571 1368 1791 567 1651 517 2310 1657 515 311 2796 2488 1906 394 748 1154 2328 607 2682 2792 2224 816 1354 2357 2809 639 429 1920 819 2349 1531 2491 1729 1210 1769 1058 1742 1179 982 919 2647 1567 1031 9 566 875 1667 2369 2304 998 451 680 952 802 2065 808 2108 1588 1851 114 1132 2711 36 1886 935 2183 1890 1970 2660 631 2163 417 2042 2416 1155 1431 1415
000928.jpg,2372 195 1571 2223 616 1698 1812 1341 1994 2253 1409 1618 912 1258 1607 1837 573 2100 591 2530 124 1215 1491 41 237 996 1630 345 2758 642 17 203 2399 600 2208 2138 1338 317 2131 1360 537 1622 527 1095 2801 1446 1264 352 665 1445 1964 1828 1025 2338 2835 1069 1540 1129 403 961 2246 1572 1294 2486 1181 846 651 2781 2738 2266 700 1159 166 1652 157 918 405 472 708 2834 1520 551 414 1629 1564 1988 2675 716 1112 2692 1009 2635 2255 2231 2412 2371 2614 2481 1355 234
