106 1525 214 1139 2348 1365 1371 1661 2572 1084 2263 1280 1171 2109 2152 1113 84 1866 1659 1953 1205 2374 1198 2502 2554 1184 2141 2153 2841 1602 150 941 117 1605 2677 1004 1712 244 1502 594 954 1175 894 2203 1760 2030 182 2623 1685 270 327 419 1632 1693 1434 485 2112 1083 2197 22 23 323 1927 658 1979 614 2324 589 1603 2751 1197 474 2737 75 1343 96 2567 1697 149 2705 2656 2179 2303 2278 1315 44 2115 621 2497 2359 422 940 762 181 1336 493 2149 1032 582 1183
2044 2501 1934 188 85 2411 556 1405 547 987 2528 611 1386 1102 312 2832 1319 2011 2574 1644 635 1422 1983 712 1656 1993 1649 2817 943 463 111 445 1552 221 2790 1617 1190 1782 2419 2270 2082 155 659 1092 1308 2836 645 1203 992 134 1045 1624 900 1423 2544 1550 1082 1501 1054 2626 1029 2840 1006 1484 2538 2375 996 1381 2046 2530 1486 2670 624 2241 817 4 259 2439 260 1666 2646 1674 2599 586 224 1627 110 2631 2800 1181 907 630 1926 2837 2389 826 2454 2293 606 1090
1573 365 2151 717 1634 2730 1794 410 1783 435 1005 605 1581 610 1309 2746 2830 1133 1966 2788 1243 2290 2560 544 1040 1379 1020 673 1424 811 1110 1131 2251 1311 843 112 870 2492 855 434 1516 2549 1142 774 881 2196 749 538 1498 1079 1968 648 248 2005 2299 593 1174 2364 1138 2680 1913 937 1670 1936 1731 678 1800 253 1068 257 2697 742 336 1575 94 664 1871 2519 535 821 2417 1094 800 1454 730 1007 1707 1511 2006 1072 2456 338 2843 1325 1664 1377 516 2219 2243 1279
1452 140 2037 2382 1868 1185 994 2625 1677 2809 2617 2598 1721 2507 508 1771 12 2393 864 2813 526 1876 444 1639 1473 1998 948 2580 491 686 2294 274 1904 2445 1937 2286 1076 1464 494 1223 1592 2683 2440 608 2499 79 2569 2719 146 2248 1777 1942 1165 682 1944 2535 1463 2438 790 1408 2068 1892 2665 2716 939 329 2436 1390 2657 677 804 482 531 997 2708 2741 1692 2622 705 2736 2712 1055 523 574 1547 217 2057 587 137 598 2427 1557 2772 2181 1874 2479 1598 1088 619 2370
596 1847 63 1161 95 1513 1178 1773 576 2700 2422 1476 1019 1749 1228 1785 2523 1672 1631 1353 824 483 132 34 1801 2317 2547 789 1727 1883 1996 2579 88 1990 374 2202 1176 2745 328 2190 1914 581 2546 2504 2238 1224 1103 2437 545 2277 341 695 251 1300 777 2441 1693 2180 1743 1561 2827 1091 2242 2114 1683 2555 407 1087 617 310 2113 1898 2759 364 1213 1795 1230 803 949 499 1856 2381 1971 2000 1394 2737 240 1389 1115 1447 2784 766 1838 44 1333 529 2149 1483 1999 1137
2545 1796 2034 2433 155 562 48 439 305 64 715 1453 1569 1901 100 2309 2721 645 1381 2241 712 51 1658 2556 2713 1490 2011 2817 900 2376 611 1782 1860 1663 1045 1544 134 2826 201 260 1319 947 1636 1422 1496 2439 188 1328 1316 674 440 547 563 1993 1486 2088 2213 2272 2836 1624 1617 2650 1948 659 2352 445 1878 1640 1405 2411 1386 1584 1552 1840 2046 992 59 1752 1444 1046 2050 1649 2270 1054 2631 168 1644 221 2501 925 1545 1965 817 1051 2337 2528 2389 2082 194 1586
1938 1443 1833 2510 431 767 1842 277 18 1753 1747 2686 1125 889 601 2478 2777 2772 70 2 2077 1035 1759 2663 2757 1834 2561 1557 2496 315 1767 2015 2388 2818 1391 1980 1252 769 578 951 684 1186 1413 2622 1340 2128 250 2685 2532 1839 931 2314 369 688 1821 2315 1390 161 1975 2624 1114 126 400 211 1720 1608 2644 2661 1323 65 1512 903 2702 2302 990 1845 768 848 395 1165 1394 2276 2323 658 531 2671 1235 1207 2288 522 745 865 1976 1418 714 1616 1989 572 1605 2795
103 1323 2624 1235 297 1845 578 688 2601 2471 126 990 502 848 2276 1608 1830 1908 1340 1114 768 1186 931 1413 250 1821 1391 65 1720 702 903 1107 1512 284 1767 2314 1975 522 1310 835 684 2388 2667 1254 1557 2478 2036 1605 1125 2077 2302 1165 2777 865 1753 2671 1014 2772 1390 2183 2622 2757 767 2661 400 2778 315 1759 1834 1187 379 1555 10 1959 2151 2345 1354 820 601 1723 469 2347 1473 2234 1832 1601 739 2500 2315 70 778 1252 145 2768 827 2324 2015 1462 382 244
2303 327 117 1659 1979 466 1198 1080 1184 2179 1205 23 167 1502 2494 498 1616 375 2791 2263 20 1488 907 2203 1371 2222 1326 1171 2351 1637 22 1738 2572 2768 1687 298 420 510 2620 2132 844 2162 851 1397 454 214 2573 1061 2751 690 423 1214 2726 2109 1661 425 244 2348 2115 1922 1423 111 1641 1537 474 40 2124 148 2128 1400 2677 1960 2567 2502 2152 1954 1139 104 2535 1333 1740 2483 1525 1591 1605 658 2508 2521 388 163 1953 479 1412 1603 1696 275 265 1556 205 594
429 121 569 1754 1430 1562 340 1431 1553 427 733 193 988 332 1038 554 323 2078 2421 2090 2117 289 1041 1588 36 866 839 802 13 2668 199 2828 2520 640 2380 1793 2210 865 1890 21 536 555 417 176 2428 2671 2267 142 1499 1272 2333 1354 78 868 1888 2629 302 933 979 1492 1521 1132 2032 964 2578 1418 2743 1686 1910 2786 1668 828 292 743 1699 1049 2029 2217 952 672 56 432 878 2083 2640 1393 2047 698 1374 2415 1429 2227 1236 2031 597 681 2539 500 1329 244
239 1274 1127 2091 1503 2164 2531 2794 356 1039 525 1024 296 495 113 408 1282 653 131 1011 89 2232 1647 2061 209 1843 268 799 1598 2173 467 643 1781 53 2765 1875 2285 33 290 2280 927 452 1921 484 1378 2693 2311 2137 1275 1789 2059 1655 1273 628 1140 2632 245 331 1395 2774 1505 726 2674 1543 2406 721 1376 27 2611 1941 2236 49 2402 162 782 2698 734 1475 1692 1018 1852 1164 806 805 936 1262 28 456 2565 139 220 2500 1662 241 330 1216 561 999 1435 838
2595 1258 147 30 1939 932 1270 1621 1112 2481 345 2648 1324 697 1145 665 577 924 1694 897 127 141 99 477 996 1445 2530 516 1661 2584 1516 2452 2508 71 955 157 1321 2002 1487 1411 2661 1859 1355 2710 1763 1719 638 2801 1811 2750 1892 2450 1104 1446 608 961 2326 2229 1546 422 34 2067 2616 827 698 388 810 2296 1277 865 1210 1976 599 1630 174 2104 2318 400 1294 1906 2515 1653 499 1049 2071 2037 1771 1415 1491 2432 632 2351 666 2222 320 1201 1669 2567 892 1101
1434 1298 1004 1103 1712 291 2112 2116 44 1343 689 746 2566 1197 2327 182 2324 270 1137 1108 2547 576 1113 2016 1760 1166 954 1867 1928 1733 1483 634 1283 1590 1631 589 940 2656 1999 2149 2430 1722 2809 2737 658 2761 1558 485 1265 1693 426 251 1087 1447 2571 1469 2125 210 1665 895 898 1334 16 832 1849 614 592 1116 861 707 1394 1749 2418 695 1960 704 1269 1685 2330 727 75 792 1427 2072 1768 424 499 2229 2143 1743 1176 2838 1661 815 1758 2744 2497 2408 493 1689
2070 31 326 192 1141 1692 580 655 2396 159 1506 1787 2690 1648 1187 1140 200 331 1274 1262 2765 1097 1118 1293 2406 1143 1780 2316 52 618 1127 455 1822 2025 346 402 2565 216 295 2053 2715 1438 471 1124 1356 2467 721 2669 2806 1929 654 296 356 2017 2402 1472 478 225 1730 1781 61 430 2557 999 653 1972 207 1647 936 1715 108 49 2821 1021 1022 1037 245 2794 2698 2301 1378 209 1039 1961 625 1275 27 2398 1008 53 858 467 314 408 504 574 1273 1756 2505 2236
903 702 1254 835 1107 1669 284 1104 1523 1512 830 2080 1277 1608 1310 768 2471 441 575 1720 1450 2601 1620 2754 848 1821 1830 1908 931 2395 1114 1482 502 2555 309 1691 1975 2641 1013 2422 834 2550 2275 250 1147 688 1016 1340 65 1732 990 2383 1244 603 2571 2695 2136 2019 1678 1845 2630 1235 861 1507 1767 2605 2326 240 2388 2176 55 297 1646 2802 863 1178 2624 584 693 2058 1391 2079 1014 398 2523 357 1323 775 393 578 2733 187 728 2073 736 2254 1458 339 397 1748
57 210 1576 2461 228 2155 2418 1758 689 1861 588 1034 1276 1859 2229 1348 1665 570 1664 1377 1724 1716 2004 2456 493 704 1765 1575 1234 793 1792 2327 294 934 2330 1930 1193 1580 158 583 280 1358 2198 720 746 2123 1776 516 1196 2125 2321 548 1392 2332 884 2694 857 2672 756 133 2174 242 82 1030 663 1538 263 2659 797 366 801 2184 1551 1877 2206 2186 1375 185 885 2538 1292 2838 2493 1542 1345 2703 2581 859 438 2374 1072 2039 1279 1043 1169 2739 421 1350 2356 1670
244 2464 2725 1515 1602 1766 844 1605 2115 1889 2124 609 2448 498 5 466 1953 1616 2014 2457 1891 2366 509 2404 1477 214 1397 2751 744 957 558 1214 2346 375 420 2168 425 1754 2109 1537 426 1015 468 1723 2841 1696 1916 2083 1949 2816 1139 1858 1426 2572 22 2508 306 2502 698 2048 690 1570 80 932 2706 2768 1610 707 473 135 448 739 955 2150 1768 1671 1326 865 2348 1296 853 1038 1061 2143 520 1093 1596 1661 2566 2152 1597 1637 2354 2678 148 2230 300 650 388 323
711 633 503 326 580 2250 28 655 159 726 31 1140 2017 2806 238 2396 331 2557 999 1293 1037 2765 532 1730 1273 200 27 2053 467 2280 618 1746 1097 1143 2681 2119 1787 478 1708 2236 1912 1124 1274 390 152 1118 1472 1929 1262 2715 696 2193 2698 430 1378 1024 1704 2406 705 2173 1635 2062 455 1275 1956 1648 671 2479 1475 1297 587 780 2244 1187 1780 1010 1376 1755 52 602 1011 2500 295 1967 2527 2028 1503 1506 1021 772 464 268 1022 653 721 1692 225 2565 1706 1335
1752 1316 1636 2241 1496 1965 1381 1840 2836 497 1658 1586 1948 1544 900 1782 1486 2556 1422 712 2011 445 1649 2826 2272 2439 1054 1552 613 645 440 735 260 2352 611 674 2433 659 1901 155 1878 2046 134 1545 2713 559 563 518 2837 992 169 1045 1663 2419 188 2389 1319 1453 2652 1416 2050 1146 259 4 2628 1208 947 1617 1218 950 2367 2477 1123 1328 2817 1190 201 2076 1860 59 2840 2411 312 2501 221 978 2069 1934 2082 2832 1386 1983 51 319 769 1307 1796 562 2538 1102
879 352 557 1366 2460 2473 2175 1539 1480 1059 685 1863 1816 46 2104 2223 2524 127 2797 2363 1660 1242 273 1811 147 551 2213 1556 1549 2576 1 17 2635 969 2710 1982 1355 1101 1520 1698 1514 1295 1122 1540 892 444 400 537 20 2764 573 2648 1167 1619 2268 2661 1803 117 1744 2791 396 167 1925 2138 2139 1421 2132 1862 2726 2169 2844 264 2833 594 375 1807 342 330 307 2094 1286 414 160 2709 2226 1725 1615 454 531 827 2269 223 234 669 1308 2027 1349 2554 2535 2103
1856 2441 1914 2111 1093 2827 1996 2202 2785 2745 310 1898 407 88 777 596 983 2190 1091 1476 695 949 2129 1631 2422 689 1176 132 1713 2737 1683 1224 328 95 540 341 1116 230 2242 1346 1103 1773 783 2547 766 63 1999 2116 1561 832 1298 1693 1743 2523 291 2016 2700 16 576 44 1343 1535 2238 1714 1019 1672 1161 34 1513 570 2281 1847 940 1900 1749 2418 2000 2114 789 658 1353 1087 617 683 1482 824 581 1593 2317 2807 853 1469 926 1838 2759 727 737 182 636 2374
2073 2281 2239 2036 920 230 1014 751 1601 469 187 32 1036 1152 1846 2080 2699 2605 2288 1538 379 2489 2247 39 1818 1482 1459 1353 1476 564 926 1748 1841 917 132 541 1996 1180 1693 1950 2114 55 362 2422 1176 1357 2493 636 695 397 441 1192 2641 824 1318 2326 2784 2054 2176 2296 789 88 2345 1304 902 1254 2033 2202 2579 1919 1178 1450 198 2745 318 327 1646 835 1224 2656 2495 1883 2111 1467 736 2383 265 646 1713 2258 1898 2190 1727 2555 1523 590 310 1013 2630 75
222 850 1504 2355 1145 2512 2218 935 755 1436 1305 1599 2342 2096 72 612 1023 1933 177 141 816 73 2362 1510 981 2074 836 1638 2775 380 99 2750 2829 461 401 2201 477 1163 2122 1085 2163 156 1321 1628 1806 437 2587 2577 2679 2722 164 599 208 1415 1736 2098 2055 172 1976 453 174 2645 2009 460 1903 2446 2071 1098 2452 1233 1717 1872 1790 1047 897 2450 2469 2747 1160 694 1784 595 1949 2691 399 2636 1241 1052 760 281 1155 1682 666 1754 2126 2655 731 1404 1272 1006
1752 1146 221 4 943 312 1102 2832 2817 1405 1545 1934 2389 188 1319 2501 611 613 1656 556 2411 2270 2082 547 1386 2069 2790 635 2367 1983 59 900 987 2528 1624 1486 1644 826 817 2652 1737 626 2544 260 2011 2419 559 489 2044 283 2515 1552 1407 977 1316 1437 2133 2300 1208 1414 1190 85 1092 2084 2826 259 712 674 950 1878 134 1926 1422 2574 2358 2477 1202 645 445 2241 2676 1307 463 1627 1046 1663 2148 2397 563 1901 1369 992 1428 2433 155 1453 925 1328 2631 659
757 135 2413 558 754 1265 1448 2295 426 213 1231 1597 1804 2024 2756 2615 1728 2143 2408 1689 540 967 24 2430 80 1269 2566 2638 1296 1478 1383 119 1889 1394 184 1631 739 2277 2354 1469 1945 707 1898 2320 695 2784 634 91 1149 2827 2472 2021 520 498 1766 957 163 1533 466 2366 2533 424 1093 304 1312 658 132 545 251 529 232 898 1427 1743 1333 2054 1849 983 744 22 1883 609 499 1984 853 1087 1558 1719 1798 240 293 1176 1214 1515 2235 2759 1847 2323 2823 375
346 2301 2407 108 52 2669 2467 758 1378 363 402 628 2070 2821 936 1275 389 1022 2398 2765 478 2690 295 471 1662 1048 840 467 1787 1220 1506 2505 2465 1438 192 654 1008 625 753 61 786 2806 2687 331 1124 1273 1692 655 1039 2059 2611 207 2053 430 1140 1929 2396 2632 2025 1730 139 1435 53 1141 484 1356 2698 245 2565 1612 1481 2232 241 209 822 390 1187 216 1143 2061 1317 1024 2236 2429 268 1967 679 27 838 2137 113 49 999 1282 525 1715 1568 89 2634 1037
1055 137 2766 2728 1212 1944 2741 2135 1606 2825 2558 686 447 899 2736 725 165 494 1463 1067 2319 2294 2248 1126 2719 79 2842 1935 2580 2813 692 2305 1134 2665 722 1547 146 2041 97 2286 116 1223 2068 2207 2057 1897 1899 1056 2292 246 1777 2051 2511 1185 1076 2382 804 1452 2435 2708 948 442 1825 574 2291 657 1639 2393 1937 1130 1362 329 67 1464 2583 1868 1986 677 2598 2704 140 2436 2089 204 682 491 1940 2438 939 1433 2569 1874 2506 647 1876 2220 145 2683 1931 531
353 1625 196 869 98 2256 1819 2460 2081 910 2331 776 1042 1864 1963 1643 2103 919 809 2363 701 2067 1546 153 1204 2264 233 69 2361 781 1354 2778 301 392 1667 381 952 224 2101 1480 2803 1851 1541 1419 2582 1211 1531 1585 930 887 820 2718 1579 841 1769 1402 763 1063 355 1565 247 567 765 908 819 879 105 1403 752 1770 2087 1287 511 1170 2328 2318 1751 2420 1188 2278 2474 413 118 1791 2334 1946 282 515 1442 2485 585 1344 2228 2225 664 244 862 276 1697 2575
131 1024 268 1039 1262 1875 1929 455 2715 2765 1275 2232 1730 580 1274 2396 31 326 1127 452 1011 1787 1843 356 296 1124 1503 295 1706 464 1568 2173 467 1378 1941 495 2053 331 200 2301 2687 89 2236 2531 726 1648 655 2806 209 1140 2025 618 33 1506 2611 408 525 643 1715 2059 2406 653 2285 858 225 113 840 1008 389 1598 471 838 999 1282 1026 346 1500 49 159 1912 1438 1475 430 2091 125 1037 1220 1143 2565 2407 418 290 2017 1505 1692 390 799 456 1187 2681
2414 2641 1177 107 2176 1104 55 2326 728 397 2019 2604 2550 1669 2036 1507 834 1277 736 379 2080 1748 187 1459 2754 1014 1821 1194 2360 469 2159 1646 575 2383 2073 2630 1720 2234 1608 205 1691 309 2605 1523 920 2555 861 1841 250 1467 441 2160 1482 1975 1114 1340 362 2058 2661 2239 104 32 1130 1107 2571 2503 2345 931 1450 1057 2695 1286 1192 357 702 2079 1013 506 1601 1767 856 848 147 1391 1299 1168 578 300 1907 1687 924 339 1512 1413 400 2395 818 1169 1591 903
1931 2220 2526 447 1677 1721 494 2625 2825 1942 1056 994 146 1771 2728 2766 864 2683 2719 2057 526 1892 1876 682 2037 769 2051 2440 677 1408 574 1692 2736 2708 2438 1185 2291 449 271 1899 1961 1134 2565 274 1941 2569 2319 1055 1473 939 1127 1592 2183 686 692 2089 561 2435 1868 1223 137 1439 2813 1187 1293 1463 1274 508 2499 1097 608 948 2558 2639 1126 1874 531 491 2207 1998 1944 601 1433 2716 2292 12 2316 1067 1759 482 2741 442 2436 804 1627 657 1974 2770 1472 2665
1122 2844 2215 264 837 2484 2797 1421 2092 2473 2576 2269 1698 428 2455 1814 1925 1549 1 1982 2371 891 2709 1009 1863 1291 551 1059 267 2223 299 2063 2266 1238 2139 342 414 1609 2273 1520 2727 1366 2403 195 349 1824 667 2717 2833 1480 1348 1539 226 2175 2486 2158 404 2783 879 2503 2385 2801 2635 888 2776 46 1622 1594 2731 1324 2677 1815 594 1816 600 1338 223 814 1887 2211 469 398 1221 307 1159 721 285 1763 1459 2541 1037 1697 1195 1014 669 885 1862 867 2345 2123
1127 1972 721 2402 1274 1961 1647 1438 225 2396 1506 326 471 2316 1787 655 654 331 653 200 2025 580 356 2794 1262 1692 1780 1024 478 31 1781 1282 2765 1293 1187 2070 430 455 999 296 2406 1039 1097 1648 1472 1141 408 61 1598 2061 2062 1662 2531 2053 2017 726 192 1317 1021 806 1941 2164 1143 108 1011 643 1140 2236 1248 159 131 2173 1503 207 1921 771 625 1706 534 452 1356 1918 2429 1124 268 49 618 113 936 1008 2611 245 1376 2398 1974 2505 2232 2465 1026 858
2152 1139 2502 2263 1605 1365 2348 2141 1113 1866 2203 1953 214 1570 1525 1602 1198 150 106 2572 183 181 2056 620 270 1171 844 2761 244 2677 398 621 2160 2048 2197 1768 1371 1397 2841 940 1702 1458 148 2751 1184 2705 2503 954 941 117 1760 84 1502 1004 1084 594 1205 171 1217 182 2706 2030 1343 1280 1712 2079 420 732 75 2386 1726 2374 1515 1221 2497 690 2109 45 2623 1801 1083 949 509 198 2179 2737 2448 1283 22 2608 1364 2442 1251 582 2612 2401 1214 2182 2760 1336
645 1649 2011 1029 440 155 2050 1045 1422 1444 2241 1679 169 1054 947 1663 1544 1623 445 735 1381 712 2836 2837 1860 2628 1328 1617 1782 1993 201 2130 2735 51 2707 1658 562 2439 2767 1796 1636 305 1840 1552 2545 550 463 48 2713 2649 900 64 2352 1496 319 2721 134 2826 965 179 59 2840 2046 1757 992 260 1586 2034 2088 715 674 1640 2556 611 497 563 2454 1948 2133 194 1569 1148 439 2815 1253 1486 2309 2650 659 2076 1319 518 769 1901 2289 2272 1307 1775 2433 489
594 2494 2197 1199 941 1462 84 1763 1113 6 762 1866 1605 2503 815 2569 2203 1139 2386 2278 300 2683 690 2506 1541 2291 2079 23 1592 1137 1073 1949 491 1687 2473 939 214 334 750 2348 2057 2359 482 2109 1616 2728 1537 285 1221 2518 2653 2677 647 614 2294 148 2639 1090 1726 2572 820 1175 2720 485 146 676 582 2051 644 882 2823 420 1223 629 2160 2678 1802 1318 2194 2535 2705 1198 2571 688 1869 745 2261 1183 510 1959 1421 2152 2748 725 1502 1757 2558 1400 1306 1953
2291 574 2057 494 2683 1223 1874 2639 647 146 2569 2051 1899 1555 677 686 2499 2813 491 2382 2393 2435 1592 444 598 329 1937 2728 657 2719 1439 2438 2294 1473 2248 1055 948 1876 2319 682 1692 159 2396 2506 804 1037 244 580 2557 1010 1187 1274 974 2708 2183 152 238 1408 531 1639 2809 1868 2598 1944 1127 1118 1787 356 2406 447 1721 326 2053 296 2068 594 1648 692 1185 2436 1949 1472 2842 92 1942 1452 2580 725 1293 721 1124 2037 2089 2440 2220 790 274 28 1931 2665
1710 925 712 1369 1417 445 900 489 2649 463 1486 348 2011 2454 260 1934 1983 2050 2084 1489 2419 1437 2769 26 221 977 2652 524 2840 1656 1172 943 1092 1405 1328 1627 674 2574 197 1046 2817 860 188 1552 2501 559 1045 659 2544 1319 645 179 1307 1428 1701 2270 611 547 2082 1870 1752 1386 2826 1414 305 134 2358 2375 2837 817 2515 2241 563 992 2439 970 168 2411 1190 635 169 1878 1640 1663 51 2724 2130 2676 906 1544 59 2528 769 2626 2397 1253 2133 2389 259 1617
2171 2043 650 2810 2666 1603 807 820 2816 1916 285 2643 2841 1541 1221 2346 1702 2502 1605 1260 1397 1570 759 1891 2152 420 6 334 475 510 1723 375 148 582 1227 1139 1697 620 2179 244 1083 2768 1696 468 1502 922 1153 1326 1953 1080 1602 2203 690 1858 750 2348 411 546 844 5 2751 214 1882 181 732 956 2494 1738 1744 2521 1059 991 1763 669 594 1188 22 2263 1537 1524 2230 2048 1515 1979 423 2210 23 1061 1807 1171 388 980 117 2167 1421 1768 306 1494 2128 2109
2528 2411 1644 1934 2501 1656 2044 1405 2817 221 2790 1102 312 943 188 2832 556 635 1624 987 547 1926 1386 817 611 85 712 2082 1319 2270 1983 1407 2574 4 1369 925 2419 1146 2300 900 1752 1993 463 2011 1208 1617 1782 1417 1489 1545 1422 1552 2454 2544 260 1190 826 626 1486 559 2133 1045 283 134 445 2084 1092 1710 2439 2389 2515 1381 1328 1627 1737 2649 59 489 992 305 659 2837 2397 947 1437 613 2840 2836 1046 2652 2358 2631 2241 1649 674 1658 169 2626 860 2069
1024 2402 1140 471 654 1438 478 2053 2765 721 1039 430 27 1143 1972 113 1124 2236 655 1274 331 1662 1282 2465 1921 643 2505 1127 936 2398 1612 2611 525 1008 1273 49 1647 1598 2061 1505 625 245 1472 452 1506 1822 1692 1475 1293 1787 1918 1141 1026 356 858 2017 2698 580 1378 753 653 2531 408 2280 268 1097 1118 1037 2396 2406 390 2301 1317 1356 89 1011 2173 326 2232 296 1756 402 2794 1781 1435 363 1395 1503 200 159 1967 1648 467 131 2429 314 31 679 2311 805
1142 774 2196 2492 855 1174 2519 1498 2243 1094 1913 673 1966 2417 749 2299 593 1936 2697 800 2006 1850 2005 2251 610 678 336 2549 2290 717 2843 2788 435 2730 2364 1020 1573 821 1581 2087 1005 1634 1311 1068 1243 2151 2830 1379 365 1946 2680 2746 257 1309 410 870 1794 1040 535 605 2613 1871 1424 2560 881 253 2377 1527 1455 1511 434 730 1783 338 1968 1731 1131 2609 2341 1516 2095 1138 544 1670 1466 1133 288 937 94 1800 2516 112 1442 1079 1969 2102 648 1526 883 538
1083 2643 1702 181 732 620 6 636 759 582 1318 546 2386 1536 2807 2278 285 762 1221 2194 1797 42 1726 2761 1315 644 2079 148 661 2141 2678 650 2666 2116 1502 2425 2522 2705 1763 894 1227 594 2261 1013 647 1768 1603 1882 2160 398 2476 2048 1064 2263 2562 2442 510 1336 1979 2720 1458 2203 2831 2168 922 1570 2179 807 2503 1365 2111 45 1541 2571 104 2823 1697 1198 669 2313 690 300 270 2468 1251 1880 1260 1080 2153 1632 1183 907 1898 1960 2494 2043 474 2612 1696 2506
1830 848 931 702 1114 2471 1908 2601 903 1845 768 2624 1107 1512 502 578 1821 1608 284 250 65 1720 1340 1310 103 297 1323 990 1235 1767 688 126 2276 835 1254 1975 1186 2388 1391 1413 684 2314 522 2036 379 1922 1557 2667 2016 1691 420 1014 315 1748 1397 2768 2347 2345 1759 2620 690 2605 1125 1646 1605 739 2326 1601 2671 1372 2080 1832 2622 2757 2324 2661 70 400 1390 767 1753 469 414 1459 2077 2150 920 431 1016 2571 1570 1104 2503 300 646 2409 1192 601 1834 2073
269 1548 2403 801 2 379 951 2315 2314 2518 541 1757 2663 857 191 1244 1509 2486 1943 2818 1869 1959 83 907 1459 531 2478 1125 1043 1767 2653 1748 1950 1120 2015 2161 1186 2255 1413 2772 2136 2109 1073 1905 263 2302 2506 1834 87 1753 469 116 431 1252 882 1391 2327 2077 2797 2510 688 1255 44 1573 2740 2063 1014 2708 954 590 1609 2548 1841 1541 2294 277 123 2240 211 2685 720 1542 1300 594 1171 1007 1839 334 137 1088 1919 1336 885 1809 1325 2387 2206 601 70 2777
546 2468 1697 285 2268 298 2167 922 181 459 2623 1084 620 2643 2043 1702 2179 117 582 1221 2791 1380 1285 1184 732 759 2263 6 1884 2030 1744 1456 1911 2726 669 510 1882 594 2203 1797 2171 2168 1083 1763 2807 275 1502 1260 20 1318 879 2194 820 2572 980 1284 448 991 2132 1866 973 2348 636 829 1188 661 1080 1205 2521 650 1684 265 2013 1324 2162 398 1863 1059 1280 2816 1536 1541 23 1025 1200 2727 1267 98 2118 1525 196 1227 214 1090 1570 2810 557 1122 1973 1366
1704 1532 296 1274 772 326 2396 408 1127 653 356 31 290 238 1262 131 2164 28 209 580 1339 2291 1275 1787 711 574 2091 2173 2057 239 383 2017 494 838 1708 847 503 2228 2715 2794 152 1472 1741 314 1282 159 2557 1011 657 455 49 295 1780 2025 200 1730 2806 1655 1899 2479 2639 2053 467 1692 1874 2052 696 1956 225 245 2316 2813 1555 61 2765 647 2028 330 2099 464 1706 1941 2592 2565 1917 2500 1506 1612 1143 2236 2248 1124 671 525 1831 1929 734 1503 1961 1039
2494 1139 594 1953 815 1198 2677 84 2503 1866 1960 1183 104 1113 851 2359 23 396 2761 117 941 1199 2141 1987 1616 1502 2348 270 2203 40 1922 543 214 1283 1205 1768 244 2109 1217 2278 2263 2048 629 1184 1591 474 1371 2115 423 281 2303 2823 1144 907 2179 2132 1519 327 1171 2691 2197 205 1570 1137 150 298 636 2448 1525 1605 398 1602 1536 1661 690 1175 589 2688 2562 2160 1318 1687 2128 183 1080 1501 856 531 658 1596 879 1979 1458 1537 1036 582 1073 2620 909 1798
348 2649 1369 26 1870 925 2769 2454 712 445 305 550 1328 1045 1710 179 2011 1381 480 2714 1658 2241 463 51 2050 260 611 59 1624 2721 1782 155 1417 1029 2501 2538 645 1934 1569 1486 900 1983 1644 562 64 524 2528 1489 817 1544 1054 1453 48 1172 1617 2545 674 2034 2130 1545 1319 2411 663 489 2840 1993 547 1796 970 168 188 497 1716 1758 2574 1441 1576 1649 1701 2817 1552 1092 1640 704 2418 1056 2439 1586 2084 977 659 1665 860 2610 1627 2155 2044 2419 100 1405
310 1561 983 2827 2441 1343 617 596 695 2737 2190 1091 949 2759 2745 2242 1914 1683 374 1176 1856 1713 1334 1693 1116 328 251 2202 1346 132 940 1743 341 766 1898 1298 2547 2129 581 95 407 2112 364 2238 777 1714 803 2040 529 2111 576 1900 1971 1996 395 2381 63 1394 2656 2644 2700 2785 1773 2149 88 1019 2542 1593 1004 1476 832 1093 1103 1224 1689 1631 2000 1535 1999 436 2504 1801 1161 291 2072 545 1786 737 2016 1427 1513 1137 727 1333 1434 1785 1798 824 658 1685
1324 275 2246 117 879 557 638 147 71 1538 1863 1539 23 2573 2727 630 1440 167 2662 1520 810 454 1630 265 787 2271 30 1684 2128 1036 2726 490 1122 2013 1502 1200 2132 958 2791 1973 1360 2036 2203 214 307 2363 96 687 1152 1445 20 1353 127 907 469 2820 1450 594 924 327 2709 1184 2266 2699 1763 1744 2595 2481 1549 1014 2605 132 676 1013 352 1077 1591 1 697 1939 1694 2653 2175 2635 932 2616 1631 510 34 2529 342 473 577 1196 349 1713 2523 2422 2494 2104
1644 1624 2528 59 2411 2817 4 817 2389 1545 1934 221 1405 1386 547 1146 1656 2515 556 635 1752 943 2501 2270 188 987 1926 1407 2082 2790 611 1489 312 712 2044 1102 826 2011 1369 900 2832 2439 1319 1710 2584 1417 925 1993 2419 2837 1181 1983 260 1274 626 1411 674 305 613 2631 1486 2300 85 2675 1202 1190 2454 860 1381 1737 1788 2574 2649 994 1544 1799 2477 1701 1782 134 1663 266 559 1878 2367 2084 562 463 449 1617 1328 1941 169 2648 1552 489 2530 996 2440 1627
730 338 1442 2516 1526 1511 1466 855 519 1325 253 1969 2763 1142 2519 392 2219 2302 1455 336 2102 1850 1498 1165 773 1992 709 2549 1311 186 1516 2243 2364 2006 248 1094 538 1419 1454 800 593 2341 2660 1079 1020 1424 1174 1670 1779 881 870 394 662 1581 191 1385 774 1879 678 843 1005 2145 320 1271 648 717 2151 1966 2087 908 1379 1913 544 2492 568 1906 434 1007 2290 1243 2251 1894 984 2711 2299 852 94 1573 2560 103 1323 1946 1634 610 1002 749 2065 821 1936 2746
472 1530 1925 160 1078 223 2776 2094 1338 1863 2063 888 1509 573 2266 17 1803 667 1615 438 2486 2835 403 2255 1619 1295 2709 2616 1887 600 2481 1994 1421 127 2338 2635 421 656 1009 2455 2811 1811 2820 891 2576 1982 1698 1229 1792 2356 2403 837 1446 1520 2168 642 2100 1549 846 1159 1815 2717 264 1059 267 2595 2731 577 1277 1862 2039 2781 2710 147 1660 827 551 385 157 706 2555 2834 414 2223 2771 2473 1373 170 1 2844 879 1258 892 1571 1238 1242 349 2659 1112 2253
2037 1557 1998 1390 1771 2622 1677 994 2625 1088 1892 274 2757 1073 1029 271 147 2440 608 1942 2183 591 1473 2809 1165 1408 2573 1308 1186 531 1616 2011 46 315 1811 538 2535 688 1980 526 2150 2661 2624 1511 1391 1759 414 1323 2646 2045 2671 1130 2302 2735 2506 790 1627 1591 444 730 709 658 217 1969 892 1584 1190 2755 1006 598 907 1491 400 2595 1928 714 586 645 244 1462 223 827 104 616 1333 853 1821 870 224 1082 1841 2648 508 745 1962 1433 191 739 1904 1045
2755 2023 1584 2045 747 2545 2556 2034 2433 2272 64 191 439 2302 315 48 1391 750 2622 770 1796 51 889 2713 334 1051 258 1767 1557 1603 2650 1165 1569 1833 2388 155 1759 1640 2757 1757 1541 684 1537 2685 1320 305 1080 1499 2496 768 1413 2314 1975 201 594 2686 2276 714 562 1980 2663 2727 1733 1442 2352 882 1511 582 2508 1199 2150 1312 2815 1221 1969 1834 601 2671 769 1596 907 931 2562 285 1496 1763 250 1308 2721 2168 1986 688 2 1502 1390 1548 1090 1316 2011 2478
2048 1768 1221 2677 865 1922 1272 244 2502 1397 1754 420 1949 2494 1570 1605 1537 2210 2421 2324 285 1744 640 1038 629 40 270 2152 2768 690 2520 2841 820 1137 1603 1916 650 2666 13 148 1541 1616 2761 2620 375 1430 1232 594 2671 1108 1763 323 646 2203 851 933 1661 1041 844 614 1175 5 1080 2278 2132 1519 1953 98 1139 117 1333 1891 1696 953 1553 1115 1960 1198 2179 485 2828 2162 1326 1036 910 1329 1798 1515 510 2346 1471 2795 2699 2323 1951 196 2149 2726 962 2571
505 2500 587 458 313 2283 1741 2674 705 734 1827 2552 523 2181 354 152 2534 2193 2119 28 238 2479 2099 2365 602 2819 81 633 1896 711 2370 330 1563 1111 1339 314 2052 1010 120 2592 356 209 1109 2681 2402 1680 1532 838 175 261 972 1332 999 1755 2017 2527 2396 1472 699 2244 503 296 1164 1991 2689 2322 1297 326 721 780 1050 2822 1475 316 963 2716 2236 1143 2173 1465 847 2429 2715 1282 1011 849 1117 31 27 1708 1972 805 1787 92 653 696 2693 799 1852 968
2479 653 2099 1532 296 2674 330 1376 356 2500 120 2119 721 152 734 587 1896 1972 1274 2052 1127 408 2592 1282 2402 1647 2681 847 1472 326 711 458 238 602 1011 159 1143 1756 2017 81 580 1317 313 209 1921 2557 2365 503 2794 2191 705 2527 2819 290 354 2193 1741 972 49 1781 1111 2228 1297 2236 1787 1827 2396 2283 2370 2177 28 849 1332 2597 2173 1395 1262 2765 1755 1974 261 1822 1568 2232 1655 633 2061 1692 1961 1475 2716 2552 505 2053 838 2406 2091 1010 2689 799
1768 2152 2048 2056 1605 171 1570 2503 2761 1726 270 1251 2263 1139 2502 844 1953 2182 2197 2760 2705 2160 1458 2522 1221 1712 183 1760 1515 2079 621 2203 1064 45 2608 182 690 1113 2386 2401 1364 1397 1198 236 214 244 398 2348 762 2612 149 75 1365 300 1004 2620 1696 198 420 2457 335 1602 2737 1525 2831 2230 1801 861 732 2572 1866 2841 1702 1315 1108 2591 2678 2677 2116 1797 148 1343 2706 1217 1171 1283 620 2141 1685 181 510 1907 1537 940 959 1596 1922 954 2498 949
52 418 225 1481 207 726 2059 999 61 2715 31 2396 192 1275 806 455 2025 2765 1039 2429 2669 464 1787 534 1506 346 295 2053 1262 1378 1706 1692 1662 838 268 2070 1568 331 484 655 326 1124 758 471 389 2806 390 1024 363 1929 1438 840 1635 580 2301 1967 478 209 314 1780 53 1475 2236 2232 2173 2244 780 139 408 1050 245 452 1127 290 2565 467 296 108 654 1715 1282 2407 1472 356 159 2467 2017 2698 1274 653 1875 2821 27 1503 1022 1008 2531 1730 2690 1141
1502 820 117 285 650 1221 546 1541 2179 582 1603 334 2841 2043 2141 922 2666 1139 620 594 1697 2677 750 1702 181 879 2791 2494 1184 2554 2348 214 2643 2268 2810 732 1816 2171 1525 2623 551 1456 1480 510 807 1084 150 1188 2030 669 6 2263 1315 2203 23 924 2132 1083 1882 1763 1605 1280 1025 2194 396 1953 375 298 636 759 1171 1059 475 1660 1366 2387 1979 1570 1318 829 459 2425 1217 2278 2197 1536 1108 1205 543 167 2726 557 1916 1744 1283 1267 2502 84 1995 1922
2792 1791 118 567 998 1354 919 1531 639 952 2711 2778 1179 2328 1583 930 778 1854 1579 1977 2682 945 2647 2491 887 2252 1578 1769 382 819 841 1770 1470 916 1920 1667 9 748 227 517 1063 2065 1970 2459 1651 7 1368 975 808 2042 114 1851 928 2793 1367 1211 151 2488 2723 2575 2379 515 1271 1239 2304 923 1585 2225 1154 1657 381 2729 982 763 2081 2361 492 2349 1625 1042 875 579 1210 1819 311 2334 809 1528 2067 566 25 2462 1209 2416 2618 2097 2310 512 2559 1864
1647 1972 1274 721 1127 2402 2794 2062 331 296 239 1921 326 1781 356 2061 1822 1143 2316 1293 1097 643 653 2396 1282 580 1376 1472 200 2164 430 159 1011 131 2091 2017 1961 408 655 1692 1503 1026 2765 1787 2173 268 2611 31 1140 113 1118 1262 1395 1024 49 2632 654 2531 2674 1755 1141 1506 679 525 452 2465 2505 1598 1438 27 2311 2406 1875 2398 1941 467 1297 209 478 471 1187 1756 1039 330 753 1918 290 625 1655 1048 245 2812 314 449 936 1317 782 1648 2280 2025
1306 1175 1951 485 727 589 2409 658 2540 251 1427 1333 2072 1558 898 714 1361 1137 1166 1798 2149 614 374 803 2656 1451 2113 1928 364 2323 1900 1334 293 1207 215 2759 1513 1786 1213 1559 962 2381 436 646 1257 1693 2644 2178 1230 395 1161 101 1883 954 789 2542 1389 2040 1300 1971 2000 1106 1298 895 63 529 304 182 2022 93 2054 545 1743 1115 1394 1343 426 2242 2430 1847 2504 2546 2787 1773 1019 737 1683 310 572 1590 1561 1685 2579 2143 617 2066 634 949 1597 1087
1944 1212 1055 899 67 137 165 2813 2728 2135 2558 2382 1606 2294 2842 1223 725 1937 1076 2248 1406 1810 116 627 249 2741 2583 2207 202 1012 1874 1056 804 1464 1130 1075 1639 948 2509 1841 2393 1986 2435 2286 329 2057 2569 2683 647 2736 2809 146 2291 2258 491 404 1126 1592 692 494 1001 362 2825 447 1935 1899 2639 2506 1825 686 204 1547 2766 2121 2708 574 2319 2438 1473 482 1757 598 2292 1185 1557 2068 2719 1463 2041 2580 2305 1940 1897 97 1609 682 1869 1555 2511 2427
1948 1496 1362 2545 1416 1860 2034 2272 497 1096 2556 1051 64 1897 155 2721 1586 2628 1316 1757 439 1381 305 1569 562 48 1490 2713 1636 1658 2241 1453 2135 2815 1965 1782 1218 137 715 1212 1796 51 116 2376 2433 2352 2741 201 1606 123 2309 1544 645 750 899 100 2650 747 882 1623 1541 2686 742 1901 1054 2046 2842 1649 2766 1993 334 1255 2387 2665 992 547 2150 1986 986 204 2319 79 1186 1679 1045 202 1261 611 889 194 1840 1584 440 1944 2011 712 1319 2439 1800 1547
453 1163 141 1023 2163 401 1085 99 2679 1510 2055 2009 177 1903 72 612 2829 1145 2122 1628 2747 2098 1415 816 1047 174 2775 437 1436 2218 399 2636 208 380 981 1599 2750 1717 73 2655 2469 1233 1872 2074 731 2587 1160 1784 460 2201 694 156 222 164 2577 760 599 172 2355 2274 1808 477 461 1688 1321 1939 823 2722 2512 2452 1976 1504 1305 1155 1241 2126 935 632 666 850 2096 1052 2537 1933 1100 595 2362 755 1404 836 1258 897 2658 1089 1006 1098 865 2342 2595 2432
569 332 193 1065 988 302 2047 2578 340 2090 733 1398 429 323 1431 199 571 2032 878 554 2520 21 1041 78 62 2333 1430 866 1793 427 36 2743 1553 2668 432 289 2640 839 370 1910 417 1418 2786 2380 1132 1256 121 361 1038 2227 2078 1588 743 979 933 1049 56 2421 1268 500 176 1686 1393 1890 1499 2117 2415 640 2423 2210 802 1754 2568 1521 1189 680 828 1699 2029 597 2083 13 1562 2798 2428 1888 893 2335 1249 2629 2795 1272 1668 964 536 2451 698 681 1053 2384
879 1366 557 1539 1982 273 1816 1480 2791 2104 2094 1863 1059 685 1925 147 1684 1242 20 1807 352 2175 1122 1744 1080 2139 127 2268 2529 2524 117 2468 1520 2797 414 2473 307 2726 1811 1922 264 2554 2030 969 1803 2266 1167 2460 2808 1502 894 2710 1660 867 1295 888 2363 226 2635 2269 1291 551 1 1078 160 1421 2795 1549 1880 267 1355 2607 17 1530 2570 1763 2223 2073 96 1698 933 2494 573 1266 2179 1619 2484 1373 2103 342 400 2576 2579 537 2801 2844 472 827 510 2727
1489 860 1710 1701 1417 463 712 2769 2050 2011 445 2840 1788 2454 1045 179 197 1934 925 1617 900 1328 2130 169 2650 2649 59 1029 1405 1782 1993 2837 1552 769 1422 1369 26 348 943 440 735 1870 2626 2241 51 1752 2528 305 433 260 221 1381 188 1253 2411 1486 645 2375 1627 1658 2501 2439 547 611 1386 1640 2289 2082 1544 826 2084 606 1663 635 1656 2270 550 1624 2544 1649 947 2817 2419 155 817 2836 1407 2044 1319 626 4 1644 1983 2389 312 1545 562 2753 675 987
1140 2402 1293 721 1972 1143 1118 1097 2236 654 1141 2053 1274 580 1822 27 1692 2765 625 1037 356 326 655 2406 1124 1756 2070 430 159 31 1187 1011 2465 331 1282 2505 1472 1647 1317 1475 1050 1356 1921 471 1755 1787 2396 805 1127 1967 1273 1216 1648 643 1438 296 2611 1435 2794 1008 314 1024 936 2017 1297 390 679 1395 209 49 1039 1635 245 478 653 1598 452 2301 1781 1378 408 1022 2062 2531 53 1010 1612 2173 2698 1506 467 1774 2398 402 139 1662 1829 1715 2280 1021
1453 2433 2545 1490 1569 2713 2034 1901 100 305 2556 2036 2721 1841 2309 1056 2376 64 137 1381 1316 715 2001 562 1944 155 645 1860 204 2842 51 1658 1825 2272 1496 725 1782 2207 2213 1965 1586 165 2135 362 1796 687 497 2435 1547 2650 2726 932 1636 201 260 1821 59 2241 2391 630 48 1899 2222 2046 116 659 747 79 1606 547 1640 250 1986 2109 1486 2558 2511 2813 2825 1757 865 2088 1623 2352 246 379 899 712 2768 900 440 439 992 2728 1948 1744 2248 2623 2741 924
645 2836 1649 2011 1381 1422 201 2241 1782 1658 1552 440 445 1444 1860 1544 1054 2826 1029 2767 1636 134 2735 1663 169 947 155 51 319 2837 2628 1640 735 1840 1045 2439 1623 2840 1496 1307 1328 1617 2352 2076 2050 1486 659 2815 1679 2133 1993 900 674 2713 1965 712 1218 1796 48 550 260 613 769 1208 1752 563 194 2309 1316 1437 2652 2556 64 463 2707 562 965 611 1148 992 978 1948 2272 1586 2046 559 2088 1319 950 1253 497 826 2545 2130 1901 1046 2433 439 1569 1123
1055 1212 2728 686 1777 137 1944 2286 2294 2305 1067 2598 2766 2382 804 2813 2291 1076 79 2319 2436 2558 1639 1185 1452 2248 1223 165 329 2393 725 1541 1130 948 1937 1463 2741 2580 1868 2135 140 2719 1935 146 692 494 1464 2057 1126 1606 246 2292 2736 1899 1134 491 2068 2665 1897 2683 2041 2583 67 1547 820 722 2842 2506 647 447 574 2207 1874 657 2511 1940 442 899 1825 97 2708 1362 2639 2435 2825 2569 116 1056 2051 1592 1986 677 790 2438 594 2748 750 1869 944 2494
161 769 1417 1489 1938 433 860 1710 1782 1788 134 1833 1747 601 2650 1701 2289 1895 645 2685 1649 1627 51 1617 2837 1443 169 2367 547 1640 2836 1391 2011 2076 1381 48 1045 2314 1623 1413 2050 2686 943 2510 1054 2439 18 431 1993 1544 674 2046 231 1405 906 64 2 611 1658 2496 224 2388 168 2480 1700 305 1029 1842 1386 1319 684 1902 197 2735 712 1552 992 1165 947 1834 2133 635 2652 562 2556 2707 440 221 1422 1444 1752 1759 1980 2626 315 1307 445 978 2352 1253
519 392 2219 1419 1002 186 320 1495 852 709 984 2262 1682 1516 908 2543 1479 1906 2341 253 1676 2763 434 1385 1017 1455 2085 1442 1779 355 394 2140 1565 1879 1331 2660 791 2318 2093 942 1992 937 2460 855 2549 1621 2331 629 1978 1739 1511 1287 2134 336 1325 893 1119 2600 2420 1498 1200 730 1311 157 1614 2803 2796 773 191 361 1079 248 1546 1454 2364 660 2519 1894 1155 301 544 164 593 932 114 1969 538 2664 156 2302 1705 2577 1142 292 334 2755 676 750 1613 177
2437 1672 44 2700 16 1914 1749 2202 1990 1447 576 596 95 2745 1224 1483 1773 1836 1178 1300 1353 1469 2441 2000 2190 1103 1713 2317 1304 614 1513 88 310 2827 1476 1996 1693 2547 2129 47 824 983 63 1116 1795 132 60 2180 1727 1685 483 1714 789 1394 1847 1161 1856 683 2555 1593 1743 376 1106 2523 1883 2111 2579 1838 1137 761 2016 1999 695 954 949 291 1176 2785 646 2249 1785 83 2422 834 2784 1336 465 2737 328 1631 1115 1559 34 2238 1801 1091 529 2277 251 1451
1290 1017 908 1518 1331 530 1614 2660 921 2049 2282 1673 1301 2140 813 2064 1604 631 1554 1981 984 1567 1384 1237 1909 1100 2696 446 2458 243 1002 1370 1105 451 1058 2596 660 1742 1404 1155 1419 966 2796 1495 355 1396 1613 1808 2392 662 2257 2093 1978 1676 1879 1739 124 320 487 1621 942 394 2782 1454 2262 2085 2600 2274 852 1119 1688 2306 392 2722 542 2648 2259 1906 336 1681 1174 1031 710 1142 1853 253 7 800 2543 1516 2065 855 235 890 1089 869 54 1424 1020 1581
2716 2552 2181 2565 849 523 175 2527 2819 2365 120 1273 2500 999 367 2370 726 2715 2396 587 238 1912 456 152 31 1941 705 580 326 52 2479 1955 1281 81 2681 452 2698 1692 2765 1929 108 235 505 2689 507 1991 1885 1143 1010 159 1220 1039 1503 1164 467 471 68 418 1141 53 1293 504 2531 314 2806 840 1438 1314 1823 2557 1117 1730 216 1097 2674 2406 1500 2144 2470 1275 553 2017 561 295 780 1568 655 1008 200 2244 2429 699 2191 1481 1896 2597 2232 2279 653 1024
320 2355 2318 1911 2691 2420 2452 2156 1200 2071 1682 2446 1002 1709 1170 1479 1750 1621 1676 1387 519 836 99 222 1419 2645 1090 666 1933 2147 724 1790 2593 908 355 2432 2587 1697 897 2679 177 156 392 98 144 630 1267 2512 164 174 2331 2636 755 157 937 1098 874 1321 632 599 1495 595 2443 1903 2514 2086 301 2342 2722 1504 2256 7 1442 2168 1762 981 422 460 1145 1717 2450 208 1025 1946 2775 2658 2122 2102 1973 850 191 2219 516 459 1308 935 2341 2537 855 1638
1471 423 953 2169 2791 104 1184 2579 1922 2661 1277 205 1180 2109 924 2641 592 1683 2132 1898 1230 2768 117 2036 834 2114 1846 2573 2648 400 2494 2571 2203 1198 2179 55 2073 397 265 63 1080 300 2027 2281 1423 2326 2473 1502 2247 1661 2242 2263 2489 1591 1487 2508 2726 310 328 796 1371 1333 658 1883 2058 1763 2504 1400 1353 2823 1082 1841 327 2546 2759 1821 2414 2784 2317 2535 2176 879 1727 2030 510 1205 1685 751 2175 2656 1036 483 2222 419 789 39 1183 2162 1177 2238
1331 2458 1290 1495 1614 1742 1017 1105 1384 966 1396 1370 1673 1518 1301 243 908 2600 813 1554 355 2660 1604 54 2085 451 2782 1237 1739 942 2282 1705 1567 660 2140 530 1893 542 487 50 631 1681 2796 1002 1058 607 1031 2369 710 2259 2696 2049 2664 2257 921 1287 1565 2093 360 1981 446 1909 1419 2064 984 1676 1853 2596 1695 1000 2803 186 392 1978 337 1546 320 791 1613 1879 2543 394 1100 301 1155 7 1906 1508 2147 2341 2392 2361 253 871 975 2793 1271 2394 248 1516
1213 2113 2066 63 1228 1389 304 1019 1161 545 2178 572 1394 1785 2022 2759 1513 2277 658 962 1333 1847 2504 1230 364 2546 1883 1693 328 2579 1087 395 436 898 251 374 1300 101 2784 1115 1683 803 2656 2238 2644 2381 1898 727 1801 1353 1971 1798 1427 1558 483 2040 1786 215 789 240 529 581 1900 2323 2149 766 714 2242 1773 1559 1106 310 1175 2737 1343 1207 1334 341 1166 1685 2841 589 1743 485 907 989 1951 132 695 924 2409 596 1257 2000 1471 949 737 2114 614 1093
2510 431 70 2561 1125 1753 2077 1035 1842 18 1759 2478 2777 1834 2757 2772 2663 2 1839 395 2323 2644 2818 951 601 1557 315 529 2015 545 1252 962 1798 2759 2040 1333 2242 2622 374 1443 1394 1390 695 1801 1334 1230 1186 572 2149 1257 1938 989 364 1343 688 1391 2656 132 1357 1971 2504 1298 2381 2314 803 767 63 1207 1786 101 1833 1176 1767 1427 251 2238 39 2016 1900 215 578 436 2302 926 2546 824 2686 1165 646 1413 1091 2277 766 277 328 581 1785 1353 2112 1559
2210 13 640 828 377 2520 1038 1754 1272 2828 2421 2671 672 2083 1374 142 2578 1033 2743 554 176 1686 933 868 289 1949 340 886 292 323 2602 78 1562 432 427 802 1041 1888 332 1668 429 964 979 2108 417 555 1418 2451 2668 2227 1049 1393 1890 2415 21 932 698 2384 2629 2428 2786 597 2078 2038 2047 1910 1492 2839 681 220 882 2029 1429 1053 2217 743 1430 865 536 302 1329 1553 1952 2423 820 955 2539 893 1521 121 839 2120 2333 1337 2795 361 901 2387 370 2031
767 2478 2772 1753 1125 2777 2077 277 2015 1252 1443 889 1834 1938 2818 2302 1980 951 2315 70 1759 2757 1165 315 1186 1557 1391 18 2686 1833 688 1842 2 431 1323 126 2624 2510 2685 2314 2561 369 1747 601 2663 2622 745 1390 191 2702 578 1035 325 44 211 400 1413 761 103 2661 1235 827 865 2161 2532 1137 2249 1767 2535 658 1845 1462 2335 1474 1989 2128 614 1904 990 522 2276 2571 444 1558 1073 1671 2506 1839 1340 1161 297 2109 769 244 707 594 1661 1605 2016 1394
1938 1443 1833 431 2510 1842 18 1747 601 767 1035 2686 277 889 2 2757 1759 70 1834 1753 2772 1125 2777 2561 2663 2077 2478 1557 2622 2015 315 1252 1390 1839 2818 1767 951 2315 2685 2496 1391 2128 684 769 2388 578 2314 1980 531 1413 1186 853 250 931 2532 688 1821 244 1340 522 1616 2624 2115 126 2323 1114 2644 2671 400 768 2702 1975 211 2276 2302 369 1976 1845 865 2768 1725 1165 1323 1720 1137 161 426 848 423 1207 2661 990 1605 658 1235 420 1696 1608 395 1754
2809 1473 494 146 682 1876 2438 1598 2435 608 1899 1721 1185 1692 2580 1961 491 858 274 574 2708 1452 2057 994 2569 2716 1018 526 1941 1592 726 864 1223 2719 2181 2813 686 999 2552 27 2681 561 2248 2382 1774 449 68 948 2683 2698 1874 1503 1056 523 2393 721 1892 120 2406 1127 447 2500 1868 677 313 2037 1944 2625 657 444 771 1677 53 2814 1505 2144 200 587 2294 1472 2316 2598 1639 2017 1746 2402 1433 1327 2212 653 968 2445 2291 1273 782 2370 2764 633 2639 12
1214 2751 22 1171 1632 2567 2079 1365 2643 1702 2153 620 894 2841 2160 2152 844 2502 759 419 1139 96 1605 2666 2230 189 2591 2109 1315 181 732 2401 924 2705 2612 1953 650 2043 1336 1217 335 1661 1013 509 1797 1927 2554 411 2162 2816 2351 148 1032 214 2678 106 761 2278 2216 1907 1744 510 2386 807 2457 785 2726 1602 2171 2810 1471 2476 1960 851 2141 1703 636 2571 2222 2831 1763 1019 2562 5 375 1726 171 2263 2203 300 1397 304 1515 40 1891 762 1487 2179 2425 744
2500 1896 2674 2099 356 505 587 653 705 238 330 296 458 2479 734 602 2177 28 2527 152 2193 2181 2819 1376 2365 1274 2396 1532 2119 2017 2764 2173 847 2552 2681 1127 523 1011 1282 1297 1475 2236 711 1143 1472 313 2689 1117 2402 1339 1741 721 699 772 1332 354 2370 408 68 1240 1647 1974 1021 1037 1787 849 2228 1972 326 2316 1961 209 633 290 175 2592 131 2794 553 120 2698 1852 561 771 963 452 1655 503 1827 2406 1010 314 968 580 534 1273 806 1543 1708 1111
2044 2501 1934 188 85 556 547 2411 1386 987 611 1405 2528 1319 312 2832 1102 111 2011 2574 635 1656 1644 1422 1993 712 1983 1649 445 2817 463 1203 1782 1552 2790 2419 659 2082 943 2270 1617 1092 1501 155 134 2840 2836 1190 221 900 1484 992 1624 645 4 2599 1423 1486 1674 1029 136 1054 1666 1308 1045 1381 624 2375 1550 2241 2439 2626 2046 826 1582 110 351 224 2389 1082 2544 2483 2538 2195 1006 994 488 2293 1545 1752 2646 271 260 1926 1627 1700 1817 1788 932 1902
23 1113 2494 1198 2572 690 1616 1080 2203 1144 1960 1866 594 327 1661 1205 844 1605 214 2197 1371 104 815 2263 1139 2109 2503 2448 2152 1537 509 1687 2348 2535 2677 84 244 474 1171 1502 1949 2678 629 1922 117 466 148 856 5 1365 510 2751 2457 1137 2506 106 1763 1471 2030 745 2656 1184 420 325 1953 2620 941 1477 1632 1659 2115 2303 851 1426 1397 1987 2502 1175 2623 2149 614 1343 2562 2386 907 2705 592 2245 2691 1515 2160 2016 2141 2569 167 2706 2128 1726 2179 2324
1649 2836 1054 1381 1782 1444 645 169 2837 1658 2011 1663 1623 947 1544 1328 1679 2767 2241 1045 440 1422 155 1617 712 2439 2707 2628 51 2050 735 445 2352 1993 2826 1029 1640 1552 134 1218 201 194 1486 2735 1860 900 1307 769 992 1437 1840 2130 674 2840 2046 260 562 1948 48 319 2133 2076 1636 64 1796 1208 2652 305 2713 2815 2272 1416 1496 1586 1569 1051 1261 563 965 2309 1752 2545 2556 59 2433 463 497 2650 1316 715 657 1757 489 439 197 550 2721 659 1096 1253
1882 956 1221 820 1541 2494 285 2197 2194 2623 546 2678 300 6 1726 2263 1536 669 644 1318 971 1922 762 582 1687 2572 636 2203 1525 2261 1084 1083 115 661 909 2468 1603 2688 690 476 1697 1995 2348 1763 2677 1802 1866 1108 1280 1400 2109 327 448 1267 2706 1537 334 594 2726 1090 2168 829 1596 2442 2278 1371 1198 2705 2386 2079 1661 2720 2740 117 2807 2620 1205 2571 650 398 1570 2359 2727 1744 750 2841 2473 1397 732 1880 150 2030 1153 84 2823 2554 2493 2503 2160 42
1139 2706 1605 1953 2348 1570 2841 2502 214 1602 2263 1866 2203 2160 1365 2152 335 1198 1768 690 2591 1113 2401 1397 148 2048 2572 2612 2079 2761 1315 2230 851 2197 2705 2386 1221 844 1217 1525 2141 420 785 2109 1363 1537 1712 2056 1502 2179 510 924 732 1199 244 2751 1458 1171 171 594 104 2620 2677 1760 1671 2503 106 45 509 1184 181 182 1702 621 2494 759 2153 323 2457 2562 1015 1916 620 1738 907 1697 236 1205 40 6 1703 1632 300 1288 856 2768 23 270 1371 2608
18 1842 1834 70 1759 601 2663 2077 1125 2 1753 951 2777 2015 2757 1252 2510 2818 2478 2561 2772 1557 431 315 2622 1035 1390 1443 1767 2686 1165 1833 1839 1186 1391 578 1938 2302 1114 2314 522 2323 688 2624 2685 2667 1413 767 2644 931 2315 1166 126 250 2409 962 2276 2702 990 646 1747 684 395 769 889 1235 1980 1928 768 2320 529 1845 277 1323 1821 2040 2759 2388 2471 1340 1798 714 2671 2324 2496 374 2601 531 1427 191 1394 848 1590 502 426 1720 1975 1908 65 572
188 1319 611 1102 556 4 85 2817 2528 2790 221 1386 2411 547 1926 1934 943 817 987 1656 1405 1545 1407 2501 2270 2300 1644 826 2044 2082 1752 1146 635 1983 626 312 2574 2011 1993 1624 463 2832 2375 2515 1788 613 2367 2419 1552 2755 2670 2069 283 1324 1737 712 1422 2389 2544 1092 433 2477 197 2626 2801 1428 1190 59 1627 659 1181 1046 900 1617 996 266 2530 606 2358 1489 2397 445 932 2556 2433 134 2631 1411 1694 1305 1782 977 630 2289 1486 2013 1796 665 1381 2307
2335 698 2210 1521 1910 1421 2834 2648 2520 2795 1059 2640 2717 2175 2340 476 166 1949 444 2215 2709 1167 46 2083 2226 2839 2428 1754 669 922 839 2078 2738 223 1355 2473 1811 2421 1356 1615 1038 2681 323 2578 2671 892 2273 955 2460 1227 1477 1398 668 685 1037 340 1696 602 1095 1272 199 2635 342 640 2261 391 600 1140 1774 13 2177 2570 733 1852 936 244 1329 2500 1 1030 2266 1618 1995 1768 1041 866 820 1863 879 91 933 1555 2213 432 302 865 2798 2363 1803 1827
2305 79 1067 2286 1212 1076 137 2813 1463 2135 686 1935 1055 722 2665 1547 2842 2248 1944 2068 1452 2741 2766 2511 2382 2294 2580 1134 1937 246 1464 140 899 1777 204 1639 1868 2393 804 2598 329 2041 1185 1606 116 948 1223 1126 97 2319 1056 165 2436 2825 2728 2736 2435 146 494 677 1899 2291 1130 2558 442 491 2708 657 692 2292 2683 2057 725 447 1771 1940 2037 2719 2438 2569 790 1841 2639 574 647 1677 508 1942 526 1874 217 2440 2207 28 1592 1640 1408 271 67 994
2265 1543 2306 890 2681 200 1955 1003 2191 1274 2610 1500 1941 120 1873 699 1441 2052 1332 2789 2237 449 1314 290 1127 316 2105 2773 602 2316 2592 740 771 238 1885 877 1021 963 2594 296 326 1109 356 1135 1991 618 1099 33 2565 1376 2343 1111 553 367 1503 220 1692 1010 507 1011 2500 2232 1187 2764 2177 495 580 2091 2199 235 2597 1730 2715 131 2812 633 162 1974 1140 968 1961 2709 1164 456 68 2164 872 467 261 643 2765 1755 1650 408 2144 653 209 552 2173 1532
825 1574 2336 3 254 2434 652 765 1246 1642 1985 873 2405 929 14 282 2157 2170 1577 2490 2426 1136 2536 1347 869 874 66 2487 812 2209 190 1493 58 779 450 1403 2593 2551 1157 604 914 1351 2585 1534 1121 1625 1128 1745 764 781 1519 908 719 1247 2718 1963 212 1454 2146 247 723 1958 1633 1359 2008 2147 2485 1915 774 7 1289 717 2247 2560 1846 1142 2284 1751 2165 435 2697 2264 1581 1245 233 1020 2489 2018 2081 1152 1973 35 318 2493 2334 2492 1573 1077 2519 1040
2797 1539 2833 2139 299 264 2844 2269 2092 2455 1982 891 2175 687 2484 1122 573 2576 867 2371 1520 837 1549 2473 1735 1816 879 1366 428 1925 1480 352 2266 1291 267 1660 1 127 17 2094 1698 342 1009 2223 1238 2607 551 226 234 814 2246 2104 1266 2063 2486 1059 1684 1630 147 2710 2529 90 2808 1863 2635 1619 2731 969 846 1814 2776 1360 2633 2616 1540 1615 1572 1815 638 888 1242 1025 2811 2403 958 1159 2255 2524 667 1571 2640 2385 1421 2709 642 685 2213 1167 2036 2138
2265 1955 890 1543 2306 1314 2789 200 2610 1003 2105 2191 1135 1885 699 2594 2237 235 1941 2199 449 1974 1274 120 2812 2597 2773 872 238 2715 877 2316 1500 367 456 1332 1441 1991 2681 507 602 552 1912 1873 2774 740 290 2552 326 1755 1111 1099 1503 220 356 553 261 1281 633 495 2500 1011 2052 2565 963 1127 1109 68 2770 1240 1164 296 316 1730 618 771 1461 2144 1062 1010 580 968 125 1961 162 2592 1650 31 324 467 2062 1376 1692 501 2177 314 33 2181 1823 653
1712 1434 182 1760 485 954 658 1004 589 1298 270 1175 727 2761 1685 149 614 1137 1166 1343 2112 1960 1103 1113 2571 2831 1928 1306 2149 594 1108 75 1333 44 2737 2809 861 1283 1558 2430 1687 2656 2503 398 2016 940 851 1019 2409 1661 2116 2072 2048 1197 63 443 198 1205 898 2324 1768 1473 40 2278 1671 1315 1483 2705 856 1087 2497 1198 1733 291 2522 1590 592 815 2494 1365 745 1693 690 762 1951 1232 1659 1525 1336 1064 634 1318 325 45 586 2203 2547 148 824 60
1116 1713 1836 1714 2700 832 1224 683 2437 1990 1593 44 1483 291 1838 1447 1914 2000 1103 1672 983 1469 2190 2441 2129 954 2745 2202 576 2016 1773 1743 1535 2656 182 16 2149 1106 2542 1334 2112 376 1693 2827 824 132 1685 2547 1786 88 1176 47 1559 1856 1795 1357 2737 1513 1304 751 39 1004 310 60 1298 2540 1434 792 1257 940 95 596 1197 1631 1091 1971 1300 695 251 1325 1760 1343 1476 1451 1558 2409 63 634 1996 541 614 1712 465 564 777 2288 1869 1427 1561 1346
2092 2139 2484 2833 2455 2797 264 2371 2844 837 352 1982 891 299 2576 1925 234 2269 1815 2635 879 1122 1009 1520 1619 1 1338 1549 2486 2223 1698 2385 1735 2412 428 2473 1615 2215 2255 573 403 317 1366 223 2616 2266 969 1622 2063 1816 667 1159 444 90 600 2811 46 2607 814 2338 846 888 1539 1824 267 1571 1291 1480 1349 2175 1660 1572 1725 17 414 1618 2481 551 2709 1446 1863 1238 226 127 1071 2273 2094 307 531 2633 396 1826 1101 1814 2727 2460 195 867 2138 349
2418 1792 1930 493 1758 548 704 228 516 57 1861 2039 570 2125 2356 210 1580 280 1859 1377 242 2123 746 133 2703 2659 421 2229 1724 1887 1551 1664 263 2332 438 1713 170 2327 1609 1575 1116 689 158 1665 1594 1348 884 2493 378 2672 294 1234 2374 1714 82 857 1869 2198 1195 2174 793 1576 1542 404 2184 960 756 2155 1358 2456 1375 656 2461 683 422 2004 1538 1877 2430 2206 2324 1034 1292 2186 184 634 2180 1224 1350 2694 843 47 2330 2581 1716 885 2260 77 1030 2321
1557 2622 1390 2757 1980 1073 1088 2809 2150 1759 2037 688 315 2319 882 1998 2624 1473 2445 761 2736 1904 1928 1591 531 2507 2427 2249 1616 414 1962 2255 730 2535 594 2315 1433 2625 1165 1771 591 1166 2755 2685 1677 815 1126 1462 2719 1892 442 1480 997 709 939 423 123 1323 1401 1763 1130 1186 2045 1816 270 338 482 217 538 898 244 2409 1391 444 792 1223 2302 2183 2506 46 1511 1366 745 658 2661 186 2245 1969 835 827 589 400 714 990 334 933 750 1987 205 1584
1325 1442 1526 2516 730 1779 1511 1969 112 881 544 1670 2145 1079 2302 811 855 1020 2102 1165 338 1005 1311 248 1581 1068 191 2746 1385 2290 2680 870 2730 1992 1110 1573 2763 1634 593 1783 800 2364 1966 2251 717 1968 406 821 773 1142 1007 2151 365 1243 2299 435 1379 1707 678 792 2243 1424 2560 1498 1850 2830 253 2788 1309 2549 2519 742 1040 843 538 648 673 410 610 1894 1138 2005 11 336 709 1466 2219 749 1094 315 2087 1794 392 774 2377 1131 434 1454 2667 739
751 469 1014 2036 1130 379 2493 1940 1116 1357 1601 541 1841 1950 725 1713 917 2281 1693 920 1459 564 926 2033 1714 39 1986 1538 2506 87 32 2073 2288 165 902 230 590 1818 1996 1943 2239 1224 55 187 2345 2324 2699 362 1748 1192 2641 2202 1869 1593 1836 83 1825 1476 1905 2495 1685 1091 2605 397 2247 404 683 2558 132 1180 88 2745 824 371 2653 1919 2656 321 1786 310 1743 2000 576 845 792 954 2016 2294 145 2114 2695 1126 1197 736 1434 1176 2383 1103 2207 339
364 101 436 2040 215 989 1900 2504 374 803 2381 1230 2644 395 2759 251 572 1883 962 1361 1559 1786 2579 529 1106 1257 1971 1798 1306 766 1451 2238 2656 1427 2323 328 1693 737 789 1394 898 341 1951 1213 658 1166 2149 727 714 485 2546 1137 2409 2784 1333 589 926 646 1353 545 1175 1683 695 1091 2113 2242 581 1801 1928 1389 304 1558 1115 293 1334 2066 483 1207 63 2540 2114 1161 2072 132 2000 1357 310 1818 2054 2787 1513 2178 824 564 1898 240 1087 1180 1743 1343
2810 650 2666 820 2494 334 1541 2043 594 1462 1603 582 1922 1221 750 285 475 922 2346 1696 2261 1616 1763 115 1605 1188 2677 1916 375 1537 420 244 423 2194 2171 2823 1949 1953 2841 529 1137 2620 1080 546 761 1502 980 2291 1139 2115 2768 1426 939 2152 1570 1394 646 924 1397 531 466 614 1858 395 1227 2644 941 629 1073 690 1308 1591 2179 1891 1515 2128 1223 1995 411 186 2502 1326 6 1477 1230 2323 658 1306 1801 2109 2759 1231 374 1768 2175 2249 300 2277 498 468
1419 355 2331 392 937 301 1002 1495 94 908 1331 1105 2341 1396 1906 1565 320 243 813 1516 1676 1017 519 1946 1200 1614 2458 2394 1546 984 630 253 1455 1739 1090 1424 2843 2452 1031 2660 1142 2519 1133 2361 7 855 1673 2065 227 248 2067 660 2664 1879 1287 585 1970 1763 2349 966 2071 538 1554 490 2196 610 2446 434 2093 1850 2006 975 2803 791 1613 1913 446 2716 105 2473 841 843 881 1498 2318 752 2782 666 2515 932 2697 1819 2792 1454 916 648 1309 1625 1170 517
2759 545 1683 2644 2242 2381 395 374 1230 2737 1334 803 658 1971 1333 2656 2149 2579 949 1558 63 1343 1257 1561 2323 1087 251 1631 1306 789 2504 589 898 364 1786 1951 727 1798 1361 2409 596 1213 1394 1900 1451 1801 1353 1513 1228 1928 529 572 2238 695 614 2542 2072 2040 2540 2113 240 132 436 962 1693 1161 341 1898 1427 1207 101 328 1883 1847 581 824 485 714 617 1175 1019 1298 1743 2546 1176 1137 310 1166 1785 304 2277 483 2547 2784 2178 737 2000 1773 2317 1559
576 1743 1300 251 1334 63 1558 1513 596 1483 1883 1847 898 95 291 1801 1447 1631 1689 1928 2149 2277 2656 1394 1166 44 2409 789 1161 658 1427 1333 310 2000 529 714 1798 2700 1561 374 483 2542 1469 2759 1137 2547 614 1353 1693 2540 485 2737 1103 1749 545 16 727 1298 1019 240 1593 2323 895 1672 589 1343 1535 2579 962 1773 2072 376 1087 1990 824 1590 2381 695 1389 803 2827 1306 1175 2504 132 1304 93 1176 983 2441 1224 1685 646 2784 499 364 954 617 1683 2644
1316 1496 1948 1636 1965 2836 2556 1658 1381 2241 1782 1752 1416 2352 1649 2272 1054 1096 1840 2628 1586 1544 1860 497 645 1218 2815 440 2713 900 1486 2433 155 1453 194 2011 1796 201 1051 1663 2545 1901 2826 134 674 2046 1422 563 445 2439 947 2309 2837 712 1045 1552 992 260 2034 2076 659 169 319 2652 1624 735 769 1623 559 1328 2767 2389 1386 1444 611 547 1307 2721 562 1617 1569 1261 2082 1208 1679 715 950 59 2419 305 51 2650 2817 2050 978 2270 2133 613 1878 221
909 1596 2498 971 2688 2740 2448 957 2562 2595 1953 43 2168 924 669 2188 320 2823 1911 2503 644 1726 1487 1108 2197 2720 1889 387 2442 1560 1090 2706 1308 1661 1170 1227 636 214 2710 335 1696 2725 476 2450 1802 229 585 1702 2048 2109 1763 1866 1602 2807 2508 2278 2591 2261 2160 1217 1471 422 2473 459 396 2572 2535 2464 1318 2468 1082 565 300 592 1139 956 2648 516 1525 1676 1880 586 1199 632 2169 661 443 325 104 1188 2678 147 1509 1474 2263 1093 2230 2623 1194 2079
1055 2728 2294 1944 2382 2813 137 165 2305 1076 2393 2207 2558 725 686 1937 2286 1212 1639 804 2741 329 1464 948 2248 1223 2598 1606 2766 2319 1130 1825 1940 2436 1056 1874 722 2135 692 494 1067 1547 1463 146 79 2292 491 2665 1986 2842 1935 1452 2736 2057 2719 2068 1868 2511 1126 447 2825 2291 1876 899 2569 2435 574 116 1592 682 2041 2438 2683 627 2580 1185 442 67 140 2051 2506 1899 246 1777 647 531 97 1134 1721 2639 1473 790 2499 2708 677 1841 204 1962 2809 1869
285 1221 922 1232 1080 2666 650 1763 1744 690 475 1605 1570 594 953 879 23 2494 614 2691 820 2048 459 1811 423 40 796 1603 1137 2363 2677 851 2841 1471 1315 1144 850 510 1324 37 1487 2261 1537 2699 1188 924 1227 2706 2168 334 2043 1541 1916 1891 396 2572 1115 2346 1661 448 2197 2160 2768 661 646 281 2268 1740 1090 1108 2546 205 750 1502 374 2162 1922 2468 214 2726 2561 1738 98 546 1397 2179 2096 2573 592 669 1882 630 333 1456 411 1768 1683 375 1883 939
1694 2185 1411 2584 2616 30 1129 1440 787 810 2529 1445 638 2271 386 1684 143 718 1630 1514 71 697 958 1939 2468 1446 1863 1360 1324 665 2481 879 1294 2246 562 2139 1112 448 305 298 557 2801 375 2677 1267 267 2631 2844 2298 1122 2662 265 1291 46 1549 1619 1697 117 1238 2222 2132 991 2473 1520 1973 155 669 1295 2013 1326 2175 594 2726 214 2168 2460 2833 2727 2517 2791 1698 2567 2213 2619 1925 459 51 2001 888 2363 1811 2030 1807 299 932 454 23 2037 1661 2268
2813 2382 1937 1464 2305 1076 2393 2068 2248 79 1547 2294 1998 2286 1639 948 2598 508 2665 1868 2511 329 1452 804 722 491 994 1185 2037 140 1223 1130 274 1874 2440 1771 526 1463 2438 1777 2499 1757 116 2435 2842 2569 1677 2506 2708 137 686 2639 1408 608 2436 368 1725 1942 1935 1067 2683 2741 444 2625 864 271 1056 1944 682 1592 246 2319 647 1126 165 2135 2291 1986 1962 894 531 204 1212 2554 442 2736 1473 692 790 2292 2580 657 1841 494 974 419 2057 2153 217 1606
2422 1727 1898 1093 1161 63 1996 34 2555 1228 2114 1178 2317 1513 2523 761 1847 1683 2579 581 1019 483 2242 596 1801 2546 328 1773 1353 789 1631 230 1785 1846 95 1476 341 777 240 407 2058 949 132 2238 2504 2441 2759 2277 2827 576 310 2489 695 2113 545 2111 2281 2190 1176 1749 2247 2784 783 1087 1856 1914 1213 834 1091 824 1277 1672 1115 1693 926 766 2745 1389 2129 1224 1333 304 1883 2202 1230 1804 564 1734 2178 2180 462 967 737 803 2000 2785 1685 2700 88 101
1453 2433 2545 2713 1569 1901 1490 100 2034 2556 2721 715 305 562 2272 155 2309 1316 1860 645 64 1496 1381 2036 1056 204 2001 1841 1825 2376 2842 2213 1658 51 1782 1796 137 725 1636 48 1586 1986 1965 2207 497 2241 59 2650 1944 165 2352 900 747 687 201 362 439 1948 2088 1547 932 2135 79 1640 2726 448 2046 2708 260 1486 1082 1821 2435 246 440 992 2648 1606 1046 712 1623 659 1601 1767 2671 630 2825 2183 1757 2473 2391 2558 924 1800 2511 1899 116 1391 2222 1645
1174 1142 1913 2006 2519 774 855 2196 2417 2492 2697 1094 1498 2243 2005 610 1850 1966 800 593 1020 1936 678 2087 673 2843 1311 749 336 2364 2613 2830 2251 2549 1424 435 717 1419 1946 2341 1634 937 1309 1581 2560 1002 1516 908 2299 821 253 1573 1455 94 1040 434 2290 1379 881 1331 2788 2609 605 535 257 870 365 1794 2730 355 1005 1968 2680 2151 2711 1614 301 1527 1133 519 2660 1243 1871 320 2331 1068 2377 2065 243 2746 410 1800 1131 1271 2095 392 1854 648 1676 544
2171 1227 2810 2043 650 2666 1882 285 2261 820 1260 476 2643 2194 1858 1221 154 1603 669 2346 1702 759 956 1916 1153 2841 620 6 510 1524 1723 582 1763 1629 1541 1605 1188 732 807 922 1696 1059 1397 1891 375 2749 1697 420 829 546 1080 1295 2816 1324 411 2768 2468 468 1807 2179 1326 1744 181 1953 594 148 1570 1610 661 924 342 1502 2726 334 2688 2801 2494 1214 1761 2313 2751 2266 1797 300 1738 306 991 1083 466 1090 475 1995 690 2168 388 1015 2521 2222 2425 2079
352 879 557 1816 2460 1815 1349 127 1366 414 2648 511 573 1939 2635 1480 1660 2481 1025 2138 396 1520 2094 223 969 665 685 2266 234 1338 594 1982 1286 2468 1619 2363 2168 1 117 1502 1615 1258 17 1698 1078 1844 2661 2338 403 96 317 1530 2573 2709 2607 220 160 400 1632 537 2175 226 2597 1294 1421 307 913 2223 20 1069 1880 1009 827 2339 2139 46 1446 1260 1618 1925 2092 837 2820 2268 1456 1200 1539 894 167 2627 1572 2473 2340 1295 1355 147 2758 1863 814 2425
2095 1800 535 870 253 257 2680 1276 336 1634 1498 1142 2377 1573 610 843 410 2196 2492 365 821 855 1913 2609 1936 881 811 1670 1731 435 1894 1138 774 1871 717 1850 1174 1020 605 1581 2251 1527 1576 1966 1040 2087 1516 1068 2006 1311 538 2243 288 742 1645 1309 2697 2560 934 800 1094 1133 2549 2843 2005 1424 2519 2417 1110 1030 2830 673 648 2299 248 2648 1794 2613 1455 2730 1005 434 2341 544 2290 2746 1511 1079 1783 2640 1453 2102 2788 1968 664 678 2151 1546 593 749
1223 1874 2813 2382 2248 1937 137 647 2135 2842 948 1944 2683 2294 329 146 2435 2728 1212 2291 1076 165 1464 2569 2057 804 1547 494 2393 1463 2741 2639 1056 899 1130 1606 2558 2506 491 2319 1055 1185 725 2708 1899 574 2286 2511 686 1592 1126 204 2438 1639 657 116 447 2207 2766 1841 692 1935 2736 682 722 2305 1777 2292 442 1940 677 1986 2580 2665 79 2068 2825 1067 1452 2041 2436 2719 2598 1868 1134 362 790 1825 140 246 482 444 97 1876 1962 1408 2051 2258 2499 274
2185 1694 2584 1411 30 1445 2616 1129 1440 810 787 638 2529 1446 2801 2271 386 665 1294 71 718 2481 1630 1324 1684 1514 448 1939 143 562 697 2631 1112 305 932 795 1863 1381 1360 958 2844 547 51 2468 1698 298 879 155 2595 2677 1267 1258 2222 2213 4 46 1782 122 1811 147 2168 1238 267 1545 59 1661 711 1763 2223 2517 265 1122 2246 1295 1291 924 375 2389 1386 1658 2167 2001 2556 1456 2268 223 1284 157 2439 602 2755 2619 2132 1807 2567 807 629 2138 2030 557
1753 70 1834 2510 18 1842 1125 2077 2777 2561 1759 2478 2772 431 2757 2015 601 1035 1252 951 2663 2818 315 2 1557 1839 2622 1186 1390 2644 2323 1443 990 688 522 767 1938 1391 2686 395 1798 578 502 1833 529 2314 2624 962 2302 684 1165 1235 1767 1413 2471 2601 1333 1114 1323 1394 572 769 426 2040 2759 768 1801 2685 545 2409 250 1166 2242 1207 931 1928 1340 277 1821 646 1908 374 1845 2667 1747 2149 1980 889 2315 1334 714 2277 2276 297 695 531 1230 364 2320 126
1055 1212 2728 137 1944 686 2305 2294 2286 2248 1067 725 2558 2813 2382 1777 2135 165 804 2741 2598 2436 2766 79 1639 1076 2291 1463 1541 1223 2393 494 1185 1937 1935 1452 2583 329 948 67 246 2319 1606 1134 1130 146 1126 1464 2736 2068 140 820 2842 1868 1897 2057 2665 1547 647 899 2719 2207 2511 97 2825 722 1899 491 1362 2041 692 2580 574 2506 447 1869 2683 2292 1874 116 1940 1825 2748 2708 2639 2569 1986 442 2435 657 334 750 1490 204 1056 2051 145 1592 2438 677
1023 401 99 816 141 1085 2055 453 1599 1688 177 437 981 2274 1808 72 2163 380 1233 1628 1145 2829 2074 1404 2122 2577 1903 1155 612 2679 222 73 1100 2747 172 1510 1089 1305 1872 1047 156 1163 460 2636 2009 164 174 1321 1784 694 935 208 2722 2469 2218 632 1415 2775 2201 2452 1682 599 461 2098 1436 2355 2512 1504 2096 2587 1976 2750 1160 731 2126 1241 477 289 850 2537 1717 399 666 908 760 823 836 144 2362 1933 253 121 2655 897 2446 1754 1588 755 2071 1430
1568 2232 2059 1024 838 2765 2236 1475 1039 2173 356 464 296 1662 1706 1124 209 408 389 1282 314 2053 840 799 1378 1655 484 806 1932 758 2301 455 780 2396 390 1262 467 1503 927 363 1831 268 2531 534 295 653 1275 1037 471 131 1635 1008 726 2698 1929 2429 1715 1967 1011 1050 1789 1438 1472 49 1274 2280 478 139 495 580 786 2715 1273 241 1730 2017 89 52 2091 1787 120 2244 2465 456 1912 326 2505 2565 2693 1317 2806 225 2407 1921 1127 1026 129 1143 2687 2137
1810 67 1212 899 2135 1075 202 2509 137 725 2728 1055 2842 1944 165 2741 1606 2813 1406 116 2558 2583 1223 2382 1130 627 2294 2248 1126 1001 249 1986 1874 1841 2207 1937 1012 2736 1076 404 1464 1935 2435 2057 804 2319 2506 692 2121 647 362 2809 2292 2350 1463 1056 948 1639 1547 494 2291 204 2569 447 482 2393 2683 442 2286 2511 1757 329 2825 2258 1557 2068 2719 1825 2766 146 491 686 2708 1869 722 1940 97 1609 1899 2427 746 2665 574 2598 2041 1185 1592 2305 378 2748
2156 1321 1638 897 1933 1790 2071 1098 2450 2627 1188 396 755 957 836 1052 2750 2096 2342 2452 1145 1736 1858 2823 1227 2261 2595 2775 1865 411 2648 1305 1811 1763 156 164 477 2249 127 177 1217 1696 744 1260 2645 320 2587 935 612 666 1949 1637 922 908 72 468 816 281 2677 1906 2313 2318 2306 1308 1090 460 222 96 99 2098 1910 2829 141 1214 1898 2355 1593 1889 1436 22 981 189 157 1717 1415 174 147 2168 582 2081 2446 1171 2201 1808 2109 1047 115 599 2432 1883
223 1803 2340 2635 1618 1615 1863 1540 46 2338 892 2835 600 573 2063 1069 2758 1811 1622 2215 2834 1338 2783 267 2138 2266 472 2466 2100 2460 1698 405 1828 17 1572 1509 1994 2614 551 1095 2738 2223 1238 1 349 166 1009 226 1421 1291 913 1409 2717 1060 1479 961 1264 352 2548 2486 2253 127 2709 879 1059 234 2515 2648 1571 2473 1619 2322 1355 1387 1327 2158 1925 2212 385 157 2399 1267 912 1324 837 195 633 2052 711 1341 2175 1101 2372 160 1862 2273 2187 414 2781 642
582 546 1221 732 6 2643 285 807 1462 1702 2261 1199 2386 2666 636 1763 2194 1449 2810 650 1603 2503 820 594 1227 761 2494 1083 1057 2210 1536 922 759 620 2079 1696 181 300 1591 1605 468 1541 2278 1318 1616 423 1768 2359 1260 396 1802 2043 2678 1858 939 2823 98 551 2571 342 2089 244 2683 2677 1904 40 815 2704 1183 2179 2761 1421 2203 166 115 510 2268 2476 2160 1059 1637 281 2473 1797 1880 2841 1949 1726 669 2048 688 1217 2425 1891 1433 1080 1088 2671 1502 907
983 1743 2827 832 251 2441 2190 310 1900 2381 695 1176 766 1535 1593 132 1091 2745 364 1971 2040 436 1224 1856 1427 1257 95 1116 2547 2202 2129 1693 1713 1786 1298 777 2238 1996 328 2700 596 2540 1561 341 374 737 1883 1714 1914 215 1394 803 926 576 1434 291 76 2149 2656 101 2112 1476 2504 683 1137 1773 1106 1346 2430 1836 1103 824 1898 1334 1683 989 658 182 1353 63 617 1478 1265 88 230 2785 789 1559 1451 1631 2072 2242 1558 2000 2759 529 2579 2644 184 2638
1520 2092 2138 1982 1025 1816 1122 2063 234 879 2139 352 1366 837 1925 557 2385 1 2844 2484 226 2524 267 969 2635 1291 1815 273 1159 1684 1814 1735 1238 2266 2727 1373 1807 1295 573 1009 891 991 264 1619 2797 1660 2298 2339 127 2104 17 1863 1242 2455 2616 349 1059 2529 1480 2833 1338 2607 1994 414 888 2371 641 814 551 1572 1360 2246 342 1698 2731 2486 1539 428 1129 2268 913 2460 454 741 1803 2771 2677 2338 1630 1196 90 2481 2811 1571 1509 1939 2215 1618 2633 2141
2819 2500 849 2479 2681 120 587 2552 1896 2674 2181 2365 152 2716 313 175 2017 458 2370 81 2283 296 653 356 1532 2765 523 705 192 2396 159 1376 505 2119 1111 2527 238 2052 367 2689 734 726 2698 1991 580 2099 2592 314 1827 207 2191 2177 92 326 2597 999 225 52 354 602 2173 330 1787 806 780 418 2715 699 1503 61 847 1143 2232 1099 209 68 504 2244 290 31 467 1010 1475 2429 534 1273 1282 1317 139 1262 1823 261 452 1568 2610 1050 1465 1332 2402 1141
2813 1944 137 1056 2248 2382 2842 146 2558 948 2435 2728 2135 165 725 1937 2825 2207 1212 1464 1076 1899 804 899 1223 2286 2393 2294 447 2683 329 1639 2569 116 1547 2766 1055 1606 1874 2741 2057 2438 2511 1067 494 1841 1825 647 2305 1592 1185 686 2736 2639 491 682 2580 1463 2068 204 1130 2708 246 79 1134 2665 2291 1126 722 692 1935 1777 2506 2292 2041 2319 1452 2719 1940 574 2526 362 2258 677 442 2220 97 657 1868 939 2436 2183 2598 1986 1299 1168 2440 2427 482 1897
712 1782 2011 947 900 1381 2241 1658 1328 1054 2836 1444 1623 645 1544 1422 1649 260 1486 169 1663 1045 2439 1679 2837 2050 2826 51 2707 1489 1552 925 1993 2767 155 1617 445 1369 134 1307 563 1405 1710 1208 2454 463 559 1437 674 562 440 2133 1218 305 2840 2545 188 2419 1796 1417 2130 1640 1878 735 611 2817 992 2652 2628 2352 221 715 2034 1569 1545 2649 2721 2433 1386 2076 547 769 1934 2713 1627 1860 64 2528 1752 1701 1983 2046 1948 1190 2082 556 1416 2515 2832 2574
1038 865 1754 2210 2520 2421 640 1430 1910 2795 1553 1272 2090 2671 2083 13 2048 244 1949 2640 2839 1041 1329 323 1768 569 571 536 429 988 1477 1249 121 289 2078 2570 2578 866 1916 193 2335 56 1431 1793 2333 1065 2828 1699 733 1588 1266 2798 2346 646 1764 1696 176 2380 432 828 199 1268 2430 2654 2032 1888 1886 196 340 1132 554 2143 839 933 417 701 932 1236 729 558 1418 878 285 2047 955 1686 802 2115 332 36 142 698 1763 21 2295 1397 427 2841 2384 1598
1920 2252 2682 1651 2488 2379 639 1367 1851 1179 2647 1368 2459 515 781 1239 1770 2165 2778 2225 2328 945 887 1819 2729 919 1579 763 1154 1354 1470 9 952 916 381 930 1578 2097 2334 492 841 1977 1566 1864 579 1769 512 2491 2349 151 1583 1854 25 528 1519 227 875 1211 114 2462 928 1344 1209 1210 1063 2723 2081 2559 982 1528 566 2734 1585 2042 2618 2147 819 2434 1657 1791 1531 975 2026 1546 2310 2065 778 1970 118 1271 311 998 7 517 2304 1359 808 923 2416 1667
1496 1316 1636 2556 2272 1901 1453 439 201 1860 2713 2241 1965 1381 1840 1490 48 64 155 645 2309 2433 1658 562 2628 1544 2815 1948 2721 2836 1051 2352 1444 2545 1796 1586 1649 497 1054 440 1569 747 1422 2011 715 1782 2034 663 305 194 563 445 100 659 2826 134 2650 51 2046 1416 947 1752 1148 1623 518 1218 231 1328 2439 1663 2376 1640 900 2767 992 2337 2755 169 712 1775 674 735 319 2538 1897 2050 1045 1679 611 1552 2735 1029 784 2088 260 1319 1096 168 1362 547
493 133 548 1758 1792 57 2493 2418 2374 242 704 228 1930 2703 2184 1861 570 516 1713 2356 2125 1609 1116 1664 2672 2332 2198 2123 422 756 1887 1358 1859 2430 2659 2827 2039 1714 746 310 1538 170 210 2129 1580 1594 2174 1542 294 2229 280 1377 1093 378 1280 1869 1744 2623 2324 1224 1490 2260 1743 2441 158 404 1551 263 592 1724 1234 184 438 1685 1575 1765 2726 2327 1773 634 1661 132 751 857 689 2473 182 976 793 1195 1665 2581 983 1877 1898 2699 617 1631 366 1348
1545 2270 4 1624 1407 2817 2082 2389 59 1146 2411 2528 221 817 1386 1926 2300 547 1752 1644 2367 1737 312 635 943 1656 1319 1934 556 1405 2790 613 188 2832 2501 283 626 611 2515 826 1102 1202 2477 987 2584 1414 2044 266 2692 795 1411 2069 996 2530 85 1181 1796 2011 2205 1983 2801 345 932 2675 2631 260 1190 1988 2556 2648 2781 2312 1800 1453 900 1878 950 674 463 2574 2088 1710 2433 1799 651 1587 562 645 489 1993 2306 1112 1316 2138 2616 2246 712 675 630 2783
2037 1557 1088 1998 1073 1677 1591 2622 709 1390 1462 2625 2183 274 531 608 2757 1771 994 1892 2445 2809 1433 688 186 598 271 1473 2755 2440 1616 2704 2671 939 1942 1962 591 46 423 2506 1408 1928 1897 315 526 594 1980 933 2573 1165 1759 1186 444 2624 2219 790 1774 907 750 334 2319 1521 1166 244 1308 147 104 2683 1362 414 714 1618 2255 2150 1763 1904 882 761 2535 1540 2340 2051 658 864 2736 2677 115 1746 2409 2595 1584 1095 176 1223 2507 1323 2766 827 508 892
2171 2043 2810 2666 650 2643 2841 1702 2816 2346 759 1916 1603 285 820 1221 1953 732 1083 582 1139 1397 620 6 335 1891 475 1605 2230 1570 1227 420 148 546 1723 1882 411 1188 181 1541 468 1696 1260 922 2152 2502 1697 2768 807 510 1153 1768 2678 1214 636 22 1763 2591 2079 2048 1797 1858 2278 2751 2109 2263 375 2261 2567 1213 2468 1738 1080 2179 1171 2168 924 1744 1515 40 690 761 42 2494 1726 2620 2210 1949 476 844 2160 1995 1536 2807 300 304 980 244 1502 2128
176 429 554 2668 1562 802 2227 427 2786 417 868 292 2108 1890 302 78 340 1686 21 1418 2415 979 555 199 289 142 432 597 1888 733 886 1038 2217 964 2333 2384 2451 2029 1431 36 2671 361 878 2743 571 2578 1430 1065 2335 2423 2421 62 1398 1553 681 640 1070 933 743 893 332 1754 1256 2083 2520 1492 2795 2031 2078 2629 2640 866 2428 1266 1033 865 2568 1521 2117 2120 1399 1329 500 2267 2570 1393 1053 1910 2038 2798 828 2539 2380 358 2828 1588 1132 13 698 688
2171 2043 2810 650 2666 820 1603 2643 1221 1541 285 2841 759 1702 1953 2816 1188 1227 1153 1139 1916 2346 1397 420 6 411 582 148 956 1605 1260 620 1696 1570 922 732 475 2768 468 807 1537 1882 2048 510 2494 1858 1768 2152 1083 2230 335 1080 1697 1891 334 546 2502 594 181 1502 1602 1922 1738 690 2348 214 1763 2179 2261 2521 244 2591 1723 750 1400 953 2194 2620 476 971 1949 2203 2109 2278 636 1761 1487 1726 1471 375 924 2079 669 1171 2677 2706 1866 2210 2678 829
352 879 265 46 223 1816 2132 594 1480 117 2460 1939 2363 1366 2635 2468 913 557 2168 969 1324 2481 234 1502 396 1973 892 1184 1291 23 2783 2648 1619 1615 1421 511 1815 1660 2340 2013 2820 1238 1572 2030 214 267 2175 1 2203 2473 2709 327 2466 2263 2623 1698 2179 665 891 1659 220 2616 1198 1591 1925 2791 699 1520 20 414 2541 1863 1294 582 839 1539 2348 2494 669 1979 1763 1025 629 147 924 1661 1521 1702 2834 714 2222 2535 907 104 2104 1811 2677 474 2339 1267
395 572 364 2579 1798 2759 2238 1230 2504 1801 2242 374 803 2040 328 529 2656 1333 2644 766 1343 962 789 2149 436 2323 989 215 545 581 1786 101 949 1971 1693 1213 1389 2737 1900 1394 310 2113 1683 63 2546 1178 695 2381 1951 240 1257 737 2066 1561 304 1513 1106 1306 1451 2022 1357 1115 1161 2784 1883 714 1334 1361 824 251 132 589 1558 2277 727 1353 898 658 2114 1091 1559 2178 596 2542 39 1198 1298 1019 1207 483 2000 1427 341 1743 1176 117 2409 2494 198 1175
2266 1811 2444 1863 226 2740 203 1059 2548 2749 687 2776 1803 1509 1 934 154 1520 2709 1421 1524 2468 2473 127 879 307 1807 2834 472 2175 157 147 1295 1348 2710 1925 1576 342 2662 1375 1898 1355 1629 798 2431 1167 160 2727 476 537 669 2246 17 2460 1373 557 1030 1072 267 1539 2187 385 2576 1267 2595 1324 2198 551 573 1630 888 2403 1276 352 1227 1377 2635 1549 1291 1862 2717 2063 1619 2648 1697 1398 1615 1025 1238 1392 2227 1242 1575 1078 1196 1618 837 630 2783 867
937 535 257 1527 1871 434 2196 883 1946 2377 2843 605 1913 2095 1516 1002 2492 2006 1794 1498 749 2609 1142 774 1850 1131 1094 610 2087 2331 593 2299 1800 2341 253 320 2549 673 94 1966 855 1676 1634 1936 410 2788 336 2697 1455 365 800 1040 821 2005 2519 2613 1311 908 870 1174 1424 1309 416 544 1613 2432 1731 490 1133 294 1909 1020 1419 664 2290 1621 1573 811 2251 2417 1068 355 2219 585 1894 881 717 2243 1072 630 2680 435 1079 2071 2318 105 2730 2420 2456 1581
983 1773 1743 2190 2700 1971 2827 832 1513 132 1693 1176 310 95 1786 251 63 1836 2437 596 2129 2441 1593 1224 2547 1353 1161 1019 1795 695 1900 1847 1257 1883 1785 364 2381 341 1106 1713 576 1559 2745 1116 328 1476 824 1856 766 789 1427 436 1672 1685 2202 2040 1714 2000 954 1990 2656 1451 2238 374 1914 1300 483 1898 88 1394 581 1996 658 803 777 1535 1361 737 182 1298 617 1683 215 2149 407 16 2016 1091 1333 2759 2504 1838 291 1346 1137 2737 545 1447 2542 1334
1632 924 586 2841 22 1171 149 2567 1471 2153 2178 2109 63 1214 2751 419 96 1198 894 2263 106 1605 214 1019 443 304 2113 2502 2572 1315 1891 37 1685 2079 335 1232 1763 2546 1785 957 851 1139 1661 2554 1659 2203 2535 459 2351 1889 844 1032 1228 2678 1953 2230 2571 1671 744 2705 1570 1371 189 2457 1213 1927 2066 594 1333 300 1487 2128 509 1712 2160 658 2348 1161 2737 745 949 2448 2816 182 783 614 1090 117 1760 761 325 953 1013 2022 2152 510 1217 1513 1637 2317
2728 165 1944 2558 1055 725 2741 137 1223 2813 2135 1130 1874 2766 2294 2207 1606 2057 2435 647 2506 1212 494 2248 2683 1463 899 1940 2291 1056 1126 447 2382 2319 146 1899 2736 2842 2825 948 2639 1986 2393 1937 574 1825 1185 692 2708 116 804 329 531 442 2305 1841 2569 657 1935 204 1076 2292 1464 686 2719 1547 2580 491 2286 2499 2037 1639 2438 1592 2051 2511 2041 1868 2598 79 1067 1897 1777 790 362 2220 482 682 1452 722 2665 1942 1408 1134 444 1362 97 1490 246 2068
264 2455 2484 837 2092 1982 2833 2139 1009 2797 299 1925 2269 1735 2844 891 1159 1815 1122 667 403 2576 2063 90 2371 573 2412 1887 2616 2731 17 428 1338 2486 1619 1549 1294 267 2255 2223 1698 2123 600 1863 1446 2607 2481 1291 1238 1571 2273 1660 2266 2403 352 687 1994 2385 879 867 1939 2338 2215 1 1622 2094 1814 2811 2473 263 741 2717 2834 349 2356 2635 1539 1551 2633 885 706 223 2709 2710 1609 1594 195 641 814 704 2776 1480 226 2677 1191 1824 656 1816 1195 1520
1305 2096 935 1145 222 1638 1790 599 2218 836 2446 1933 2512 1806 666 850 1504 2071 755 72 141 2537 586 1052 2342 1023 1763 612 2355 1006 1436 177 1736 2452 2450 2691 1321 2535 1090 2775 2750 2201 443 2098 325 1976 1474 897 396 2168 745 2362 99 516 156 816 2829 1415 320 164 1808 1308 2055 2083 2722 166 1598 1047 2500 2642 981 1404 1717 2738 460 483 908 1599 1661 1115 2449 1163 2648 1811 172 1082 1949 1904 252 2274 1903 2546 2260 2122 1100 1671 1085 1155 2074 1355
1112 2616 1618 1615 46 2481 665 1698 2223 2635 1324 195 1630 223 1694 2158 147 1129 892 638 349 2584 1540 787 30 2372 958 2801 1270 1101 1514 1258 1167 1446 1811 1411 2340 1355 2271 1360 2648 810 1520 2138 391 2595 961 2100 2662 71 1071 2466 1294 1571 1445 2473 1060 1409 2215 2727 1095 2208 1327 795 2460 307 2212 2338 1 2002 1201 1572 234 697 600 573 1622 557 1803 2213 271 1684 2246 2631 932 1939 1278 1763 1826 1863 2253 2013 642 203 2399 352 2273 1653 17 2468
1525 1280 150 2623 2374 2263 1083 2807 1380 1371 1758 1170 294 493 1973 1205 2278 1318 2141 1536 2186 422 636 2514 1084 905 1697 1198 1661 2348 689 474 1482 265 2324 2222 2761 2132 1184 2572 1659 1979 946 327 181 2168 2247 582 1911 2718 1502 1093 106 214 1575 2327 1358 2203 270 2030 1113 1347 1183 2473 2386 971 1267 2493 490 624 746 1279 2410 516 2080 1090 2838 2330 1631 907 2109 2554 1641 543 1664 2791 228 1820 1108 1802 310 1501 756 43 570 592 300 1702 2468 1423
1863 557 879 2473 2460 2175 2266 127 687 147 1811 2246 1549 2595 2677 2515 1440 2363 1539 1982 2710 537 958 1411 2662 2801 697 2648 1862 1807 1324 2139 2616 1630 2138 1167 573 349 352 932 1129 1122 1295 1421 1514 1355 1828 444 2104 1615 2584 1939 2797 1519 2524 1445 1327 1803 2844 2212 2635 2709 1242 2213 1925 264 867 787 1215 226 46 2189 888 2128 143 991 1036 638 2833 1446 2543 2529 160 1 30 2661 1155 1294 2132 267 685 2484 1684 1238 810 1078 166 2036 1291 629
1889 957 509 2457 1515 1702 844 419 1032 2153 2751 894 2351 2404 5 1632 22 2554 1602 189 1766 2128 2725 2278 1696 2168 2464 1214 2678 2468 244 106 1171 1953 1927 96 1661 609 1904 2572 2567 558 163 752 1802 388 1726 1093 762 669 375 1139 2109 2807 473 1880 2079 1525 2643 1596 214 1637 997 2124 2473 171 181 498 2048 2060 1898 2160 2503 1797 2481 744 1326 1108 2705 300 2448 582 2014 391 42 636 1659 2841 891 1336 1061 2263 2562 548 2612 1280 2591 2115 1616 1364
1558 658 1333 1394 898 714 545 1631 1087 1207 63 2277 1213 2072 2759 2644 1801 251 2022 1513 589 395 1389 2113 529 1137 374 1883 2381 2579 2066 803 1161 1847 572 614 1230 907 304 962 1019 727 2504 1427 1306 2784 2149 2656 2222 1798 2323 2242 2178 1693 1175 240 364 789 132 2409 1971 117 1353 1343 1228 1561 695 1743 1786 1928 485 1683 1661 1300 1951 1979 2737 1257 949 2317 1298 1898 44 1304 2040 1334 2540 2547 1171 1785 2109 853 646 1773 596 483 2238 1839 824 2535
2609 253 1546 1936 1913 1516 1794 937 1800 257 2492 1670 2006 774 1498 336 1094 410 1966 593 2196 2341 2549 2843 1138 673 749 1174 1731 1142 2788 610 2697 664 535 365 1850 2095 2251 1133 1645 648 1634 717 2087 435 1573 288 1871 1040 855 1946 1079 434 2730 2219 605 2364 2243 870 1005 800 2417 821 1455 1379 2299 2290 2519 2559 2377 1068 1020 811 1311 1783 1581 604 544 2151 881 2680 1454 843 961 1566 678 1894 1110 248 1243 538 742 1309 2746 157 1131 2005 2830 2618
4 1146 2411 221 2790 312 1624 1407 2817 1545 2528 1102 1405 2832 1934 943 1752 188 1926 1644 2082 2389 2270 2501 826 59 283 556 1737 1656 817 987 613 2477 2300 1386 635 266 2574 1983 611 626 1319 85 547 2515 2069 1190 2367 900 2011 2044 2419 1414 2544 1489 463 1486 606 2626 1181 1208 559 1627 2675 1202 712 260 2397 2133 1552 996 2530 2084 1878 675 1710 2358 925 674 1993 445 489 651 2840 2424 795 1092 2676 1369 977 1988 2439 860 237 1437 1799 2648 2724 1428
908 631 2282 2140 813 1290 2660 1554 1331 1384 1518 1017 1614 1567 2796 1237 1673 1742 1058 530 1370 984 1301 921 2696 243 1002 1909 1981 2049 2064 446 2093 2596 2257 869 1879 660 1419 662 355 1105 1613 451 1495 1978 320 607 394 1404 942 1681 2519 1100 966 2458 2392 2085 1142 1906 800 2087 1396 1625 2600 855 487 2306 1604 1454 1676 2005 1155 1119 2262 2782 890 1174 2243 1991 2697 1516 1020 1200 2500 367 1739 1823 1808 2065 2006 678 1705 2081 2318 7 2648 852 337 1850
1579 841 639 887 2647 945 1583 1179 2778 1578 952 9 2682 1920 2252 998 1531 1063 930 2491 1354 1769 2328 1470 919 1977 819 1770 1667 1791 748 2729 118 2459 916 1154 928 492 1651 2575 2792 227 567 1368 1585 114 1657 2488 778 515 2723 1851 2042 2379 1367 579 382 2711 1854 517 2349 1239 982 1042 1970 875 566 2026 311 2081 2065 512 2225 1209 910 1210 1211 2067 763 2310 1625 25 808 923 1819 2304 2103 2097 809 381 2416 1864 1528 513 7 2550 975 2462 1507 2618
1353 1749 824 596 2579 789 1304 2784 240 2547 95 1476 2317 1693 132 483 1513 2190 1161 63 576 1773 60 614 761 1178 1847 1672 1883 2504 1394 310 2381 695 1361 16 2745 88 1176 2202 304 2759 1727 1743 328 658 2827 44 545 1451 251 1801 1106 2178 2238 1996 364 1683 1087 1795 2644 1300 2113 2242 1898 1230 803 1999 1559 374 1971 2656 983 2441 766 2700 1213 529 1900 2737 2555 2149 436 1019 989 2249 1593 2040 949 2114 1427 341 2281 1103 395 149 962 926 39 2058
645 2011 2836 1649 1658 1782 1381 1029 2241 155 440 1552 1045 1422 445 134 2735 1544 51 1840 1993 2439 2076 712 319 1617 1054 1640 2628 1444 947 48 2840 674 1486 1636 562 169 201 659 900 2826 260 64 611 2419 1307 2837 1860 1663 2088 657 2352 1948 769 1796 2046 1218 305 2050 735 2652 1569 2545 1586 1679 1623 497 1208 992 1328 1965 1319 2309 547 1496 2767 194 259 463 2130 563 965 550 1752 1056 1983 978 2034 2133 100 1416 2721 559 168 188 204 1386 2650 2556
1274 1127 1262 655 331 455 1506 1039 1692 239 2794 356 1503 1378 726 580 1706 495 2765 326 268 2396 653 1011 999 2091 1961 296 1024 31 408 430 113 1875 2715 1275 207 1472 1022 464 2232 200 159 452 643 61 1612 721 2402 1282 192 225 1647 1026 478 2669 1598 782 2025 1787 1843 1018 131 2059 2061 108 1972 2632 2017 2406 2236 1124 1912 2316 346 2062 1293 654 1662 89 2280 2398 2173 806 2053 1438 2698 2806 525 52 467 456 2611 2137 1097 2531 1730 628 471 209
2152 1139 1953 1605 2502 2841 2263 2348 941 214 2048 1525 1768 1602 270 732 1570 2230 1221 1866 2761 1198 2203 2278 106 84 1171 2677 1726 2572 2160 335 1004 181 2079 594 244 1712 620 2109 582 2386 1760 149 971 1371 420 2498 2141 1199 2179 22 1397 2503 148 1365 40 1596 1214 924 1083 2720 2591 2688 1217 1949 2562 75 2197 1502 1283 1702 1184 2705 150 1434 2442 1113 183 844 300 1696 182 2807 954 1661 1315 2737 644 2497 1318 2768 1693 2620 2178 1343 2153 2751 1108 690
1416 1948 1860 497 1051 2272 1496 1096 2721 1586 64 1316 201 2556 1381 2628 1569 2545 1965 155 48 1362 2815 2713 1897 439 1658 1782 1636 305 2309 2034 51 562 2352 1757 1218 715 2241 137 1490 1453 1796 2135 100 1649 1544 747 1840 2836 1054 1212 1606 2433 1623 2741 645 2046 1901 194 79 440 116 1640 1029 204 2650 1444 1067 2735 1045 2842 2439 1679 1944 1617 1993 992 1547 1663 2376 899 2665 123 2686 246 889 611 169 947 2511 882 1261 712 2011 1422 2068 168 2766 1747
2550 2019 1507 2754 1646 575 1669 1104 1691 2080 863 339 2383 2176 1244 2586 2136 107 2641 1523 2254 2395 1016 1482 834 1147 441 1177 2414 2604 397 1450 55 1611 2820 584 2326 1014 2630 357 775 2695 393 1324 2555 457 728 794 1805 1114 1748 379 2234 373 2345 1277 2360 848 469 702 2159 1821 1073 2347 187 1608 1372 2802 931 2297 845 2036 1459 830 2780 2368 1120 2247 2605 2503 736 688 693 284 2447 2192 2624 2518 102 2778 2058 1720 1235 1832 297 1192 2601 1908 2471 2324
2149 2656 63 182 1333 1743 1785 545 2542 251 1928 1334 2409 1558 1693 1257 1298 1166 374 1228 1971 2381 1883 1306 1019 1798 485 898 1786 1427 1394 1685 962 2737 310 364 727 2759 1343 1951 2016 1513 695 1561 2000 803 2700 1176 576 2540 1137 132 954 1631 1847 658 1353 617 1773 589 789 1161 614 2546 2323 646 1175 1434 1451 2504 1300 101 2827 1224 1106 1230 596 824 1559 714 2113 2072 1213 2430 1087 1990 1361 395 2547 436 529 895 95 1900 1389 1590 1115 2644 215 2579
535 1527 257 2377 2196 1871 937 1498 605 434 2843 2613 1913 94 1800 2006 1419 1142 774 2492 610 1094 1516 1131 1946 1424 2095 410 855 336 2549 392 749 1850 1311 253 2331 1966 1040 1455 593 1731 1133 365 800 2519 673 2005 1174 2697 2087 2299 1936 2341 1634 2788 870 1794 1020 2417 1309 2243 717 2290 301 1002 821 1645 648 1079 544 435 2609 1573 2102 1138 1068 883 2680 519 2251 2560 1992 678 2830 1581 1894 773 881 908 248 1670 811 2730 742 1779 2219 1385 1526 355
2785 2413 2441 1856 2827 2615 1093 558 540 135 1448 983 2295 2111 1898 1996 1914 2190 1945 2745 310 1265 1804 777 967 184 2756 1535 1631 1728 1231 1091 2202 695 1469 213 754 16 2823 132 1683 2354 407 520 766 949 230 1383 1176 1743 1476 328 1269 2472 1478 596 1689 2430 2129 1312 1999 2281 2784 757 2242 95 832 88 2408 739 426 240 2638 341 853 34 1846 80 44 2024 2566 592 1719 2547 466 1593 1296 1224 1346 2737 2523 24 293 1304 926 636 232 91 2143 2238
1960 1205 2572 23 1365 327 1866 1198 1113 1371 214 2197 2030 509 2203 815 1661 2160 856 1659 2348 2162 1687 167 1084 2263 785 1013 1616 844 592 2457 594 2503 2303 1080 2448 2726 275 2056 2494 2705 106 2623 1171 2374 1184 690 1315 2401 1061 1139 333 2791 205 2141 1605 182 2522 1336 20 1064 851 2751 117 2115 1927 510 1108 2351 2831 1197 1744 1987 1907 894 171 454 2554 2079 1434 5 2116 1632 45 1217 1488 104 2820 1556 423 1144 2386 96 1004 1283 1712 2678 2699 2109
63 1394 545 761 2277 2317 1898 1631 658 1093 1019 1801 1353 2759 614 1683 1230 2000 1161 2113 1091 949 1685 1513 328 2644 727 853 1300 529 44 581 1389 1785 1106 1228 1693 2242 596 16 1333 1087 2546 1996 926 374 2441 2114 341 2579 783 1451 1786 540 2737 1207 1224 1559 304 1773 1213 1883 2178 989 2249 1115 2422 2072 95 1914 395 483 1558 407 2827 824 576 251 310 1561 803 572 132 907 1847 1900 589 1971 1343 1137 2238 2381 230 2190 564 695 789 766 1361 1306
483 1161 2784 240 1353 789 1513 2579 304 63 1883 1847 2113 2546 2178 1300 2504 1228 1773 1394 1785 1213 1115 614 2317 1801 596 2759 545 1230 1672 1749 1693 95 962 1898 658 1304 761 1361 1106 2066 1389 1019 1087 1178 251 1685 328 824 2437 374 2381 1559 529 2277 101 576 310 1683 2644 1971 395 1451 646 2238 2000 1137 2409 2700 1427 2054 1804 1990 1743 803 1951 364 1333 44 1593 149 132 2249 1306 1795 1786 2149 436 766 2323 485 16 695 2547 1476 2656 60 1798 572
429 142 802 868 176 2668 555 554 417 1890 1492 2227 427 1562 2029 2786 1888 1686 432 886 2743 1256 979 21 597 1418 878 2415 340 78 1033 2333 2108 302 1431 2217 289 36 292 332 2384 361 2078 2423 2451 1398 199 62 681 733 1053 640 1430 1065 866 1393 1553 1588 1429 964 2629 1699 1038 2539 536 893 743 2428 2520 2117 2640 1132 571 2083 2578 121 933 1374 2671 2568 2031 828 2421 2798 2120 13 672 2795 901 377 1793 1266 1070 2038 2602 1754 2570 1952 1337 193
2813 2305 1547 2286 79 722 1076 1463 2665 1134 246 2382 2511 1935 1464 1067 2393 1937 1639 137 2068 2248 686 2041 2294 1185 1868 948 2766 2736 1126 2598 2842 165 2319 1130 140 2292 1055 804 1452 2825 491 116 692 2728 329 447 2558 2436 1223 2135 1777 725 1212 1056 442 146 2741 2438 2569 97 1944 1592 682 677 2683 1940 790 2435 2708 2719 1841 705 899 1825 2207 494 1677 1606 204 2037 1874 1942 2440 1721 2506 2580 1771 2365 1899 647 2639 2370 217 1037 2057 939 1408 1962
749 1142 2788 2549 2196 673 593 774 1498 2290 2251 800 2519 2492 2843 2299 1094 2005 1174 717 1966 2364 855 336 2151 435 1850 678 610 1243 1913 1309 2243 1379 2697 1936 1634 2746 1794 2006 2730 1424 2417 365 1005 1573 1020 1131 2830 821 410 1946 2087 937 257 1133 1040 1581 2560 730 94 253 338 1068 605 1516 1311 870 2341 648 535 1455 1466 2680 881 434 1968 1783 544 1871 2377 1138 2613 248 2609 1079 1731 1546 1511 2559 112 2516 1110 1442 1800 392 2219 538 2618 1527
1810 67 202 2509 1406 1001 1012 249 2583 2121 627 1944 1075 899 2350 1212 137 2135 1606 2842 1055 116 2294 2813 2741 2728 2207 165 804 2558 2248 725 2382 1223 1937 2825 1076 1056 404 1609 1935 2435 329 2569 1869 447 378 1639 1464 1195 2736 1557 2057 2286 1841 1463 2809 2766 2220 1897 948 1874 647 2598 1757 686 1547 1126 204 2393 1130 2683 1594 2291 2418 2068 2020 2033 1592 2438 2511 882 2329 2719 494 1986 1899 2526 1931 97 1825 746 1590 2436 2748 1067 2041 146 145 362
2716 2789 120 2191 2552 1955 1099 235 507 2565 890 2681 849 2265 367 2306 220 2610 1991 2597 1135 1543 2773 2237 2822 1500 200 561 1885 553 1240 2144 1111 1873 699 2527 587 2052 1003 2500 68 1941 2343 449 1823 1974 2181 261 2592 238 1314 2715 209 740 602 1650 2819 326 1332 290 162 314 2698 356 771 2365 523 633 53 175 1917 2105 296 412 2594 653 1730 1164 1010 1274 92 799 1774 968 1852 2316 1109 456 2479 1441 1187 1929 495 504 2173 1912 552 2059 1692 1503
2792 567 118 1791 919 1354 998 952 2778 2711 930 2328 639 1531 1769 945 887 975 2682 1854 1977 1579 2491 1179 819 7 2065 2647 1583 778 1470 1920 2793 841 2252 382 1578 1368 928 1770 1851 151 1970 1211 517 808 923 916 2304 1367 1667 1651 1063 2379 2459 9 227 1271 1657 2488 114 2729 875 515 2042 748 2723 1239 1625 1210 1585 982 2081 763 2225 311 2361 25 1154 579 1546 2349 1819 492 2575 1209 2618 513 566 2416 1864 809 2559 381 1528 2097 512 98 528 2334
1671 2268 1763 1703 8 1090 2216 459 1315 2831 1288 1363 2168 2079 2706 2727 922 2705 2197 325 894 2083 307 309 37 1844 2167 521 2401 2425 171 1456 2160 2617 785 2522 236 2535 2313 333 2823 2816 745 661 506 565 122 2612 856 761 285 2468 594 1217 1336 2760 1013 1286 2608 1524 127 600 2403 205 2571 1712 2109 1284 2643 2153 2476 1188 1841 690 1318 1200 1338 920 2239 123 907 2073 1760 1304 2712 335 1122 829 2194 1549 2486 1698 1059 669 1904 220 827 619 217 924
1663 1649 712 1444 1328 1054 1782 1623 947 1045 2836 1679 440 1381 1544 645 169 1658 2241 2011 2837 2050 735 1422 2130 445 2767 2707 1617 51 2439 155 1029 1369 1796 1993 1552 925 2826 305 134 1840 2454 2628 260 900 1486 1218 562 179 2076 2721 2649 1307 2545 48 2735 715 563 463 64 1860 550 2046 1569 992 674 2652 1416 2840 201 1640 1586 2034 319 1489 1417 348 1437 547 611 497 2352 100 1208 2713 2133 1710 559 518 860 2419 1948 1636 1405 1752 26 1934 2088 2650
2545 2034 2433 1796 2721 100 1569 1453 305 48 2556 2713 64 715 51 155 562 1490 2272 1316 2309 1860 645 201 1901 260 1381 1051 1658 1496 2376 439 712 1640 1782 1056 2241 1486 1948 2088 1965 2011 2046 1840 2650 1636 900 2389 168 2419 563 1544 1944 1899 647 2207 440 2050 2435 2755 547 1586 925 2826 992 2815 1416 1045 2248 2708 2813 659 1369 204 1545 747 1218 1386 497 1029 59 1584 188 611 134 2439 1319 2628 2649 2438 348 1046 1096 2023 1601 804 1606 1328 1897 2027
2269 2797 879 867 264 1366 352 1480 2455 1539 1122 2473 2092 2484 837 1816 2607 1660 2844 2139 1982 1925 2266 2371 2833 17 2576 2255 1242 573 2094 2223 396 1698 1009 1844 1520 1571 300 414 317 1 1421 814 299 2633 127 2175 891 2554 115 1880 894 2823 2073 1286 2661 96 147 2403 1057 419 1349 1987 537 2486 2063 815 2811 551 1619 1449 1291 307 281 2677 428 827 688 1059 2104 400 444 685 969 342 920 557 594 226 1266 2213 2710 687 267 1549 1927 2727 1446 2153
1315 1336 1013 2079 2160 2401 894 2612 96 2831 2705 2571 419 2591 1632 861 762 333 2554 300 1907 2153 1763 1217 335 1797 2567 2216 2197 856 1661 1363 924 181 2109 2522 2573 1927 309 1019 1318 2643 63 1703 1365 2141 1171 1471 171 147 644 1749 732 761 2230 2562 1032 785 2751 1090 1288 106 1108 661 2425 1487 2841 2168 1760 596 2386 1671 636 620 2317 1064 506 2116 759 1702 2720 22 1251 2313 2442 1364 214 189 1960 2476 2807 1712 42 1605 2700 907 2726 1904 149 2678
2777 1125 1753 2077 70 2772 2561 2478 1842 18 1834 2015 1252 1759 2757 431 601 1557 951 1035 2510 1390 2818 2622 1186 2663 2 1839 315 1323 522 578 688 990 1235 2323 2302 103 1165 1391 297 2624 2314 2546 395 1821 1443 502 1413 1801 1333 2644 646 1114 1115 2686 572 2178 2022 126 529 2161 2324 1720 2759 2277 1166 962 1845 250 931 374 767 2471 1798 2113 1213 304 2601 2667 1389 63 2409 359 1767 1608 1908 101 684 215 2671 2276 244 364 1394 5 889 426 1938 2768
751 469 1014 1601 2036 1357 39 379 917 920 32 2493 2281 541 2073 1459 2033 1693 1950 83 1476 926 902 1130 88 87 1943 1116 1841 230 1180 132 590 2202 2288 1818 1176 2699 1836 1713 1996 1748 2239 564 1192 1538 55 187 2247 2605 2345 2745 397 824 364 1905 1743 1593 725 2114 2383 581 2506 1353 1714 1685 1846 310 845 789 362 1786 75 1224 2656 1019 2695 165 993 436 2190 441 2324 1940 1091 1773 215 1482 2641 576 2016 198 1919 2489 818 695 1467 940 2787 983
2305 79 722 2286 2665 1067 686 1463 1547 1452 2813 2068 1076 1935 1055 137 1212 2766 1868 140 2511 2248 2135 246 2580 1134 2741 2294 2382 1777 2842 1185 165 2736 1126 1944 1937 1464 2041 1639 2393 2319 1223 899 2598 116 1130 804 97 2728 204 2825 329 146 2558 2435 948 2292 1899 442 692 1940 725 2436 494 1056 2037 1771 1606 447 790 657 677 1677 2708 491 28 2291 1037 2719 2625 2057 705 1825 2683 1986 1300 1874 858 2506 2109 1841 1942 574 1408 2440 2207 1962 217 1721
1649 1444 1054 2011 645 2836 1381 947 1663 1679 1623 1544 1782 169 2707 1029 2837 1658 1045 2241 1328 712 445 2050 440 1422 2628 2767 2439 1617 735 2130 2840 51 2352 1993 2735 201 134 463 155 769 1860 1552 2826 59 194 1636 2133 900 1640 992 1218 260 1840 2046 674 1486 2713 319 1752 1586 1796 563 179 550 1496 1437 2815 1948 2545 1307 965 497 1253 2309 1757 1208 1416 305 197 562 2649 1545 2650 2389 1417 2287 2312 48 2076 611 2272 489 64 2454 2433 1316 2556 1710
2043 2810 2171 2666 1763 922 285 2816 2216 650 1524 2643 1090 1891 1603 411 2079 1221 759 924 6 1702 732 2841 594 2468 1188 820 1904 1703 335 939 2526 1605 2168 1227 620 468 1677 1723 2507 2346 997 2425 2160 2466 2230 1541 1295 2167 2278 1811 1931 1315 1916 1797 2591 181 690 761 1217 1697 1807 1056 1487 1456 2220 475 1671 1421 1471 1288 1318 582 1953 1232 2625 2179 1570 1629 546 510 1502 724 325 42 1882 745 1841 334 2494 2807 636 127 1324 2037 2261 2823 1336 271
2402 1039 1024 721 471 1438 1127 1972 655 2053 580 643 2398 331 1598 1140 1293 1647 430 326 1274 525 753 1124 113 1097 2611 2765 478 2236 159 2406 1282 1008 858 89 1505 1662 452 654 1787 2531 27 1692 2061 653 1262 1921 1648 455 2698 31 1143 2285 1026 390 999 1843 49 245 936 1506 356 2407 2091 408 1503 1967 625 2017 1780 1273 1187 2316 2465 1941 2505 108 1435 131 2280 1317 1961 1475 2396 1275 1011 200 1635 296 402 2301 467 679 1472 268 726 2232 1756 1822
1306 962 898 1798 714 1175 485 1951 529 1558 2000 2409 1561 1333 1883 1394 2072 395 2644 2656 2759 1928 251 374 2149 589 646 2323 1334 1230 1207 572 1451 803 1213 1137 658 1361 1166 2504 2054 727 1971 2113 545 789 2381 1801 1786 1427 1300 1257 1087 1353 614 695 1106 2540 1559 2040 63 364 1389 2066 2242 1115 1693 2784 1298 1743 293 2022 304 2277 2579 2542 101 1683 2546 1161 1343 240 310 989 1513 132 483 2238 617 2178 1847 436 581 895 1900 1176 1631 2787 1689 328
1054 1649 1444 2836 1623 1663 947 1381 1782 645 1679 169 440 1328 1544 2241 2837 1658 1045 1422 2707 1029 2767 1617 2628 2011 735 2050 712 155 1860 445 2439 134 2735 51 201 1993 2076 319 1636 674 1796 900 1840 2130 1486 2826 562 992 1586 2046 64 2352 1307 965 1948 497 2545 1552 48 305 2713 769 1496 1218 260 1416 2721 2133 1775 1148 1437 2840 1208 715 1640 1757 563 59 2652 2272 1569 2287 194 2815 611 2556 463 2034 659 550 2309 1710 978 1417 2312 1051 1319 906
2266 1524 687 226 203 127 2740 1811 2473 1295 1629 1520 669 1421 1059 2662 2175 2548 267 1863 1803 1 798 1807 2710 1227 476 17 2215 888 2635 2486 1615 342 573 879 1167 2187 814 307 1509 2468 1291 2834 1735 1238 2223 2063 147 1355 472 2403 2797 2749 223 2255 991 2776 2576 1373 1702 1088 2731 1540 891 2717 1324 1196 2094 837 428 1862 1618 1696 444 154 1697 1101 160 2399 422 641 150 1539 1898 2616 842 2431 352 2515 2371 1078 1925 685 234 1260 2648 551 2771 1698
2623 459 2167 2268 2468 1697 546 2263 1911 2572 285 1866 298 2791 922 732 181 2203 1884 620 448 1763 23 1285 1080 1702 1318 2168 6 275 1570 2197 2030 2643 2727 2706 690 759 1502 510 2043 1198 594 661 1221 1084 1090 1184 2705 2194 2179 2494 1380 973 2678 117 1205 2348 820 980 37 1456 307 907 229 1200 1083 2823 474 582 1882 636 1015 2521 2807 1284 1541 1170 2118 1537 1797 2313 543 214 669 1188 879 1520 1144 1536 1267 1671 2171 2691 2448 398 205 333 104 1458
1860 2713 1496 2272 64 1316 2545 1051 2309 1948 1757 201 1416 2628 2556 1569 2034 2352 1606 1218 2433 497 1636 2721 1965 1362 137 2135 2241 2815 48 155 1381 439 1897 1453 2741 1212 1658 1096 305 1586 1490 100 899 1782 51 204 562 2842 747 1840 1901 116 715 1544 2376 1796 1054 1944 889 2836 2686 645 123 1640 1623 882 1649 194 440 725 1067 494 1261 2825 1328 1547 1444 246 1045 947 2511 2248 1679 1663 79 1986 2650 2665 2046 2276 1186 2121 712 2766 2068 2011 2435 447
2545 2034 2433 1453 1569 2721 2713 100 305 2556 2272 64 1490 562 1316 645 715 51 1901 155 1381 1658 1796 204 48 2309 2650 1496 1782 2376 1860 2213 2842 1056 1640 1965 1948 712 59 2241 439 900 168 2088 2352 1586 2726 547 137 2708 260 2435 1328 2036 2011 1944 497 1544 1218 1841 1636 1623 1547 1444 747 947 440 1986 2046 2001 2027 1486 1645 2109 1757 1744 1584 1082 2135 1899 725 1606 932 2162 2707 1416 2222 1046 1825 2648 2511 2836 1661 924 1045 201 2207 865 1308 2389
1638 2677 2823 629 1858 2071 1260 115 957 229 1188 281 1227 1308 1949 468 2261 1006 2648 1696 1865 2535 1095 2515 755 2194 1790 2801 1598 1090 1676 1305 320 582 1082 2048 1763 2168 2688 1145 1537 2318 1768 1953 1702 2627 2175 1221 2372 1852 396 1995 2562 941 2260 1939 2278 752 244 1153 163 2306 1164 1898 411 2595 1349 586 1889 1052 1682 2508 1596 476 858 922 2156 325 1761 1933 459 2473 1766 594 1478 387 162 2500 2674 388 1587 1811 1880 391 98 2671 2452 467 981 177
582 546 807 285 820 2643 1696 1221 6 2261 1541 732 2048 2494 1260 636 1768 2194 98 1083 1702 1080 1227 1591 594 244 1603 2823 1616 1763 1502 1922 922 300 1188 2115 2179 423 2761 2263 620 1726 1462 2203 40 1687 396 1802 759 1400 181 1880 2677 1536 1637 510 2666 815 2810 281 104 466 1987 1198 2303 196 2313 690 2620 1858 2571 2474 2678 2386 327 115 481 2132 1199 2791 1397 766 2359 2535 1183 650 2238 1537 688 163 353 2841 23 2554 2278 1973 117 907 468 270
576 1743 251 95 63 2700 291 1300 44 1513 1883 1847 1394 310 1990 596 1447 1161 483 1672 1631 2547 1483 2277 789 1801 1749 2827 376 2441 16 1427 1558 1535 1224 1019 1103 983 1773 1334 1353 1333 1593 545 2656 2000 1469 2149 2409 832 499 1785 529 2437 1914 374 1166 1693 898 2759 1343 614 2190 824 1928 2737 1838 1298 2579 2317 1561 240 1689 1176 2381 132 1137 1798 465 1116 182 485 2504 328 695 1685 658 2112 895 954 714 2238 2016 1795 803 2542 2745 1304 364 1389
2224 792 739 1774 1555 2280 2428 540 1852 2809 1477 2226 2640 27 2814 1598 2430 2413 1236 858 293 1804 2380 2143 2742 24 2756 314 2648 2295 91 1166 763 135 1149 853 1265 1928 974 426 679 2320 2267 1590 1546 895 1327 2212 1435 2173 414 2629 120 1746 1299 1168 734 2370 2235 2031 1631 1349 1597 558 2533 1728 1137 316 754 1473 1087 1918 1197 1904 967 1741 1093 1505 771 538 444 213 1886 646 354 1242 707 1924 2539 2681 2335 1553 344 132 53 1356 726 1755 1454 2823
2501 1934 188 2528 2044 1644 2411 712 1405 611 556 2817 312 987 1656 2011 547 1319 2832 1782 2241 943 1102 1381 1386 659 2439 221 2419 1045 155 1422 134 305 85 445 900 1617 1544 1658 2790 1993 2836 1983 260 1486 562 1369 925 992 51 1624 645 635 1796 1752 2082 2574 2046 2545 947 817 1552 1901 2270 440 1328 1649 1545 1092 2454 1054 463 1029 2826 1046 259 2050 1146 2034 674 559 4 1878 2433 1663 1586 2652 1679 1623 1428 1840 1926 2544 2837 626 169 1308 2389 1636
2053 129 2765 1568 1715 501 1062 1037 838 120 1730 580 2232 1124 467 2236 1024 314 295 1140 2806 390 1912 2465 2505 2396 1475 1662 786 326 1378 2681 758 1755 1921 780 2173 1831 478 1655 1932 2301 1026 840 1317 389 2698 89 1648 1635 1929 363 927 2059 456 2017 1465 1039 452 1297 125 2687 356 1008 1787 799 296 484 209 1967 1273 1395 159 1143 1789 2244 602 1282 1332 1262 1187 2406 805 1274 455 1022 408 1050 49 1011 2052 2565 131 1021 1281 1503 1293 2531 200 268
1889 957 1702 2278 1696 752 1953 2404 2807 1602 1766 2725 2351 22 1139 636 1214 2457 609 509 582 244 2464 744 1632 1032 2823 1093 2168 419 181 2048 2153 1171 2503 2128 1904 2751 2169 1515 2841 894 1525 2109 2230 2591 189 1318 844 620 1637 214 1898 1768 2115 1188 2468 1661 1802 1596 2448 2079 1726 732 1927 2643 2554 96 2473 1326 1217 2160 106 335 2507 163 375 2572 924 1555 2263 669 1090 1083 473 1221 388 42 498 1536 2567 1671 586 1199 761 5 997 252 2740 1616
879 46 969 2677 1514 1619 1291 2541 2460 349 414 892 1446 2215 1238 2158 2473 2213 2363 557 2631 1502 1366 372 1684 1863 267 562 305 933 281 2635 265 2150 2844 629 2340 2013 2616 1324 334 264 2801 1294 223 2132 2727 582 342 1108 1411 155 669 750 2481 1925 1694 1973 298 932 2266 837 2226 1537 234 1129 2298 2584 2797 2128 396 2529 2524 665 422 147 1 270 2268 2339 143 1520 1308 594 1816 1082 375 1122 2092 2088 386 352 2468 2175 2740 1480 214 244 1939 1521
1262 2232 455 1024 1706 464 1503 296 838 2059 1274 1662 408 799 356 209 1568 2173 726 2765 1039 314 1282 2396 1127 2053 1275 2236 1506 2794 1715 1124 806 2531 2025 268 295 2698 840 653 225 390 113 61 2017 131 2091 49 1475 1967 1472 239 1378 999 1655 1787 52 2301 207 1140 484 1635 1932 1831 1273 326 2429 389 363 346 1612 383 290 1929 471 1781 2280 580 758 2806 2137 1438 1921 2061 525 654 1008 2470 331 1050 534 89 478 2715 2669 495 786 1648 139 430
1525 1280 2263 2623 2807 1318 1371 2278 1170 2374 150 1536 1973 636 1083 2572 294 1198 1205 265 1659 2132 1661 2348 1084 327 2247 2718 905 1726 2222 1697 592 2141 214 1768 2761 1380 1802 543 106 1093 1693 2030 2386 490 270 2048 1139 1184 2203 2324 2109 1347 2168 474 2473 422 2678 1953 2317 1113 2734 310 582 2111 1758 300 323 2493 2264 1602 762 946 2186 181 1960 2554 1108 1702 1631 1502 42 1343 2737 1476 971 2514 1090 1696 2791 2410 1482 949 2468 1846 40 1501 104 2841
702 1830 848 931 1908 1107 903 835 2471 1310 284 2601 1114 1845 768 1512 1340 1720 1821 250 2624 1608 1254 65 502 578 1767 1235 688 990 126 103 2276 1975 1323 297 2388 1413 1391 1186 684 2314 2036 1557 2080 522 1922 2620 1691 2605 1397 2347 379 1014 690 2345 1372 2016 2503 398 420 423 400 851 1748 315 2768 1759 1646 1458 1832 2386 1450 2661 2326 1570 1605 2671 2622 2754 2630 1104 767 1768 1390 1601 1192 2324 1687 2571 2757 1125 469 2020 1113 2315 1459 1221 309 575
714 2072 2540 1558 898 2409 1306 1207 485 1427 1137 1175 1166 589 1798 1951 1928 1333 251 426 2149 2323 727 293 1597 374 658 1087 2656 1298 962 1334 803 895 1257 2759 2143 646 24 2320 789 1361 93 1590 529 2324 395 2644 1513 1149 2040 364 614 2054 2504 1451 1883 2430 634 1786 2381 1971 1847 101 1230 2542 1900 2016 1213 545 1343 1434 572 853 1394 2242 436 1161 695 1743 310 2787 2022 182 215 2024 1773 1693 240 2113 1389 2699 739 2784 1759 110 2112 1561 954 1801
2382 2813 1464 1076 1937 2598 2286 2294 1639 2393 1223 1130 2248 804 948 2319 79 2305 2292 1874 2436 1547 491 2068 692 329 2683 1185 137 116 1452 2438 2708 1126 1777 722 2569 2506 2842 2435 2511 2665 686 1212 2639 790 647 1841 1868 2736 1463 2037 1757 2741 2150 1962 682 1935 2135 442 1712 140 217 1771 165 1592 1998 2291 146 2057 274 974 508 1067 1940 526 594 368 994 2719 2445 362 2728 725 1986 444 894 2580 1725 1944 447 246 1013 882 1055 2427 2499 2041 1056 204
1863 879 557 2460 127 2363 1862 5 2635 147 2710 1514 1081 2198 2662 2266 2473 349 2175 697 1295 583 669 2595 1811 400 1807 2801 2738 1358 1267 2661 1925 1615 223 1272 1519 46 2614 2340 306 1327 2212 1242 1828 30 2517 1324 865 798 1509 1763 1291 391 931 2740 1549 2709 1821 1446 1744 1238 842 2168 1516 2844 537 1803 143 538 2184 1698 1129 827 2128 1432 892 166 2671 1576 2835 2616 2327 1540 2820 2691 1421 267 2468 422 1095 1575 2104 444 2524 2648 632 2215 573 2223
639 887 1470 2647 1531 2328 1579 1791 945 1354 919 2778 952 819 1179 841 2491 2792 9 1770 1769 567 1578 2682 1977 930 118 1854 114 1667 748 1920 1368 515 2711 2488 2459 1585 998 2575 1063 1154 492 1851 916 1239 2252 1367 2065 778 382 2723 579 1651 808 1583 227 928 923 2304 311 2042 2379 517 1042 1211 2729 381 763 1210 875 2618 1209 910 975 566 2559 1970 7 151 1528 1657 2349 2081 25 982 1546 2225 69 1566 512 1271 2416 2264 2097 809 2310 604 1819 1625
2152 244 1139 1515 844 2502 1570 1768 1953 2048 1605 1198 2263 1214 1696 1113 2677 1171 2457 2203 183 22 420 1602 941 2503 2761 2109 509 1397 270 1866 1616 2115 1949 609 1702 214 106 2448 2572 732 2278 1726 2841 594 5 1801 690 148 2751 2386 957 2620 1502 2348 815 1221 1632 620 2494 84 2688 117 1922 2768 150 1371 2141 181 1365 582 2160 2153 762 629 300 2079 1426 1083 1525 1537 104 1596 466 744 2498 23 2464 1217 1987 1199 1889 375 1037 2236 1205 2197 2823 954
879 1366 352 557 969 1816 1480 127 1539 2175 685 2104 117 2473 46 2460 273 2268 1863 1059 20 1660 1025 1520 2138 2635 2524 147 2710 2013 1619 2363 167 2791 1939 1 2094 143 2132 396 414 1291 2213 638 1684 1355 2481 223 1811 1698 551 1167 1122 1324 2797 30 810 307 454 267 1421 2554 1238 1514 1242 991 1982 1295 234 573 594 1803 2616 1286 96 2764 2709 1540 1456 537 2266 2223 2529 400 2271 787 2340 1502 2726 386 892 1440 511 2661 1556 2179 2820 1549 958 697
2113 63 1019 1115 1333 1300 1389 1951 1213 2546 2656 2022 1513 2178 2149 1353 1883 2066 1685 1175 1743 1161 1693 310 2579 2409 658 374 304 545 1306 1558 2000 789 1798 1773 251 2504 589 727 614 803 364 898 1785 1971 2759 485 2784 962 1847 483 1427 1230 1786 2242 1672 572 1561 1106 1178 1559 240 2542 1228 695 2238 2540 714 132 2381 2827 1683 1334 2054 1928 949 328 596 1257 2072 182 2737 646 2644 581 1176 954 215 436 2430 1631 1343 395 101 529 1394 1166 1207 1361
1588 1132 536 1431 332 569 36 1686 1418 988 121 1910 1393 2384 733 193 1065 2029 1337 340 1268 2668 2083 1249 429 417 866 979 2520 1033 2333 597 2090 2743 555 2786 21 2795 1562 176 1038 680 2451 2227 2117 289 199 932 2108 1266 2570 1398 361 828 865 302 2578 1430 571 432 1890 886 802 2640 1888 78 2839 640 2210 142 698 1329 1272 2078 933 2335 292 878 13 554 1553 1374 1668 2671 1952 1699 2602 893 2808 1793 62 2798 1492 672 1049 964 839 868 2828 2421
961 2138 352 2473 573 665 1242 223 2709 2481 1338 2635 1294 537 1101 2460 1615 600 2616 2338 391 2455 1446 2104 2648 317 17 1539 2661 2781 2524 2631 969 2208 2100 2340 2486 1540 400 1200 414 1622 2175 557 2614 1994 1816 1327 1349 2212 349 827 2783 1159 1939 1618 1258 2065 2246 403 90 1964 2168 591 2797 1112 892 709 220 879 2811 2755 1009 1270 2273 1090 1480 1815 924 1049 932 1698 1763 46 594 616 2515 2226 1060 267 127 41 264 1238 1 2094 1324 891 538 1330
1161 63 1300 1019 1513 1389 1847 240 658 2784 2113 2579 483 1213 251 898 16 1693 1558 2277 1883 596 304 44 789 1353 1394 614 95 310 1333 1743 589 2178 1749 1087 2504 1631 727 2317 1427 2759 2000 2066 1228 576 1898 714 1672 545 1801 1469 1178 132 1804 761 2022 2409 1773 695 328 1447 2827 376 1137 1175 291 2656 2546 1683 803 1304 2238 2072 2242 364 2054 1951 1483 2547 1230 2190 1306 374 529 2644 949 1176 766 2381 2737 485 1115 1476 2571 983 2149 2249 1451 1593
2623 1525 1280 150 2263 2807 1318 1371 2278 181 1170 620 2141 1093 294 2132 1084 752 1625 106 2473 2030 2791 270 1083 2374 196 2048 592 2168 1973 1184 310 1702 1205 861 2718 2572 636 75 1536 2468 2186 1697 1090 1198 732 1108 2348 1004 1013 2179 1661 1911 2737 1127 2493 2203 2247 2823 543 949 1693 2678 2554 422 2317 1336 1726 1685 265 1502 2761 1898 2079 1183 117 214 1763 1744 1343 2160 1758 2838 2442 2841 1274 1139 328 2111 724 407 894 2238 1365 182 1283 586 661 2726
558 853 1093 213 520 540 1945 1631 783 2566 232 19 135 2112 707 1434 2408 1228 949 1889 1898 182 1847 63 2413 1269 426 2354 1712 304 2178 757 424 1394 1265 1019 1785 1004 2737 2725 1343 1760 2464 1513 2024 2143 545 614 1087 695 844 149 2430 132 2048 634 80 2111 1161 658 499 1103 2295 24 1515 1137 761 1637 940 1773 2654 1671 1469 1999 2827 1904 2351 1298 2615 954 244 1849 2113 1804 1768 1448 609 1685 509 739 1333 2317 2366 2457 1597 2448 22 2014 1529 1602
1125 1753 2777 70 1834 2077 2772 18 2561 2478 1842 2015 1759 2757 1252 2510 1557 601 2622 951 431 315 2663 2818 2 1390 1035 1186 1839 1443 1165 2302 2323 688 522 2644 1391 2314 990 395 2624 529 646 1235 1798 767 2686 2759 578 962 1394 426 572 1323 2409 1833 1166 1333 1938 2040 251 2685 374 1427 2667 502 1413 1306 101 1230 1928 1801 215 436 191 1767 126 2504 364 2242 898 1951 2277 714 1980 658 297 2315 889 103 485 24 2546 1747 2054 2276 2320 359 531 1175
1453 2545 1490 2433 1569 1901 2034 2713 2309 64 100 1496 2556 1860 1316 2376 2272 155 2721 715 1636 562 204 1965 1796 305 201 2842 1381 48 137 2213 747 439 645 1948 2135 1658 79 1944 1586 2241 1782 497 51 659 2001 2352 1056 1986 687 1841 2036 1640 900 2815 2068 1606 2109 59 725 134 2836 1486 1362 1067 899 116 2708 992 440 1840 1547 932 2046 1897 1212 2766 260 2511 563 547 362 1046 2826 1391 493 2248 1051 2650 2222 1825 1444 1054 246 2741 1218 1899 1416 1544
2037 1088 1998 1904 2622 2507 1557 1390 2625 1677 1892 2150 2661 1771 2757 994 274 827 205 608 444 2535 2027 526 688 2809 997 400 745 1811 591 1616 531 933 594 1759 1774 2803 1511 1165 932 2573 761 325 882 2795 538 709 2183 1521 2132 968 147 1591 924 2249 1757 1969 1584 46 508 1355 217 244 1391 2736 1266 1474 1763 1333 2595 2255 1256 1823 1186 1952 423 855 2755 2302 730 791 223 123 1287 1174 104 586 414 907 864 870 1303 2741 1323 2766 2427 315 2671 1007
2810 285 1227 546 582 1858 2043 1697 636 2643 423 1260 510 1637 1502 922 468 2171 1702 2263 396 2508 23 2179 1308 2841 275 459 122 1080 163 1610 1061 1456 2351 2791 388 2203 1591 1221 2162 2303 306 1763 2261 2268 1744 1603 2167 2726 2666 375 2222 2132 265 2128 2169 1188 1232 411 281 732 907 1570 1738 1082 6 1537 1326 40 1205 2623 807 759 2346 1973 690 181 650 1696 2468 2313 592 1170 475 2572 1488 2801 1184 2677 1153 851 1318 1084 2573 620 594 820 669 2521
887 2328 1579 1791 952 2778 1354 1531 1470 2792 919 930 819 2491 1769 841 945 118 639 1179 1578 9 2647 1667 923 998 1770 1585 748 1977 567 2349 2304 579 1920 2575 875 1851 2682 1154 1583 2252 492 1063 515 311 2416 2459 1368 1209 2488 114 1854 916 2065 975 2729 1210 1042 2723 25 928 227 1864 1367 2711 1651 982 2379 2618 1819 7 910 2559 1211 382 566 1239 2042 778 1657 513 2334 381 528 151 808 763 2658 2225 512 2462 2081 2793 2026 1546 517 1970 809 2310
1801 576 614 1304 596 529 1513 2317 44 63 2277 1847 95 1103 1161 1394 1727 1469 16 1353 1672 789 1300 1749 1693 2784 1883 2579 2178 2737 949 824 304 761 1137 2547 658 240 1631 2113 395 483 545 2759 1343 1999 1798 757 2555 60 251 132 1743 2644 1447 1483 1019 374 1773 310 2190 954 2381 695 2000 1427 2540 1087 1333 1785 589 1951 1178 646 2827 2149 2700 803 2242 2112 1334 2323 2409 1795 727 1306 940 1685 182 1361 2504 834 1990 1451 328 1228 2656 376 1230 1213
2649 348 26 1870 1369 2454 2538 663 925 445 2769 1576 550 480 1276 712 2714 179 2155 2004 518 1716 2241 2461 2011 793 2418 1983 1328 210 2050 305 57 1758 645 1172 1030 1045 1193 1092 2501 611 1859 59 1861 895 524 1901 1453 168 2721 1381 689 1590 155 704 1056 2130 1348 1377 2840 1029 204 463 900 2581 421 1358 2809 1840 1658 2574 1552 562 1234 977 271 1319 2206 93 1072 1473 1934 674 2287 1665 1253 260 735 188 2513 1710 659 1569 1441 274 1544 51 1408 2205
352 1815 879 1939 1660 2094 1982 127 1025 226 573 1338 1520 2468 147 1816 1530 2481 1078 267 2266 1480 1925 1291 1 924 2635 891 2607 1238 1009 160 1863 557 1295 414 2168 1509 1366 1421 223 96 814 991 2727 2092 2138 888 17 577 1122 1619 2139 665 2633 396 1807 1258 2431 1632 307 2455 913 2573 837 894 2460 2616 2063 264 214 2619 1217 2820 537 2648 1615 2661 2484 1994 403 1286 1629 669 1539 827 234 2740 317 385 1294 1242 1844 1446 2811 2486 2153 2255 1607 1904
1882 956 1267 2623 1221 546 285 1536 1697 2468 1318 2263 2194 582 1541 1763 820 1995 2677 2678 1525 2197 669 2494 1744 991 2203 1922 226 6 2726 661 879 2168 2572 690 448 1090 636 1084 1726 2691 459 300 2132 2473 1170 1371 150 829 1025 115 2261 2030 1487 1911 98 1400 1083 1863 307 2727 1802 1380 1880 644 1421 922 1184 1661 971 1280 2706 117 2167 1884 2431 2278 1108 2688 1520 1537 1539 1570 1603 924 2807 2740 2118 1687 1059 2048 2666 909 267 687 474 2801 2841 334
727 589 2054 1306 658 2540 44 1333 63 1361 1300 1137 1451 1951 789 364 614 1693 2000 2656 2409 2149 1513 483 1469 646 374 251 1558 803 1091 1230 1427 2579 310 1175 2040 1798 2238 824 1672 293 328 1106 898 485 766 16 954 1786 529 2787 1161 1019 1900 1483 1883 240 1928 1559 1389 695 2381 576 132 714 1115 1847 1743 2072 1353 2504 2113 436 2759 1971 2242 1447 596 2016 1166 949 2784 2546 395 215 2827 1773 1298 1334 1394 2547 1087 1343 1801 2644 1685 1257 95 2190
1790 1933 222 599 2071 2446 1145 666 2537 2218 1305 1504 1023 2512 2452 141 320 2355 755 1436 460 99 1321 935 2342 1736 836 72 612 1621 1682 2156 1638 897 850 2642 2096 144 156 2055 2775 2450 2750 2098 2201 2636 177 2645 908 1717 816 1047 1806 2722 2587 1415 164 981 2747 172 208 516 1098 2691 174 2074 1419 1599 1598 793 2679 345 2009 632 2500 2577 1454 1709 2829 1808 1155 2432 2122 2102 401 1510 1274 252 2168 1404 2774 1090 396 595 1100 1325 2655 734 523 2318
2615 2354 2320 1448 2756 1149 967 1849 135 2533 2413 558 426 707 2295 2408 1269 213 1804 1597 29 24 2143 80 2566 739 2021 1867 286 2172 2673 754 293 1728 1265 1296 1478 695 1383 2024 1945 1298 91 119 1689 520 1722 792 232 540 2827 1719 1529 218 132 424 2016 2390 1091 2430 2235 2224 1231 1535 1176 184 1469 634 2638 310 2366 1631 1346 2054 1334 646 2323 1207 853 498 757 1798 466 1451 529 19 1984 898 244 789 2644 1733 2190 983 2656 1252 803 2441 1087 2015
2057 574 2291 494 2683 2051 2719 2526 1223 1439 2220 146 2569 447 1874 2728 1931 1592 1408 2499 2639 1876 2319 2440 1942 1721 682 2435 444 790 482 939 2393 692 1899 2438 491 1055 647 2813 271 948 2037 1433 677 2294 2382 2183 598 2207 1771 2704 531 1937 1677 1056 1892 2558 2089 2292 1944 329 2766 1473 2445 686 1555 2427 1639 804 2741 725 994 864 2248 2708 2625 137 2506 2712 274 657 2736 2617 526 2580 2809 1464 1692 217 2825 2308 2598 368 1185 1330 2286 1825 255 1868
2175 2709 1059 2460 879 2363 2226 2210 1421 1811 166 2648 685 2473 1863 2764 2335 922 1480 1140 2834 2273 2717 46 1242 2738 352 1827 2213 698 557 1 1539 551 1216 1910 1852 223 2520 2681 476 771 2340 669 1862 2428 2132 1598 414 2266 344 1619 968 2576 342 98 1167 1549 91 2168 668 1349 820 600 2177 2215 892 1355 1521 2372 2635 2674 1356 160 2468 1803 961 2078 1816 2795 1774 2466 391 1477 196 1095 573 1272 1366 316 1122 2223 2640 734 2444 2083 602 969 2524 1698
767 277 2478 1753 1125 1938 1443 2772 2777 2077 2510 18 1833 431 1842 70 889 1834 2015 1980 1252 2818 2757 951 1759 2 1557 601 2663 2561 1391 315 2315 2686 2702 688 1035 2685 2302 578 1747 2532 1413 211 2624 400 1186 369 1340 126 2314 1767 1165 1323 2661 2622 990 2496 2388 827 2128 1390 1845 1235 1333 903 658 65 1839 1558 761 865 240 44 1394 1087 768 931 2571 63 1114 745 250 2335 684 714 2620 1137 848 1989 1608 502 1605 2161 2768 1847 769 1161 2016 522
1051 2272 201 2815 1496 1948 1316 1381 2628 1965 2713 2556 64 1658 194 48 2352 1860 1586 1636 1416 1054 1218 2836 1096 1782 1569 497 155 1649 2721 2309 439 2545 1544 2241 645 1261 715 1897 2011 1640 1444 2034 1840 100 1796 2433 2755 1623 51 169 562 1453 137 747 947 2439 2826 889 1663 659 2046 1486 1901 674 1362 1606 440 1679 2068 2707 305 992 1056 1422 204 1552 1944 1757 900 2837 134 79 1328 2708 563 657 2767 2135 1617 712 1067 2842 445 2766 260 1775 2686 1029
593 2196 2299 774 1498 2492 673 1871 855 1142 2549 1966 2290 1094 1005 749 1794 1913 410 2730 800 2746 535 2519 1936 2364 257 2788 1243 2243 2251 1068 1850 2377 610 2006 1174 2417 2087 336 605 1311 1946 365 434 1020 1581 1634 2697 2005 253 1527 435 2843 870 1131 821 2613 717 2151 1573 1040 1379 2830 1783 544 1309 1424 2560 678 1511 2680 1731 2516 881 1670 1516 1455 1138 1800 2095 1968 1442 1526 2341 1133 94 937 1969 730 288 1079 338 2609 811 2102 1466 112 1325 1779
96 1632 419 1013 22 2567 894 1214 2751 2153 1171 1898 861 2554 2079 2591 1217 844 1093 957 924 189 2109 2160 1336 761 1702 1661 1315 333 1365 1889 1019 147 2457 2841 468 1927 1032 509 63 1907 2571 2230 335 2229 5 1763 2595 1696 2374 1960 2502 752 106 793 762 2351 2726 1677 294 2162 309 1744 2838 2386 516 2612 1471 300 2263 1771 2666 1605 2317 1904 744 2643 2678 2401 636 304 785 1090 1892 210 2810 1358 856 2022 214 2705 2648 2128 2037 1616 1792 1685 1139 1213
310 2656 2149 1693 1786 1257 1743 1971 1298 2040 364 2737 1343 2827 132 1434 2129 2016 182 2441 695 949 1773 1900 63 1224 374 596 1106 95 824 1176 251 983 2700 1559 832 2190 940 1004 1116 803 576 1353 1713 2112 1513 954 2542 1357 581 1333 436 1561 2547 2381 215 1685 328 789 2242 1785 2504 2759 1535 1091 737 1334 1593 617 1137 2238 2745 926 1558 2409 1361 2202 1883 341 1451 1230 1683 1996 1714 1427 1672 1795 658 766 989 751 1019 1836 1161 2072 2579 2540 727 777
1076 2382 2305 2813 2393 2286 1639 79 948 2741 1606 2248 1055 1937 137 1944 1463 804 1935 1212 1464 329 1452 1868 2665 722 686 1223 2135 2294 140 2057 1067 2598 2068 2436 2683 2842 2639 2728 1547 2766 2291 494 657 1874 2319 2580 491 1757 165 647 1056 2511 146 899 2041 2569 116 2558 1777 1185 574 2435 692 1899 442 1130 2506 246 1126 1592 28 2736 204 2438 1986 2825 97 2719 1841 2292 2051 1134 2499 2708 447 444 2037 2207 725 682 790 994 1501 1940 677 508 1541 1825
2624 2471 2601 1845 1908 103 502 1235 1323 1340 297 578 688 990 848 1830 126 1114 931 768 1608 2276 65 702 1107 1821 250 284 1186 903 1720 1413 1512 1391 1310 835 1767 1975 2314 2388 684 1254 522 2036 2478 1557 1605 2667 1125 2077 1753 1014 767 1601 1922 2772 2777 2768 2183 2345 420 379 1390 865 1165 2671 1397 2757 400 2302 601 315 1834 1646 1759 469 2571 70 2661 820 1832 2622 300 1980 646 2347 1986 2605 2620 2409 920 10 2315 1723 690 1372 2841 244 1473 1192
392 2264 879 538 2363 1077 2460 1454 843 1258 2132 69 2318 809 519 248 1546 1973 717 1419 2331 2648 1992 1566 1423 2573 2763 2543 2101 2186 1424 2102 557 630 1049 648 1170 2245 1200 289 1794 414 1442 1641 2151 2636 2222 2490 400 2680 301 1581 2600 568 7 2661 932 1779 1133 511 2519 1479 2709 827 1913 253 933 2535 1331 773 1385 365 1784 1309 1480 946 1474 544 665 358 1619 396 99 774 2168 1020 870 908 1770 781 1556 2492 1521 2081 1425 1979 1325 745 800 1573
2765 1024 495 1124 1568 2232 1843 1503 1662 1262 2301 346 455 1438 1140 1506 1127 471 408 838 525 331 2565 296 1274 1706 268 628 618 1039 2053 840 1275 464 2407 389 390 209 2236 1715 478 363 1921 2025 2059 49 1008 1282 1220 139 1500 1187 2531 200 1967 356 2505 2465 1021 1635 1941 402 1378 758 2690 2698 1730 2821 1787 726 2017 2794 655 245 1026 131 936 467 2467 1475 1037 89 326 108 113 1648 2611 2173 241 2396 207 1022 1317 799 806 52 1929 1395 580 1875
2649 2454 925 1369 348 1870 26 179 712 2769 2050 2538 445 2011 480 550 2130 1934 1045 663 2501 518 2241 463 1328 2714 2840 735 59 1422 188 305 645 1710 155 1545 2411 2528 1617 1029 1544 260 2650 440 1146 1993 1983 1552 1381 1656 197 1663 1054 2817 2721 611 1796 1752 2574 1644 2439 1417 169 1658 1405 2044 900 48 2515 562 1190 1840 547 2375 1319 51 947 1782 312 2082 1569 860 1489 1486 1092 1649 2837 2270 943 1172 4 1623 1901 2826 2004 489 817 168 659 1788
2520 377 828 2578 640 2083 2384 2798 13 2640 2227 1910 2451 979 1337 1686 417 2210 176 1266 2786 729 1249 933 1431 302 78 1418 2570 2629 2108 21 1393 733 2795 1888 1038 289 597 1132 536 340 292 2839 1053 2668 672 432 964 1398 36 1588 865 1562 698 1033 2808 1429 1952 1272 2602 1890 802 680 866 2539 893 1374 554 2335 361 2428 332 868 932 2120 1754 886 1668 2029 1049 555 571 2090 429 199 2078 2671 2031 2828 878 323 681 988 142 2743 1065 2038 1268 1329
2510 1839 431 1035 2561 70 1125 2644 1753 1834 1842 2077 18 2323 601 1443 2777 2478 2772 1759 2757 395 2663 529 2 315 1394 1557 962 1938 1833 2818 2015 1252 1798 2686 1801 951 1390 1230 1333 2622 865 545 1186 2759 658 1334 646 572 1391 2128 853 1207 2277 889 426 1976 1767 2149 688 2314 2242 374 531 767 1413 1036 1343 1312 2072 277 695 2656 1683 2040 1257 2671 714 251 1685 684 2381 132 198 1558 63 1418 1298 5 907 1137 1304 578 2112 2409 1427 2054 1898 2324
2019 2550 1104 834 2555 1669 861 2080 1277 147 107 1507 1691 1482 575 2414 2641 1177 2754 2595 309 1523 577 2450 1487 2176 1258 1727 441 1608 924 2326 2383 1013 856 2452 55 127 903 345 1324 2058 728 34 2648 2604 1904 422 2317 2820 2591 997 1763 2254 848 397 1939 1646 1821 335 457 187 1583 1898 157 666 1621 897 1114 1720 2160 998 2523 1161 578 2114 1907 339 2079 538 702 1090 996 1538 761 2503 2661 1391 1847 2530 1459 2036 240 1169 2515 1512 2573 2695 250 2792
719 2487 2008 764 2146 2018 190 1128 2103 723 2405 247 1289 862 2067 869 873 1359 1042 2734 1577 58 1625 2453 2585 2284 2718 543 2582 2648 2081 98 1403 2170 1864 1819 2610 2165 1121 2391 276 2177 2334 1402 809 1423 781 910 752 2001 604 1751 1997 1347 2784 1763 2462 630 1885 1493 1804 256 1204 1973 2052 224 771 2434 1534 2674 153 1846 1898 1631 874 2592 2551 1600 2027 1157 1963 2086 413 1762 233 1077 776 1896 2225 1595 847 1811 701 1308 69 297 1090 2256 1755 982
214 2502 2152 1139 1605 2348 1365 1602 106 2263 1525 1171 2841 1371 2572 244 1953 1113 1198 2203 1866 2030 2109 594 1084 1502 182 1712 1205 2623 1184 2677 1760 117 2179 1280 1661 954 84 270 924 2153 844 2141 941 510 22 1685 23 1632 1004 2554 150 1175 149 1603 1434 1570 2751 1659 2160 2048 148 96 2197 75 2178 1949 1397 323 420 894 2567 419 2115 2112 2079 851 1214 509 1343 2705 2791 1591 1315 2768 423 614 2497 485 5 2303 1744 940 1768 327 1616 629 1960 2761
645 440 1649 1029 2011 2735 1444 169 2241 2836 735 1544 1045 947 445 1422 1663 2837 2767 1381 319 1054 965 2050 1623 2840 1860 1636 2707 1617 1782 1993 1253 1840 2130 201 550 674 2439 2628 1496 155 1658 2352 950 2826 769 1679 134 1307 1328 1148 51 2133 59 123 2046 1775 1757 1640 463 2076 882 986 2088 562 563 1752 2713 2815 1552 2312 2287 1255 992 1123 904 2515 900 932 260 1468 1486 1586 712 489 1218 194 1437 179 161 477 497 906 1965 613 1190 305 2389 2084
645 2241 445 2011 1381 1045 1054 712 1029 155 440 1658 134 2130 1328 1840 735 1782 51 663 2836 1649 518 2050 1422 2650 562 1636 1552 1796 305 550 2721 2538 947 1586 659 1623 2840 48 2735 319 1544 1679 497 1901 1444 1993 1663 1253 1617 2046 2034 2826 201 2649 1569 2088 992 168 231 674 179 611 1640 463 259 563 1369 1948 169 260 2545 2076 100 1860 2287 197 1453 1496 64 2707 1983 900 2375 1965 1319 1148 715 2454 1486 2544 2439 2652 2631 547 2260 925 1710 2713
188 2044 2501 556 1934 547 85 611 1405 2411 1386 2528 1319 4 987 2574 943 712 1644 1983 635 2817 2011 312 221 1102 1993 1656 1308 1190 1545 2419 2832 2515 2389 111 2670 1082 2082 2270 992 2626 1407 1092 2800 463 1422 659 1617 826 1423 2790 1552 932 626 996 1146 2530 854 2046 134 1090 1550 224 900 994 645 1782 59 1369 1501 445 1428 1788 2307 1305 666 1181 1006 925 2646 1624 1627 1752 1649 1700 2801 2454 559 155 2439 1208 274 1046 2631 1486 608 2544 1926 2755
935 1638 2096 836 1933 1321 2645 1145 850 1790 1098 325 1661 1474 2750 2512 2156 745 2355 1806 2071 2201 2446 2342 755 1305 586 2535 2109 1006 1090 1763 222 1671 127 516 2452 2450 443 2218 612 1736 599 2168 2710 320 2249 2691 1911 1976 2317 1308 666 396 1504 147 2562 1709 2432 72 459 2595 141 1336 1082 8 1880 99 1436 2153 385 577 1052 483 166 2537 894 333 1315 1170 957 1115 661 1717 924 1161 1217 2546 2720 897 1632 1023 1078 793 2167 2098 160 477 1421 2083
519 392 1419 1992 1516 248 2763 434 648 1424 937 773 1133 94 301 2331 605 1311 257 908 1800 2219 1002 1894 1142 1946 2102 855 717 410 253 1385 1309 1634 1007 610 2549 535 1966 1779 2843 2613 2196 1040 355 320 1731 1498 336 365 1495 538 843 1131 2660 1850 1645 1573 870 1079 2005 338 1020 1871 800 1455 1017 2006 742 1546 2697 1527 2341 1676 1913 593 2377 2830 730 811 709 2560 2290 1138 435 673 2519 2087 881 544 2145 1442 1174 1511 1581 821 774 1094 2788 2680
1083 181 1702 620 732 636 2643 2807 582 1318 6 1536 2278 2386 762 546 2116 2111 759 894 2194 1315 2141 689 1898 2761 644 1013 285 1797 1502 1336 2441 88 2442 2562 1632 2261 42 148 2153 1221 2554 2079 2522 1880 861 2813 592 1768 1227 1365 1979 419 1763 2425 1914 2263 2374 2827 2048 1093 44 96 2720 2248 922 2823 493 2160 647 1856 1183 661 328 1726 2468 310 407 1758 2422 907 1198 2203 594 807 2678 1960 2004 1697 2688 1057 294 2476 2705 1525 1476 1696 366 2571
663 704 2538 2155 2418 689 2649 1576 348 1859 1369 516 421 1758 210 1551 2004 1348 1193 1861 570 57 884 1665 493 1538 925 1580 480 2206 1870 2229 1792 1377 2125 26 2454 499 1453 1716 1713 280 2581 2260 2769 2039 2123 2672 2461 793 1714 1930 2324 1838 1601 550 378 170 2659 1034 158 1901 445 1194 1092 404 294 2493 2699 1986 895 1224 720 1116 179 712 1276 1197 1169 2211 228 746 1590 1490 548 2356 1609 184 2241 202 2050 242 2838 1664 2714 2330 2287 857 1575 2327
1946 434 593 2788 937 2549 1794 2006 257 749 2196 1913 1966 673 2364 605 2299 1516 544 2290 1498 1311 2697 774 2843 535 1634 253 1002 1094 365 2492 2341 2730 2377 1455 1871 2219 1040 1005 1131 1142 610 2519 855 1527 1850 800 320 2609 336 2087 1243 1670 908 1174 1133 1800 1936 2095 2417 2243 410 1309 1379 1783 604 1731 94 7 2746 1479 717 2331 2151 1676 2251 2559 392 435 1573 2005 883 821 1682 1020 1613 1424 355 248 2613 1495 1079 58 1271 2830 2560 1068 1581 2147
1525 106 214 1139 1280 2348 1365 1661 1371 2572 1084 84 2152 150 1113 1866 2109 2502 2141 2374 1171 2263 1659 941 1004 1953 2841 244 2153 1712 270 2623 2677 2030 1602 1198 1205 1434 954 1760 1502 2554 2324 1175 1605 1184 594 2112 182 323 1685 2203 422 493 117 1358 894 1632 746 1575 485 1697 762 1083 327 2442 149 2278 419 1108 96 44 1197 924 75 23 940 1603 582 1693 1541 2497 1267 2115 1949 1183 614 2656 2197 658 496 1336 1343 1927 22 1979 621 971 2720 1279
2624 126 1845 578 1114 848 688 1323 931 2276 103 1235 1767 768 297 2601 990 1186 1391 1830 2471 1413 65 502 250 702 1340 2314 1908 1608 522 2667 1821 1107 1512 1720 903 1557 2388 315 601 2622 684 1759 1975 2757 1310 2302 2315 1390 1834 284 1165 2015 1252 2663 835 2685 2077 2 18 739 1254 767 2324 2478 191 2653 2772 2671 882 1125 2777 1016 145 1842 1753 2518 1980 2320 1166 2036 2151 792 70 1986 1014 2183 951 1473 544 2746 2409 1443 244 379 2345 1005 378 426
1506 655 192 1274 1780 331 2070 200 326 580 31 2396 2765 225 1141 1127 1262 1787 478 1692 159 999 1140 2025 1293 1438 2316 2017 471 61 455 430 52 2669 1097 2402 618 27 726 1039 1715 721 108 390 1648 1972 654 2398 1967 207 1187 2698 936 2053 1505 2565 653 1598 346 1024 245 1921 1124 1918 1961 1356 356 1143 296 314 209 1026 1635 1275 1647 2715 858 402 1050 1022 1378 113 467 1706 1472 2690 2806 49 89 383 753 2465 2505 2794 2406 2467 1220 389 1662 408
1773 983 2700 832 2827 2190 1513 1743 2441 1224 2129 2437 1795 310 1836 1176 1161 95 132 1353 63 1856 1847 2745 2202 1693 1914 1713 596 1971 1672 1019 1593 2547 251 1116 695 1786 1476 576 1714 88 1883 1785 789 1106 1685 1300 1559 341 777 1990 483 1535 1898 1996 1900 954 1257 328 2000 1838 364 1427 824 766 374 1451 44 291 803 182 2381 407 2238 2656 683 1447 1103 617 2113 1361 581 658 16 376 1561 646 436 2149 1394 1298 1346 1483 2040 1749 1115 1333 1137 2540
1436 1145 2218 99 2775 2098 1163 72 1023 2009 1510 1717 2055 141 1415 612 1160 222 755 2655 1806 1933 174 2679 208 2747 760 2512 177 1504 2587 1872 401 2636 460 2342 666 1638 731 1599 1085 595 453 2126 2071 599 816 2163 1047 156 2829 164 2122 1903 2750 2355 850 1052 2469 981 2201 2362 1628 935 1321 836 2074 823 1736 1976 1305 2446 437 2577 897 694 172 2537 1790 2722 73 380 1233 2096 1241 1688 2452 1784 2450 461 1826 1811 281 1808 399 2642 2404 1100 2432 2274
2579 1353 789 596 1304 824 1749 2784 240 1693 1513 1476 2190 1161 483 2504 614 132 95 1178 1672 2547 2381 310 1883 1773 1394 328 63 2238 695 576 1847 60 2759 2745 1743 304 1230 2317 364 1361 766 16 374 1801 529 2202 1176 545 1971 2178 88 2040 803 2644 395 2113 1106 2242 251 962 1798 1300 44 1996 2656 1786 989 2827 658 436 926 1795 2149 572 1559 1213 1451 2441 1900 1683 761 983 1091 1427 2700 949 2546 101 1137 2281 2737 1343 1469 341 1087 39 215 1785
1262 455 1503 726 1039 326 2765 1024 2017 1274 840 2232 2715 209 89 1706 2470 999 464 2396 467 1140 1506 838 159 2565 2794 580 1568 1127 1472 52 31 295 1787 331 1662 314 346 1781 2173 653 296 1378 1275 1924 478 2091 799 408 2531 108 268 2053 655 1692 356 758 1216 53 1143 1829 1124 452 383 2280 2059 200 2611 1932 2505 2806 2465 61 2698 1022 2025 389 1187 822 120 131 2406 2279 2137 1912 1282 2236 225 430 192 1715 49 1505 1011 290 495 2634 1021 363
712 2011 1054 2241 1649 1782 2836 1444 1663 1328 1381 645 947 1658 2050 2826 1544 260 900 2837 169 1045 2767 1422 1623 1486 1679 925 2439 155 1369 2707 445 563 1437 440 1552 1796 1617 134 51 2545 735 2649 2130 1307 559 1993 2133 2454 1489 1218 463 674 1405 179 2840 2652 562 2628 188 1208 1417 2352 2419 305 1545 221 2713 2034 1752 2817 992 1934 1840 1860 1636 1640 201 1710 2501 1029 611 194 1316 2411 64 2515 348 1569 2433 2272 659 1901 1948 1386 943 59 2528 1878
1753 70 18 1842 1125 2777 1834 2077 2772 2510 2478 2561 2015 1759 2757 1252 951 431 2818 2663 601 2 1557 1035 2622 315 990 1390 1186 688 767 1839 1443 522 1235 1391 578 502 2315 2314 1938 2686 2685 2624 1323 2644 2601 1980 1413 2323 1165 684 1833 2302 1767 2471 768 1114 277 2702 250 1845 395 769 126 962 931 297 103 1333 889 1908 1821 1798 529 369 2242 2276 1340 572 2759 1394 1747 1512 1608 545 2388 1975 2496 65 2016 426 1801 2409 1720 2040 2667 1928 211 646
1933 935 836 1638 2096 1790 222 2446 897 2355 2071 1321 1145 2342 2645 1504 2512 2201 1736 2452 755 2750 599 2450 2156 850 666 1098 2691 320 141 144 99 1305 1621 2432 2218 461 612 1090 908 516 1709 1806 586 2537 1023 2775 1976 477 816 1436 1911 72 1170 1717 981 1763 630 177 156 460 2587 1006 1682 2168 2318 127 1308 2362 2098 2648 396 147 2627 924 443 459 1052 2595 2722 793 2642 1082 164 1419 1859 632 1155 1676 2055 2515 2679 208 595 1002 734 1949 1510 1404
1163 72 141 2679 1415 2775 177 2829 174 1023 2009 1903 99 2636 1145 612 1510 2122 2055 2098 2747 453 401 1085 460 208 172 156 1047 164 2274 2587 816 2577 2218 1808 2722 1160 1717 1688 1872 2163 1784 2655 599 666 694 1436 1155 2452 1628 981 731 1241 1504 595 2469 477 399 1089 2355 1939 1599 760 222 1100 2537 2074 932 1404 897 2595 1305 1321 1976 823 437 461 2126 1258 755 632 2201 1233 73 380 1933 698 2096 2750 2645 839 2432 2071 2648 865 2481 2658 1270 2515
2018 2146 719 764 2008 2284 1289 723 190 2585 247 1359 303 1493 2551 1121 914 2487 2582 1997 1772 1351 1534 1577 539 1128 1347 1204 615 2405 450 873 781 1915 1403 35 1157 604 862 2485 2453 2824 2734 869 2718 2165 233 1247 14 874 1595 2434 825 58 1751 1963 2334 1246 1574 701 153 66 2204 1791 2536 254 2067 652 2593 2391 1762 276 212 1600 630 2426 567 2081 1625 2170 2490 2778 1402 1985 2209 1077 1770 887 2792 932 916 2462 256 1583 998 1973 206 2459 765 2336
2801 2473 1446 1698 2338 2223 879 1327 1411 2212 1294 352 2616 2246 1630 2648 1 1863 2709 2844 932 810 414 1571 1421 391 1939 2175 2139 46 71 2266 2797 147 1852 1112 1095 166 2100 223 2481 1215 127 2460 30 2584 2529 1619 537 1540 444 795 2213 2635 2738 1514 1349 195 638 1101 2210 958 2710 787 2298 1520 1242 17 709 1360 1480 1684 697 1129 1828 2104 143 665 2063 642 1615 573 2740 1174 837 1409 1539 2543 2340 2208 2595 1009 2486 685 1240 2619 2083 220 957 1815
1583 998 1579 2778 1531 2252 1791 930 1063 887 841 9 639 2682 2792 1578 945 778 567 952 1354 919 2647 1470 1769 748 928 1179 227 382 118 1667 916 517 1920 1970 1657 2459 2328 1770 1977 2729 2491 492 515 819 1154 1368 2711 1651 1854 2488 2067 2349 114 2042 579 2065 1367 2723 2379 2081 1851 2550 982 2575 566 1507 1585 1239 2026 1211 1042 875 808 1210 512 311 1625 7 1209 1819 2604 107 1963 2225 910 2334 1608 1691 2462 763 2310 975 2304 2414 2103 1187 923 869
2765 390 1635 2301 580 1967 478 2053 2236 326 999 31 726 1662 2407 758 464 331 159 363 1008 1275 2059 2715 455 1024 1730 1929 1715 1378 1124 1039 1262 1706 484 1568 209 655 1475 389 268 295 2806 467 408 430 838 2232 1050 1140 27 346 2669 2465 1317 1274 1282 936 1293 52 1503 1506 1127 2505 1011 89 1789 2687 471 786 1921 1780 1026 927 1187 1787 1912 1022 1143 2017 2173 1843 2280 456 1097 2698 49 296 1822 1932 2406 2396 1048 356 1692 2025 314 1648 2467 1438
1763 2841 1487 1090 2109 922 2494 924 2261 594 614 214 1661 37 1139 586 1171 820 2567 1308 2194 2348 761 1953 2222 285 1502 1184 1605 953 1400 650 1082 335 1137 2179 1471 2572 1232 1687 2160 1183 1315 2197 2666 1318 2203 2571 2678 2706 300 2263 423 1922 443 2216 1541 658 1006 1462 459 2810 1198 334 2153 1221 2043 1866 543 2677 1306 115 1603 1525 894 63 2079 1559 2720 1949 1230 84 971 1685 117 1217 1333 1697 646 1726 1712 1371 1336 2230 1882 2787 636 2359 2688 436
2545 2034 2433 1796 2721 100 1569 48 715 2713 64 155 305 51 562 2556 1453 2309 645 201 1860 2272 1381 1051 1316 1658 439 1490 1782 712 2376 260 1901 1640 547 168 900 1416 1948 2650 2755 1486 2023 1386 2011 1584 1496 1636 1045 2826 611 563 1056 747 2241 2050 2088 440 2628 1710 2046 1544 1319 1096 1663 188 1029 992 1369 1965 2501 925 1934 134 1649 2419 1328 1623 2815 2439 1586 1218 2836 947 674 59 659 1545 2213 204 2270 1840 1046 2082 1417 445 1944 2389 1444 2435
1791 118 1769 930 2065 2778 2792 2328 998 1583 982 567 945 919 1354 887 841 1578 1667 1977 2252 2491 1179 819 1531 952 916 2682 1470 1579 1063 639 2349 748 227 808 928 1210 2723 2042 1851 492 311 7 1920 875 1854 1585 1770 778 382 2711 1367 1211 2647 1239 1368 517 1154 114 579 1651 2225 1209 2459 2575 566 2310 2081 9 512 2488 1657 763 1970 2067 2658 2416 2379 2729 975 2097 923 2026 528 2304 1625 2793 513 25 1042 515 151 1963 2559 1271 1913 869 2103 2006
830 1450 2019 2080 1691 2275 575 1732 2754 775 2586 2550 1169 1104 1147 1016 441 1748 1805 1507 603 863 2395 107 2630 1523 1620 1669 339 1482 1459 2326 1678 187 2176 1244 584 2518 1073 1120 1177 1646 2383 2641 2780 2234 379 2368 2159 2136 2254 357 2447 2604 2414 693 2695 2360 1626 1192 469 2605 1014 2733 818 736 32 462 845 457 2345 397 2297 2621 393 55 1517 834 1611 794 920 538 1114 1467 373 1372 279 2701 2211 728 2347 1028 2555 1454 2073 848 1832 10 2036 2802
702 1107 1830 903 2601 2471 1310 768 284 1908 1512 848 1608 1720 502 1821 1114 65 931 1340 835 250 1845 990 1254 578 2624 2388 1235 1323 688 1975 1767 103 297 2276 126 1391 1186 1413 684 2314 1277 1104 1669 1014 2326 2571 2036 2080 1646 1691 379 1013 2605 1601 483 2073 920 55 2641 2754 2555 2347 1372 240 400 469 2661 1523 1841 2079 2176 575 736 2802 1748 300 2136 1450 2234 357 728 362 2550 397 2254 2395 1538 2360 441 448 834 205 522 1832 2630 2345 1507 309
1624 4 2411 1146 2528 2790 2817 312 1644 221 2389 1934 1405 2832 1545 1752 1407 1926 943 2270 2082 1102 1656 556 2501 59 987 188 1386 817 635 1737 547 826 2044 611 2477 283 1190 613 2300 626 1319 85 266 2367 2574 2011 1983 1202 900 2419 2069 2515 712 1414 463 1486 260 1489 1627 1208 559 2626 860 1993 925 2084 2544 1417 2439 1710 1552 1369 1181 606 2840 445 2676 1878 489 2675 2837 2133 2397 2646 1782 674 1617 645 1701 1381 2433 134 2358 992 1328 2530 996 1988
1672 2437 596 1353 95 1178 1749 2202 1914 1476 2190 2700 1836 1773 44 2745 1693 1990 1224 2441 1300 576 824 310 63 16 88 1513 1996 789 2827 2129 2000 1447 483 132 983 2579 2317 1856 1161 1685 2547 1483 1713 1743 1176 1795 1106 1304 2784 1847 1103 1883 328 1019 1593 695 1469 949 2737 1785 1559 614 2422 2238 1727 2656 2523 1786 2111 1683 1971 39 240 1714 761 2546 47 376 60 1999 581 1116 2504 766 777 1115 2149 1394 1838 364 2016 2785 230 149 1336 2555 1230 1357
1914 310 2441 1856 2827 983 1346 596 2129 2737 407 1713 1743 1561 777 2190 1535 832 2745 1898 1343 1996 1683 2202 1176 1334 95 291 695 949 1093 2759 1298 576 1693 1116 1091 1631 1224 1773 2700 1714 132 2785 88 689 617 63 940 44 2242 328 1558 540 1999 2547 789 341 2656 251 1513 2111 1103 2016 1019 2149 16 2238 2112 766 2000 803 581 1161 1476 1689 1685 727 2116 1087 364 1394 1971 1353 1333 2542 1900 658 374 1672 1928 1451 1447 499 1300 1004 1836 1593 545 182
1944 137 494 2813 2435 1055 2135 1223 2248 1212 146 2294 2741 1899 2057 2728 1874 2580 1606 2382 1937 948 2708 574 899 1464 2766 686 1185 165 1056 2558 1463 447 1076 2393 2207 2438 2291 2683 491 2842 116 657 2286 2569 1777 329 2825 1639 647 682 804 725 1452 2506 2639 1067 1130 1771 1547 1592 2037 2305 2719 2319 2068 692 1935 79 1677 2736 204 2511 1126 531 2499 722 677 2625 2089 1868 444 2665 1757 1721 1825 2292 2041 2051 482 1940 2183 1986 1876 2526 1433 1897 598 2445
574 2057 2291 2051 494 2683 2719 2526 2220 1439 1223 2569 1931 1408 447 146 1874 2499 482 2440 2728 1942 1592 1876 2639 2704 2319 1433 939 271 1721 790 2445 2435 598 677 2393 682 2089 444 2813 692 948 491 647 2183 2712 2294 1899 2382 2427 1771 1056 2207 531 1055 2438 329 1937 1473 2037 2558 2292 1677 1892 2506 2308 2766 1944 2617 1330 1639 804 217 1555 255 686 994 274 864 526 2248 137 657 2625 1185 2708 725 2286 2741 1464 2809 2598 1868 1076 1692 637 2657 12 2825
2728 137 1944 1223 2741 1874 2057 1212 2135 1055 2813 165 1606 647 2558 2766 2435 725 2683 494 2207 447 146 2319 2248 2294 899 2382 2291 1130 1899 2639 1056 574 2506 948 2842 1937 657 2580 2393 692 329 804 1463 1940 1126 2825 116 2569 204 2708 2719 1464 1076 2305 1825 2736 2292 1185 1986 686 2438 442 1547 1841 491 1639 2286 1592 790 1777 1935 682 2051 2511 1868 722 79 1452 1897 2220 1067 2665 531 2499 2041 2598 1640 677 2037 2068 939 482 2704 1433 2526 1757 362 2258
1638 2071 1933 1321 755 836 2156 396 1098 2450 2750 1736 2342 1790 2627 1145 222 935 2201 2096 897 1305 2432 2355 320 666 2645 325 2446 1052 1806 1090 2318 612 1763 1474 745 2452 1504 2535 850 1006 599 1308 1717 281 1436 1661 2168 2261 2218 2677 2823 856 72 2587 1709 2537 99 2512 981 115 2722 629 2109 1082 127 630 2648 2515 734 1621 1188 1510 957 1939 1911 586 1095 744 2691 2222 2562 477 208 224 2595 1153 1883 1682 2098 1637 443 1593 141 1676 922 122 2500 177
558 213 2566 1945 1093 540 1269 135 520 853 2408 707 426 2413 757 2354 232 1631 1898 19 1434 695 2827 2024 1889 2615 2112 2143 1394 1448 63 844 24 1847 304 424 2295 2430 783 1515 1265 1298 1087 2178 1785 949 1849 80 634 1019 132 1228 545 1469 1513 1343 1804 182 967 1004 1867 1597 5 1689 2464 2111 1722 2756 983 244 754 1712 658 184 2366 2441 1333 1137 1999 2725 739 498 1728 1801 1176 614 1383 1693 1231 2737 1161 2048 22 310 2022 1296 2457 1616 2190 2016
2365 2370 2689 2181 705 2552 2500 81 849 523 2819 175 2716 505 587 1111 152 2534 120 313 2119 238 2527 2681 1896 458 2674 1955 2479 1885 847 2177 602 711 2191 633 2237 1314 192 2193 504 367 52 2283 2396 314 1164 28 1141 2322 418 2822 699 1912 467 780 1332 2173 2565 53 2244 209 1692 734 2052 999 1117 1481 2250 2715 1929 1774 534 740 1730 1062 1378 356 68 31 1273 2765 129 1708 2592 503 1852 1741 2144 1827 1109 207 2429 1746 2265 580 2806 1472 1991 1555
2471 2601 1845 2624 502 1908 848 1235 1830 103 578 297 1323 990 1114 688 768 126 702 931 1608 1340 250 903 65 2276 1107 284 1821 1720 1512 1186 1413 1767 1310 1391 1975 835 2388 684 2314 522 1254 1557 2667 2622 767 2036 1759 2757 315 2077 1125 601 1390 1753 1834 1014 2671 1922 1605 2777 2478 70 1646 2302 2768 379 2772 420 1691 2183 2345 2661 1165 2324 1397 1832 400 2347 2778 2605 739 2315 1601 1980 18 1372 10 865 244 1443 469 2016 426 2409 2320 1842 1354 1016
1879 1017 1002 1516 2392 1119 2543 2093 394 908 320 1906 1978 253 2357 2219 1567 1495 1518 1455 1271 2341 1613 157 2262 1290 151 2065 2660 1301 451 1331 709 186 2140 984 1546 2559 2085 2318 2618 1566 763 662 1604 2600 855 446 1614 2460 1174 1909 961 1058 1981 2796 1676 336 2596 538 631 1419 942 607 530 2364 1100 1237 227 345 1479 2420 528 1239 1800 537 1142 1155 1200 2549 1621 355 1454 2006 1851 1094 916 2648 1498 1485 2458 1645 2609 937 2723 1904 1368 2147 1913 1311
489 2515 2084 2840 900 463 1369 712 925 2011 445 1190 260 1486 1983 559 2419 2574 1710 221 2454 1405 606 1437 2817 1934 188 1417 2649 1752 943 2270 2133 1307 1627 2424 675 1489 2501 613 1386 1208 645 2082 2050 348 547 563 2528 2241 817 1545 1878 1328 2826 2411 2397 635 2837 2626 674 977 2439 1092 26 1656 1544 4 1381 169 1319 611 992 1045 2544 2652 1993 2676 1658 2646 1054 312 1046 524 970 1146 134 2707 1552 2832 2769 2724 826 197 1624 906 1422 2753 2389 556
536 1588 1132 2384 1686 569 1431 36 1418 417 1033 2029 597 193 555 121 2786 1393 332 1249 733 988 979 2668 1337 1266 1910 176 429 361 866 1268 2090 1398 340 21 1562 2640 2451 2227 2083 1065 289 2520 2795 2743 302 886 2333 1890 199 1888 78 1430 865 292 802 1952 828 2570 680 2108 2808 2117 554 432 893 62 2839 1699 1038 142 932 1374 933 2078 1329 1553 2578 571 2671 672 1668 640 2335 698 878 2602 13 2120 964 868 2210 2798 1764 377 1272 2828 1053 1886
2501 188 1934 2044 1405 556 1102 547 2411 1656 635 1386 611 2528 943 221 85 1644 1319 2832 987 2817 312 1983 2574 2790 2270 2082 1092 2011 463 2375 4 2419 1752 1552 712 1788 659 1993 817 1422 2631 1624 2300 626 826 1190 1926 992 134 2454 155 445 1146 197 1369 1545 2515 2133 900 1782 1649 2544 2046 1407 1501 2840 2538 2439 1308 2389 2670 1208 2069 613 1617 2626 925 1627 1381 283 111 1486 2836 1045 854 606 2241 1700 224 2477 645 2084 1737 260 1710 1550 59 1082
925 1545 1710 1369 2817 1405 1417 1489 712 900 221 2528 2649 1486 1983 489 2515 2419 559 4 260 26 2084 1934 943 2574 2411 1190 188 2011 59 1624 1328 463 2389 1656 860 1386 348 1552 1437 1644 1092 312 1208 2050 2270 2424 817 2840 556 674 547 2082 1307 1319 2454 445 1627 1146 1407 2501 2652 1701 635 2832 611 977 1870 606 2826 169 2837 1752 1046 2707 987 645 2439 1926 613 1544 826 1878 2626 1414 1623 1782 2544 524 626 1381 1102 179 1737 1054 1045 2790 2133 992
1384 1518 1290 631 1331 1742 1614 2049 530 908 1673 2282 2140 813 1301 1567 1554 1017 2696 2660 446 2458 921 1058 1909 966 1237 2796 2257 337 1370 487 1981 660 1681 2782 2064 607 243 2600 2085 942 451 1705 1613 2259 1002 710 2596 1105 355 1396 2093 662 542 1495 54 1604 1739 984 2392 1978 394 360 1100 1879 2618 2559 1893 1031 1419 1404 2157 1174 1853 2081 1271 1454 50 151 1142 1516 1119 1823 2543 1676 2697 320 1155 869 2262 7 1211 855 2519 1906 1991 2648 2306 975
2019 2550 1104 1669 1507 2080 834 1482 1691 1646 2754 1277 575 147 863 107 2641 2555 2414 1523 2176 2326 1177 339 2383 2595 1450 1324 441 55 1620 830 2395 2820 1608 187 1454 414 848 2058 1114 284 903 702 861 728 2630 2604 1821 1016 1147 1459 397 240 462 538 2136 1748 297 2234 577 34 1244 2254 1258 1720 1073 1242 2360 2422 2661 2471 1323 1169 2159 1898 2168 1194 2695 2601 736 345 931 1908 103 1913 688 1904 483 127 1811 1830 578 2013 2740 1235 2503 250 357 1845
2272 1416 1948 1051 2556 1496 1096 2815 1316 2721 1381 1860 2352 64 1569 562 1658 305 2713 1965 497 1586 747 2628 715 155 2545 201 439 51 48 1782 2034 1362 2309 2433 1636 1453 1796 2241 2650 1897 1218 2755 100 1490 1544 1757 1649 1901 750 194 2376 1054 2836 2046 2387 1640 1617 1584 123 882 2439 1993 1045 1840 1261 2631 2121 168 202 645 712 1623 2023 2011 440 334 137 2686 260 1541 2135 1328 169 2130 992 1319 2837 231 2350 889 611 1391 1663 1444 947 1679 2707 663
582 546 244 2677 594 334 281 2115 285 1221 1603 1456 807 750 1502 2303 396 1616 1541 2128 1462 907 2132 2245 2268 1637 2313 474 820 298 531 1591 6 922 1610 1696 669 1973 122 1061 1697 2791 1702 636 2194 1294 1084 1556 2168 2118 2643 23 1902 117 2622 214 1761 1083 980 2150 1605 1570 586 2179 629 1763 2263 1891 1153 2359 2261 423 1446 1080 624 1308 879 1199 413 1754 1802 1883 459 1183 1501 2030 300 2222 1641 372 375 661 1557 2048 510 224 163 1858 1884 2755
2595 1258 147 1621 1112 1516 1321 1546 932 320 30 2648 1939 422 1270 1145 477 2067 516 345 1719 2156 99 2452 1454 2481 2071 996 127 2530 975 157 2432 632 174 1324 1906 665 2508 2450 1415 1872 1002 577 2710 1859 1098 697 2318 499 955 1419 2750 897 34 391 1101 426 2801 388 1446 957 924 141 1661 1694 1411 1487 1095 1879 1210 2260 961 2473 1242 698 984 2246 2219 1976 666 2296 7 1630 156 1174 71 2584 599 1911 865 2661 538 1155 2229 1637 1763 2253 1349 1052
2202 2745 1914 88 1103 1447 44 2190 16 1116 576 1483 1476 2547 1469 1749 596 1620 1224 824 1996 2700 1713 1999 1714 2441 1672 1304 983 1838 2317 95 2785 60 2111 1856 761 683 2827 689 132 2327 2321 366 1990 1057 2437 1482 2180 1451 465 1727 1176 762 2422 376 2112 2129 2116 2016 777 1836 1073 832 1113 2555 603 940 1773 614 1693 2442 310 1091 1004 1147 695 830 1795 954 1318 2737 2249 291 441 861 1353 2523 1765 1343 1336 1178 1722 1298 47 1535 2281 228 76 1410
1753 1125 2772 2478 2077 2777 2015 1834 1252 18 951 2818 1759 70 1842 2757 315 1557 2663 2 1165 2302 2622 601 688 2561 1390 2510 767 1186 1391 2315 2685 2314 1980 431 191 1235 1035 2409 2323 2748 1839 646 126 1443 2624 1333 277 1413 1323 2686 1798 2644 2161 1767 1951 727 426 578 1306 1451 1073 2320 293 1175 1869 1928 395 1558 803 2242 522 1166 2149 1959 2000 2656 2072 1114 485 2702 990 2759 1559 529 2054 1361 1334 658 374 589 962 1106 714 2324 2653 2040 2016 2276
2649 1369 179 925 712 2050 2130 1190 1663 169 1405 1644 348 2515 1328 2837 2454 550 2501 1045 1983 489 735 260 1934 2011 2648 155 2707 2528 26 1092 221 1617 1870 2817 943 900 2439 645 1417 305 2389 2241 312 1649 1544 59 947 2088 674 1545 2411 445 2574 480 1486 1307 1054 440 2084 2826 1782 1437 524 1381 1407 562 1623 463 1146 1656 2832 4 992 51 1308 1752 559 2044 1090 556 1679 2742 1082 2046 1624 2714 906 1135 1202 1552 563 2652 1489 635 2631 1878 1274 2801
2481 1514 638 557 1112 1324 30 665 1270 2616 697 1694 718 2801 2662 1446 787 958 71 1939 143 2002 2460 454 2517 2138 1295 1630 932 1258 1294 810 1815 2013 2473 352 1129 1811 1445 1411 879 473 2271 1863 2635 1059 2363 969 2175 1440 1684 375 2466 167 2755 1326 46 2128 1520 342 1725 2584 795 1101 2619 2595 1521 1653 195 1549 403 1360 2529 2339 1698 223 1803 20 1540 1355 147 2208 2351 1167 306 388 1637 2213 2223 234 444 127 1095 425 2014 2222 798 2187 892 1771
2649 348 663 1369 2538 925 704 2418 2769 1453 550 493 179 2155 2454 480 1538 2125 689 1870 1348 2004 1576 2324 1665 712 1758 516 26 2714 1901 2376 1193 2206 2050 1859 1551 404 421 2581 1601 2626 570 2493 1490 445 210 260 884 2699 1713 305 1792 1482 66 2130 1045 784 57 1861 1169 1194 2646 2241 2080 378 1190 2046 1575 2516 499 2211 2174 1609 977 1197 2260 2019 2229 2838 1580 1526 2123 1670 1377 524 486 746 1745 843 280 1993 1930 2039 1714 1716 1172 184 1092 934
2576 1925 1982 2269 2094 1549 1122 352 299 1078 2139 2797 2473 2776 160 1539 2833 428 879 2092 1530 641 1421 2811 264 2677 594 1735 2175 2709 537 2460 2266 2403 557 891 1480 1939 1863 2455 223 667 2844 1619 1660 1267 2255 1242 991 1295 226 687 1994 573 1294 2484 2168 867 1338 2128 2215 924 1814 2661 444 2481 1525 127 2278 1807 2132 1815 531 1661 2109 837 2385 267 814 1088 2036 400 827 598 1816 2635 23 2338 2607 2503 888 1 1139 1862 396 1607 1646 2616 244 2222
2202 2745 1914 88 1103 44 1447 2190 1476 576 16 596 1749 2547 95 1469 1996 1483 824 1116 1224 2441 1856 1999 983 1620 2111 1713 1672 2785 1304 132 2317 1057 1838 2827 2700 1727 761 1714 832 683 465 2422 1073 2437 1147 2180 60 1176 777 1836 1482 1990 2129 2555 441 2016 695 2116 1773 762 376 1091 291 1693 2495 1410 76 830 2281 614 1535 1795 2112 2523 1353 603 310 230 1178 1336 1113 1004 564 47 1451 940 689 2327 954 83 1298 2695 861 2275 2442 789 845 1318
2825 2766 447 137 1606 2558 2728 2207 1056 2741 2135 1944 1212 2220 1463 2736 1931 1055 725 165 494 2526 2089 899 1899 2435 2569 116 146 2813 1134 2051 1825 804 2248 1223 2057 1935 2719 2041 1433 1067 939 2319 1126 686 246 2438 2382 2842 329 1897 1547 2294 2291 647 1592 442 97 574 2683 2708 948 682 204 692 1185 1937 677 2511 491 1874 2393 2305 2183 2292 1639 657 1130 2704 2580 1362 1640 1076 249 1841 1464 2665 722 2286 2598 1441 79 2427 2436 1439 1777 1876 1940 1406
13 2210 640 1272 2520 828 2083 377 323 1038 1754 2578 332 1686 1393 2671 2828 933 2743 802 1033 142 2421 289 932 417 1049 672 2047 1910 886 1949 1418 2078 1562 555 21 1888 1890 536 1588 1431 1374 1041 597 1430 866 1329 78 340 554 2451 865 2668 2602 427 1492 429 988 121 2029 1668 432 176 1065 733 2108 1553 2324 2384 193 1337 2839 964 569 1132 979 2428 302 292 361 370 2032 878 220 1053 1398 868 56 955 1429 681 1249 820 1037 698 2629 2117 1699 2415
832 1786 1693 954 310 2656 1257 1743 2149 2700 983 2129 1971 1116 1559 1106 182 1685 1713 1451 2441 1224 2016 1836 2827 1593 1900 1773 1714 727 364 251 1434 2409 2040 1535 63 2540 1298 2737 2190 576 2542 2202 2112 940 1334 1914 1558 803 1361 374 1513 2437 2072 2000 1333 2745 132 1004 1343 1137 581 1103 1672 824 658 1357 1427 1353 95 1990 1176 1346 617 789 695 436 737 291 1996 215 1019 949 2787 1306 1483 44 1795 683 1091 1856 596 293 2430 407 895 614 2381 1928
2386 181 1726 2442 2116 762 732 2678 644 2263 2562 1802 894 2522 1880 620 1083 1315 419 2498 1064 2720 1632 636 96 1336 300 1198 1927 2554 2705 2153 2831 1797 1032 2197 1702 1013 1251 1318 1365 2160 387 2079 1960 861 1171 1596 2761 2374 2807 2476 1364 1458 45 1661 2401 327 171 106 1866 856 2056 189 2141 1907 2111 844 43 2688 2591 2572 2612 1856 1687 2643 592 689 2109 2571 1536 1205 2162 2030 133 2457 2348 333 2448 2608 1371 2278 1400 1217 1139 596 1199 22 493 2203
1369 348 2538 2714 2769 2454 925 2649 1870 712 26 663 445 518 179 550 1422 480 1045 2626 2241 305 2011 2840 1328 562 524 2501 1617 2050 2650 1993 1644 259 1172 2721 2130 1983 260 2646 463 155 1453 1901 1934 1552 2544 1190 735 977 2044 1441 900 1569 715 645 1417 440 2084 970 2433 1796 489 2411 2358 1624 2574 611 1253 1627 1486 1710 2004 1878 188 659 1092 59 987 2088 178 2826 1788 1752 51 674 2528 2375 2817 1405 1414 1381 2564 2610 2389 2652 312 622 168 2753
137 1944 447 2842 1056 2207 2813 1606 2435 2825 2057 2569 2766 2728 146 1547 725 2558 2382 1899 948 1937 899 2248 2683 2741 2294 2135 804 2511 1223 1592 116 494 1463 2438 1055 1212 682 647 1076 165 2068 1464 329 2393 1935 1874 1825 2580 1134 2291 2736 1841 939 491 1639 2639 246 1067 2220 204 2719 2665 2708 692 2286 2526 686 574 2319 1433 722 1185 2305 79 2041 1931 1126 2089 2440 1130 2292 1897 442 2183 2427 271 1452 677 2506 1771 1942 2037 2704 1677 362 444 2051 2445
730 338 1511 1969 2516 1165 2302 1466 1526 1442 1390 538 1670 1557 1325 1005 2763 336 2622 2219 709 253 1454 1498 2746 2290 191 1379 2102 1243 2151 855 1581 1779 186 1007 248 1455 1079 843 2730 870 2788 1020 1992 1142 881 742 593 2549 1073 598 1573 800 1311 544 1516 1424 1174 2364 2380 2267 2145 2134 749 2809 717 1707 2680 2492 882 2251 678 2830 1323 2742 2299 688 1068 1759 2757 1236 1255 648 2560 1309 2535 673 1616 1385 1110 1757 1499 1010 112 1869 435 2518 2243 2624
2048 1768 1744 1221 690 2677 1397 40 865 1232 2502 1537 851 1922 1605 285 629 1272 1570 420 2494 1137 2324 1949 640 244 2203 2152 1754 2761 1080 270 2162 2768 1616 13 2520 2699 2210 2489 1038 614 2726 1740 1108 23 2421 375 1115 1430 1603 646 2841 2620 1763 1198 1953 281 844 2323 1139 1661 594 1326 2671 1960 423 1175 592 2691 510 1916 1333 650 1144 2128 2263 2571 2179 2666 820 1696 98 323 111 2561 1553 485 1891 1477 933 1519 2460 2000 214 1541 1811 2535 1846 1685
1515 1602 244 609 844 1605 420 214 1139 1397 1953 2457 1696 5 509 2115 1766 1221 2152 558 2502 820 22 426 707 2768 1603 80 1849 629 1537 1949 1214 2464 1108 807 1426 1171 1616 690 2408 498 650 2751 2348 757 2725 2566 1597 2366 2230 466 1858 375 1296 1768 2413 1726 148 1889 2841 2079 739 2404 1265 1113 1570 135 2295 2354 270 2048 2533 1541 2620 2666 2572 2320 640 1529 119 300 510 2160 424 1269 744 13 2197 213 2150 2671 2109 2014 2390 2448 2677 1093 2591 1689
2552 2181 2500 175 2819 523 2370 849 505 587 2365 152 1896 2177 2283 705 2527 81 2674 313 238 2689 2119 2716 2822 2479 734 847 1885 367 1827 458 1991 699 2279 2610 120 1708 2681 235 1852 1182 467 999 2565 1273 2173 1746 2191 1314 1010 2765 28 2592 1829 1216 1650 1955 2534 92 261 726 1741 2789 1774 192 507 1376 68 968 2396 1111 711 633 220 1823 1532 504 2799 2597 1164 2052 2531 602 1240 963 1117 2322 314 890 354 53 2099 553 1135 561 653 2237 2017 209
1083 762 2116 181 2807 689 570 2374 620 1336 2386 1315 2111 1702 1726 1318 2263 732 2442 636 1013 894 644 2678 2141 1093 2522 1856 2562 493 861 1632 2160 2079 1365 210 1665 2720 419 1661 104 1797 133 2441 2831 1914 2554 2705 2278 1898 310 2153 300 96 2591 106 1525 1792 45 1727 2197 2737 2401 1019 294 856 2109 596 407 1927 1064 1802 1880 1758 1536 1198 746 88 2498 1251 2056 2612 1960 949 150 2572 1113 1032 1217 335 328 516 171 2761 1596 63 1685 2827 1760 2229
63 1683 1898 1631 1883 2114 251 1785 617 1353 545 2759 1743 1093 407 1394 1019 1228 374 499 581 101 1334 2546 1091 1685 310 658 576 132 2542 1693 1333 364 1996 695 483 1161 1801 2700 2504 1300 1166 465 596 1427 2381 1257 341 1928 803 1513 1230 2277 824 1087 529 727 2409 2547 2000 34 895 1115 1900 2149 1971 1106 2430 1176 328 2579 2827 1561 1558 2644 436 1847 95 1224 1590 1559 1773 737 898 182 789 1786 2656 2113 1713 2323 2238 2242 646 2040 962 1137 1451 1593
1324 271 2616 1892 2584 1677 795 1771 30 1615 2440 1112 892 195 1694 223 2473 1411 2037 2801 1942 1698 46 2635 2481 665 147 1445 1540 2223 1258 1327 2212 608 1618 2838 391 638 1524 1408 1763 307 932 2727 2340 1998 2002 349 274 2427 810 1630 2595 2158 2625 1332 787 939 2466 1811 1571 2138 2004 2573 2648 2372 2662 1101 1433 1129 2168 1167 2445 1088 600 202 1060 1904 217 1056 697 203 1629 994 1520 71 1653 116 573 922 2755 1516 220 1090 2631 2234 1 1514 2766 1584
2755 2045 1584 2023 2622 1557 258 747 770 315 414 2150 1980 882 2757 1759 2255 1904 123 2315 1390 1479 1338 714 2481 1088 1466 1199 730 939 990 334 2507 70 665 2702 750 688 907 2685 1101 1294 2138 1844 1433 2387 768 1221 870 2543 903 1446 349 338 1073 2272 898 502 2219 1834 1201 2709 1325 1811 1391 1450 2092 997 270 1366 18 709 2624 2425 32 2719 961 1815 519 2302 372 1320 891 2717 601 1992 78 2445 1258 147 186 1114 594 931 893 1622 1969 848 2811 1324
314 2765 999 2059 2236 726 1475 2173 209 780 580 31 356 484 296 2715 326 2396 52 838 1378 2244 1050 467 159 390 1282 1932 1912 1787 786 2053 1317 2301 478 464 120 1568 408 2017 1039 1008 1967 2698 1465 806 534 363 1635 2429 2280 758 1929 1730 2806 1755 1274 53 653 1262 456 1022 1140 1273 1024 1187 1124 1503 805 455 389 268 1662 295 1481 192 799 1715 1011 2565 139 1143 1648 2232 2406 418 1706 1293 1037 207 2407 241 471 1275 2681 495 2465 2500 27 331
1076 2305 2286 79 2813 2382 1067 1935 1212 137 2294 1055 1464 686 1547 1639 2842 1463 1937 2393 722 948 2665 2511 2248 1452 2319 2135 2741 2068 2041 1944 1777 1868 2766 1223 2598 804 2580 329 140 2292 692 1134 1185 246 1126 2436 491 116 2719 2728 1606 146 2736 97 899 677 442 2683 2291 2708 1056 494 165 657 12 790 2569 1592 1130 204 2445 2825 2057 725 2438 2558 1942 2435 939 1408 447 2440 2639 217 1874 271 1962 2037 1473 1721 574 682 526 1677 1771 37 1940 1876
1557 2315 2622 1980 2685 2702 1759 315 1753 137 2499 601 2478 1125 2757 1390 1165 2772 2683 1868 1212 1055 1185 1944 1834 79 1547 2382 2741 508 2302 496 18 2319 2294 2077 1252 2015 140 1942 12 2665 1935 2813 526 1076 1463 864 1067 688 2041 1842 767 2286 2766 2719 2777 444 531 1126 745 1677 994 271 70 598 1721 1134 2842 686 1473 1408 1998 2051 2506 2535 2511 2305 939 2 2440 2436 1223 1876 2068 948 1937 1820 2037 1186 2598 1606 804 2639 769 2736 191 2663 1474 2135
1453 1496 2713 1636 1901 1316 1860 2433 2556 2272 201 2309 2241 1490 2545 1381 1965 1840 155 645 562 497 2721 1586 1569 1658 715 64 2034 48 2628 100 2046 2836 439 305 1948 1649 1796 440 659 2815 2352 992 2376 1544 1054 563 2826 134 1782 900 486 1422 1444 784 1051 2011 2213 1148 1752 2337 1623 2088 747 51 2767 260 712 1218 1663 1640 445 1486 947 168 1046 2001 59 2650 2439 194 1123 2076 2050 1045 674 735 2667 169 319 1897 1679 1986 1416 2133 1362 932 2707 231
817 2528 2817 1926 2411 1386 1656 611 188 547 1644 1624 1319 2300 221 1934 1545 2270 2082 2790 1405 463 635 1407 943 4 1102 556 987 2501 1710 626 85 312 1993 59 1788 1752 2832 712 1489 2011 2044 1552 2389 826 2419 1146 860 2515 1737 197 1983 2367 2840 1417 900 1701 445 613 606 2375 2626 2574 1381 1658 1045 1617 2454 51 1782 925 562 2544 2477 2631 559 305 1181 2439 2584 1369 2084 237 134 1411 178 283 1190 659 2646 1694 1422 155 1486 1328 2721 645 260 433
1453 1490 1860 2713 1901 201 2309 1496 1569 1636 155 562 1586 100 137 2721 1840 1965 64 2815 2034 1381 2241 2272 305 715 497 2433 2545 1316 48 747 1986 2135 2376 439 1658 1796 784 51 440 1640 992 168 1212 1948 2046 486 1944 659 2352 204 2001 2213 645 2036 79 563 2826 1051 2556 2337 1054 1841 1782 1623 2248 1056 2836 2007 725 1067 134 2076 1148 1601 2842 1046 165 1444 2813 663 1362 116 2382 2088 260 1897 2473 1123 2708 1649 1767 2667 1223 1464 319 1606 2628 1899
196 98 869 353 2081 1625 2460 2361 2363 2331 910 1042 701 2256 1819 2103 919 2067 763 69 2264 224 2778 858 1864 776 809 1769 1598 1354 2677 2048 820 1480 1963 952 1541 1851 2225 930 1949 2718 646 1063 1245 879 982 2175 285 2709 381 1188 1546 413 252 2473 1768 2150 2723 2101 765 1170 771 1402 27 594 2132 467 567 1140 752 2311 282 1667 1511 781 276 1501 244 841 153 908 89 1477 865 128 1578 1519 392 537 2328 2823 2054 2318 2065 1274 2648 301 2078 1344
659 2501 2044 188 2011 155 547 2241 611 1319 134 1934 1386 992 2046 1782 556 712 2439 987 1381 645 1422 1993 1617 2433 1544 2836 445 2411 2419 85 2556 900 1901 1045 1649 260 2545 1308 562 1983 2389 1658 1029 1405 1486 1878 305 1190 2528 1428 51 1840 111 1636 1545 2088 440 624 2574 1552 1752 1006 1054 201 1082 2034 1046 312 2270 635 626 1586 2082 64 932 463 274 4 2272 1484 259 1496 1501 2837 2001 497 2817 1203 2832 2713 586 1796 1423 2631 2670 48 224 1207
2171 2043 2666 650 2810 2643 2816 1702 1227 2346 1916 922 285 1260 2841 1891 759 475 1603 620 732 6 820 807 2502 1605 1723 1083 181 1221 1882 582 375 468 1858 1797 2152 2468 1397 1456 1059 1541 2261 2194 2216 1188 1610 1744 510 1697 1570 2167 420 1807 1524 1502 411 991 546 1763 1015 2678 980 2751 1153 690 2168 2567 2128 2179 669 459 2768 148 636 1703 1080 1295 1326 163 476 1214 2726 2313 1696 2079 22 661 1884 1637 1061 335 844 1171 2230 1904 2222 829 1629 2591
1331 942 2600 1673 2085 1017 1614 1495 1739 2458 1705 355 2660 1002 908 660 1554 54 1384 2664 542 984 813 1565 1681 243 2257 1370 2259 1518 1000 1031 360 2796 487 966 1978 2782 1853 1893 631 1676 1287 50 1105 710 1419 1290 2282 1396 2696 1695 791 2140 2543 2803 1301 2262 2369 2596 320 1058 1119 1508 1906 2093 1742 852 921 451 392 1516 519 1567 2064 186 2392 2341 607 2318 394 1455 1604 1613 1479 2147 1200 2219 2420 253 2559 94 301 1211 235 1879 1770 1155 709 367
1184 1371 1198 117 2494 104 2132 543 2263 1922 474 1139 2359 1183 2677 1502 594 23 2179 327 1205 2303 1423 658 265 1525 1953 396 1616 2841 1973 84 1501 2203 907 423 2109 941 244 1763 1979 40 531 1170 1036 481 2115 1659 1987 364 2656 1113 1230 2291 1641 589 1798 106 436 1693 413 2791 2048 1960 572 466 586 1308 281 854 128 1661 1343 1768 485 2579 636 215 298 879 1175 214 851 2639 1519 2348 815 2535 574 796 2691 2761 2572 727 1082 924 1333 150 1696 2278
4 1146 1545 1407 221 2389 2270 1624 943 2817 1752 2082 59 1405 312 2411 2790 2528 1934 826 1102 1644 1737 1386 1656 1926 188 613 556 635 283 2832 2367 626 266 2477 547 1202 2501 2515 2300 2069 611 987 817 1319 2574 1190 1983 2011 1414 2044 85 2419 1181 1552 1799 900 2675 651 996 463 2530 559 712 795 260 1369 2556 1486 1489 674 1411 2439 2626 2544 1993 2312 950 2840 1988 860 1092 2433 445 925 237 1316 2584 1710 1587 2133 2801 606 932 1878 2084 659 1208 675
1759 70 2757 1834 1125 1753 18 2561 2077 1557 2777 2772 2622 1842 2478 1390 601 2510 2015 315 431 1252 2 2663 1035 1839 951 2818 2323 2644 2302 1165 522 395 1186 688 1443 1798 1391 2040 374 2409 529 658 2314 2624 1166 364 251 1333 767 2685 1427 2759 2242 426 898 990 485 215 578 714 1394 1928 646 1801 2686 2667 1938 2315 101 727 1235 1306 2381 1137 962 589 1558 1334 436 1900 1343 2149 1833 989 1980 2277 803 1230 1323 1207 2504 126 1413 572 1767 737 531 1951
1948 1416 1096 1496 1051 2272 1316 2815 2721 1860 497 1965 1586 201 1381 2556 1658 64 1569 2628 1782 48 1636 2545 1218 2352 2713 1362 2309 155 2241 51 562 305 2034 1897 1796 715 2836 439 1054 1453 1649 747 100 1544 1840 137 2135 1757 194 2433 1490 1606 1901 1623 2650 2741 1212 645 2046 1617 2439 1679 1640 1993 1261 1045 204 440 1422 1944 2842 712 2011 116 2387 169 804 79 2376 1547 899 750 2686 1029 1444 2735 1663 992 1541 319 2755 611 947 231 2825 2511 2837 2248
1649 1444 1054 947 2836 1663 1381 645 1679 2707 1623 2011 169 1782 1328 1544 2837 2241 1658 1045 440 712 2767 2050 1029 2628 1422 445 735 1617 2130 2439 2352 51 155 1993 2840 134 1860 2826 1636 1552 201 2735 2046 194 900 992 1840 674 463 1948 59 2133 1586 769 319 260 1640 965 1796 2713 1486 1218 1307 563 497 1757 562 179 1496 1437 2815 2545 1416 305 2076 1208 1253 2650 2309 1752 1775 1710 2272 48 168 550 64 2312 2649 1545 2287 2454 123 1569 2721 1316 611 1965
2649 26 1369 348 1870 2538 663 2454 925 550 480 2769 1576 445 2418 793 518 1716 2004 1276 210 2155 1861 1859 2714 179 57 712 1193 2461 1758 1377 2241 1983 1665 1092 2011 895 1030 1172 689 704 1590 2581 228 2050 305 611 516 59 421 168 1328 2501 570 524 1045 1234 1453 2809 1358 2206 93 746 1901 1473 2198 1348 155 645 2721 463 2229 1381 1034 1575 1724 934 2130 2840 2574 970 977 1029 1934 1840 1319 2205 562 1796 1664 2125 2287 1792 1197 1658 204 1072 2327 294
1487 1763 2261 1308 2494 1006 1696 1471 1616 909 1596 815 1137 924 2562 1082 115 941 1186 1949 2535 594 2115 953 1802 1953 37 586 2677 244 2194 2109 2569 2448 922 1880 614 1391 334 1462 423 1227 2498 300 2644 931 1591 485 325 2720 186 1502 1537 84 1987 745 466 1090 2688 1166 1306 2841 2772 820 1323 214 1768 1400 2823 2571 1080 2503 646 2323 443 2573 971 658 1183 491 750 1477 2048 2648 1207 2478 335 1139 2260 727 676 1687 2624 1821 1390 2768 957 1922 1995 1889
5 1863 2662 879 557 2635 1776 2363 147 2460 2198 697 931 1081 583 2671 349 1862 1358 1821 1196 1615 2184 2327 306 143 1432 2595 400 1576 2036 885 1720 2340 2321 1575 46 2659 2175 1014 469 1107 1540 2661 2456 2123 1538 1272 2672 1792 2418 2345 2206 2128 827 1276 1192 1811 2347 1114 865 1571 2266 669 1684 1242 391 1748 1744 2234 687 210 1807 2276 1908 1551 1830 835 57 2473 1509 1327 2844 2212 2215 1514 2104 127 842 1609 1345 223 2624 933 1295 1519 1310 2605 1724 1267
1944 137 2580 2135 2741 1055 2813 2294 146 2248 2435 494 1212 1223 899 1463 1899 2766 116 2842 2708 1185 2057 2728 165 2382 1452 1464 1777 1076 1547 1606 1056 1935 2558 1937 686 948 2286 1874 2511 657 2305 447 2506 574 725 1126 2825 2068 1130 2393 2291 2736 1639 491 79 2683 1067 97 2319 692 722 2665 2438 204 647 1868 329 2207 2041 2719 140 2569 682 1771 804 442 1940 2292 1757 2639 2037 1986 1134 1677 1841 2625 1942 2440 1897 1592 677 444 1408 939 2598 531 271 1825
143 2363 2460 1863 1807 879 2517 1549 1295 557 1373 1129 2215 1982 2529 842 1514 1925 820 2298 669 2810 372 1884 2139 386 2466 1122 1541 711 991 1698 980 505 2844 444 195 2223 2771 1494 1684 28 641 375 1824 1440 2001 2372 2524 796 1652 2541 807 1811 922 458 2273 2171 1827 790 2635 2185 798 2043 633 306 968 2187 1619 2833 1432 531 1059 46 1267 1524 473 285 1335 262 2198 650 1697 2717 2500 334 697 718 2118 2749 1803 1862 41 2654 1479 705 2228 2703 5 1071
1694 2584 2185 1411 2616 30 1446 665 1294 1445 1129 2481 1939 122 787 810 1324 2801 2631 448 1112 638 1514 298 1258 71 454 1630 1684 51 562 2468 1440 2755 1584 1238 2168 2030 2023 1267 1291 795 2303 2271 2138 214 807 305 2208 1360 267 372 1863 2783 2677 932 396 2529 155 1545 879 2011 924 2268 1270 2595 223 1284 2167 459 697 349 1456 2246 2844 1610 1640 629 1661 386 2092 922 2013 1381 1911 547 582 1697 770 2213 2706 1973 59 1015 2567 2619 1698 2833 281 2139
2515 900 1190 1878 2544 2084 489 1710 1983 675 1414 559 2424 259 2419 1208 906 606 4 2133 1627 1737 2626 1046 1486 674 1752 613 1319 977 1123 2011 611 1092 260 188 817 2477 1428 1417 547 1545 987 1437 134 2826 2646 2817 2574 1405 626 266 2358 1468 1307 1848 992 978 2046 2312 2753 445 2840 2088 2270 630 2676 1386 2200 2783 2082 1701 645 562 2148 2367 221 1253 463 659 635 1146 2652 712 2241 2076 943 2389 1489 1788 1552 524 2337 1381 59 932 2287 826 2069 486
2756 754 1448 757 135 2413 2615 2320 1728 1231 1265 119 80 426 558 2295 2021 1296 2143 1383 1597 695 24 1804 2533 1149 967 1478 1689 2638 2408 1269 2430 739 213 2354 2024 293 132 1394 1533 2566 2784 1176 2827 1984 529 1743 2673 29 2644 983 184 2759 707 1945 1898 634 1883 1798 1427 898 1849 658 962 251 1166 2323 540 545 2054 304 1889 2277 424 1719 466 646 1312 310 2381 286 792 2172 1353 218 2472 1333 498 232 1693 1213 1087 2366 520 2190 91 1207 485 1900
364 803 215 436 2040 374 101 989 395 2381 1900 2504 572 1230 2579 2238 2759 1971 1786 1106 2644 766 1798 251 328 737 962 1559 529 2656 1257 1883 1357 1693 341 1213 2546 1427 2149 789 1361 2323 926 581 2066 2113 2242 1394 1115 1389 545 1951 1801 1306 2784 2540 1333 1353 304 1091 63 1161 1818 1451 39 1137 695 658 1683 824 646 483 1513 898 727 2178 2114 564 1343 1180 1334 132 1166 2409 1175 714 589 2542 485 240 2787 310 2000 1785 1773 1558 1928 293 1300 1176
879 557 2363 2460 1619 1684 1863 2517 1514 1816 143 1129 2298 2529 665 2139 1925 30 1366 1294 1446 372 2524 2481 2318 669 1324 1982 1521 1440 448 1267 2168 414 638 1479 298 1242 969 2616 787 1939 2801 796 2473 2185 1122 932 46 2138 1480 1112 1811 1630 1200 2844 1549 2619 2268 718 2635 1520 2833 2709 2727 352 1 1295 551 454 1824 234 2791 1445 1456 1049 2541 2387 20 396 922 2092 2132 697 2030 2104 1360 275 1284 1258 2215 1698 594 2266 205 2175 1411 127 386 2584
4 1319 611 188 547 85 1983 221 2574 943 1386 1405 2670 1934 2626 556 1993 826 2755 2419 987 463 2528 1146 2011 2501 2411 2270 1102 1545 2544 2044 2817 606 2045 1407 817 1428 2790 1926 1552 2307 712 1617 2082 626 1627 1788 622 996 2358 2515 2023 2530 1181 2646 1046 900 2800 2300 1190 178 59 134 2344 1737 1644 1092 1486 2676 635 345 2389 1414 674 1656 260 613 2397 2564 1029 906 1752 1848 2287 1208 1584 2724 2133 312 1710 1422 2007 977 2069 1489 266 1624 932 1491
1518 631 1290 2282 1909 1567 1981 1017 2796 607 908 1237 2596 446 2140 530 451 1613 921 2392 2049 2064 1301 2093 2543 1978 1331 186 942 1119 1058 662 1384 1516 1614 1100 253 2600 2458 1155 984 124 2085 1879 538 1404 1604 1808 1002 660 1495 1673 1742 1554 2559 709 1688 355 2274 1519 72 2660 2074 1491 2722 243 870 1105 871 2636 1454 813 1455 2618 2262 394 336 2219 966 855 2577 172 1396 1174 1165 1745 1498 487 800 1142 1089 2530 996 791 2843 1681 1811 434 1872 843
712 1623 900 1054 1328 1417 1489 947 645 1782 1486 1663 2050 2826 1444 260 169 1679 1381 2707 2011 1437 559 1710 1045 1649 860 1544 2837 1658 2836 1307 440 2241 134 155 1208 1701 2652 715 2076 2545 2419 2767 1796 2439 2130 735 1617 563 51 1422 2034 445 925 1386 1545 1993 674 2721 562 2515 1369 305 547 2713 1552 1029 992 1627 1261 1218 2046 463 1878 2084 2133 100 1405 2628 611 2082 2001 2817 188 1569 2088 2424 489 59 1586 906 2433 259 497 179 1046 1860 1319 2528
1525 2263 1536 2807 1083 1280 2278 1318 1371 636 150 2623 2761 2386 1170 181 1198 2141 1768 474 1380 2374 582 1697 1702 1205 2572 1726 905 732 265 1659 546 1973 2168 1184 1802 1979 2048 6 1139 1183 327 2591 2468 270 2203 2678 971 2222 2247 2841 300 1661 2132 2348 814 42 1084 2359 620 281 2317 907 1090 2109 1953 1882 1570 117 2303 1502 2514 2498 2410 294 40 1960 1763 851 2324 2179 2734 2562 148 104 2503 2030 2705 1113 592 543 1093 1596 1458 762 1315 396 335 2160
610 1634 1309 2830 1573 1040 605 717 365 2560 1133 1424 435 1110 410 811 1581 210 1966 2151 1020 1379 855 112 2788 1794 2746 2251 1243 2196 1142 2005 648 843 94 673 1783 2290 1072 2730 821 1665 1311 1131 248 678 2492 535 2327 881 2680 1068 434 1005 870 774 1516 1276 749 1575 257 2417 2697 1279 1498 1377 570 2549 2087 2456 937 2125 793 2519 1358 1936 538 1576 1670 1169 1007 2299 1174 1968 885 544 2155 294 934 2513 1375 1194 1800 1138 1859 1913 2418 2377 797 857
1681 2600 1705 1695 487 2664 942 1000 1739 1853 2085 54 1893 1614 1331 542 360 1673 2369 50 1287 2259 791 337 1508 2458 1031 710 966 1565 1384 2803 2782 660 1742 2257 1770 1370 2696 355 1017 1518 2543 1495 813 1290 2282 381 243 2660 2796 2596 1554 2618 1396 2093 1105 908 1002 2559 2064 781 607 151 921 631 2262 2341 2049 1920 1909 1271 1058 2711 1301 1978 2460 2140 1991 2132 1211 809 1823 114 1854 367 235 1240 1906 528 2363 1613 394 227 2364 2361 2042 2147 2549 1941
1274 1127 330 1532 772 296 1961 2099 494 1704 356 326 408 239 1282 653 2057 28 1262 1899 1376 2248 238 200 721 657 1780 2438 574 1874 711 2813 503 2794 1506 2396 2652 1335 131 2091 383 1647 580 1339 209 2291 1972 455 838 2639 618 1486 1472 2017 1956 2708 682 2164 2435 146 49 1555 31 1011 2479 159 2316 2028 1692 633 2052 2592 1917 245 2402 978 2148 1046 331 1223 27 647 1741 906 2683 970 1598 1092 2814 290 900 152 734 489 1627 2062 677 2424 314 771
70 1125 1753 2077 2777 1834 2561 2772 18 2478 1842 1759 2757 2015 1557 1390 431 2510 601 1252 2622 951 2818 1035 2663 315 2 1186 1839 688 522 1165 2302 990 1235 2323 1323 395 578 2644 1391 1333 502 297 103 2624 2546 2314 529 2040 1443 767 646 1798 374 2759 2686 572 1166 1413 962 1821 101 1801 364 2471 215 426 2161 1114 2315 1115 2324 1427 436 2601 2242 2409 1394 2667 359 2504 924 126 2022 1908 1845 63 1928 1938 250 2238 1720 2768 1389 658 244 1230 766 2178
352 2460 557 879 2648 127 414 573 2635 1349 2481 1258 665 2094 1939 2363 2709 223 1615 511 924 969 685 2661 1816 594 2138 17 2573 1200 147 1294 1520 1446 317 2340 2616 2168 1 2535 537 1480 1338 1502 117 2473 2175 1025 46 1530 2338 400 2468 827 2223 1698 220 265 907 1366 2132 1763 1078 961 1327 2212 1421 1815 459 1571 2266 1618 2597 2222 1242 1539 160 1540 1170 396 1863 2104 932 1979 1660 892 2179 96 2486 1090 23 1082 1355 2820 913 1619 846 1324 205 2268
1752 221 1102 943 2790 2367 4 2817 2300 613 1146 1926 1386 2389 2832 817 2270 1656 188 312 635 2411 1405 1545 2082 547 611 1319 1934 2069 987 1624 556 626 2501 1407 950 826 59 2528 85 2011 1737 1316 900 2515 2044 1644 2433 2477 283 1486 134 266 260 1983 1627 2419 1878 433 2544 1190 2556 2133 1496 2375 1414 559 489 2837 2652 2084 1552 1489 2631 1208 1422 712 2626 2836 1788 1993 2439 1663 1381 1649 675 2574 1437 1710 645 606 1658 769 259 2358 155 2826 1636 1796
1801 2644 529 395 2323 2277 1394 545 1898 2759 962 1334 1839 1230 1798 1683 658 572 1087 1631 1333 2242 695 2381 63 374 22 1326 2510 251 2149 1207 853 761 2128 1035 2317 907 803 2579 431 1558 558 2072 757 132 2113 473 426 375 1214 304 2656 898 1312 1093 1306 1213 2508 1689 2751 2784 240 2561 1125 581 614 198 1137 1343 646 2504 2022 1171 2178 1883 1427 1353 1161 714 1847 739 1889 2546 2077 1513 789 2478 2295 1685 727 1298 1971 1753 589 1426 1786 949 1984 2124
1779 1385 2763 1992 773 2145 2102 1007 1511 742 406 1969 1165 2302 1442 191 519 2516 1707 1138 1800 1391 1526 709 1725 578 1670 730 2276 126 315 531 2622 1340 1186 2624 1871 2388 1645 2314 1413 2183 1767 250 1557 1323 881 811 601 1821 1390 1473 1499 1894 1759 2757 1325 688 768 2667 2680 2219 59 848 65 1876 1555 2809 338 103 368 931 444 2685 1980 1056 1845 1079 1747 1311 2569 297 1608 598 1114 186 1720 769 2499 1731 544 538 434 2686 1235 1573 274 2460 739 2433
802 142 868 176 1492 554 1431 2078 1890 555 429 878 417 36 302 2029 2227 866 979 432 78 1053 2668 2743 21 292 289 1686 427 1699 62 1888 886 1418 361 2217 733 1398 597 1562 1588 2451 1256 1393 2384 2333 1430 1033 2786 640 1553 1132 2423 2108 681 893 332 2415 2117 1038 199 1065 1886 743 2267 340 2640 2520 2421 2629 2578 13 2428 2539 536 964 933 193 1236 1429 672 2568 2671 1754 571 828 1374 2602 1793 680 2083 988 2828 1668 2380 1272 121 1266 2795 2031
1557 1584 2045 2622 2150 2023 1390 2757 2755 414 882 961 714 2624 315 2671 147 1759 1088 931 46 289 1114 1294 426 898 1928 123 933 709 2183 1446 2595 853 892 730 1087 1616 747 990 848 1166 2219 2601 768 1073 688 1980 868 665 270 1811 2273 186 1521 1969 2717 502 2481 2471 244 1108 1821 1391 302 903 21 554 2809 578 1904 1511 176 2158 334 1757 1998 1258 1845 1095 2223 2213 1767 1266 1587 1480 750 1323 305 2427 1325 2808 217 2037 1479 78 1466 1366 932 1844
1860 1496 2272 1362 2556 1316 1490 497 1948 2545 2741 1897 2433 1757 1453 2713 1569 2135 2721 64 1606 155 1051 2034 1218 1586 2628 1381 1965 305 2241 2376 439 137 715 1212 562 1636 1416 1658 2309 725 51 2650 201 1901 1623 1782 48 2352 899 1096 2686 123 116 1544 2815 645 2766 100 1944 2825 882 1054 204 1986 165 1255 1328 1796 1261 1045 2558 2842 2728 1840 2207 2011 1841 1679 440 1993 986 494 712 742 747 1541 1646 2276 2150 1649 889 2258 2046 1767 2036 1601 447 1640
1161 483 1513 240 2579 789 63 2784 1672 1847 1353 1389 2504 596 658 328 310 614 2238 1019 1300 16 766 1773 1178 2113 44 2759 1693 95 2827 1213 132 1683 1749 2441 1883 1898 727 2190 695 1996 2000 1743 1469 2242 1476 364 251 803 304 1230 1333 2381 1115 1091 2317 374 1971 2178 1087 898 949 2066 1804 589 529 341 2546 1427 1176 1137 824 2644 576 1228 395 1394 545 1447 572 1304 2054 2540 2277 1361 1451 1951 2437 1801 407 1558 2656 2745 2422 983 2700 714 1798 1106
1742 1331 1614 1237 908 1384 1290 1105 1673 530 1567 2458 1370 1017 966 1495 1604 1396 1518 2282 2600 243 1301 2049 813 1554 446 2660 487 921 355 2085 1981 942 451 607 2140 631 337 1705 1681 1909 2796 2696 2257 2093 1100 1058 7 54 1287 1002 1613 1546 660 1271 984 2064 975 871 1565 1031 2782 2361 1155 2259 1893 186 542 1739 1978 2793 151 1404 248 2147 2336 1419 2392 2596 1808 392 1676 2369 253 2843 2543 710 2803 360 2664 855 50 825 2274 1424 320 1519 301 1142
757 135 754 2413 558 2295 1728 426 1448 2756 1689 1804 1597 540 2024 2143 213 1231 2615 1394 2277 1265 24 967 2430 1533 80 2408 695 1898 1631 529 545 2638 1478 1296 2320 2566 1889 739 2759 1149 1383 898 132 2472 251 2827 91 499 2366 1312 1469 2784 707 1087 1945 1801 1883 2644 2323 1427 1269 1176 304 184 2533 1984 119 1743 34 658 853 1093 2354 1333 2021 1558 1798 634 520 2235 240 232 2381 63 957 498 983 293 2054 1847 1719 1353 395 962 466 424 1166 1928
1557 2622 1390 1073 2150 2624 414 538 2757 1980 1928 688 2809 1166 882 1323 1616 1088 933 2535 1473 426 730 315 2219 244 898 46 1591 103 761 2249 931 1998 1186 1759 270 815 2671 709 2323 714 990 608 2037 658 186 1391 531 338 2045 1757 248 1845 2601 745 594 2319 792 176 2677 2255 961 115 2245 1618 423 485 646 2427 297 123 835 1987 1584 502 598 274 1821 768 2755 739 2409 589 147 1114 2340 1904 1462 892 843 1540 848 2183 2445 444 1256 1480 2518 853
338 730 1466 1511 1969 2763 1992 1454 2302 336 1526 2516 519 2102 1165 1442 648 709 2219 773 1325 248 1498 1133 538 2549 1079 855 1779 2151 843 1379 678 1020 1007 1131 2290 253 717 1243 1309 392 191 870 2622 1005 2145 593 1670 1142 673 1424 544 1174 1385 1311 800 1557 2746 1581 2830 414 2788 1573 1516 742 1094 2251 881 2492 1390 186 2560 2680 406 2730 435 774 1966 2364 1850 2243 1546 1455 1936 1682 2518 1073 1419 2245 2299 749 2519 1634 1794 365 821 1913 763 568
2786 2743 1065 979 176 2227 554 1418 1431 340 332 429 2640 2668 1686 2029 1033 964 1393 802 432 1266 2384 1337 2333 2629 417 142 555 2539 36 1132 2798 733 597 1888 302 1890 866 1588 1562 2120 2578 21 571 1429 886 289 2428 2078 78 1256 2031 868 1952 2795 1492 2083 2808 361 1070 1430 878 292 427 1398 2451 199 1249 1399 2520 1910 2839 2570 2221 358 569 2335 2038 1699 193 988 828 2090 536 62 121 1553 1329 2117 893 640 1374 729 1053 1886 2568 1038 500 2108
712 1045 2439 1544 1617 260 947 1679 169 1993 2011 2050 1623 2826 1328 2837 1782 2241 925 1054 2130 440 1381 1422 645 1663 1444 900 1486 51 563 735 179 134 2707 1437 1369 1658 550 1307 1649 2836 445 305 2649 155 559 1796 2076 1029 1190 562 674 992 1405 2454 2419 2515 2088 259 1208 2652 489 2133 2046 1552 2544 463 1983 2084 556 1878 2411 2501 2840 1934 2528 2817 201 2767 2312 987 1840 1586 221 1148 906 2574 1046 188 978 1123 1417 1428 348 1218 2721 659 480 2735
1803 472 1811 1540 223 1059 1509 2635 551 1615 2340 2338 2473 17 1863 573 1698 2223 1571 1 1167 2063 1618 1355 2444 2175 195 46 342 391 1862 2717 2253 1327 2212 349 2834 1520 2781 1101 888 267 127 1409 2648 2776 154 2801 147 2273 2138 2740 892 1095 2616 961 1238 2266 1421 1291 1994 2709 157 600 1479 2372 2158 642 352 2710 1112 1060 414 2466 2610 1295 2662 2100 1516 846 1117 1242 1539 2215 2486 2595 2548 537 1069 1324 879 2698 1572 557 1135 2246 1332 668 1338 1630
580 1293 326 159 1648 1097 1187 2406 2765 31 1140 390 2053 1730 655 1037 478 1635 430 331 1967 1715 1008 1143 1124 2017 2301 200 999 2715 1010 2407 1921 2806 1912 1039 471 1787 1929 2557 389 1568 2681 2402 1262 455 1822 2173 1141 758 1317 1438 726 27 1692 2316 1024 1506 1755 1026 295 1118 1756 192 2236 1275 314 721 2396 2565 1274 2465 2687 1050 618 346 1972 2505 2025 1780 261 1011 209 1216 1395 92 89 120 467 2280 1378 653 268 2398 838 2669 2232 805 2698 52
894 2554 2079 1632 419 2153 1315 1013 1336 96 2160 762 1927 2109 1032 2571 300 1171 106 1661 22 2567 1019 636 2705 1318 2841 1214 2401 63 2807 189 335 1763 2751 1907 2591 42 2831 2030 924 596 2230 411 2573 2263 861 1960 1217 1090 1953 732 2278 2162 1726 2612 149 2726 1205 181 1685 2678 2386 2643 592 1198 1471 586 1797 1188 1625 2222 1139 856 2060 1108 2197 148 1693 761 104 333 2111 214 2784 1536 2348 443 744 1749 1744 117 759 2317 1525 1371 2216 658 1093 1802
1753 2777 1125 2772 2077 2478 1834 2015 1252 18 70 1842 951 2818 2561 1759 315 2757 2 1186 1557 2663 2510 431 601 1035 2622 1165 1323 767 2302 688 1390 1391 2314 1235 1443 2624 990 522 1839 103 126 2315 578 2686 2685 369 297 1980 1413 277 769 1938 2644 2323 2276 2702 1833 1767 191 1333 1845 889 1114 502 2161 2496 572 1747 395 1821 931 2601 646 1340 768 745 2242 426 2409 2759 1801 2546 2535 658 684 250 2471 2277 2128 1951 1608 727 1175 1763 1798 2113 1989 529
1087 898 2759 714 1558 2504 1394 1928 1166 545 1333 658 1228 63 2409 789 1213 1631 251 1207 240 589 2644 962 529 2381 2784 1801 485 395 1161 2149 695 1883 2656 374 1306 1847 310 1693 2323 1513 304 727 2066 1137 1230 101 364 614 1683 1427 2113 572 2579 1334 803 1798 2022 1343 1353 132 1298 1361 2242 1971 2072 483 1898 2277 596 1785 1257 2178 1951 1175 1743 1451 646 1389 895 2737 2238 2054 328 2827 1093 2546 1561 2016 2547 436 1176 2040 949 1590 1019 182 2317 1773
1217 2841 924 5 1525 2141 2591 2468 2502 1702 1013 214 1171 2168 2278 2128 22 1108 1336 2160 2079 1744 2662 1661 106 1315 1093 1939 1953 1694 669 1139 335 2481 96 185 1324 2473 844 2807 181 2726 2567 2457 1697 2595 2751 2820 375 150 2374 2230 2572 1602 2229 2616 454 2584 1112 1763 1267 582 267 244 1575 2348 1411 2263 1632 1771 2162 2404 1760 1214 1295 2216 1659 2351 391 1811 2317 294 147 891 1358 1892 1283 1090 1889 586 422 2175 1685 932 1365 1712 2109 1802 807 957
1149 29 2320 2533 293 426 2024 1597 2408 707 80 286 213 2143 2172 1804 2673 1296 2354 135 24 757 558 1849 2054 2021 2756 2413 754 739 967 1478 424 2295 646 2430 119 1265 2615 1231 1689 1448 898 1728 792 1984 498 1394 2072 2366 218 2787 520 1951 2323 529 2566 1269 853 658 634 1451 1306 91 1529 251 1719 1361 1137 589 803 184 1558 2638 1175 695 2277 1383 1333 244 1166 1798 540 2409 1469 1559 727 1537 466 132 2644 485 395 1207 1334 375 1867 76 1477 1533
989 101 2040 364 395 436 215 341 1230 374 1900 2504 803 2381 572 926 2644 2759 737 2238 766 2579 581 1357 328 1971 529 1818 1559 1091 1883 1786 564 1106 1257 1361 2323 2242 2546 962 1801 1683 39 251 2114 1213 789 1353 1451 1180 2113 1693 2066 1394 1115 1951 1306 1798 824 2656 1427 2149 304 1334 545 2784 483 230 727 1137 2288 2178 646 658 617 1343 1161 695 1389 407 2281 63 293 1996 2787 132 1166 1785 2540 2561 1175 1513 589 485 1898 1228 2409 949 1333 1773
2168 879 2468 1112 1446 1939 1698 810 1291 1456 1863 2801 669 932 1238 1294 267 30 2271 1324 147 2481 1694 2517 1630 1619 1129 638 2529 2616 2223 143 1763 665 2460 2648 2595 1556 122 787 2266 2338 342 1284 2584 476 1521 1095 2363 1802 1295 698 1514 2619 1995 195 1327 2212 1267 2473 157 955 1925 1059 1549 2709 958 1815 1090 1520 2273 1684 557 687 448 1880 223 1411 699 697 459 1 264 661 2717 1824 2783 2372 1258 2175 234 839 1807 602 403 837 1744 1216 1811 2158
70 2510 18 1842 2561 1753 1834 1125 2757 2077 1759 2777 431 2478 2772 2818 951 1035 2015 1252 2 2663 315 1557 2622 601 1839 2644 2323 1390 695 132 395 1798 2759 545 240 962 2504 1333 688 2242 1391 529 1176 1443 1186 1394 2302 63 2314 990 572 364 1165 1343 767 2579 2149 374 1801 2656 1230 2238 898 2040 1980 824 522 1938 101 2381 766 1833 714 1334 426 789 2547 1558 1413 1847 658 2685 2315 2016 251 310 2277 803 2784 502 328 39 2409 1161 1298 1353 1235 1513
1127 1274 653 356 1961 225 207 1262 296 726 455 1503 1011 61 2396 1039 408 2794 200 326 580 1506 1706 268 192 31 2025 331 2232 2715 2316 1692 1282 290 2681 2765 2017 495 999 655 721 1378 239 452 1124 1021 390 2698 1024 1598 1472 806 464 2402 1787 1647 618 33 1376 2173 2059 1635 159 1972 418 1612 2091 2669 1568 1275 1018 1967 209 1974 2061 1438 654 2406 1843 2236 1655 430 525 2280 1050 2053 1875 471 52 1475 1026 1912 53 782 1730 1022 1918 1662 2177 838
2705 2831 2079 1671 2216 8 924 2109 300 2160 335 2197 63 658 1013 325 1333 2572 745 1090 1336 1315 614 1304 2535 2230 1661 2571 1474 2706 1763 762 1217 1703 661 907 761 2401 1288 1487 1712 1760 182 2168 1685 459 2317 2841 1891 2562 1019 2751 2678 2497 690 621 1389 2816 954 1632 1513 304 1953 149 2178 1137 333 824 1907 2113 586 1363 171 2448 22 1175 2591 1015 2612 1605 2112 205 1004 1471 1749 2175 894 2263 1697 834 1161 1171 2567 1525 1299 2016 448 1391 1168 1425
221 1146 312 1752 4 2832 1102 2411 943 2790 1405 188 1624 2817 2528 2389 1934 1545 2501 611 2082 2270 1644 1319 1983 556 613 283 1386 1926 987 817 547 635 1737 2069 826 1407 2300 2419 900 626 1656 2044 2477 1208 59 2574 1190 559 2367 85 266 1486 2133 2011 2515 2544 260 1627 1414 2652 1489 2397 712 2084 2676 606 1202 489 1428 2358 463 1552 1437 925 645 1878 134 2424 445 977 259 2626 1422 674 1782 950 1181 2439 1369 1993 2837 1710 1316 2556 675 1092 992 2724
509 1889 844 2457 1702 1515 957 5 1602 2751 1032 2572 2278 2725 2678 2168 22 1953 2128 1696 2351 2464 1726 106 2468 1525 752 244 1214 1171 214 189 1596 2263 2048 609 1659 1661 498 419 2503 1766 1802 2079 1139 2591 2404 2448 2807 1632 181 2115 894 582 2160 2705 1768 2153 1093 2643 669 762 375 1280 2109 1797 2841 1637 1927 2554 2230 473 171 2197 2014 2124 1880 300 1108 96 1616 163 466 2567 42 2706 335 690 2481 1326 2612 744 924 2348 1084 270 1205 388 2562 1939
238 28 152 711 159 2500 2557 633 326 580 1912 31 1293 1097 587 2806 505 2716 2715 847 120 2396 503 313 458 1281 1143 2479 2250 2181 2552 2674 1730 1741 456 2193 2365 295 602 2119 2592 467 1118 2062 772 1692 2370 1827 705 1955 81 1929 125 2681 999 734 2228 1111 2765 314 1010 1011 1563 2322 1708 1062 1680 129 1704 356 2052 1755 655 2565 2819 972 1787 1274 1532 699 1555 1182 367 200 968 1376 2283 523 2017 2470 1378 1275 1896 2689 501 1262 1339 1335 1822 261
702 903 1830 1107 284 2471 1310 1512 2601 1608 1254 835 848 1908 768 1720 1821 65 1114 250 502 931 1845 297 1340 1235 103 688 1975 2388 578 990 2624 1323 1391 126 1413 1277 2754 1767 1186 2276 1104 1669 240 2550 1523 357 2383 684 1507 575 2605 2080 2347 2395 1372 2630 2422 1178 2314 1014 483 1691 2254 441 2326 736 1013 693 1450 1620 789 2802 1538 2579 2571 2019 1016 2733 830 2555 2234 2058 2073 834 1832 2360 2297 1482 462 2247 1192 469 1907 1646 2192 32 2784 1734
52 418 1481 207 999 726 192 225 2396 1692 61 1787 2429 1378 1275 2059 758 2669 2765 295 2070 2244 346 31 2806 1141 655 534 363 1506 2025 478 53 806 484 1039 780 467 108 2053 331 2715 389 840 1662 471 2301 464 2565 1438 838 2821 2698 1022 2236 2716 27 1465 2407 786 782 452 1273 1967 390 1124 268 139 1475 1472 936 1929 628 1018 2017 1568 209 326 430 314 455 1635 1140 580 1008 1024 1780 1220 625 1912 1187 1706 2467 1050 654 245 1730 2690 2611 1612
1462 334 2677 750 2494 582 594 1603 820 1221 1541 2359 1763 546 650 2194 2666 629 115 285 2261 1616 1591 6 941 1073 1080 1605 815 531 1922 1696 1088 922 2810 2152 1995 84 315 420 1199 423 2115 1949 1537 761 1502 931 1557 2179 2671 2622 281 244 298 186 688 807 300 23 690 1090 2387 646 939 2503 2197 2620 375 2688 2319 2303 1137 1227 2109 2624 956 466 2506 1223 1390 1183 2128 2755 2043 1397 372 1882 2683 1539 1596 732 2719 2757 1285 1306 1171 510 117 1953
2286 1076 1185 2305 1067 1464 2382 2813 1944 2294 1055 1452 1937 2248 1463 1935 1639 1547 1134 137 246 2511 1777 2842 2393 2041 1056 2068 948 2825 146 79 2135 165 2736 2558 2766 491 2728 116 2580 1212 1868 140 2708 1126 686 1130 804 722 97 1223 329 2665 1771 2438 2037 1899 677 2741 494 2440 682 2435 2598 1841 725 1940 1408 1825 2506 271 1677 1606 692 204 274 1942 526 2569 2625 2207 1315 954 1336 899 1592 1998 2292 894 994 2436 305 2473 2109 657 1892 2258 1598 508
1179 2328 2491 1977 2682 2252 1583 1578 919 2778 1579 952 639 998 1354 887 9 1651 930 2647 1769 841 1791 945 1063 1920 2792 1531 118 1770 567 916 1470 1367 819 1667 227 2729 515 928 1851 2379 982 763 1368 2225 2097 2459 114 748 492 2575 2081 1154 382 2349 2723 2711 517 778 1239 1585 2488 1854 1657 2042 1819 2065 1970 1042 875 1528 381 1864 923 808 2304 579 1211 2103 1344 2310 1210 311 910 1546 276 25 2334 566 809 2067 1209 781 98 975 2536 2550 1507 2026
1625 869 196 2081 2460 910 1819 1042 701 2067 2783 879 244 2103 1643 2473 537 353 2363 2742 2228 1949 69 1754 2391 153 841 1519 1531 1274 2610 1661 2677 150 114 538 1864 843 809 89 1770 778 1575 2186 765 1480 2001 2709 2502 763 383 585 1963 1402 2361 1555 2175 1376 323 2841 1007 98 2711 1511 2500 1579 381 2157 855 2336 776 1585 515 1924 567 607 282 1546 2353 413 1827 2017 382 2778 1041 574 1140 1744 2027 1142 375 261 2681 1139 1854 2291 781 296 1454 128
936 2402 478 1024 2236 2765 1039 1127 2407 2465 2505 1140 471 1378 2061 654 402 721 2531 430 1438 625 2053 89 1662 1008 1921 1647 2301 1787 1022 452 1972 1187 1282 1274 655 363 331 1143 389 2406 113 628 679 467 758 580 753 1317 2398 1124 1475 1293 525 27 108 1918 268 643 1756 1435 805 1097 1822 1026 1275 1037 1692 999 2611 390 2698 1843 1967 1273 1011 2285 2687 2280 1598 1395 1356 858 49 1730 295 1635 2311 356 2806 840 2632 53 1929 326 1303 1648 1248 159
61 290 653 225 1127 207 1024 2025 2765 2396 408 1787 296 2164 2531 1503 1274 2173 52 356 209 1506 1780 726 1781 452 1039 192 525 1282 2565 49 471 1662 1438 1875 2794 390 268 418 2091 53 654 999 139 1635 1124 806 838 1967 1262 2669 2053 245 1715 455 331 1275 131 239 1706 2236 2232 2059 1568 1918 2285 580 346 1140 2280 326 495 1481 31 2821 936 1648 840 1843 1050 1472 113 1475 478 2429 799 464 2406 2070 2017 1929 216 1598 402 625 467 2698 1612 721
52 207 2059 61 2396 1378 192 534 806 225 1481 2025 2429 467 2765 1787 1022 2244 726 780 418 654 1275 268 840 108 484 363 346 2070 838 1662 2794 2669 1438 1274 2698 471 1024 2173 209 1506 999 1475 314 478 1273 1124 295 1692 389 455 2301 53 2053 2565 758 1465 1141 464 356 1039 131 2821 245 1262 1282 495 1140 2236 139 408 786 1967 452 1706 296 390 2806 1929 331 1472 1612 402 655 1127 2715 1050 936 129 625 31 1008 2407 1568 2690 49 1356 1780 2280
1385 1779 2145 2763 1992 773 1007 406 2102 519 1511 742 1894 1969 1442 730 709 1526 2680 248 1670 1325 1800 2219 1707 2516 338 392 811 2377 648 881 1138 538 870 1419 535 1311 821 855 544 2095 253 1068 434 1454 1455 2302 1079 191 1498 1133 365 336 1020 1165 1516 1731 843 1871 800 1466 605 1573 1424 1110 2549 112 186 1142 1850 1309 410 610 1258 1645 2243 1634 2460 1581 435 2543 2830 717 1040 315 2331 678 593 1966 1527 1913 2087 1391 511 2519 2299 1546 1725 1783
2264 1170 2593 2691 2783 604 2331 549 1347 2101 2147 2071 632 2204 1274 1973 618 771 422 1247 2168 855 58 1072 2334 1379 1200 874 392 1376 294 222 1794 1287 1709 791 610 2492 200 2186 2519 1913 2318 1000 2006 908 2132 1695 2473 2355 774 3 1267 318 1419 2256 937 605 1573 1152 1670 1142 1498 2377 533 507 94 1358 1504 2420 2102 630 1077 1010 254 1565 1002 320 1020 511 1403 1634 365 1454 2452 1642 14 1966 870 1127 1915 1911 1750 809 1455 717 1581 1546 879 781
1944 146 2813 1076 2382 1056 137 2435 2286 2294 948 447 2248 1464 1937 2766 1899 2842 2728 1055 2057 1639 2580 1223 2825 804 2393 2569 2207 1212 2135 686 2558 329 1606 2683 899 2438 1547 1592 682 494 165 1463 725 1185 491 2741 2305 692 1874 1067 2708 2719 2068 1452 2511 1935 2291 116 722 79 2319 2292 939 1825 2526 1777 647 2639 574 2736 2665 1134 204 1841 2427 2041 1130 2220 677 1126 1433 1868 2445 482 246 442 657 1721 2704 2436 217 1931 2598 2440 2089 2506 1876 1168
986 1757 1255 645 440 123 155 2241 1636 2352 2046 2815 882 1496 2130 1045 134 51 1897 1860 2011 2272 1649 735 2713 2050 747 1670 2150 674 1840 1663 1381 201 965 2309 2836 2553 1658 992 168 2628 2433 2767 439 64 1552 1544 562 1782 1901 1453 1054 48 1444 2556 1796 1965 2631 1029 1362 305 194 137 1516 657 1079 2667 116 2735 2650 1862 319 947 2545 2213 2034 1948 1148 1775 2580 231 900 445 1509 1586 2376 2133 1704 79 204 1640 169 544 516 260 563 906 1328 2837
251 2700 63 291 576 1161 1019 1166 2547 1847 1513 44 1176 1928 1743 2190 1990 132 1749 1353 1394 1631 1558 1427 695 2409 1883 1693 596 1300 1773 95 1447 376 824 1483 983 1137 898 545 1224 614 658 1103 1785 483 2277 2381 2827 1838 499 16 1087 1333 1593 789 485 2656 2745 240 832 2149 1590 1298 1476 2202 1795 88 1334 374 1469 714 1451 1971 310 895 617 182 1801 1116 1213 1561 2000 1672 2317 2113 1306 727 1228 1389 364 2441 1900 93 2437 1257 2072 646 2112 1343
645 2011 1029 440 1649 2735 1045 735 1422 155 2241 2050 2836 2130 1444 169 445 1544 1782 1381 2837 947 1617 1993 319 1840 51 550 2840 201 1860 2628 562 1663 1623 2352 1054 463 1552 1636 134 2088 2767 1496 2707 1640 1679 1658 2826 2439 1307 305 965 59 2133 179 674 950 477 1148 2631 1328 2713 563 1586 2815 712 769 260 2046 1757 1253 1796 2076 1775 123 197 497 1752 64 882 1255 2595 992 2272 2287 1948 986 1123 747 900 2721 168 1584 2545 518 906 1486 2556 2650
67 1810 1406 2583 202 2509 1001 1012 2121 249 1944 627 2350 1212 1075 1606 899 137 2135 1055 2294 2382 2813 804 2558 165 2248 1937 2728 1076 725 2207 1223 2842 1935 1056 1609 404 2741 1639 1464 329 378 2435 116 948 1557 1463 2286 1869 1195 2569 1130 2393 1874 2598 2020 1897 2825 1986 447 2708 647 1594 2809 730 2329 2033 1185 1757 2622 491 2736 1841 2068 686 2436 1592 1362 1899 1126 1547 2057 2766 2683 2418 146 1390 2438 1325 2511 371 204 882 494 2041 321 1079 2748 1452
268 495 2765 290 296 207 1127 653 61 1843 1787 452 1024 408 2173 2025 2794 1503 209 1262 356 131 2232 2531 2669 2285 525 225 2396 1282 1274 455 239 49 1875 192 840 2236 2091 2142 1039 2301 1568 2017 139 159 467 806 1781 1378 245 326 580 1475 1662 346 418 2407 1317 1275 331 726 2053 838 2715 1011 1921 1635 390 464 1967 1008 1140 1124 2565 1022 2061 52 2059 241 822 1706 478 1506 1395 1822 2687 2402 721 2137 1929 31 471 1715 1143 2164 1050 1941 1293 654
181 2807 2116 762 2141 1083 620 2522 1318 1702 570 1336 2386 2263 2374 1013 1315 1665 861 1365 636 45 1093 732 2111 2678 1726 2442 493 644 689 294 1525 2160 2079 2056 2278 1251 1797 104 2401 1960 894 210 1064 2612 1632 150 746 1364 2705 2562 2831 1758 2125 2838 133 2720 106 1661 2591 96 171 1856 1536 1019 2737 1280 1198 2761 2813 793 419 422 1792 2476 592 1898 1927 2572 2468 2498 1358 1108 2229 1760 1217 2608 2554 1482 2004 335 949 300 2643 2197 2425 2248 1880 407
802 142 868 429 1431 555 176 1492 36 417 1890 2029 554 1418 1686 2668 878 886 2078 979 597 1588 21 2227 1562 427 2743 432 733 1888 2451 289 302 866 292 1033 78 361 2384 1398 1132 2333 2786 1053 1393 62 332 2108 1256 2217 1065 1699 1430 340 2117 2415 681 536 893 199 640 964 2423 1038 2640 1553 2520 2629 933 672 2578 1374 571 2428 2602 2671 2120 2421 743 2539 1429 828 1266 2083 121 2795 13 680 2828 2267 2570 1754 2031 1399 1886 1668 2038 193 1952 988
1944 2135 1463 137 1212 1055 2813 2741 899 2248 1606 2766 2294 2842 1223 1935 2580 2435 2728 1067 494 1076 2382 165 2825 1547 146 1464 1056 1185 686 116 2558 948 79 2041 2286 2511 2708 1126 2736 1777 1937 2305 447 1899 2057 692 204 2319 1639 97 2393 722 2665 725 2068 2719 1874 657 574 2292 1452 1134 442 1130 2207 491 246 804 329 1940 2291 682 2438 1897 1825 2569 2683 2506 2037 2051 677 2704 2089 2598 217 1771 1433 1330 1677 1408 790 2427 1942 2440 1362 531 2445 2625
1804 967 293 2756 2413 2320 2295 1728 1149 1719 754 739 135 1448 792 646 789 2224 1091 2615 240 2054 426 1231 2021 2784 2533 695 558 1469 132 29 803 1451 766 1207 2759 2579 1087 1394 2644 2409 80 466 2024 2354 1693 1900 2040 1265 658 2787 483 1898 2827 2016 2504 898 2190 1166 364 1176 1597 436 1361 572 218 1427 163 1296 76 1093 962 1558 498 926 529 310 564 2296 2242 1353 2656 1616 2540 2000 251 1306 589 24 2430 328 244 2072 1478 727 1984 395 2323 2115
135 558 2295 757 2413 80 1728 754 1533 2533 2756 1296 213 2320 1448 967 218 707 1383 119 1984 739 426 1804 1898 1889 1478 2354 2408 2021 24 29 2143 1945 1149 1849 424 1231 1689 1265 520 1269 91 184 2673 540 2615 2472 2172 2638 2024 19 286 232 1312 2323 499 2566 1719 2508 2235 2277 1093 957 2366 1766 1597 293 1515 1867 2430 1529 2464 853 2404 1394 1722 646 609 388 695 2759 498 634 865 792 2124 2644 34 1334 1801 244 2390 163 529 1733 2169 1326 844 2224
1801 2644 2277 395 529 2323 545 1394 1898 1230 2759 2242 1683 962 1631 1839 761 2317 1798 658 2510 374 572 2381 1334 1333 2579 581 1558 63 1035 695 907 1087 251 431 1207 803 1786 1971 2504 824 714 1451 1306 789 240 1125 898 132 2478 589 727 1161 1561 2149 1753 2113 2561 2784 1257 1353 1176 2547 1213 2656 2128 2072 483 2000 39 646 328 2546 1883 2077 989 1427 1928 1093 2249 1019 1298 364 757 2700 2114 1312 2022 70 1389 2238 198 1557 304 1685 1513 2535 1186 2409
1858 1260 189 468 2313 1227 1214 957 419 2823 1696 582 2810 1188 807 1702 1171 163 2043 2554 2567 96 2688 22 2194 1032 375 1637 2751 1889 300 1632 1865 1199 2643 1015 2261 388 1560 2109 244 2171 466 1763 411 894 2153 306 2060 620 1987 1603 669 476 744 650 498 1616 1217 1456 922 396 2346 1766 815 1083 1059 1761 2222 1953 1661 752 2666 1610 1326 1697 732 609 2115 1916 2079 1596 2841 1927 2648 2188 115 1153 636 820 1502 2562 459 1308 1221 2351 2595 2156 1515 1321
503 711 2592 633 2052 602 2479 2193 1111 238 81 2365 587 1332 1376 2681 2181 120 2552 1532 1164 344 1472 2500 1680 152 2822 313 772 2698 1896 2527 1852 1273 28 2119 2764 216 261 2610 356 2597 1216 1117 68 314 2370 740 2250 1274 2674 505 653 2177 2237 1109 2212 1327 330 1755 705 2742 209 699 1010 296 1135 1708 2322 1692 2017 478 2819 139 1127 2144 2316 849 1774 734 972 354 1141 999 968 1356 2283 2406 1756 326 649 561 1955 200 721 162 2716 1187 2173 1317
2755 1584 2023 747 2045 2556 439 2545 770 2272 2034 258 51 2650 64 1767 48 155 2433 315 2352 1320 889 2622 1833 2388 1796 1391 2276 768 2713 750 2496 1640 334 305 2302 1051 562 2727 191 2757 1496 931 1537 1759 1557 1548 194 714 201 1986 1569 1080 1324 645 1975 2685 2255 1413 1757 1499 882 2168 123 1316 2011 684 1603 907 2815 1114 2314 269 884 1165 1195 414 1834 2387 1479 2801 1594 2628 986 893 2631 932 582 1291 2663 250 1340 1255 903 2686 601 1090 769 578
2208 41 1652 2524 2104 651 2675 961 223 1988 1242 2460 912 2801 527 2517 1698 2648 2635 879 237 1540 932 1327 2212 1862 2175 616 1521 2138 157 1181 1587 17 697 1571 1615 46 839 2158 1863 1355 1129 573 2223 2834 1167 2584 2363 414 1564 969 1618 1264 195 1101 1803 1411 143 2231 892 1812 2781 2541 557 2662 709 698 1049 1202 2844 59 716 2205 1112 1095 1811 2215 30 955 1539 2473 591 2001 349 2338 2253 1816 687 273 1516 2515 2340 2213 4 2466 266 742 1480 2500
935 2096 222 836 1790 1305 1504 1638 1933 2071 2512 850 2446 2218 1321 1145 599 2355 1436 755 2342 666 2362 2645 2750 2452 1736 2691 1806 2201 2537 1098 1052 612 2450 897 141 1023 99 320 516 396 72 2156 1763 793 586 1598 1090 1661 156 1006 177 2535 1976 2642 816 2083 2775 461 981 325 460 1474 483 73 2168 2432 1709 166 1599 2098 164 477 2260 1336 1325 1717 127 1387 1682 1625 1300 1949 1910 2700 2655 2627 630 144 2074 908 2318 2829 1513 1115 1315 2648 858 1308
305 2721 562 1569 48 64 1796 715 100 2034 51 439 155 1453 2545 1490 1328 2433 2309 1860 645 168 1045 2556 2650 1640 1051 1901 1369 906 1381 712 201 2241 2272 2376 348 1663 1658 2813 440 2248 2046 1782 2130 1496 2076 2438 1948 563 2649 260 445 657 925 1148 2708 992 1840 2713 2050 674 947 550 169 1046 1544 735 1316 1617 900 1082 1586 2435 2382 1623 2454 231 647 1090 1274 2815 2652 804 1308 1444 1185 1486 1307 2088 747 1710 134 518 494 1874 1763 319 179 486
6 1221 285 759 546 582 650 2643 732 2666 1541 1083 820 148 1702 1603 620 594 1605 181 1882 2043 2194 2386 2494 420 1397 2810 1891 1797 2152 2816 1570 807 690 510 647 2171 398 1488 1199 2425 2705 1502 2761 2179 1536 1458 1922 1916 1687 2079 922 2278 2476 2620 42 2261 1738 636 1227 1139 1726 661 973 1153 2683 2678 1763 2348 1318 1462 2168 334 1723 2359 2521 1400 2768 2203 1315 2291 1080 750 1866 1591 2503 2831 2841 644 1285 1537 1015 2639 2506 104 300 1874 244 1602
52 1378 207 346 2059 61 1481 363 1662 2765 1787 2669 192 2429 2070 225 2396 654 534 2025 758 1022 2301 389 467 840 1275 108 2821 484 806 418 471 295 1024 726 1438 2407 478 2698 1124 2244 838 1506 2053 402 53 1273 999 786 1008 1140 1141 268 139 1039 1475 209 2236 390 2467 2806 936 1967 780 2690 1568 1692 1929 331 1048 625 655 2232 1472 628 464 2565 245 455 2687 1715 1780 2465 2505 1356 2173 1282 1635 2611 1465 216 452 1262 1317 1706 2017 314 2794 1730
894 96 1336 419 1013 1632 1315 2153 2554 2079 2571 2567 2160 300 1171 2109 1927 1907 2705 1661 2401 1032 22 63 1763 762 1019 1214 2831 2643 861 2751 636 2841 2591 333 189 2612 761 856 1318 335 1217 2263 2162 2726 596 1749 106 2313 732 2141 2573 2317 924 1471 1898 1198 1797 2386 2230 310 1090 1960 1108 2222 42 2807 181 586 2579 2784 1727 1161 2197 1744 2678 2562 759 1083 592 1953 1371 2216 1139 1502 1693 1685 953 328 148 644 620 2278 1702 907 411 1703 1880 1363
2263 214 106 1139 1198 2348 2572 2502 1371 1113 1605 1866 2152 2841 23 2153 1171 1365 1525 1661 2109 2030 1953 1205 2623 1602 1184 2203 2677 1632 894 2554 2197 244 117 1315 594 1502 509 924 2160 419 84 1084 182 327 2141 1659 2705 2448 22 1712 844 104 1570 2751 2678 1760 2567 1603 954 1927 2457 1802 2179 1685 2168 2079 1336 1004 96 510 323 149 690 1175 941 2401 1949 851 1217 586 2562 2374 423 63 1280 1960 2706 474 1744 1214 2048 1702 1032 2726 1726 661 1019 856
2210 13 828 1272 640 1038 377 2083 2520 432 2671 142 2421 802 332 932 2108 429 1374 427 1754 886 1686 2078 555 2828 176 78 2602 340 2333 292 1033 2578 1418 1588 289 2743 536 417 1492 672 1049 2117 2668 868 1562 979 1393 1949 1431 554 323 1553 2428 866 2217 1430 21 1890 1429 933 1668 597 733 2029 121 1053 681 964 1329 2227 302 1888 36 2384 2415 361 698 1910 865 220 1041 1256 901 2629 878 882 1240 2267 1337 2451 2335 1398 2570 839 199 1249 955 2839
848 931 1830 702 2471 1908 1114 2601 903 768 1845 2624 1107 1340 502 1512 1821 250 1608 578 284 1720 65 1310 1235 1767 688 990 297 103 1323 835 2276 126 1975 1254 2388 1186 1413 1391 684 2314 522 2036 1922 1691 1557 420 767 2620 379 1397 315 690 2503 2667 1605 2768 2671 1759 2016 2080 1646 1125 2661 400 2622 2757 1014 1570 1753 1768 1221 431 1601 2605 2496 2571 1443 601 739 2077 2510 414 2494 1748 1390 398 2386 889 2345 70 18 1537 2324 2478 300 423 851 2755
395 101 989 1230 364 215 436 2644 341 1900 2040 374 2504 2381 737 803 2759 572 926 529 581 1971 766 1257 1801 2238 1786 2579 1559 1883 328 2323 1357 1106 962 251 1394 1091 2546 1818 1361 1683 789 1213 564 2114 39 1306 1427 1451 2242 1951 2113 1334 646 1693 545 2066 1115 1353 824 1798 1161 1137 304 483 1785 2288 2656 2149 617 2178 63 658 2784 727 1180 1166 2277 2540 1228 1389 1513 2000 2409 485 1175 2281 2561 1343 2787 2542 1898 1300 230 695 1035 407 293 1333
909 1616 2677 941 1696 2115 1308 244 1596 2261 2494 2688 115 186 1763 594 582 815 1949 2503 84 1953 2562 387 922 1462 1199 1006 2498 971 396 1139 1537 300 1082 1591 1221 1186 1987 2150 1766 1802 1390 2194 1183 423 1995 1768 1232 1757 2421 335 281 2841 1073 40 2272 2720 2219 1922 820 334 1487 1227 2188 1502 2569 214 2210 629 750 1170 285 865 586 709 2535 546 2278 957 270 1880 43 1090 2088 2109 1391 636 1223 2671 466 2048 2027 1570 1726 1283 6 146 491 688
2623 2263 1697 546 298 285 2468 1884 2203 922 2572 448 459 1184 2179 2268 1911 1502 2791 2167 275 510 980 594 181 23 1866 1205 1570 1080 1084 2030 732 620 1763 1318 1285 6 117 2118 2494 1221 2706 2643 423 1198 1922 543 1702 690 820 2521 759 1537 474 2807 636 2043 265 2348 582 1090 104 1144 1188 1456 973 1083 1973 37 2168 2823 907 1738 398 2691 1541 1082 796 2132 1371 2504 1170 661 669 1536 1308 2197 205 1284 1525 1380 879 2678 1230 1280 1610 2194 327 214
46 879 349 2460 1291 1619 2363 223 1238 2213 892 1863 2541 2844 2158 1411 2677 267 969 2175 1446 557 264 2616 787 1514 1684 1294 1366 2635 2473 2584 837 1615 2631 414 1816 2481 2524 1440 1480 932 352 2138 2271 1 2215 265 1862 234 2484 1630 2132 810 685 1324 2246 1694 305 1129 2104 2833 2139 665 147 2797 638 2783 562 1122 2266 1698 2340 1009 933 2092 2223 924 891 2013 629 958 1939 1982 224 214 244 2801 1660 1572 2595 2298 386 1815 1925 1973 117 155 594 1521
2827 2785 2441 983 2413 2190 1728 1996 2745 1448 2615 695 1856 1914 754 1176 135 132 1743 2295 2202 310 16 777 540 558 2756 1898 2547 1091 184 1631 1535 2111 1231 1469 1476 1346 967 766 596 88 1804 1689 757 1265 328 95 1093 2430 407 832 1478 1683 1561 2129 44 1999 34 739 2638 2523 291 2242 1945 1383 1593 2381 1298 2823 240 2238 341 230 789 2579 213 2759 24 1116 2472 2143 251 1224 2566 376 2784 426 1149 2016 2281 1900 91 2408 1713 1451 576 2317 2320 1353
28 238 711 503 772 1274 2250 633 726 2396 1704 326 2479 152 1376 1262 2193 1127 313 159 467 999 1472 655 580 1708 2557 455 331 52 587 2017 2119 1692 1532 31 1746 200 653 2500 356 1852 2806 2681 1503 296 1706 734 534 1275 464 505 1335 2244 705 1563 2173 1787 225 532 2028 2429 602 2552 2370 2592 2177 131 1022 1021 780 1473 671 458 1929 847 2527 61 408 771 494 1039 2764 1378 27 1118 1124 2280 1555 2715 2765 2794 2228 618 1011 806 1506 2565 2053 1273
1938 1443 1833 2510 431 1842 18 601 767 2 2686 1747 277 889 1035 1759 70 2757 2663 1834 1753 1125 2772 2561 2777 2077 2478 1557 315 2622 2015 2818 2388 951 1767 1252 684 1839 2496 2685 2315 1391 1980 2128 769 1390 1413 578 2314 688 250 1186 931 853 2323 531 2644 1821 1340 1975 2702 768 1976 2532 522 1207 1114 400 1616 903 2624 1512 161 2302 714 395 1720 244 990 126 658 65 1394 1845 1137 1165 1608 865 369 848 1558 2671 898 1235 423 2115 2661 1087 211 2288
493 570 228 2327 210 2374 57 689 366 1575 150 263 797 746 1758 2184 1664 1193 1358 1792 1765 1724 242 1861 2321 801 2125 2206 2418 1279 2330 1877 2186 793 2694 1542 1457 133 1776 2581 1234 2703 1034 2174 2493 2739 1665 2155 1196 859 2229 857 704 1576 976 2838 880 588 2456 2039 934 2332 2672 1377 720 1930 44 158 548 1887 294 422 756 885 1525 82 1513 2000 1859 1113 2461 2590 516 1030 438 1086 1432 2656 287 1276 843 280 1447 1345 2356 1375 1580 1280 954 2542
594 815 2494 2503 1462 2197 1616 690 762 300 1073 1949 1113 2203 941 2278 844 2473 629 2079 2386 1537 1199 244 2506 1763 2677 23 1515 2518 420 688 5 750 1605 2683 1687 2569 1137 1139 2115 1726 84 2571 510 214 609 676 2653 334 6 1802 2160 1088 2535 647 1557 2324 1696 1541 1299 1168 1591 2291 2152 1080 391 956 2194 2348 2678 1171 285 2823 2261 398 582 1221 2457 1953 745 2128 1198 2572 509 589 1602 1057 820 1592 1397 1596 485 1866 1502 2705 466 270 856 614
655 1506 331 192 2765 2070 31 1274 159 1141 326 580 2396 200 1293 1140 430 1692 1787 999 1097 1127 478 1780 2017 1262 2565 1143 2316 52 2398 2025 61 1026 1022 2402 225 2806 1648 455 356 2669 1187 108 1921 1972 1715 467 653 27 296 1378 2715 721 346 471 1730 2557 1438 207 1118 2821 390 618 2794 1024 2177 753 2698 209 1039 726 81 936 2053 1124 314 295 1356 1647 1967 1912 1010 1472 1774 805 1755 1918 2173 1275 1929 2406 1376 1598 858 1273 2690 2062 2465 2479
2202 596 1224 1713 1178 1476 2745 1914 1353 95 2129 88 824 2523 2190 1996 2422 1116 2441 1672 576 2547 2180 132 1714 1773 789 2700 2437 47 2579 1304 1180 581 310 2827 483 1990 1749 2317 777 374 63 1036 683 1300 1091 2111 1176 1856 1838 60 230 695 1346 34 1727 1513 2114 1683 1357 949 465 240 529 16 2759 2555 1999 2785 2242 328 926 83 2000 39 2504 1693 983 761 614 1161 1561 1971 1103 1451 1786 1394 2016 1847 341 1106 44 989 646 2238 318 564 1115 2546
154 2749 1524 2740 1811 476 1863 203 1059 1227 2266 2548 669 2709 2444 1 1421 1803 2473 2468 226 798 1520 2834 1375 2776 551 2198 1629 223 2273 307 2717 820 342 391 2168 1509 2187 1615 956 1862 879 687 1541 1324 2223 2210 2194 1295 2576 2460 267 2363 934 2175 2635 2215 1267 2083 1260 2727 1238 1291 2261 127 1807 160 157 472 2158 17 1698 1409 2710 1216 2648 582 1462 2340 1763 1348 1549 1925 220 1619 195 1826 932 1355 2616 1392 1167 2403 837 2372 1398 2801 1761 600
2355 1933 1638 2691 2071 836 850 1098 2512 320 1790 755 2318 222 1321 2446 1387 1145 2645 396 981 1504 1305 2218 2452 2096 2156 2342 1911 2587 935 1090 1717 177 459 2750 1763 1736 2201 612 599 2627 72 2679 2268 595 208 1308 897 2074 437 73 1599 2450 2722 1436 1806 922 816 2122 281 2432 1750 666 1682 99 1510 1170 630 1006 1052 1709 1085 2829 2775 2362 474 380 460 2167 1676 477 172 724 1903 1163 2655 1233 2163 1144 1082 174 399 385 2535 191 2636 1023 2537 164
730 338 1511 2763 1969 1466 2219 336 1454 519 1779 1526 2516 2102 709 1992 1670 253 742 1498 2145 1325 248 1442 773 1079 1133 1385 648 538 2302 1516 2549 1007 870 1165 1379 855 2788 406 1455 843 186 544 593 2290 1243 1020 2151 392 763 1131 1005 1894 1311 1174 2622 673 800 881 1309 414 1142 1682 1573 1581 2746 717 678 1557 191 1110 2492 749 1499 1794 1094 2364 1485 2134 2830 320 1850 1913 2680 1966 365 434 1546 821 1419 1068 2473 774 2742 1424 852 2245 2618 1555
70 2510 431 18 1125 1842 1035 2 1753 2561 2077 2777 1834 2772 1759 2663 951 2757 2478 2818 601 1557 2015 2622 315 1391 1252 2314 1390 1443 1186 1413 1767 1839 2644 2388 578 688 2323 1833 684 277 250 1938 2685 395 1165 2302 962 39 767 1821 1333 545 2759 1980 1394 63 2315 1975 529 768 1512 990 2242 1114 769 1230 374 1798 824 1357 1340 1720 2504 658 132 2288 240 1427 1608 2149 2161 931 126 889 1334 191 2656 2276 2686 1353 65 1310 2040 251 2624 2016 369 695
2044 188 2501 547 1934 1386 611 556 1405 1319 85 987 111 1203 1501 1983 2411 2528 1308 624 2419 992 2574 1666 1423 635 2046 2011 136 1190 712 1674 1484 274 110 1082 659 1782 224 1817 134 2389 312 586 1644 1545 658 155 994 488 608 1993 1550 1881 2463 1006 854 1700 2325 1322 1617 413 128 2195 943 900 2270 2082 1656 2599 2832 271 1381 1092 1582 1102 2817 1902 1225 265 1954 1352 645 2439 351 2440 4 2670 932 1486 724 1428 714 1090 2483 1342 1878 2241 2626 1045
887 2778 1354 930 841 2328 1579 1531 1470 1769 945 952 919 639 1578 1791 819 2491 118 1179 1667 567 2647 1851 2682 2723 9 982 916 998 748 1063 114 2792 1585 2252 1977 579 492 1583 2488 1770 227 1368 2065 928 2349 311 1920 1651 1854 2459 2575 1210 1367 1154 875 1209 1239 808 2729 1657 2711 2042 778 515 1211 382 2225 763 517 566 2379 25 2310 1970 512 2304 2081 7 528 1042 2067 2026 923 910 2416 2559 1566 2618 1625 513 975 1963 809 381 2103 1819 151 1274
2185 1694 1129 2584 1411 2616 810 30 1446 787 2271 2529 638 1294 1440 2481 1445 386 1863 1939 718 665 1698 2223 1684 1514 143 2595 1112 1630 71 879 958 2468 1295 1811 2139 195 1122 1324 46 2833 264 1258 267 1549 2844 697 2213 2517 147 448 1270 375 1807 1267 223 299 1291 1238 991 2338 711 2460 1167 557 888 1892 602 2801 1360 2363 2567 1326 1332 924 687 1297 932 5 2710 2726 1826 1862 1619 2168 2635 459 2298 807 2677 2132 2001 59 2175 2193 1744 2268 1335 2215
1145 2775 1415 156 1510 72 164 612 174 141 2747 99 1717 2098 666 1163 208 2587 1023 2009 2679 177 460 2636 599 2055 595 1160 2655 1436 1933 2218 2829 2122 816 760 1085 1047 823 1504 2163 2537 1903 2577 401 453 172 981 2722 731 2355 1321 2071 2750 1872 755 222 1599 1784 1808 694 2452 1688 1790 1305 2274 2469 1155 850 1628 2342 2201 2446 2074 320 380 2126 1098 2645 1976 935 2512 897 2432 836 1233 2096 2156 437 1100 399 461 73 1241 1806 2642 1638 1682 632 1089
2623 2168 2572 2678 1882 2468 2197 448 1318 1267 630 2263 1371 636 956 1170 796 1525 300 459 894 37 2494 2030 1315 2807 1727 1995 2573 1487 1336 2691 661 327 1880 42 1536 1763 1108 690 924 1090 2740 1198 2823 2841 1661 2109 1911 1726 1200 879 2079 1802 1632 2555 1400 1280 2278 2216 2132 1697 1625 751 2571 2726 1846 2058 644 1184 2554 1744 2073 2473 2160 117 2699 2203 396 2094 2425 1221 106 1646 2247 829 781 2222 2705 2153 2167 1456 419 469 2706 669 285 2784 20 115
2761 1525 1083 181 2263 2386 1198 270 636 2141 689 2116 1280 294 1502 493 2348 1205 2807 1536 620 2562 2623 1108 1665 1768 1139 1726 1758 1960 6 43 2278 2203 1802 732 214 2498 210 281 1537 1880 2442 1979 971 1315 1866 2425 1318 2229 327 2197 1702 644 96 2004 762 690 582 851 1365 2048 150 1113 1570 396 300 1953 1369 1043 861 1371 510 2109 2678 1596 894 1358 1661 1199 793 2677 1251 1336 2705 2688 941 1283 907 844 490 2522 2554 2179 1183 2476 40 570 592 2374
751 1713 1116 1224 1714 469 32 1014 2745 1601 2202 541 88 2441 1841 310 2827 2033 187 1996 2239 1130 1410 2073 917 2190 2129 902 920 87 1476 1914 132 1593 1943 596 83 590 777 983 1950 1147 95 379 362 2036 1743 1838 2518 1091 1836 1176 2111 1178 1353 2506 824 2422 2495 1073 576 789 404 2733 2234 1459 2437 1693 2547 47 1748 230 2493 465 371 832 1856 683 1244 2752 2136 2700 44 1382 1986 2159 63 1672 695 2106 1990 1197 2579 339 1620 2016 291 1869 378 441
1914 2441 1856 1093 2111 1996 2422 596 2785 2827 777 2202 407 2745 949 310 2190 88 2129 95 1898 1631 1091 1476 63 1773 540 695 132 1672 1346 328 2242 983 2016 2737 1513 1019 2523 1683 1224 1847 1161 783 1176 1178 341 2733 16 1298 2374 576 1103 789 44 1482 1713 766 1447 34 1087 1535 462 824 2700 832 230 2238 2547 2317 1749 1343 291 240 581 2114 1410 1795 1469 1999 1693 940 483 861 1561 689 1727 1838 2437 2579 1116 570 1846 2807 1517 1990 1353 2759 2684 1228
1791 1531 1579 887 1354 919 2778 952 2328 639 2792 118 1470 9 567 930 2647 819 841 2491 1179 945 748 1770 1769 1667 1578 998 515 1977 2682 923 1585 1854 2575 2065 492 1920 1154 2711 2304 2459 1583 1063 1368 1851 2488 114 928 382 778 2252 579 1651 2379 916 975 2729 2723 1042 1239 1367 227 1211 808 875 1210 1209 381 566 1864 2349 910 1657 311 1819 517 2559 604 1970 2042 2618 7 982 25 763 2416 98 1546 151 809 2334 2081 2026 1528 513 2730 2264 1913 1625
887 1579 1179 9 639 2647 2778 1470 1578 945 998 1531 930 2682 2328 841 1583 2491 952 1354 919 1977 1920 2252 1667 819 1791 1769 2459 492 1651 1770 1063 118 2488 567 748 1154 2792 2729 515 1368 916 1851 579 114 227 1585 1854 2379 2575 778 1042 1367 982 928 382 2711 1239 910 2723 2349 1657 2081 808 517 381 2042 1970 1819 2026 2065 2225 311 566 1209 2462 25 875 763 2334 923 1864 809 2103 512 1210 2304 2067 1625 2097 781 1528 1211 1643 1691 2550 1344 1274 2416
310 1561 2827 983 2441 1091 1683 1693 617 2759 596 2190 1343 695 803 374 2737 341 1176 251 581 328 1743 2242 1334 1900 1996 95 949 1856 364 132 2381 2745 1898 766 2040 2238 2202 1914 777 1971 2111 2547 407 1116 2656 737 436 1346 2644 1593 63 395 1713 1476 940 2129 1298 576 529 1394 1019 2542 2000 2579 2149 824 2504 1631 1451 1230 1786 1224 989 88 2114 2112 658 1714 291 1353 2785 1427 1103 727 1257 1883 215 1999 2700 789 832 1300 1161 614 101 2072 545 1773
1754 2210 640 1038 13 2520 2828 2421 1041 1272 323 2671 289 865 332 672 370 1049 2047 1430 820 340 839 743 429 1553 1668 2795 933 554 828 2415 142 1329 1374 2032 427 2602 121 244 1949 1541 964 1888 2078 2839 21 2217 1603 932 56 1562 681 2578 988 176 1521 866 569 733 2423 1065 2083 292 432 2629 1910 2568 2640 698 2743 1793 2333 2808 193 1189 1221 2031 1952 2428 199 2090 802 2150 646 1686 377 2570 878 2120 302 1492 148 2335 78 2380 536 1477 2267 868
2011 1328 712 1617 169 1993 2241 645 1422 445 1045 1381 1444 1054 2837 947 1623 1663 1658 2826 2840 1544 1782 260 1649 900 134 1552 2707 1679 2439 2836 1486 2050 563 51 463 550 1752 1369 925 1307 2133 674 1437 489 1190 2767 559 562 201 2515 2130 155 2544 1796 1208 1878 1640 611 188 2084 1218 4 259 1029 2649 197 2419 305 221 1319 440 1253 735 2454 613 2312 826 2817 1545 85 2287 943 2652 1489 987 769 179 556 547 2650 817 1386 1983 2352 1627 992 1417 715
1510 399 1717 2163 2655 2587 208 453 2469 731 73 595 2122 177 2074 72 99 1163 823 1872 1145 1628 1599 760 2679 401 380 1085 2126 2829 1023 460 2775 2636 2098 2009 1504 141 612 156 437 174 1160 2750 172 2355 1233 1415 1903 2722 816 2747 222 2577 2218 599 1436 164 2055 981 2201 1047 1321 1784 477 461 694 1241 935 850 2452 2537 2096 1682 1098 666 1976 2071 755 836 1387 1933 2645 2512 2318 1305 1052 2446 897 2432 2362 2642 2691 1155 2342 1808 320 1790 2274 1638
2171 2043 285 2643 6 2810 1221 820 582 650 2194 759 922 1702 1260 1227 732 546 2666 1882 2261 1541 1763 2816 1697 669 1858 1603 1188 1153 620 1083 807 956 1059 2841 1891 1797 468 476 181 2468 448 510 2168 300 1768 1916 154 1761 2346 1696 2740 636 2079 1605 148 1524 2476 594 1090 1723 1502 2425 661 2048 1537 2313 2167 1629 334 459 1610 829 2278 42 2179 2348 2727 1570 690 1397 2688 2494 2823 1953 991 1080 2801 2678 1139 2521 1015 2210 342 2203 420 1744 1536 475
2202 1914 88 2745 596 44 2190 1749 824 1476 1103 16 2547 1672 95 1447 2441 1999 1469 1224 1304 576 1996 2317 60 2700 1856 2111 1178 1483 132 2827 1353 761 2437 1176 983 2785 1713 1773 310 2737 1116 1990 1795 1727 614 695 2555 1693 949 1343 2016 789 2422 1836 1482 2129 940 1620 1073 1838 2112 861 1057 1004 830 441 1298 376 777 1714 954 832 762 2116 1513 1631 2831 2523 1451 1535 2180 230 1712 683 328 1760 2281 1091 1318 1147 291 63 2571 2249 198 465 75 1434
489 2515 900 463 2840 1190 2011 712 2084 221 1983 1486 260 2133 559 1405 1934 445 1437 1710 1369 1307 2574 2419 1752 2817 925 635 1552 2649 2424 2270 645 188 2501 943 1208 674 2082 675 2050 1656 613 2837 2826 1489 1386 2454 606 1545 547 2411 2397 1092 1417 197 169 1627 563 2528 2241 992 611 134 1319 2652 1381 817 1328 2707 556 2544 1782 1663 2439 1658 1045 4 1878 1544 2044 1993 977 1649 59 1644 1054 1623 906 2389 1146 1046 2832 312 1617 826 2676 2724 947 1422
611 1319 4 188 2755 2045 2419 547 2530 996 1983 463 1934 1627 2670 2626 1428 85 2646 2501 1190 2544 943 221 2011 906 2044 2574 1029 2676 1386 2307 900 2023 1308 987 1151 1491 2515 1405 1181 826 1584 2800 556 1046 2287 2270 1617 1486 2358 932 1082 1993 606 712 134 2046 674 622 2084 992 1788 2411 414 260 2007 1391 1552 2433 2564 2344 2389 714 305 626 1489 1006 651 1848 645 345 178 1414 289 1092 2082 489 224 59 2735 111 1710 527 1045 259 2480 1146 2675 2219
2092 837 267 2139 1291 2484 264 1982 1238 2844 2063 2731 1814 2833 1009 891 1 2455 1520 1925 234 1863 1735 1122 1698 226 2635 888 2834 1373 2616 2797 1807 1295 641 2385 1159 1619 879 1994 342 2266 428 573 2338 1815 349 17 1572 1366 1803 1684 2138 1509 299 1539 1816 352 2529 2371 991 2215 2339 223 262 2246 2771 2223 1589 1615 741 2524 687 1480 2727 1660 551 1129 2269 2717 1549 2175 2104 90 1630 1025 2273 2576 842 46 1242 1059 1060 557 2486 472 2776 1196 1267 1862
1583 998 2459 2252 2488 2682 1368 778 1791 1970 928 517 1651 382 567 1367 930 1657 2778 2792 639 1154 1920 1579 492 118 2729 1854 1063 887 2349 1239 579 1578 945 2379 2711 1531 841 227 2647 916 875 25 1354 2081 1470 1770 1667 919 566 2065 2026 1851 9 512 1179 952 2067 515 819 1210 2550 1977 2361 1819 975 1963 808 2723 1209 982 1546 2793 2225 2304 311 7 2042 1507 1769 1211 873 2328 1625 2434 151 923 2414 2018 748 153 114 701 2416 1566 107 2097 2284 2551
1557 2315 2622 1759 1165 1055 2499 1980 315 1473 1390 2757 2478 1753 12 1868 994 1125 2685 526 508 601 531 864 1942 2772 140 2051 494 1876 2440 1721 1408 2702 2302 1677 2683 1944 2728 1834 1998 598 769 2077 2741 2319 70 271 2436 688 2294 2037 1185 2719 2665 686 2057 2813 2625 18 496 2766 2777 146 2708 444 790 939 274 2598 2561 2580 137 1463 1452 2015 2183 2382 1186 1252 1076 1056 1771 2506 1223 447 2639 2291 948 2286 191 804 79 1931 1842 1391 329 1212 574 1067
2467 402 346 628 2821 108 2398 2690 936 1220 2070 2407 753 52 2669 2301 758 1378 840 1275 1048 363 471 2611 1506 1022 2505 2465 389 2765 478 1438 625 1692 467 1141 2632 2565 430 295 1008 654 113 2687 1787 655 331 1662 1356 1124 1612 1140 192 679 61 216 1039 138 2137 822 2806 1273 1730 1435 1822 2396 1024 241 1143 2061 786 525 2025 2311 207 1187 2053 49 2698 1929 268 2232 89 782 643 2634 452 858 2285 53 1921 1037 2531 1918 1018 1472 1118 2059 27 245
67 2583 1055 627 2294 1944 1212 2382 2728 804 1639 2813 1076 1937 137 1810 329 2248 1223 686 2509 165 1557 1874 2558 2598 1464 1001 2393 1606 948 2135 2291 1406 2286 1130 2683 725 647 2436 494 1185 2741 249 2057 491 2121 899 1869 1777 2622 2748 1935 2506 404 1986 1126 202 1012 2708 2569 1473 1452 1390 2639 2207 2350 1541 2842 146 2319 1876 1463 1592 2435 2809 598 1899 2580 2736 688 2068 2315 574 1056 116 882 1165 1759 1757 1067 2719 1075 145 2667 2041 1841 2766 1547 1868
2809 494 1473 146 2438 682 1899 574 1876 2435 2580 1721 491 1598 2057 1692 274 608 2719 1185 1452 994 2569 2708 1592 864 1961 526 686 1223 2716 1868 2813 2382 1018 858 999 2683 726 677 447 948 2037 2406 2248 2291 27 1677 2181 2393 1874 2598 657 1941 2625 721 1944 1892 2294 444 1127 2552 1472 1774 1771 2639 561 1056 53 140 523 12 1464 2698 1937 2681 587 2402 1746 1639 508 790 68 633 1433 1648 2370 1503 313 2396 1505 120 2445 2500 2319 449 1273 655 2499 1187
44 1672 16 589 789 727 1743 310 1469 1483 2540 2579 658 2054 63 2441 2000 2238 2827 1300 1693 614 1333 328 132 2190 1451 596 1513 1447 766 251 364 1306 1091 483 983 95 1535 2656 1137 374 1361 824 695 1178 1914 803 1798 1996 1353 2202 1558 2040 240 2547 576 1786 1951 1019 1106 2242 2149 291 1161 1298 1176 1883 1389 1971 1427 2381 2409 1476 2072 646 376 88 2745 2784 1230 529 2504 1561 832 777 1900 1175 949 1773 2785 1847 1559 2759 485 1103 898 954 1180 1343
1453 2713 1860 1490 1496 1636 201 1901 2309 2272 2433 1586 2545 155 1316 497 2815 2241 715 1840 2556 992 486 562 1381 1965 2034 1569 2046 64 2213 1986 100 2826 784 2001 440 305 2376 2076 2007 563 900 2721 1658 2337 659 1148 1046 1948 645 747 1054 137 134 2836 48 1486 1796 2628 2036 1944 1782 2352 260 1897 1623 2088 1056 978 439 2667 1938 1649 1544 1362 2671 1051 2133 319 1123 674 1307 1444 1223 184 1899 1443 1841 2135 1422 59 165 906 559 1601 168 2708 1663 79
1856 2441 1914 310 2827 1996 2111 596 407 1093 777 2202 1898 2785 2129 983 2745 328 95 1683 2190 949 2737 1713 88 1346 1224 63 2242 132 1476 695 766 1176 540 1693 1091 2422 1743 341 689 1631 2238 1561 1116 1773 581 1019 2016 2759 1672 2116 1353 1343 576 570 1513 2700 230 1535 832 789 291 2114 1161 44 1714 2547 617 2000 1298 2374 658 364 940 727 2437 1900 2523 1685 16 737 2656 1103 1847 824 1749 2579 1836 483 1482 1999 1593 1558 2504 783 1087 2807 2149 2040
430 1692 1506 1187 2406 27 390 2765 1293 655 331 478 2301 580 1097 1967 936 1715 1648 2669 2402 1921 1039 2407 654 1395 1635 1140 295 2806 2053 1274 326 1787 1127 2611 2398 2465 2505 1026 1730 1929 721 1143 1378 1317 758 1472 2531 159 2236 525 643 1018 1972 2070 1024 1780 625 1011 1918 49 1124 1275 1822 1008 346 782 1756 1037 628 2017 113 1022 389 452 467 1118 2061 455 1662 2396 1141 31 108 192 1647 471 999 268 753 89 2632 1262 1282 2025 139 679 1503 1612
1630 1295 1520 1514 1807 2517 143 2662 638 234 1 2801 697 1509 1291 1698 958 71 2339 1059 127 30 1324 1112 1803 2175 2635 795 1360 267 1242 2529 1618 1238 1540 2246 2223 718 969 557 195 2619 1095 352 1572 223 1129 573 1373 1215 1811 1629 2834 1524 2271 1539 2063 961 888 2524 342 2473 810 1615 1684 2104 1349 1267 879 551 787 46 2541 1167 1270 1863 2266 2298 17 1571 147 991 203 2002 2466 2468 2727 154 2340 2797 669 2616 2167 307 2584 1446 349 687 891 2771
2813 2382 2248 165 1076 2558 1464 1056 2842 2286 1944 1937 948 1130 1639 137 146 2393 899 2135 1841 1223 1185 804 1547 2728 491 116 329 1212 725 2506 2294 246 1777 2569 1134 2736 2511 1874 1463 2041 1067 1126 2825 2683 1899 1592 2435 362 2438 1055 1935 2639 2580 2708 2258 686 2665 79 682 204 647 1825 2741 2305 2207 2068 494 722 1606 97 2766 1986 692 2291 677 1452 2057 1940 447 2319 1868 2292 974 657 2436 140 1757 2598 442 574 2427 636 2719 482 1168 1299 2278 2037
2494 594 762 2503 690 2197 2386 2571 1113 2079 1687 2203 379 2160 2278 956 23 6 2036 148 2506 1013 1763 815 1537 1080 1221 1949 1336 285 2473 300 1502 420 1198 1960 327 1137 856 1726 2572 510 1616 2823 1318 1139 214 2152 2677 2016 2678 1315 1073 2518 2653 629 614 1014 2324 270 844 2080 647 636 2558 1541 398 2521 2194 1108 1866 835 1605 469 1016 44 1400 1298 820 1458 1397 2348 2020 725 1661 1922 2168 676 941 584 644 751 5 1696 1199 2656 391 2683 2569 2109
135 558 757 2295 2413 80 1533 213 1728 754 1296 1448 2756 1383 1984 967 2533 1478 2143 707 24 426 1689 1804 1889 119 2320 184 2638 1898 2354 218 739 1945 1265 2472 91 2024 2408 2615 1312 1849 1719 540 2430 520 499 2021 424 19 1231 29 1149 1269 2235 1597 2566 2172 634 853 1093 232 286 2673 2508 957 2366 2277 34 1766 1867 2464 163 1394 695 1529 1722 2404 2640 1631 2323 1515 2169 609 792 2725 388 2124 293 498 2390 244 473 1326 529 2644 375 466 132 2014
887 639 1579 841 1179 952 1578 2647 2778 1354 2682 1470 919 945 1531 1977 9 2328 2491 930 1769 1063 1583 1791 998 2252 1920 819 1770 1651 748 1667 1368 118 2729 928 2459 567 2488 1367 114 2792 1657 1154 227 916 515 2379 1851 579 2723 1585 2575 778 2711 1239 1854 382 492 1042 517 1970 875 2042 2081 910 311 982 2349 2065 2225 763 2304 2067 923 1625 1819 566 1210 808 2310 25 1211 2026 2097 512 1528 2103 1209 1864 809 381 975 2416 1546 2559 2462 69 2618 1643
352 2460 46 879 265 2132 223 1324 511 2648 1939 2363 629 1480 2783 2709 557 2168 2175 1816 1615 2340 2595 414 913 2473 396 1973 932 147 892 1 2013 1291 1366 1170 2104 1238 2468 594 2677 2635 2691 267 2481 2318 1811 349 1267 1539 1025 714 969 1572 1421 1502 771 1200 1863 234 2834 1349 1095 1294 1619 1520 1660 1815 2623 891 2820 117 1479 1082 1521 2339 23 961 924 2781 699 1258 2801 2138 2266 2764 1446 220 2213 2616 898 2524 1308 839 2541 1763 630 1242 1376 2222
2093 1518 1909 908 631 1981 1017 1613 2796 446 2140 1290 607 1567 1331 2049 1879 2282 1237 530 1301 1614 2543 2392 451 662 942 186 243 1058 2085 1978 1516 2600 394 355 984 1384 2458 1673 921 2596 2660 1002 1604 1906 1808 1455 1495 1119 2064 813 2559 253 1554 1174 538 791 1155 1705 2618 1100 1892 709 966 660 1811 2648 2037 2219 1677 1105 1404 1454 2006 1739 1240 345 2274 2595 1851 2065 855 320 271 1681 1142 1396 1419 1742 1771 487 2803 1745 528 1800 2722 2843 1949 2357
52 1481 225 207 806 418 726 268 2059 534 2173 2765 1024 2429 2396 61 780 471 1438 131 467 452 192 1378 2244 2698 314 838 2025 999 209 464 1475 290 139 1875 1039 2715 1465 1843 1568 484 1273 2280 1706 1124 296 840 356 495 363 2070 1787 2565 2232 53 1662 1275 2285 1008 1506 858 2053 408 1503 2017 245 27 1274 390 1140 1282 1505 2236 200 1050 1941 1127 455 478 1932 758 1356 389 1262 653 1967 2531 241 1141 31 2681 1021 786 1780 2301 108 1022 49 33
2528 2411 1644 1934 2817 1656 2790 2501 221 1102 1405 312 188 943 2832 2044 1624 1926 556 987 817 1386 635 611 547 1319 85 2082 712 2419 1983 2574 2270 1407 2300 4 1993 1146 463 2011 900 1545 1617 925 1417 1752 1369 1208 2389 1782 826 1489 2544 626 1710 134 1737 1190 1486 2439 559 260 1045 1422 613 1627 1381 1552 1092 445 59 659 860 2397 2454 283 2084 2133 2626 1658 305 2358 992 1046 2515 2477 1328 606 51 1414 2837 2241 1428 2836 169 2670 259 947 1878 1544
441 1482 2080 2019 1523 830 1450 575 1169 2754 2383 2733 1691 603 1678 1620 2275 2695 462 1732 1147 2641 861 1748 187 775 107 2550 1177 2176 2586 818 1104 1669 2395 1517 2630 55 397 1805 2780 584 2684 2555 1459 2116 834 1016 357 1073 1410 88 845 1507 2111 2202 728 32 279 2605 2414 379 2368 457 373 1626 2073 2604 693 1454 1194 2518 2447 920 1996 83 469 339 1914 1014 1120 1999 2254 2745 1727 87 736 2603 1192 2125 2422 1057 2326 863 2802 2106 2525 538 917 1856
155 2545 2241 659 2046 2556 2011 992 645 2433 562 1319 1381 611 547 2439 134 188 1636 2044 556 1993 1544 1658 1901 2034 1649 2389 2501 932 1782 305 1796 51 2836 1545 987 2631 2272 1386 2213 1878 1496 2270 260 1586 1045 2713 900 1617 445 2411 712 1860 1422 2088 1054 1552 1316 1453 497 1029 439 85 2837 2650 1405 1934 2419 440 1897 1840 1623 1324 201 2082 4 1752 64 1490 1308 2352 1486 1983 259 715 169 635 674 630 624 2755 2721 157 1082 2817 626 1049 48 839
2823 2278 620 752 285 1318 732 1697 1702 42 2643 510 2791 1221 636 2197 661 2043 181 2168 2807 1763 1797 1502 2194 459 2079 669 2425 546 761 1744 1536 1214 759 1188 650 1898 1953 2503 1260 2261 2048 466 22 270 1090 690 1768 1304 1059 2222 2666 411 2141 592 2160 1227 829 1080 894 1108 2751 1171 1326 60 2249 1916 2313 2179 1703 375 468 1907 2171 2216 2554 1217 2268 922 1288 2841 2476 1456 333 150 1283 419 1858 594 476 2572 1726 1610 820 1084 582 2678 2153 2761
580 326 1293 1097 159 390 478 1967 1635 2301 1715 455 331 655 1262 1730 31 2765 2407 2715 2053 430 1648 2406 1008 1187 1140 1921 1912 1039 1026 1822 200 1143 1929 471 999 1124 1706 389 1024 2236 1506 2402 2017 1275 1050 2465 1568 27 1274 2505 1756 268 1037 89 758 2611 464 1011 2806 2232 1972 1692 2062 721 1438 1503 1127 1317 726 346 295 456 2467 1755 643 1395 125 452 1932 2398 314 363 1787 1378 2687 1843 936 618 1662 1281 467 113 108 1780 1941 2669 840 49
1435 679 625 654 1438 471 245 2402 1248 1024 2531 1127 1274 356 1282 1039 113 2406 2173 2236 139 653 1781 721 2794 2311 1598 296 2396 525 936 2280 1787 1647 1317 408 27 1972 1008 402 1505 1187 49 478 108 753 1011 1921 1662 1356 2164 2398 430 452 1124 1395 2765 1648 1475 1143 331 1140 2053 131 580 268 2505 2465 209 1037 1378 1293 2301 1141 1273 1918 467 1097 858 1472 1967 643 2611 628 326 1756 2061 2091 655 314 390 1506 2285 252 363 1692 1503 239 159 805
702 768 1908 931 2624 848 1830 2471 1845 1114 2601 903 688 1107 1235 502 284 1512 65 1767 1323 1821 990 835 2276 578 103 1310 1608 250 1340 297 1720 1186 126 1254 1975 1391 2388 684 522 1413 2314 2667 739 1557 1073 2016 646 1691 1450 2080 315 2409 2036 1014 1928 2395 538 2324 1016 414 792 1390 2671 2495 2320 2622 2345 1759 767 1166 2315 1036 2518 544 2757 426 2605 1834 1980 485 1192 293 2149 843 845 2656 1147 465 379 373 962 469 1418 1748 1113 1538 2685 1922
732 582 546 620 1702 1083 6 2643 1221 285 181 2810 1603 2666 2043 807 820 650 759 1696 2152 922 1139 1541 2841 2194 2179 1502 1882 2263 594 1605 2171 1188 1227 636 2677 2261 2348 2386 1536 2494 2761 1591 1768 1953 2359 2502 2278 1458 2048 423 1697 40 148 1866 244 1260 1922 1199 2807 1318 2620 1462 1183 1570 334 117 1763 2503 1400 510 2203 196 104 270 1979 1916 1726 214 281 398 941 1616 1397 647 750 353 2639 2079 2816 1525 2141 1184 420 1171 2303 1602 2683 2115
1378 1274 1024 2236 1039 2059 268 1022 2061 2794 806 331 1127 1475 2531 1303 2402 654 1282 484 113 2765 1662 534 2301 1273 356 1275 495 625 467 655 1843 430 131 936 27 1692 1655 1647 643 2091 1435 2407 726 1503 628 782 295 1875 2632 1918 239 1011 2611 389 721 1612 452 2396 999 2429 1598 296 1831 89 1921 1787 525 1472 1506 471 1789 1438 363 408 679 1026 1018 1972 758 1048 2698 1140 53 252 840 402 927 245 2244 1505 858 2806 1008 108 2232 2465 2280 209
225 290 61 1024 207 1274 1127 653 2396 268 2173 452 131 408 296 2025 52 2059 356 209 806 2531 1875 1282 2794 2765 726 1503 838 1039 1787 1506 1124 654 1780 467 1475 1662 1438 1262 471 1781 49 1706 2285 2053 2232 2280 455 799 139 245 2236 1378 534 2429 2164 2091 390 525 464 418 239 1275 1568 192 2698 2565 1140 1481 1967 840 113 314 1472 1050 1715 1635 53 478 1918 495 2669 780 1612 89 1021 383 1022 1011 999 1843 936 326 484 2611 2311 1273 2017 1505
1489 1417 860 1710 769 1701 1627 712 1788 2626 900 2084 59 1486 2011 1328 221 1782 1617 134 445 2050 943 1993 305 1046 260 925 1552 2419 2544 489 992 51 674 1045 2480 2769 1190 2646 169 606 1878 2650 1405 1381 2358 2424 1640 2837 1428 2389 161 463 1983 1569 4 1208 188 1437 1658 562 1544 433 547 2046 1934 2439 178 1545 1752 1319 2574 2707 559 197 2241 2528 675 1663 1054 1386 168 659 1422 2515 2289 611 1307 1369 259 645 2133 2840 2082 1029 906 978 2649 48
1127 1274 1961 655 2402 1647 331 2316 721 1692 200 1972 1438 326 131 643 2794 1941 471 628 1598 2531 653 430 2396 268 1506 1875 478 356 1248 2398 2164 1472 108 1024 1039 1293 1503 1097 2062 753 2061 999 1187 296 580 1011 525 1026 2406 239 1843 1262 1787 113 1018 2091 2311 1781 1282 2765 452 2611 33 771 1376 455 225 782 408 654 1143 467 245 726 1648 625 2632 1435 216 31 2025 679 89 618 1921 2173 858 1780 1822 1356 2017 2774 1220 1008 139 495 49 159
2113 2178 1115 1213 304 2066 2546 63 1785 1333 1175 1883 1389 1513 1300 1161 2022 485 1353 374 1019 2759 1693 545 1951 658 1685 962 364 251 1306 2149 1394 1773 1166 614 2656 1427 310 1798 1847 529 727 2504 101 2409 898 2644 1230 2040 436 1334 1228 1928 328 572 395 803 2381 1559 1343 1971 215 617 1683 2238 1900 1106 2323 2000 1137 695 1743 789 1786 714 182 1801 2277 2579 646 132 2072 581 766 589 2542 2827 483 2242 1558 341 1257 2784 1207 1561 2430 737 989 949
1545 4 2389 59 1407 2817 1624 1926 1146 2270 2528 2411 817 2082 221 1386 1737 547 1752 2790 2300 188 1405 312 1644 2515 2832 611 1934 943 556 1319 826 2011 2367 1656 1102 987 626 283 613 1190 712 2574 2477 900 2501 266 1202 1983 1489 463 2419 1993 1414 85 260 996 1486 2530 1701 635 860 2439 559 645 925 1617 2692 1181 2069 1045 795 2044 932 1878 1710 345 606 2088 1208 562 1544 2626 2584 2050 134 1782 630 445 2133 1381 2648 1796 2544 675 2205 1552 1369 305
472 1803 1530 2710 160 1078 223 127 573 1509 2094 2340 2635 1811 1615 2740 226 1863 2776 1540 267 537 2266 888 17 1238 1291 2444 2175 385 1355 1421 1059 2138 2835 2063 1338 2473 2595 2399 1487 147 1373 1194 2709 1763 1862 2781 1 551 1167 1295 1520 1539 879 2515 1069 352 2548 2468 1925 687 1101 1516 2133 961 1994 1629 892 1025 2431 971 630 846 154 827 991 1524 400 1267 1607 1828 157 2255 2731 46 2771 307 2614 1104 405 2168 2616 166 349 1090 2456 2661 932 342
228 1575 263 1664 797 1724 801 1358 746 493 570 210 366 2327 1765 2418 793 1542 1877 1193 1457 2184 242 2206 2321 1377 2581 934 2739 1861 57 2186 2703 2456 1279 1034 2590 2694 885 1792 656 1776 720 2332 438 689 1345 1665 857 1196 1276 1758 2174 1959 82 2125 2838 2229 2374 516 1576 287 2330 859 842 2461 2039 2127 1234 1375 170 1030 150 704 1859 1930 1432 548 2653 2004 706 2155 588 1869 1905 2198 843 1887 1191 2672 158 294 1675 960 880 145 2356 422 756 1350
1290 631 1518 2282 813 908 1742 1554 1384 530 1331 1017 2140 921 1673 1614 2049 1237 1567 1370 2064 1301 2696 2660 446 1909 660 1058 243 1105 1981 2257 2796 2458 1396 966 355 451 1613 2596 1604 607 2782 662 1681 337 942 2093 984 2600 2085 1002 1495 487 2259 1739 542 1705 710 2157 869 2392 1100 1978 1404 54 1419 2081 394 2306 1879 1853 360 1454 1142 800 1676 7 2067 871 1625 1155 1991 392 2697 765 2648 2005 1119 890 2559 124 855 1174 2262 320 1031 2087 2543 1906
2272 1948 1496 1416 1316 1096 1051 2815 1860 2721 497 2556 201 1586 1381 1965 1658 64 1569 1636 2628 1782 2713 48 2545 155 1362 2309 2241 1453 1218 305 2352 51 1897 562 1796 439 2034 715 137 1054 2836 2135 1649 1544 1490 1901 1840 747 100 2433 1757 194 1606 645 2046 1623 1212 2741 2650 440 1679 1944 1045 2439 1617 2842 116 1640 1261 1993 992 204 1444 2011 1547 712 79 2735 1422 2755 899 2686 947 169 804 2376 2511 1029 1663 2248 231 2665 319 750 1541 1328 2825 134
196 244 1625 869 2081 1949 2460 820 2363 910 1541 609 353 375 1042 1477 1696 2048 2152 1188 2677 2115 1480 98 2502 879 1744 1555 476 2109 2709 1643 1531 1037 2103 89 701 2291 1139 1819 1924 2175 69 1216 2228 2336 1515 1754 334 646 1063 1402 2430 594 1168 1140 1299 425 5 776 2742 1227 153 807 629 1661 1354 1963 2067 2473 841 2806 1171 391 1519 919 1603 1240 2554 2153 1579 669 1827 1575 765 2256 592 2841 2610 1605 1421 954 413 640 128 763 22 2500 1297 1326
1527 535 257 2377 1871 2196 605 2613 1498 1800 937 2843 610 410 1913 434 1131 2006 1142 1731 94 749 2299 1850 774 2492 365 1516 2095 673 2549 1094 1040 1794 800 336 855 593 1966 870 1946 1634 2243 2788 2087 1309 2290 2005 2519 1424 1133 2697 1311 1138 821 1455 1068 1936 392 1020 2609 2331 883 1645 2417 253 717 435 544 1573 1174 2830 742 2251 1079 1002 1419 2680 2341 811 2560 2730 678 1581 1385 881 1005 2102 1894 1243 1007 288 648 2364 1379 1670 1779 1783 2746 1992
1127 655 1274 726 1039 1506 999 1692 2396 1262 331 1378 1011 356 225 455 653 580 1472 452 430 31 61 2765 207 268 326 1787 1503 2669 1598 1961 1612 408 52 2794 192 1024 2406 2025 1124 2402 1275 1875 2053 2070 296 654 1706 721 1022 1438 2232 1972 418 464 108 2236 2316 2017 806 1282 471 643 2398 159 2715 1647 200 478 2806 1662 2280 2062 1912 53 346 1018 113 131 1475 2059 1037 1187 495 239 534 402 782 1293 1021 89 1008 209 2173 1097 858 1730 245 295
1804 967 2756 1728 754 2413 1719 1231 2295 739 2320 426 135 1448 792 240 293 1898 163 2021 80 757 957 2784 498 2615 1149 388 1904 658 2224 1166 1299 1168 1394 1426 2648 466 1984 1889 789 646 1087 1207 300 1637 1597 1265 558 1296 2533 2472 2054 1312 1555 2644 695 2354 2296 898 2571 213 468 2535 132 483 1269 2508 688 1383 827 2279 2024 2579 1616 2759 2738 1326 2409 2507 2661 1176 1766 1137 244 2323 1478 761 2128 1091 1852 997 903 714 1928 400 1093 395 2504 2823
712 260 1045 1486 2011 900 645 2050 925 1369 1544 2241 2826 305 2439 2130 2649 1437 155 2419 440 563 445 1617 169 2837 2454 489 1381 1307 559 51 134 1782 1658 1993 1328 1663 179 2652 1054 1623 1796 550 562 463 1029 1422 2046 735 2088 1710 674 1649 2084 1878 992 947 2076 547 348 1679 2836 1983 1417 1208 1386 1405 1934 2515 1190 1840 1586 2721 1444 659 259 188 1148 1453 2707 2817 497 2545 1552 611 978 2133 1627 1489 168 1046 26 2501 221 906 1319 1901 2840 1636
2502 2152 1139 1605 214 2263 2348 1365 1953 941 2677 106 2841 1198 1171 1113 84 1602 1525 244 2203 1866 2109 2030 323 1603 1371 1661 2572 844 2197 2141 594 1712 1502 182 1205 1184 1949 22 1315 2153 270 2160 1570 2179 23 510 1760 1199 954 1175 1084 2567 148 509 1397 2115 420 1659 2623 423 924 1004 117 1685 149 629 2079 2751 646 2048 1632 496 1217 1515 2178 2705 1214 732 1802 13 2554 281 2494 150 2768 1696 2761 851 485 1768 181 690 1591 1702 2448 2457 2503 894
105 1778 1419 2394 1442 519 908 1946 2102 1271 2331 301 855 11 2660 773 1325 1155 2711 253 881 778 1854 144 1992 1614 869 730 1142 151 1331 355 1625 1454 1020 1511 1105 1424 2147 1970 320 538 2519 1526 382 2452 2763 1404 1100 392 2087 1850 248 2680 1634 2515 648 1170 800 1581 2095 2648 1963 7 227 1904 2341 1573 2243 2006 916 517 1808 2446 1006 816 1790 2516 1969 1311 1906 1031 1174 666 1894 1002 678 1138 632 2071 1200 2274 2005 975 1913 2722 243 1239 1688 1779
1982 2139 1122 2092 2576 2269 299 1549 2844 1925 594 2403 428 891 2797 352 1421 2484 2094 264 598 1078 2833 2215 1221 1814 2473 160 2709 1462 223 1223 2683 1874 879 2633 667 2677 2639 1242 2183 582 226 1622 1944 267 2776 814 2057 1291 1338 1660 1994 1557 2460 2385 1480 1238 1139 1390 1646 1591 90 837 123 1619 1525 882 1539 1 867 2811 2719 986 546 2315 214 557 1530 1757 1735 2255 2607 531 2455 2175 2503 1541 2319 1863 2036 423 447 820 6 1816 2266 2273 924 1366
2054 1108 1712 858 614 1760 1187 149 1598 2178 658 1175 270 2278 2141 430 1090 2787 2406 1661 646 443 304 762 954 2809 2761 1685 586 252 2048 1525 2698 1774 1336 1283 2109 27 679 182 2317 1168 2705 1299 1217 1037 1019 1763 1137 1555 2500 485 2398 2765 625 592 1093 2823 2017 1951 2430 2831 1293 1693 861 2249 580 1768 727 1829 1127 96 753 1013 1434 244 1318 44 525 1024 594 1692 761 894 589 2554 2311 2742 1004 2535 1274 1113 1918 1632 60 2280 300 561 2503 2572
1931 769 2220 1942 2526 494 1677 1408 2291 2625 574 2057 271 444 2719 447 2051 939 2708 994 1876 2440 2037 677 1771 1473 2741 173 682 601 2319 1892 2683 1056 2499 274 1223 657 1439 2569 1721 1874 864 2766 526 531 2728 2438 315 1557 1627 2478 1753 1433 2622 2435 161 2809 2813 2480 1165 1125 2685 1606 12 146 2089 2772 608 2736 647 1759 2825 692 1390 2183 2665 2068 2704 2757 2302 1055 2606 1592 1868 2248 2580 137 70 204 2207 2077 598 1899 2382 442 790 948 1692 431
2649 348 663 1369 2538 480 704 550 925 1870 2155 689 2418 1758 2454 2769 26 2004 1453 210 516 445 179 1576 1861 1665 1716 570 712 2125 1580 2714 793 1392 1377 1348 280 2287 1859 1792 1901 57 2241 1930 421 1193 1796 294 260 1328 2050 2130 1713 1194 1092 518 2206 524 2581 1045 2260 2461 305 1172 2011 977 493 843 884 1551 1609 2327 2626 1538 1116 378 499 2650 2229 463 404 2324 1714 932 184 784 1838 2330 1422 1276 1490 1054 1034 562 168 1670 1414 291 2337 2840
44 16 1672 1749 1447 1469 1483 2437 596 1914 1103 576 2202 2700 2745 1795 1304 2317 2190 88 95 614 1836 1773 824 2547 1999 1513 1990 60 376 1353 1476 1178 983 2441 761 1847 789 1161 1727 2827 1693 132 63 1300 291 861 1224 310 2016 240 954 2737 1996 1336 2555 2785 1856 2129 483 1760 1685 832 1535 149 1176 949 2111 762 2000 2831 1712 1743 2249 2784 1013 695 940 1713 2571 1343 1137 1801 1019 1004 2705 2442 83 2112 1298 1631 1315 1451 2116 1593 1394 2562 845 1116
2700 1713 1836 1714 1116 44 1224 2437 1593 2745 832 2202 1990 1672 2190 1914 824 1483 1103 983 2000 683 576 16 2441 88 39 1357 1469 2016 1447 2656 2547 1304 954 1743 2737 132 1693 1106 1535 2129 1334 940 1786 1476 2149 596 1838 2827 1176 60 1685 1773 2542 291 182 1559 310 695 1971 1343 376 1996 1091 2288 1856 2112 95 751 47 1353 926 1300 1298 63 564 198 789 1999 1257 1795 1178 949 1513 1451 1004 1561 2281 777 1749 646 1601 1230 1434 2785 614 529 2497 1818
1754 1038 2421 2520 2210 1041 865 640 1272 13 2671 323 1553 1430 244 2090 2828 1910 569 2047 56 2032 370 340 289 839 1949 2380 988 1696 2640 429 2795 933 2578 571 828 193 427 121 743 2115 554 176 2078 646 1793 733 196 332 2048 1065 2083 866 1668 199 1049 672 979 1266 807 1521 432 1616 1249 2568 878 302 1236 1888 2677 2335 802 1431 1768 1699 21 2333 1477 78 2654 2384 2786 853 2798 932 1398 1418 2415 1890 955 1562 2428 2808 820 1374 582 536 681 142
239 1274 2091 2794 1127 356 2164 296 131 1024 1282 2173 1039 408 1781 653 2396 331 2765 268 2531 1875 113 1843 1647 643 495 2236 49 1124 654 525 1378 1598 1011 2611 467 1787 245 2232 721 1506 1475 1022 1438 1140 209 1143 2053 1262 655 471 1503 1275 430 1692 2280 452 326 1273 2311 1612 2402 2285 1472 1972 628 1822 858 580 2061 2406 455 2059 139 625 1037 402 290 679 1220 1921 89 838 108 2565 27 1505 1435 1118 2465 61 2398 753 840 936 2505 295 2025 2698
1810 202 1406 249 1012 67 2509 1001 2583 1944 2121 627 1212 137 899 2350 1075 2135 2842 1606 116 1055 2813 2558 2294 2741 2728 804 165 1223 2207 2248 2382 725 1609 1937 1056 2825 1076 329 2435 404 2569 1935 1869 378 1195 1557 1874 1897 1841 1639 447 647 2057 204 1757 1464 2020 2683 2736 2766 1463 948 1130 2286 2393 882 1547 2291 686 1592 2418 1594 1362 2809 730 2329 1986 2220 2068 2598 1126 2511 1899 145 362 123 1825 2033 2427 746 321 2258 2622 494 2041 2748 371 574
2327 689 1575 588 57 210 2155 1576 2418 1758 1276 2330 2456 1234 1665 2461 228 1776 1724 1034 793 1358 2004 294 1348 583 1392 493 1279 1377 1861 2198 1590 2493 895 1664 934 93 746 2324 1765 857 570 1792 1030 801 280 2174 663 1580 1609 720 1043 1193 797 2694 704 404 1859 646 263 1928 2229 1921 516 366 2125 2321 885 756 1877 843 2206 2186 2260 2473 1369 1375 1755 2838 976 185 1551 2698 2538 1538 430 2078 1912 1345 1166 721 1187 859 1281 2017 2672 1196 133 1037
841 982 930 887 2328 2778 227 2065 1578 916 945 1063 1791 1769 1579 2491 2252 1354 1977 1531 1470 952 1583 998 118 114 919 2723 2682 517 1651 567 1851 639 1179 2792 748 819 2225 9 928 763 2711 1667 2042 382 1770 778 2310 2349 808 1854 1211 579 2379 875 1970 1585 492 1920 311 1154 2575 1367 1368 1210 2081 2647 1657 2729 1209 1042 2459 2488 1239 566 515 512 7 2559 2067 2103 2097 528 25 910 2618 151 2026 1271 1625 975 2304 1528 2416 513 2473 2658 809 869
1141 2765 1140 2070 430 1612 331 2396 655 27 580 1692 31 1506 1787 1274 192 1143 326 159 625 2402 2398 2017 1187 2053 1127 1216 1780 52 1918 936 1124 999 1356 1648 2406 2565 2821 390 478 2698 1273 1293 721 209 1715 753 1024 356 858 1967 1378 1972 1472 471 1022 1039 467 296 53 216 1921 1438 383 2806 679 2669 1598 1829 1097 314 2173 200 61 2465 1118 2505 1635 654 1050 1037 653 1647 1774 805 2025 1275 1021 1505 49 402 1555 1822 1435 2311 1662 452 1010 108
2545 2034 712 100 1569 51 715 2011 305 1328 48 2433 1796 1640 64 562 155 645 1369 1782 1381 1658 2721 1663 1218 2826 925 260 2241 169 1544 1623 439 947 1045 900 1056 2050 1617 2707 1679 1486 1417 1545 1405 2439 2650 1054 2837 1944 2088 1993 2309 1878 1422 2836 1261 201 2130 2528 2649 2352 1444 2713 1899 2248 59 2419 1649 2813 1489 1552 348 146 2389 440 860 943 1437 4 134 563 2411 221 2766 494 1051 559 674 992 948 550 1092 26 735 179 1308 1584 2046 2376
529 2644 1801 395 2759 1230 2242 2323 1798 2579 962 2504 572 2277 374 1683 1394 2238 328 803 789 695 545 989 1334 364 766 2381 1091 2040 63 1161 2561 1561 101 483 658 2510 581 1306 240 1213 1343 2113 1898 1035 1333 2149 1883 2784 1389 1513 132 1353 431 341 1847 727 898 1839 926 2656 310 949 251 1971 1951 1178 436 589 737 2409 304 70 646 2000 485 1451 39 824 2546 1175 1786 1900 1257 215 1115 1166 1361 1928 2066 2178 1137 1558 1357 714 1093 1693 407 1427
2018 2146 764 2008 2284 719 1289 303 190 2585 723 1772 1359 1121 1351 1493 247 914 873 450 2551 1534 2582 539 1997 2487 1577 615 1128 35 2405 862 2718 1403 2453 2485 1574 1204 1347 1157 781 66 2734 2824 14 1246 825 2165 869 1751 2434 1915 2536 1762 2209 652 604 2426 1963 233 276 212 2490 701 256 254 2334 1247 1595 2170 2081 1985 2336 874 1625 1729 58 1402 2264 153 1136 294 765 1566 1642 2067 896 1077 543 1219 2593 887 1770 2103 639 929 2391 1631 3 1528
1132 1588 1431 417 2029 1418 1065 536 36 1686 597 332 988 2384 1337 555 1393 1033 2108 680 2451 21 429 1910 571 886 1562 361 2668 2090 733 176 2520 1249 2743 2083 121 979 569 193 1268 2333 292 78 199 802 1038 828 640 2117 289 866 2227 13 1398 1890 2578 302 2786 340 865 2795 1888 432 62 2570 2839 554 377 2640 2210 1266 932 893 698 878 933 868 1272 2798 2421 672 142 1329 1049 1668 2828 1430 964 1952 1374 2602 1754 1793 729 1053 427 2671 2808 681
2778 887 1791 1531 930 1579 1354 118 919 952 567 1769 841 1583 1667 2328 748 1470 819 2065 639 2349 2792 1578 1585 1179 1063 2491 998 916 928 945 9 492 2252 2647 982 227 1657 1851 1977 1770 2575 688 2682 2067 579 1210 2729 1209 1042 1154 2306 778 114 382 311 1854 2723 2304 800 2005 808 2473 223 7 297 923 2081 515 1235 1211 1323 903 103 1913 220 2459 910 1466 1920 2168 2310 1299 2243 1939 1651 1168 2492 1625 2251 2042 673 730 1239 467 2624 1850 1367 1691
1453 2545 2433 2034 2713 1569 1490 100 2556 1901 2721 715 64 2272 155 1860 2309 1316 305 1496 562 2376 1381 1796 645 2213 900 1948 1658 2001 1636 1782 1965 1586 497 59 1486 1056 2241 51 204 48 260 201 2036 2088 659 547 2389 439 559 440 1841 134 2842 712 2082 992 2650 1825 1046 2826 1054 1640 2708 2836 2270 1944 563 2352 2046 2109 1082 1386 1623 2027 1645 687 932 1362 747 1328 1218 1308 79 1544 2207 1899 2391 1840 2419 2011 1416 2222 2707 137 2353 2671 1444 947
472 551 1059 1803 154 223 1509 2635 1811 1863 342 2444 1615 1 1698 2717 2340 1540 2801 2338 2473 1520 1925 2709 2740 1421 2223 2273 160 1524 1862 195 2468 2168 127 2063 267 1338 2776 352 1291 1530 391 668 2158 1572 46 147 307 2616 2175 827 888 1238 1763 1101 1571 1060 2749 1479 2266 573 1324 2781 17 476 879 1227 913 1861 1267 1167 669 2253 2727 1295 1824 1409 349 922 1618 2844 1025 414 892 1619 1355 2466 600 1078 2138 2306 1373 2710 557 1994 2486 2820 1549 1069
836 935 2446 1933 1638 1790 897 1321 2096 2071 2452 2156 2645 320 2355 666 1145 2450 1621 599 2691 2342 755 1170 222 2201 1736 1709 1098 144 99 2512 908 1419 2537 2432 459 2750 586 2318 1090 1305 1504 516 2147 850 1006 1200 1682 1002 632 461 1308 630 2648 1082 1911 816 141 1676 72 177 2168 957 1976 156 2627 1763 1806 1052 127 396 612 2738 1387 477 1023 2642 460 2722 519 2595 2317 2535 981 2098 443 2362 2587 1697 2443 1717 1404 147 301 1100 984 1047 2775 1155
44 1447 1749 1469 1483 16 1103 596 1672 2317 2745 2700 1914 2202 2190 88 2547 576 861 376 824 1795 1476 95 63 2441 2111 132 1013 1019 2827 1999 1773 614 1513 1712 761 1847 60 1760 1004 2016 2437 1304 1176 1336 1727 1856 1990 2112 1161 1836 983 149 695 793 2737 1318 182 2000 1315 954 2555 1224 1631 1353 1996 1178 2129 1451 291 2807 310 2079 1137 2422 1093 1434 2116 949 1343 1785 1693 2160 1298 1116 762 2571 240 2278 1685 483 789 689 940 1361 210 328 832 75
2252 2682 1920 1063 1583 1651 2042 916 227 841 1579 945 998 1578 1770 1419 118 2723 639 1769 1367 1368 517 952 2647 567 1977 887 1239 919 2792 1970 114 1179 1211 2778 1354 355 2081 1625 2310 2103 819 2328 1906 2491 492 1585 1531 1791 2711 928 1209 9 512 1904 930 778 982 1851 1667 2331 2729 908 2065 7 1042 515 2225 1657 301 1031 763 1854 1168 1879 2507 1299 809 2575 2450 2488 2349 382 2306 1154 2660 752 2067 519 975 1331 748 2026 1470 2459 869 813 2357 1528
1440 386 2185 2529 1694 1129 143 2616 1122 1863 2139 879 810 2844 991 718 267 1884 1549 1939 2677 299 1238 1411 2271 980 2468 1267 2584 30 1697 1807 1291 1335 1684 2132 1196 687 787 2833 459 2118 1814 1295 1982 1973 2517 638 582 1925 117 888 147 298 2222 1661 1698 1514 448 1911 2092 265 2460 1570 842 697 2268 2263 264 1366 1373 375 2567 2175 2623 711 1922 546 2726 2128 669 1167 1297 807 2797 1421 1221 306 2228 1610 1619 2167 23 1445 1811 2731 1446 46 557 594
2057 574 2719 494 447 2051 2291 1433 2089 2319 2526 2220 790 2704 1439 2728 1223 2683 1931 2435 531 2427 2766 2712 1944 2617 939 2037 146 2308 1876 1408 2558 2445 2569 692 2207 255 1056 482 2294 1899 1771 1874 217 1055 1330 2440 598 2183 444 1942 2499 677 137 1088 2625 2736 2292 1892 271 2639 1721 1473 2506 1677 2813 1592 682 2825 165 657 2741 442 647 2657 274 725 994 637 974 619 948 2809 2580 491 2438 2708 2841 521 1962 1555 1825 2382 1547 2248 1725 2665 1937 2393
1295 2776 879 1807 2576 2473 2175 1549 352 991 551 557 1373 1509 1059 1539 1925 1324 1421 1242 428 226 1982 1122 2771 1646 573 2740 127 2468 2269 2797 1291 1524 17 829 2168 267 2844 1661 888 2266 834 1 2731 223 2820 1803 1520 1863 1763 969 2710 1238 796 1814 669 891 342 2403 827 160 2635 1338 2094 1487 2661 2013 1629 2197 2460 1078 1619 1267 922 687 537 1698 2234 472 1660 1014 1994 299 1607 924 1811 2255 2345 469 2036 2223 2326 2517 1400 2709 1530 1841 2727 1057
1619 1925 1338 1446 879 1294 600 2709 2614 1009 2486 2100 2266 2481 2094 352 573 1622 837 2835 665 1078 1828 2455 1530 1964 1982 160 2338 2473 1815 405 127 1863 1994 867 2092 1698 267 385 1660 223 1421 1539 1939 403 2139 1291 1520 2607 1238 2797 264 2710 537 166 2844 1480 17 2811 2635 317 2223 1295 2460 1159 2738 1607 1267 2168 2484 428 2833 2517 667 2255 2783 2269 2215 299 1242 1101 1258 846 891 2633 814 226 669 2371 2175 1 2063 2576 1270 913 1615 2138 1816 1112
2149 2656 63 1743 1333 251 545 1928 1693 182 2409 374 1558 1166 1798 1785 898 1334 1257 2542 1883 1427 962 2381 1394 2759 1306 485 1971 695 364 1298 310 803 727 1137 1786 1228 2540 658 1353 101 2504 132 1951 1019 714 646 2546 1176 1513 2323 529 789 589 1685 1847 1175 395 436 614 2072 2016 1213 1343 1115 1389 1230 1161 2000 1300 1087 1561 617 576 2579 2644 2430 2827 2113 1451 2700 1631 2737 1773 895 2040 1559 824 1106 1900 215 1590 954 483 1361 2054 2547 1434 596
228 57 210 1724 2418 493 797 1861 2327 570 1575 1758 689 1234 1034 1375 1792 2694 263 704 1664 1377 934 1279 1930 366 1358 2174 1877 746 2456 2703 1665 2330 857 2461 793 1580 2321 801 720 2125 82 2206 280 2739 516 859 242 2672 1542 2332 885 1276 2186 1030 1576 2039 2374 976 1765 2004 1457 2198 1776 2184 2838 2590 1859 2229 2123 438 548 1551 2155 150 1350 1193 1196 1345 2493 1043 1348 170 421 1392 1887 1191 1869 2356 756 287 422 1670 404 634 1292 158 588 656
1139 214 2263 2572 1953 2348 1525 1198 2203 1602 1866 2153 106 2278 1199 1371 2109 1605 1632 2841 2503 1927 2448 2197 23 1171 957 2807 1659 1802 1502 1205 2706 894 1768 690 509 732 2623 941 1113 851 84 1570 1184 2048 1661 2562 594 2030 40 181 1214 1280 744 2761 183 1318 510 2386 2168 22 2141 844 1726 636 2457 582 1365 419 1536 1596 244 2179 2677 2720 2160 2705 2554 300 1032 96 270 1702 1712 2152 2494 2751 609 1880 2498 1217 1315 117 2678 1889 1515 620 1537 466
1583 2792 998 919 639 1579 1791 1354 1531 567 887 2778 1769 2682 118 952 945 1179 2647 930 841 2252 2328 1578 1977 1470 1854 517 2711 1063 382 1920 1770 778 9 2491 916 227 819 1368 1667 928 114 1970 748 1651 2459 1851 808 1367 2065 2723 2488 2042 2379 1657 1239 2729 2081 515 2575 1585 975 982 1211 492 7 2361 923 1154 2304 1625 1528 579 2097 151 2793 1819 566 875 512 2225 2310 1042 763 2349 1209 25 2334 2026 381 2067 311 1271 1963 1864 1210 2103 513 873
2644 1451 395 545 1801 529 1631 1394 374 1176 1561 1091 695 2381 132 2242 2759 2547 2317 2190 1230 1971 1900 2072 803 2277 1361 328 1137 44 341 1786 824 2238 1683 1558 1898 1207 2000 251 2040 1306 1298 766 1334 1257 596 2323 2827 364 989 658 789 581 589 2579 949 1087 1476 63 576 1798 727 614 1333 761 1928 1513 2700 2540 1353 1161 1693 777 2441 2523 1996 646 1178 1224 2422 407 95 436 1469 983 2504 898 714 60 1116 2745 2249 1951 1343 88 1427 757 1019 101
894 1632 2153 419 2079 2109 2567 1336 1315 1171 96 2705 1214 22 300 2554 2571 2841 1013 2160 1032 2751 2401 924 2831 1927 1907 1763 189 63 1661 2643 1019 1703 1471 106 2263 2197 1288 2678 1363 761 762 2313 1217 2612 333 335 2591 1605 1487 1198 1139 1953 732 2216 1702 856 759 2094 1727 149 1090 953 586 661 2230 1671 957 2666 636 171 2317 2386 2060 459 2502 1802 510 596 104 148 214 2816 2562 1318 2113 2726 744 2178 1161 1726 1880 620 304 1277 181 1371 2141 1502
1316 1752 1496 1636 1965 2241 2556 1381 2836 1901 900 2433 1658 1840 1486 1586 497 1782 1948 2272 1453 1544 2713 712 613 2826 2011 2389 1878 312 260 1545 611 188 2439 1422 2477 1146 2501 155 4 1934 2832 1649 221 2082 559 674 1386 2419 59 659 950 645 2046 134 1405 1552 1796 445 1319 547 563 201 2545 2817 2652 992 1054 2411 2837 2352 1983 2270 562 735 947 2367 440 1190 943 169 1663 2309 987 2515 1102 305 1737 1208 2050 2069 266 1860 1437 978 2034 626 1056 1218
285 6 546 1221 1541 1882 620 820 2043 2643 582 732 1603 2194 956 181 650 2171 2810 669 759 1083 1702 2666 2727 1697 398 829 1536 594 1318 1502 2494 922 2179 1059 2503 226 2141 2468 236 334 750 2425 1227 2348 1797 1458 807 661 148 551 2261 510 150 1525 1763 2548 2263 45 636 2841 270 1 690 2197 2761 2706 475 2807 2608 2623 1084 1122 1570 1251 2760 154 1184 2036 2168 307 1605 1520 309 1866 2152 2740 647 1365 2521 939 1524 1153 2182 2816 1315 2823 342 275
1752 1316 613 2069 2389 1636 4 312 1146 2832 2501 2556 2270 1102 1496 2082 1405 635 547 1319 1386 611 556 2272 1983 1545 1649 221 1934 950 2044 2367 943 2133 987 2411 188 1486 900 2817 2241 826 1381 1965 283 2836 59 2477 1552 1737 735 2419 1901 155 2631 1656 518 2544 1624 626 134 559 440 674 260 2011 1422 1414 2538 1190 85 1202 1878 1782 2676 1208 259 645 1644 2515 2652 2439 1544 2790 2433 266 1453 2076 817 1658 1092 2528 2837 445 2574 1586 2358 1617 992 1054
181 2263 2116 2374 620 2386 1365 1702 2522 1083 2141 1665 861 762 2807 1315 493 133 1013 96 732 1632 1093 1336 570 894 1525 1251 1726 2442 210 2401 294 1661 2229 45 636 689 2160 419 2612 2562 2678 644 1064 2079 1198 1318 844 1364 1758 2831 793 2591 2705 1960 2554 1797 1898 2056 2498 746 106 1019 1032 1792 1171 2737 2761 171 2278 592 2572 2623 104 1205 2726 1802 2153 1358 1280 2348 1927 2125 2109 335 1880 1685 1139 1859 333 2111 1108 300 474 214 1217 182 2197 2162
2765 1568 2236 2232 1024 1475 1378 1124 1039 467 838 1662 580 356 1730 2806 295 1715 296 2053 1275 1037 2301 1912 840 1262 2059 1929 1008 2173 390 389 484 1022 455 408 326 209 1282 314 1274 927 758 2396 1967 2465 2505 478 1187 1635 2687 346 786 1648 1143 464 1011 89 2406 363 1127 822 799 456 1026 1921 1787 131 2531 1140 31 268 2017 1050 2715 2698 780 653 452 1048 159 1706 2407 1789 129 2821 1472 108 1273 2137 1062 1503 1755 2091 2565 471 1932 2794 1655 495
1115 2113 2546 1389 1951 2178 1300 614 1213 304 1175 483 2066 658 1883 2000 1353 727 1161 364 1106 1559 1513 374 63 1306 1137 1798 328 485 2504 2759 2409 1019 646 1333 803 215 2238 436 572 2579 529 962 2787 1230 2040 2054 1361 989 101 2022 395 293 2784 789 1685 1773 898 2381 545 1786 2540 1394 2072 1427 1785 1971 251 2644 766 589 1166 1334 2323 1693 714 1683 1847 895 1207 2149 1900 1928 240 2242 1451 586 2656 2430 2277 310 1228 1801 93 1898 2535 581 737 341
2784 2579 789 1353 1304 240 483 596 1749 1693 1161 2504 824 1883 1513 63 1178 304 95 1801 1394 614 761 1773 310 1847 2317 328 132 576 1672 2238 1230 2759 60 2190 529 695 2113 2547 2381 1727 395 1476 2178 1300 766 1743 1798 374 658 1213 545 1106 803 2644 2242 44 2827 1971 572 1361 364 2656 962 1898 2745 2546 2737 2555 1176 1559 2149 16 1593 2700 949 2058 1343 1786 251 1451 1685 989 1683 2441 2066 1785 2040 436 983 1137 1228 1019 2202 2281 1996 2249 101 1795
1782 1054 1381 1649 947 2836 712 1623 1663 1444 169 1658 1328 1544 2241 1679 2837 2011 1045 1422 1617 445 645 2707 2439 1993 440 155 1029 51 1552 2826 2050 900 1486 735 134 260 2767 305 1796 2628 562 1369 2130 463 1218 2840 925 2545 674 2735 611 2652 2076 1640 1840 563 1586 1307 48 497 201 64 715 1569 1710 2721 1319 2352 1860 992 1437 559 2046 2817 188 259 2454 1405 1208 2649 2713 547 1636 2272 1489 2419 2133 319 1417 1752 2650 550 179 2411 1934 2034 2287 1416
1672 44 2437 1749 596 2202 1914 16 2190 2745 95 1353 1693 576 310 1476 1483 88 824 1469 2700 1304 1836 2441 1103 1178 1447 614 1300 1773 983 1996 2000 2317 60 789 1224 2547 1999 1685 2827 1990 1856 132 954 2129 1743 1513 63 1727 1795 1176 376 2579 1713 761 2111 483 2737 2016 949 695 762 2555 1394 1116 1161 1451 1336 2784 1760 1593 2656 1106 2785 2054 646 2705 240 1559 1847 2149 300 149 1714 2571 2831 1883 1361 1019 182 940 2281 328 2787 83 1013 291 894 1683
1643 776 1625 353 196 98 2353 869 910 1864 585 381 1819 2081 2474 809 2361 2264 2256 2391 2334 1204 233 1402 276 1600 1042 1541 2734 2462 1963 2103 1946 150 820 701 630 2783 2067 781 2582 1854 2132 2593 1528 2453 2718 1359 1697 1170 2170 2485 2711 2001 2585 1519 2165 69 2841 2394 1949 971 323 723 1525 2210 1751 2027 2012 301 819 1344 639 1531 2515 1139 1770 841 2157 909 1121 1754 2048 765 2405 1272 1534 1763 1041 2147 543 1577 2647 2551 1347 764 1585 1267 382 1985
222 1305 850 1504 2342 2355 1933 2512 755 2096 2218 281 935 1638 816 401 1599 836 981 2074 2362 2071 1321 1436 1736 1023 2677 612 477 1949 1145 177 73 1806 72 2750 1754 2627 2450 2201 461 897 586 1790 141 396 380 99 2691 1186 2452 13 2645 1006 1098 1605 1272 2829 640 164 323 2577 2122 156 2775 2520 320 1976 1041 437 1682 2446 1115 1308 244 1953 2163 2055 629 2421 1038 1170 1404 2132 2515 1763 443 2443 98 325 2562 1872 1391 599 2671 1085 1163 2722 1323 865
352 1815 879 1939 1520 1025 127 1660 147 2481 573 1816 2635 1338 1982 1 226 2266 267 2094 396 223 891 1480 17 1925 2138 1291 1863 814 1530 1366 1009 2092 665 414 913 96 1539 1238 2468 2607 2648 1258 2727 837 557 1295 2616 577 1509 1615 307 1078 888 511 2455 1619 2399 403 2246 385 1446 2710 991 2460 1294 669 537 234 2063 1803 1421 2168 2573 1049 2255 2486 1632 264 924 2633 2811 2139 2515 160 317 932 2431 2595 839 1217 459 2801 2452 2755 894 2473 1607 1502
2113 658 1389 1213 2178 1333 63 2066 304 1175 1161 2022 898 727 1019 572 1394 1300 2546 485 1230 1513 1558 589 1883 545 714 251 1951 2759 1306 1228 962 2409 1427 1115 1685 2149 2644 2656 2277 1683 1785 1847 2784 2579 1353 374 2504 1166 1798 215 436 1693 803 395 364 614 101 2323 1559 581 2841 2000 1087 2072 1928 529 1207 907 1106 1334 483 1801 2242 586 646 2109 1786 1900 2381 1773 924 789 2040 2737 2542 182 1125 1171 1763 1898 617 310 328 240 1471 426 1971 2540
2018 723 2146 719 247 190 764 2284 1121 2008 2585 2582 1359 539 1534 1577 1289 1351 1204 303 1493 914 153 1403 615 1751 862 1772 873 1157 1915 2485 2824 781 206 35 1997 450 2718 2334 2551 604 2361 2434 343 14 1970 2536 1347 2336 1402 2426 1128 2487 2170 58 2459 382 2453 825 2067 998 212 1574 1595 1376 2593 2204 2405 2462 1819 1963 869 1247 778 1246 233 2734 1985 2165 276 2681 2177 1650 2765 1770 1791 1755 567 874 2603 254 2792 2157 2647 2648 2406 771 522 701
1702 620 6 732 582 2810 2643 2043 1083 807 1221 285 820 181 1603 759 650 546 2666 1541 2152 1139 2171 1605 2841 922 594 1696 2194 1227 1188 2502 244 2348 1953 334 2278 2179 1882 2261 2816 1697 1866 196 1502 214 1365 647 148 2048 1260 1768 2263 750 1199 2494 353 1602 636 2761 2683 2807 270 1171 1949 1591 2677 1397 420 2291 2503 1536 2639 1223 1763 398 372 1458 2079 510 1525 1916 1891 2115 2386 40 1462 1616 411 1318 2057 1797 1922 2141 2109 1153 956 496 1979 669
430 655 1293 1097 478 580 390 331 1967 2406 326 159 2765 1648 2301 1635 1715 1692 1143 2053 1187 2402 31 2407 1730 1008 1921 2806 1140 1912 1026 1506 1039 27 1037 1822 2398 999 1929 1118 1317 2465 1124 2611 2505 2669 2062 1972 1756 2236 295 2715 471 721 1378 455 1755 1141 758 1050 2070 1787 643 2017 192 1262 1472 314 389 805 1024 1011 346 936 108 125 2531 1395 467 129 1438 2467 1274 200 753 628 1662 452 1022 1018 1275 726 625 1568 1127 1297 2632 1216 1273 2396
574 2057 2291 2051 494 2683 1439 1223 1408 2719 2440 447 146 2526 1942 1874 2499 2728 1876 2220 1931 2569 482 2639 271 1592 598 1721 2319 444 677 2435 1056 790 948 2294 2393 1473 939 1055 2704 682 2813 692 1899 647 1555 1433 2183 2089 491 2207 2766 994 531 1937 329 2445 2712 2438 1892 2382 1771 2037 1944 686 1677 274 864 2292 526 2427 804 1639 2558 2617 2308 1330 2248 217 657 725 2809 255 2625 2708 2741 1692 12 2286 137 2506 2825 2580 2736 1076 2068 608 2598 1464
979 2227 2786 2384 1393 176 340 2668 802 1431 429 36 1418 1337 2640 1266 1132 332 2451 1588 1033 2798 2743 1686 417 432 302 2333 2108 597 733 2029 1065 78 866 554 868 21 1398 292 2578 571 2570 2083 555 1890 2629 2539 1268 1562 964 2090 2335 2078 2428 289 142 729 878 1952 2839 1910 2795 199 2808 427 569 1429 2520 361 2120 865 886 536 1053 1699 1038 893 1492 1249 1888 193 2117 1399 680 1430 2031 2671 1553 988 2038 1070 62 358 1886 1256 1329 828 121 640
1588 536 1431 1132 36 802 2078 1033 193 121 142 417 176 555 1686 988 1393 2384 289 2451 866 21 2743 1699 1492 597 1890 979 432 554 569 1418 1562 1430 2029 2668 1886 1053 302 332 1249 429 733 1398 78 1888 2520 1553 2117 2227 292 886 2083 361 1910 1038 640 2333 868 2578 933 2640 1065 2786 828 672 1374 1266 62 13 340 964 893 199 2090 680 2120 1272 2795 865 878 2421 2210 2031 2828 2108 1952 1754 932 1668 2808 427 2629 1236 2798 2570 571 1429 1337 2428
249 1012 67 1406 1810 2583 202 627 1944 2509 1001 899 137 2121 1212 2813 2842 1075 116 2248 2350 1606 2294 2382 1055 804 2135 1223 1056 2728 2558 1937 2207 165 2741 1076 2569 2435 329 725 2825 1609 2809 1639 1874 1464 404 2057 948 2393 2683 1557 1869 647 378 1592 447 2286 2291 1195 1841 1935 204 1757 2736 2438 2427 686 491 2766 494 1899 146 2220 1547 1897 2068 1130 882 574 730 1088 1473 2020 2418 682 2639 1594 1390 1986 1590 1463 2622 2526 482 2708 2598 2183 1126 2511
2705 2831 1671 2079 8 63 300 1090 2571 1315 1763 2216 2160 325 745 1336 924 2197 761 459 335 1474 1013 2535 1703 2109 907 2317 2572 1487 2678 658 1333 586 1217 2706 1661 2816 614 2230 661 2168 1019 2562 762 1288 2313 1891 443 333 894 1425 2268 2249 1907 1304 1391 1685 182 2113 37 1749 2401 2178 1389 1513 1471 690 309 596 304 1363 2263 1760 834 688 824 1318 1712 1802 1632 1880 2623 2841 149 205 2083 1161 1015 1353 1277 2546 2066 2720 483 1847 448 2823 1198 856
44 16 1469 1447 614 1672 1483 1749 596 63 2737 2202 2317 824 1103 2190 1914 1476 2441 2437 376 949 2745 1343 2700 2000 88 60 2547 132 2827 1773 1353 1513 576 1178 761 2111 1712 95 310 1685 182 1304 1760 2016 1795 1019 1693 1300 861 1999 954 1183 695 1161 1333 1176 149 789 1137 1004 2112 2129 1298 1856 940 545 2656 328 2149 1631 658 1836 1990 1224 1996 1451 727 589 393 1785 983 1847 2249 1727 1013 1315 483 291 1394 1087 2571 1361 2238 1801 1763 198 907 75
2090 536 36 1588 429 2117 1431 1430 2795 2384 1266 1686 176 1418 289 733 865 417 2640 1132 121 1952 142 1553 2570 1888 569 2083 2668 1562 361 1398 979 555 802 866 2520 340 2078 868 199 2333 554 1890 21 1038 2227 292 2671 2108 302 2786 640 1249 893 1033 432 1268 332 1754 2808 1393 1699 672 78 597 193 2828 2029 1910 1492 13 1337 988 964 886 1764 1374 2839 828 2451 1793 2335 933 2210 1329 62 932 1272 681 2602 2743 2421 427 1668 377 2038 2120 1399 901
2078 1793 1430 1553 193 1699 432 866 142 1890 1492 1256 429 733 332 2668 569 2743 988 878 302 21 1886 554 1562 427 802 289 323 1888 1041 62 1398 2217 199 417 2520 640 743 1033 2423 176 121 2415 2578 1429 78 2629 1053 2333 979 2428 1431 555 1038 13 1272 340 500 681 2210 361 2539 2047 1588 2029 839 2227 868 1754 2421 1393 377 2568 1686 1499 828 2380 933 2640 536 1049 2786 1249 886 1065 1418 1236 597 932 2798 2451 2090 901 1374 2032 36 865 2267 2335
72 177 2775 2355 477 1510 1717 2829 156 1145 164 2577 2122 1163 2587 1415 99 141 2722 208 1599 174 461 1504 2679 222 1976 1903 2218 2074 172 2469 1872 460 2163 612 1023 2098 2452 380 1784 1436 73 399 816 599 453 1085 731 1628 2655 1160 1241 595 981 694 850 2636 2750 2126 2055 1047 2201 2645 1321 401 760 755 666 2009 2747 935 437 2512 897 1808 1682 2096 1155 1233 1305 2537 836 1098 2274 2446 1933 2432 2342 1089 2595 2071 1100 1688 2691 1638 823 1404 2318 2156
2705 300 690 2079 1015 335 2706 8 1671 1570 2197 2678 1605 2109 1315 1891 1537 907 2831 2160 2230 745 2425 448 325 1763 2535 1661 2562 2572 1397 420 2816 1726 1953 2571 1198 2494 2620 2591 2168 2386 762 1090 973 1474 510 1632 2348 2263 2573 1723 214 1687 1738 2313 2476 644 148 1139 594 22 1080 1610 1333 459 1659 2751 1214 2203 2768 2841 924 117 1221 658 688 1217 1171 2448 1596 327 2118 1697 971 63 2083 1979 468 2222 1205 1285 1336 1797 761 1380 744 1108 1488 661
239 1274 1127 2091 2794 356 296 1282 2164 1024 408 131 1039 2173 49 653 643 113 331 2765 1781 2396 525 1647 2611 1506 1011 654 721 2531 209 1787 1378 268 430 245 1598 1022 2280 2236 1875 1503 467 471 1843 655 2232 1438 2402 1972 2053 1472 1124 1612 2311 1692 1140 1262 1921 452 838 27 326 936 89 2061 402 139 1275 2465 1475 2406 1918 858 2505 1143 2059 61 2285 455 580 290 679 495 625 2398 628 840 478 2137 1662 108 31 1505 753 501 1822 1780 484 129
1603 1605 2152 1221 820 2677 2502 285 594 2666 582 244 420 650 1541 1397 148 2179 1570 1696 6 1953 1139 2494 941 1502 334 1922 546 1891 2348 2620 1591 2768 510 807 1616 690 2115 2048 2841 40 423 1949 750 2761 1768 2263 1602 732 214 23 646 1083 1537 1738 281 629 117 1080 1723 1488 270 1916 922 84 2203 1702 1501 2043 2261 2359 2643 375 1198 2810 1188 620 609 1637 1227 1462 2409 1693 1113 1199 2194 475 1400 2278 1802 1582 1882 844 466 1661 759 1205 2303 181
1569 2721 48 562 100 715 1381 64 1658 1948 155 2034 1860 201 305 1782 2545 1796 2836 2272 2309 2241 2713 51 1586 1636 1316 497 2556 1051 1496 1640 1840 439 645 2815 2433 1453 1416 1965 1649 1544 1054 2628 440 1901 1096 2352 992 1045 947 2826 563 1444 674 2046 1490 1679 1623 134 659 712 2011 168 1663 319 1328 2439 169 900 1422 1617 1218 194 1486 2076 2735 1148 1029 657 445 978 1307 2707 260 2708 2650 735 747 1046 1993 906 2376 1552 769 231 611 2837 2050 2213
879 46 2158 2363 1291 349 2460 1619 1238 2215 2541 267 414 892 1 669 2340 2844 223 2473 837 2635 264 234 1863 969 1446 1615 2677 2727 1108 2213 1520 891 1366 1572 2339 2484 557 1862 1480 750 244 2226 2266 1925 2481 2548 2198 2273 1816 1294 352 342 2616 2223 551 372 2092 1540 1684 2150 1009 1880 2709 1698 582 147 756 17 842 334 1010 807 2588 1521 2783 2584 1761 2175 1571 2797 932 396 2740 2667 538 2298 2834 281 2749 2387 1541 305 2139 2631 1514 665 2468 1575
1453 1490 1496 1860 1636 201 2713 2309 1901 1316 1965 1569 2272 1586 2433 2241 497 2815 1840 715 137 2135 562 2545 2376 64 2034 100 1381 155 2556 2721 1986 305 1948 439 1051 1944 1212 1362 48 725 1796 2046 1897 165 1054 1658 440 1623 992 784 486 2036 2628 1606 2728 563 51 1841 747 1148 2826 1767 1782 2836 889 2276 1601 645 1544 2352 2506 2258 1056 663 1679 1218 1640 231 1422 2624 204 2708 659 2741 1130 1757 2337 79 986 2671 2558 1055 1444 1938 1649 931 1899 1747
2252 2682 1063 1651 1579 1583 1920 887 841 1578 1179 945 952 2647 639 1769 1977 998 9 2778 930 2491 2328 919 916 1770 1354 1367 227 2729 118 1368 1531 2042 2225 2792 515 2081 567 1851 982 928 1042 2723 1791 819 1470 2379 2103 1239 1667 763 2349 114 1154 517 1657 748 492 2310 2488 1585 2459 1625 1970 778 910 1819 579 809 1528 2575 2097 2711 1854 382 381 2065 1209 1211 512 808 2067 875 1864 2026 7 1168 1299 869 2661 975 1546 1566 566 311 1555 781 98 2473
2063 837 264 2455 2484 1982 2092 1009 17 1509 1925 2371 2255 891 2833 1 573 267 888 1619 2139 2338 2731 1295 2776 428 1122 2403 1520 2844 2486 2797 1338 2811 1159 1238 403 1994 1291 2607 1815 1660 879 90 2266 262 1807 2094 1539 1571 1698 1373 687 1816 1589 2576 2633 669 2834 1549 2635 1735 1863 226 1803 2385 2781 1814 2223 2175 1242 641 846 299 706 551 1480 1060 667 2616 1862 1530 2412 600 2138 1059 2269 1101 1078 1025 223 741 2717 827 2771 885 1615 472 234 2740
1619 1925 1078 2709 2094 385 160 879 1863 2266 2473 1530 867 1982 2835 1446 2710 1294 1338 127 1421 573 1009 2455 1828 2481 352 2139 537 600 837 267 1267 2338 1539 2100 223 2486 2614 1698 2797 2460 709 403 17 687 665 1622 1480 299 1238 2175 1815 1939 405 1295 1291 1994 538 2607 1660 264 1549 2844 2092 2833 166 667 2168 2576 226 2223 1101 2677 2371 1258 2783 428 2452 2776 814 2269 2722 2738 2253 2093 1520 186 2109 1240 2811 2595 2255 2635 2484 955 1159 2063 422 1398
1017 1518 1290 908 2282 530 631 1604 2140 446 1981 1301 1237 1567 451 2796 1331 2458 1058 1909 921 1614 1613 2064 1978 2049 2596 1002 662 1384 1100 1495 966 984 355 1554 1673 2660 1404 2600 1155 942 1676 243 813 2085 660 2392 2093 320 1808 2262 1739 1419 1370 1879 1119 186 1705 1105 1396 1906 1742 2782 2274 1688 1516 607 2696 918 253 1089 2722 2648 487 124 1455 1271 2257 2219 2543 2559 1853 1621 394 763 709 1454 2618 1681 2259 7 1546 336 434 869 2065 700 1000 151
909 971 1596 669 2498 1108 214 1911 1487 2448 1953 1866 2197 2688 43 2150 585 2720 2562 2442 2740 2048 476 2168 2623 1757 2749 924 1525 1696 1139 2348 644 320 2710 270 661 2109 956 1726 2706 2468 1949 1090 1802 1602 1227 2503 2595 1768 2228 2261 565 1712 422 2572 2823 1880 1471 630 592 1560 1763 2263 1308 1283 1477 1661 1676 387 1170 2160 2841 2648 2278 586 1093 229 2194 2188 1082 2450 335 2783 1280 1702 2761 1882 636 1318 104 1217 443 1194 244 2725 2807 2591 2067 594
2054 646 2787 293 1951 2409 1306 727 1451 1928 1175 1166 658 1361 589 1693 2540 1333 1798 485 898 2000 2430 695 2656 789 714 1137 2149 803 1558 364 251 1394 426 63 436 1427 1161 614 132 101 2759 529 962 1213 395 1883 1298 2381 1176 1513 1900 2323 2784 2504 483 1559 1019 1597 240 374 1300 1230 215 2320 1847 244 2016 2040 545 2113 2644 1804 182 1087 1786 1115 1334 1743 1631 2066 1389 44 2324 1149 310 1257 1353 1093 2072 2827 1971 2242 304 2546 2143 24 1106 2238
999 2765 1967 726 390 1635 31 326 2236 838 209 580 2053 159 2059 314 464 1050 1475 1662 2715 1317 1715 1262 478 1568 296 1706 408 455 1024 356 225 484 1787 1282 2301 2396 2173 363 2806 2025 52 1929 2429 331 207 1140 2017 1378 2232 1124 1275 786 758 1187 295 1008 1730 1932 139 1648 389 61 780 2244 1274 471 1039 192 467 2698 1780 1143 1465 534 655 2280 268 418 1921 806 1912 1503 2407 653 1037 1438 1127 799 2406 1481 1755 721 2402 27 2465 1395 1472 49
1583 998 2792 919 2682 1063 1354 1769 517 567 952 841 2778 1579 1791 930 2252 118 1578 9 1977 945 1531 639 227 778 1854 887 1179 1651 1970 2328 382 2711 916 2647 928 2491 1770 1367 2081 1368 1851 819 1920 1470 2723 2042 982 515 1667 748 114 808 2361 2065 2729 763 2379 2225 1239 1819 2459 2488 1625 1657 2575 975 1528 2103 2097 7 1042 1585 1864 98 875 2304 701 2349 579 2310 923 492 566 2793 1209 151 1154 869 2334 1211 809 910 381 1546 1402 513 2067 25
1649 645 1444 1054 947 440 1029 1679 445 1045 1422 2011 2241 2836 1381 1623 155 169 1544 2050 735 712 1663 1328 2707 2735 1782 1617 2628 2837 1658 2130 1860 1993 319 1636 201 1840 51 2439 134 2767 562 965 2840 2826 1552 463 900 550 1796 305 2352 1253 1586 992 2721 2046 674 1948 2649 179 563 2545 497 2133 1496 2076 260 48 769 2287 64 1148 1307 2454 2088 194 2650 1486 1775 2713 59 1123 1757 2815 1640 2034 715 1416 518 611 2272 2312 659 1901 489 2309 1569 906
2171 2810 2043 1702 2643 2666 650 759 2816 1603 1260 411 620 2346 1916 285 820 2841 1227 1188 2230 1221 807 1953 468 732 335 2502 2591 181 1891 1397 475 1570 1139 1541 1696 1083 922 6 582 1697 1524 1605 420 1858 2167 2152 1723 148 2048 22 1326 375 510 2768 1797 5 1153 2216 1213 2079 1080 980 1898 844 1515 2278 1763 334 2168 724 244 752 636 1768 1602 1217 690 1882 2751 2351 2179 1214 2160 1502 546 2128 1949 594 476 2066 1090 924 669 2468 1629 1744 42 1019
264 2484 837 2455 2092 1009 2139 2844 2833 1925 1982 2797 1122 299 1619 1698 2063 1887 1549 2269 706 2338 1294 1863 891 1159 1735 90 656 2412 1815 403 2215 2223 2123 2332 2371 667 428 2385 2356 195 438 1594 1446 1994 1571 1229 2731 2481 267 1609 741 2616 2619 2486 2576 404 263 2607 1129 1238 1267 1112 1291 2273 1411 1622 1660 1939 1862 1 2633 1195 2500 885 879 1480 641 223 2709 1877 573 1814 1816 378 17 704 1542 2703 2266 867 600 2834 2255 349 2584 1191 1551 1338
2674 734 2099 330 1896 587 1532 2500 1741 354 2479 1376 705 699 1339 28 505 972 458 313 1827 602 2193 238 711 356 2527 296 2764 2177 2119 152 68 2181 2552 2017 2592 633 653 1274 2052 1991 1164 963 771 2610 2306 2283 799 847 2365 1117 2402 1127 503 968 721 2370 2681 1598 1109 553 2144 1332 1282 523 316 2822 120 1135 209 772 200 2698 1746 1774 2597 162 408 1708 1823 220 1647 1961 2316 2028 326 1543 649 1972 261 1956 1917 2819 245 27 1680 2534 1010 1327
257 535 2843 1871 2613 2196 1527 1498 605 2377 610 1800 410 774 1913 1142 2492 2006 1094 937 336 94 434 1966 1133 1731 1131 870 2549 1040 855 1516 1850 673 717 800 2697 1634 1424 2519 1794 1936 1311 2417 2005 365 1309 1174 2788 749 2299 2290 253 2095 2609 2243 1946 593 821 1573 648 1020 2341 1645 392 1419 1138 2251 2830 1002 1455 2560 2087 435 1581 2331 1079 2680 544 881 678 288 883 2730 1243 416 1068 1005 2364 2746 1992 1379 2151 248 355 742 2102 1670 908 301
2363 2460 879 1619 2709 1925 1549 1242 1982 2576 1480 2844 1816 2524 1660 557 1122 223 2104 1539 1421 573 2797 2139 2175 160 2607 2633 2226 1366 882 1078 2833 123 891 1863 299 2783 2269 2776 267 414 796 2572 1295 17 2273 2094 385 2635 1862 1291 352 2215 594 264 969 2731 2455 2168 1238 827 1530 669 2092 820 961 428 23 2661 2473 1646 1814 1462 1477 598 1267 1014 1541 1184 551 2834 400 2468 2403 2203 1320 1869 2183 2036 1897 469 2653 214 641 226 2541 145 1010 423
2389 1545 4 59 2367 1752 547 2530 996 1407 1319 1386 1146 1181 271 2208 2011 611 1942 626 188 943 221 2515 2440 1677 556 345 826 645 1095 994 1491 1056 950 2270 608 1411 2631 1405 1408 2300 2817 2648 2213 709 1202 2419 2584 1892 2837 274 2595 2755 2801 2130 260 1552 2148 349 1324 2138 932 2675 41 2037 2088 892 2411 1112 1983 817 961 1190 2738 2082 795 1788 526 1771 2692 1327 1555 2212 1615 1584 1624 186 489 2069 2183 463 503 2676 1587 85 1828 169 2661 712
523 505 2500 2181 175 587 2552 705 2365 2370 2819 2689 1896 28 2527 2674 2193 602 313 1991 1823 1827 458 2283 2681 1117 847 238 2119 152 734 711 354 849 1332 81 699 2479 1164 1109 120 2716 1563 2822 1475 367 1314 968 1111 1143 780 1885 2099 1273 1741 2534 2177 963 452 2244 2764 68 561 1465 2285 356 2173 1010 314 2610 1774 1680 633 2698 1852 2236 2402 534 1955 553 2237 2799 2144 2597 2191 2017 1037 2429 330 1378 53 220 316 1974 296 1297 2765 1240 2396 1339
2365 2370 81 2689 705 2534 2500 152 2819 2181 2479 2527 2119 587 1111 2552 2681 120 313 505 175 238 2557 602 847 2674 31 523 2283 2193 580 1730 2177 1741 1827 849 2396 458 52 504 1332 2765 1141 2716 1472 28 159 1787 1896 699 192 326 2052 1563 452 2237 1011 1692 467 1929 1293 653 711 209 2715 1275 2821 999 1097 1912 2173 2017 92 356 1143 734 1378 2806 2316 1532 418 1376 2250 2398 200 2592 2639 1026 1010 561 1465 2683 53 1314 225 1955 1481 2025 296 367
2109 150 1171 2249 2567 1214 300 2841 1139 2823 22 1525 2554 419 2317 396 2153 761 537 422 2751 924 894 96 2094 2688 957 1953 1697 1217 1661 941 2222 2263 244 2473 1304 1632 2141 1280 1170 459 687 2079 2313 2261 127 189 1546 1763 1605 2175 1555 1560 582 2677 481 594 1910 1032 1727 1927 1696 2156 1995 814 1078 115 2353 1892 1090 1987 2595 2168 1502 1949 669 375 2152 2797 2503 815 1227 333 1371 1199 214 1570 1858 856 56 147 2623 1084 1015 1315 586 2338 2627 2278
2510 431 70 2561 1839 1035 1125 1753 1834 18 1842 2077 2777 1759 2644 601 2478 2663 2772 315 2 2757 2015 1557 395 529 2818 951 1252 2323 962 1443 2686 1798 2622 1390 1801 2759 1394 374 1186 2242 1938 1230 572 1833 688 767 2040 1207 1391 889 1333 1767 522 803 2072 545 2504 646 2314 2149 2277 989 1137 990 1334 1427 277 364 1114 578 658 251 1683 931 1747 1306 1357 1257 1036 1786 2409 2381 426 2302 714 2656 1558 1413 1971 695 101 2579 531 789 1166 1928 2000 581
1779 2145 773 2102 2763 1992 1385 1511 519 406 1969 1007 730 1526 1670 742 2516 1894 338 1442 11 1325 881 2680 1311 248 648 821 855 1454 1800 811 1165 2809 870 1020 1466 2377 253 843 1138 1309 2095 709 365 2302 1473 538 2219 1110 2830 1573 2087 392 1424 535 336 1498 191 800 2243 1133 1142 2560 1850 678 1707 435 1581 1966 1068 544 1419 434 717 1379 1040 112 610 1516 1634 1645 763 605 1731 1079 1871 2151 673 2519 1913 2624 186 2788 974 2110 1131 1174 2251 1455
70 1125 1753 1834 2777 2077 18 2561 1842 2772 1759 2478 2757 2510 2015 1252 431 951 1557 2663 315 2818 601 2 2622 1035 1390 1839 2323 1186 2644 2302 1165 395 522 688 990 962 529 1798 2759 1443 572 646 1391 2314 767 1333 426 374 2040 1235 2242 1394 2504 364 215 1801 578 101 1427 502 2409 1230 2624 1166 2686 1323 251 2315 436 2546 803 1413 2277 359 1928 2685 714 989 1833 545 1980 1389 1938 1115 2238 898 766 2667 2149 2471 297 191 2054 1306 1767 240 1821 581
1545 4 2389 1624 817 2817 1926 59 1146 2270 2411 2082 2528 2300 547 188 1752 1407 221 611 1319 1386 2790 1644 1737 712 1934 1405 2011 556 312 626 943 826 2367 2501 987 1656 2832 85 1102 463 1993 1190 900 2515 283 996 613 1983 2530 1414 635 925 1045 1181 1202 2419 1617 645 2574 2044 1489 795 2584 860 2477 445 1701 260 1486 1369 2069 266 1029 1710 1328 606 1552 559 345 1782 2692 2130 2439 2675 1411 1988 1208 1381 932 2626 134 2840 179 1627 1491 1878 305 2648
221 1146 4 2790 2411 943 312 2817 1405 1752 1102 1624 188 2832 1545 1934 2528 1926 2082 1407 2389 2501 1644 2270 817 2300 556 826 283 613 1656 1737 611 635 59 1386 1319 1983 987 547 2069 626 2574 266 2477 1414 85 2011 1190 2419 2367 2515 900 2044 712 559 1486 2544 1208 1369 925 2133 260 2397 463 2530 996 606 2084 1181 1627 445 489 1489 1202 1552 2454 2358 2424 2626 345 977 2652 674 1437 1878 2675 675 1092 1428 1993 2676 1046 795 2724 645 1422 1710 2312 1988
1944 137 2813 2135 1056 2382 2842 2248 2558 1212 146 1076 165 2728 725 804 2286 899 2435 2207 1937 948 2825 1464 1606 2294 1899 1055 2766 1223 329 447 1067 2393 2741 1639 116 686 1547 2683 2305 2057 1825 1463 2580 1185 2511 204 1874 1841 494 2569 647 2068 1130 2736 2708 1935 2438 79 246 1134 692 2665 722 491 2639 682 1126 1592 1777 2291 2292 1940 2719 2506 1452 2041 2319 574 362 2258 1868 2436 657 97 442 2526 2598 1897 677 939 1986 2220 140 2427 2440 482 1433 2704
1179 2682 887 1977 639 1583 1579 2252 1651 1578 841 998 2778 2647 2491 1063 2328 952 9 945 919 1354 1470 1920 930 1531 1769 1791 118 819 1667 1770 567 916 227 748 2792 2459 1368 1367 2729 928 982 2379 1154 2488 492 2575 778 2723 515 517 2711 1854 2042 114 1970 1657 382 1851 1585 579 1239 2225 1042 2349 875 2081 763 2310 2097 2065 808 2103 311 1211 566 1528 1819 1209 25 512 910 1210 2550 2026 2067 809 1625 1507 2304 923 381 1864 1566 1691 1168 1299 513 1274
1681 1000 1853 1695 487 1705 2600 1739 942 2664 791 2085 360 1508 1331 54 2259 1384 542 1673 2458 337 1614 966 2782 1742 660 710 1893 1518 1370 2257 1287 50 2369 1554 1290 1565 2696 2803 1017 355 2064 631 813 1770 2596 2618 1031 921 2559 1396 2796 243 2282 1909 1002 151 607 1495 1613 381 1105 1301 2543 2341 908 1271 1455 1058 1920 528 227 451 114 1978 945 2140 662 2093 2262 2460 530 1851 2660 916 809 2074 781 1854 1546 2364 2711 937 2723 253 2042 1676 2361 2549
1663 1054 1444 1649 947 2767 2836 1623 1381 169 1328 2241 2837 1679 1544 2707 645 1782 1658 2628 2352 1860 201 1045 440 1422 2713 445 712 2050 735 2011 1636 194 1029 992 1617 319 2439 2130 769 2046 674 2133 900 1496 2815 2826 965 134 1840 155 1796 1437 1586 1486 1775 2309 1993 1148 2287 59 563 497 2735 2312 1757 489 1218 51 2272 168 1752 1965 986 1552 562 1640 1307 1123 123 2433 1208 260 2084 1253 1948 1316 978 1051 1468 305 2076 1901 2840 48 1453 2652 2556 2545
2777 1753 1125 2772 2077 2478 1834 2015 1252 70 18 1842 951 2561 2818 1186 1759 1557 2 2757 2663 315 1323 2510 431 601 1035 2622 688 1165 1235 1391 2624 1390 103 2314 990 2302 767 126 578 1443 297 522 1839 2315 2686 1413 2276 2323 1333 1845 1980 369 1821 2685 1767 1114 502 2601 769 1938 2546 277 1340 2644 931 889 646 2471 395 250 2702 1833 191 1908 2409 1608 658 768 2277 1801 1720 2113 2022 2178 572 63 1175 426 2496 2161 1951 359 1115 727 684 924 1161 2759
374 2546 1883 1785 545 2759 63 1353 328 395 1115 529 1513 2238 1773 581 1230 2504 2381 483 1228 1161 1847 803 101 251 1394 341 1801 364 2644 2579 2040 989 1900 1533 1683 2277 1213 436 576 766 2113 737 132 215 1106 1971 617 1334 695 2700 1559 1389 1019 2242 1427 2323 789 1257 1300 95 1786 2180 1333 1898 1178 596 2547 1176 304 1357 2114 1561 824 1137 2178 2523 658 1091 2542 2784 926 1087 1631 1224 572 2000 2022 2066 646 2190 34 757 2827 407 1361 2149 1451 310
2053 1140 2236 1037 1124 430 2402 1282 1822 1143 27 1921 2765 654 1024 1274 356 721 2406 2465 2505 390 1475 1187 296 1118 49 331 1635 1967 1648 580 1972 1715 1216 1297 1472 408 1317 1273 655 2611 1692 643 478 1127 1039 1008 326 1756 2396 1787 2301 805 1293 1141 209 2173 1662 1011 1647 625 1050 2794 2531 1506 936 1378 1097 471 159 838 2698 1755 1395 1612 245 314 31 2280 2232 1781 1438 452 2407 653 1262 295 1356 1435 2070 1022 467 139 2806 131 2017 2091 1918 1568
1752 221 1146 943 4 2389 312 2832 1102 1545 1934 2817 1405 188 2501 2790 2411 611 1319 59 1386 547 613 1656 2367 2270 2082 2069 2528 1486 635 1624 556 1983 987 1644 2419 1316 900 2652 817 559 260 1407 2011 626 2044 826 489 2300 2433 1437 712 1926 2515 2544 950 1190 1422 1208 1552 283 925 2084 1092 1489 1627 1369 1737 2826 1663 992 155 2837 2477 2133 2836 1381 1496 1649 2556 2574 259 977 2439 1782 134 2241 2050 85 1658 735 1636 674 1901 1414 1307 1453 445 463
967 1804 293 2320 2756 792 739 1728 1719 2295 2413 1149 1166 2224 754 426 646 2533 1207 2409 2021 135 1928 789 29 1448 898 2296 2054 1451 688 658 1306 1087 1898 80 2648 1137 714 218 2615 240 24 1091 388 76 558 2784 2787 1557 1394 2143 695 2644 498 466 1427 1555 483 2323 163 244 803 1597 1616 132 2430 1265 2673 522 1093 1558 2024 2354 707 2759 1361 485 2072 962 2535 589 895 865 1590 1006 2172 1631 957 91 1186 2016 213 2508 1231 727 1900 2040 1478 1308
2354 2320 1149 29 2533 1849 707 2615 967 286 2172 135 558 1448 426 2413 2756 24 2143 2673 2295 1597 293 213 2408 1804 2024 739 80 1478 1296 1269 91 1265 1689 2021 2430 1719 1867 1728 1529 119 1383 792 2390 695 634 853 520 184 540 2054 2566 2224 1469 2235 754 218 1945 232 1722 1298 2638 646 498 132 2827 424 1334 1091 1984 2323 2072 244 2366 466 757 425 2078 2016 1798 1176 1631 1535 1093 529 1236 76 868 1207 802 1137 2015 898 1252 2149 1361 1558 2644 2787
1860 2545 2272 1496 1316 2713 2433 2556 497 1636 1453 1965 1948 1381 2034 2241 1362 1416 155 1658 1586 64 1897 201 2309 1782 1757 2628 2721 305 2352 1901 1096 1569 645 1490 1218 715 1051 1544 562 1796 2815 439 2376 1606 51 48 2011 137 1623 100 1649 2741 2135 1054 547 2836 1840 440 1045 2825 747 712 116 2650 611 260 2686 2046 204 1944 899 2439 1328 1319 2767 1444 123 2842 947 1993 2766 986 1029 1386 2837 1212 1663 169 882 194 900 1261 1617 2213 1486 2270 1422 134
1115 2054 2787 646 1951 2113 2178 2546 304 2430 1175 1389 359 293 1137 1213 1300 614 1037 2066 364 858 1883 1306 1513 658 436 2540 1798 1161 215 485 2409 483 374 1427 1124 101 1166 727 1773 2000 1847 2500 1869 1928 244 92 24 2040 328 2143 1501 898 529 968 2279 152 2053 1019 2504 2238 2784 1353 2280 1273 63 1010 2759 2173 1333 803 1140 895 1900 962 2493 1685 2228 1559 1829 251 28 1598 443 2177 93 2149 2765 1168 395 2479 1230 1299 128 1394 1024 2381 679 847
2601 2624 2471 103 1235 502 1845 1323 578 990 297 688 1908 1340 848 126 1830 1114 1608 931 768 2276 65 1186 1413 903 250 702 1821 1107 1720 284 1391 1512 1310 1767 835 1975 2314 2388 684 1254 522 1605 2478 1125 2036 1557 1753 2077 1922 2777 2667 2772 1397 2661 2768 420 1014 400 767 1601 2620 865 820 300 2302 1834 1165 2567 315 70 2183 2671 1723 2571 379 2757 1390 244 2109 601 1916 2622 1759 690 2346 2345 1986 827 2841 1980 469 739 646 1646 1832 335 2778 1616
865 1038 2520 640 1754 13 2640 828 2671 2795 176 536 672 932 1266 2602 289 2828 2384 2210 340 1431 979 377 733 866 1952 2421 121 1888 292 2083 1668 1430 1374 142 429 933 1910 1249 2808 2570 2108 2078 1686 21 1272 2786 1418 36 1049 1553 332 1562 2227 1588 432 2629 78 893 1329 2798 868 1337 2839 1429 2539 554 302 698 361 964 555 2451 1492 729 417 199 2117 2333 2668 323 2578 1890 886 802 839 2047 1398 988 2120 2335 681 2029 1132 2090 2031 2428 597 2743
147 2473 2820 1421 892 1615 46 1767 5 349 1291 931 1539 1591 352 2595 1114 2520 577 2641 1 223 1167 891 2624 2671 2128 2635 339 2326 1186 1238 1540 2340 2215 1454 688 2648 538 2422 2234 1618 1646 2506 1324 267 2080 1095 1016 34 1358 2183 1575 1323 1821 848 814 2616 2324 307 2677 1355 342 465 843 126 2247 2523 2210 2395 2314 1391 932 2213 1013 969 1852 414 1973 756 1272 933 578 2036 1720 1168 391 2158 1299 1014 2571 133 2360 1669 1677 551 1631 1036 2004 1763
2682 2252 1920 1651 1063 1579 1578 1583 945 841 639 2647 887 1179 998 952 916 1977 1770 227 1769 1367 2778 919 2328 9 2491 1368 1354 118 930 567 2792 2729 2042 2723 819 1531 114 1239 928 1791 517 1470 2081 1667 2225 982 1851 515 1657 1970 1585 2103 2488 1042 763 1528 2575 748 1854 778 2379 2711 2310 1625 2065 1154 492 2459 2349 512 2097 809 1209 382 381 1819 1168 808 1566 910 579 1299 7 1211 1546 2026 1864 1419 975 513 566 355 1904 858 1598 27 553 875
2818 2077 1252 2015 1125 951 1443 2561 1834 2777 2478 1391 70 2314 1753 2772 767 1186 990 223 2671 688 1238 1291 1446 414 932 2335 2624 211 889 5 1323 267 578 933 2571 1294 2510 1235 2795 2276 1095 1557 1686 1989 2083 668 1418 289 502 2273 2496 1938 1833 432 1910 2520 2757 1767 18 1842 1521 768 1883 2755 277 1556 1272 103 1764 1413 879 78 297 698 1353 733 931 1114 63 147 302 893 176 745 400 2808 358 1267 1035 1049 1398 1090 843 714 1763 2535 2302 2168
1624 1146 2411 1644 2528 2817 1752 4 2389 312 2790 1545 2832 221 1102 1405 2501 1934 59 817 943 188 2270 1926 1656 1407 2082 635 987 611 556 1319 2044 2011 1386 1983 547 2300 1737 2367 1190 1202 613 826 712 283 2477 85 2069 900 445 2574 2419 925 266 1486 260 559 1208 1552 1627 626 1369 2515 2544 2626 463 606 645 1993 1782 1799 2084 1181 1414 489 674 2397 1489 2840 1045 1381 1617 1422 2133 2676 2358 1878 259 2675 2241 2439 2050 2652 2556 2837 2826 134 1710 1437
2468 894 1880 636 419 2678 2197 2554 300 2823 1032 96 1318 2573 1315 2263 1502 1632 1726 2153 1797 2623 396 1536 147 2216 2494 2079 117 1802 459 879 1995 2060 2784 2807 2425 1108 2571 2168 2572 1336 2313 1927 189 181 2726 1702 1198 307 924 2160 1744 2476 856 2203 546 327 1763 1882 2030 42 1080 2791 2094 2128 690 1907 115 333 1083 814 127 2278 2705 2740 669 732 1025 1539 762 1059 1013 2503 1090 1184 1221 2643 1082 285 1280 106 1205 2162 20 1171 171 661 335 1863
711 503 633 587 2592 2052 2365 120 2552 2479 81 238 2181 2500 602 2193 1111 2681 1376 313 1680 261 1896 772 1532 28 505 152 2119 1332 356 2370 344 2742 1164 1472 1555 2527 653 1852 2674 2017 314 2698 2322 296 2597 1109 2819 734 1327 2212 705 1755 1827 2716 2283 2822 1774 523 849 999 699 721 2250 2237 216 1473 2610 2177 2191 458 1912 1730 580 326 354 2689 1135 1274 2715 27 209 1010 740 408 1921 2764 159 330 1273 726 1692 1117 2173 1991 1708 1216 2402 799
2600 1705 1681 942 2085 487 2664 1695 1739 1000 1853 1331 2458 1614 1673 54 542 1287 360 1893 791 2369 1565 966 1508 2259 50 1031 2803 1384 710 660 337 355 1495 1742 2782 2257 1370 1017 1770 2543 1002 908 2696 381 243 1396 2660 2796 2618 1290 2282 1518 813 1105 2559 1554 2341 2596 151 2093 2262 2147 1920 1271 2064 781 1978 1479 2711 2460 809 607 631 921 1211 1301 1909 2132 984 2364 2140 21 2049 852 528 2363 1058 1854 2549 1546 709 1419 320 1613 1676 2219 253 289
2320 2533 29 80 1149 426 135 2354 1597 293 213 1296 558 707 2408 2143 757 119 2756 24 2295 1231 1265 2413 2021 286 2024 2615 1448 1804 2172 754 967 1849 2430 2673 1478 739 2054 1728 2366 1383 424 1451 1984 498 634 2072 520 646 898 1951 2566 1326 1306 2644 658 1361 1269 1175 184 244 2323 589 375 2638 695 1394 1558 1945 1689 251 19 1719 1312 1137 529 853 1333 466 485 803 1166 1529 1559 91 232 2464 1798 395 1900 1207 132 2508 2787 727 792 1298 1616 2040
392 301 1077 2264 2331 809 69 1419 648 248 519 1546 1973 2132 538 7 355 1992 2081 2103 1454 2334 94 1424 717 879 2186 843 1133 781 1625 1331 908 1170 937 2843 1200 773 2102 2460 1566 1309 1634 1819 2101 2792 253 2027 543 1946 1142 105 605 1423 365 2519 2256 2763 1040 2005 869 1367 434 1769 1966 2318 1042 2394 114 1963 975 1442 1913 1778 1402 916 1311 256 2535 1211 630 2573 1794 1519 2341 2006 1565 800 1770 2363 2593 568 1851 610 1105 1128 567 1239 855 2549
127 2138 2246 2266 1411 879 2175 2584 2473 147 1863 2710 1939 2616 2677 557 2595 1630 1355 2515 2139 1446 1539 687 1294 1862 2648 2833 2132 2213 1167 1811 2481 1122 2092 573 2104 1036 1129 349 264 1549 932 2662 1445 1242 1982 787 2797 685 2460 444 638 30 2635 537 1694 299 1828 1360 1514 2524 2801 2484 1803 1519 1327 71 1973 2212 837 2094 2189 697 1440 2631 352 741 2844 577 1201 810 1615 1170 924 273 870 543 267 1480 2452 17 1078 2709 1324 396 814 2661 2047 1295
348 2649 1369 925 1870 2769 26 2454 712 179 1045 550 305 445 2050 51 463 2011 2241 2538 480 1710 1029 1328 155 645 2130 1381 1617 59 1658 2714 260 1993 611 1934 663 1782 518 562 1983 2501 1417 1644 64 1544 1796 2721 547 1319 817 48 1649 1489 2439 1569 2528 2574 2375 1545 440 1552 860 188 900 2817 1190 169 1752 1486 2840 1663 1701 1624 2837 735 489 2044 168 1840 2650 2389 2735 1640 2545 197 2411 674 932 2515 1788 524 1576 1146 1422 2034 1656 2046 2004 2084
1944 146 1056 137 2435 2813 1899 447 2766 2294 2728 1055 2842 2286 1076 2382 2248 2057 2825 2580 948 1937 1464 2683 1223 2207 2558 2569 1547 686 2135 1212 2393 2305 2438 899 494 1067 1639 804 1463 1592 165 1606 2741 725 682 329 2511 1185 491 2708 1874 2291 116 2068 79 692 2639 2719 1935 722 1452 2526 939 647 574 1825 2736 204 2427 2319 1134 2665 2292 1777 1841 677 246 2220 1130 1433 217 2041 1868 1126 482 442 2445 1931 657 1168 1299 2183 2704 1721 2089 1771 2506 444
941 2677 2503 84 582 546 594 1953 1221 2562 2494 1596 1199 396 115 2261 1462 815 1139 2761 1696 387 1768 1616 1802 423 2115 281 244 2498 1949 2688 300 2194 2386 2720 214 1183 270 6 820 2150 2359 1073 1283 636 1987 1591 971 761 1541 732 1536 40 2278 1757 2048 1880 1866 909 1995 2823 1502 2348 285 491 1308 1763 334 2639 1223 2197 104 1602 851 750 1605 43 1603 1726 1318 1560 2188 1874 1400 2683 2109 1198 2263 1153 882 657 646 2841 2569 922 1922 1390 2249 2473
1631 576 529 1513 1801 2277 2759 251 1561 1558 1847 1300 1334 1883 803 2542 2644 898 374 63 2149 2656 1161 1743 1683 789 2323 2000 596 1773 1394 658 962 2409 2072 1353 2381 1343 1333 1693 1798 545 2700 2504 646 2579 310 1224 2540 1928 695 1166 95 2242 1306 2547 714 1689 1427 465 727 395 581 44 2737 1447 1990 1230 483 1091 132 589 1971 617 1087 291 1137 614 485 824 364 1298 1106 2827 1469 949 1175 16 1672 1176 1483 1019 2238 1786 328 1257 1898 1713 1785 1389
1325 1442 1526 2516 1779 1670 1511 1969 792 1707 742 1007 2102 1454 191 2763 2145 730 1079 773 2302 1165 1385 739 544 406 1992 1020 881 843 1894 811 1581 91 11 538 1573 2110 248 855 1110 2235 1309 66 1311 1197 2680 2260 338 568 800 853 1986 499 1138 2560 392 435 821 1186 2667 253 1745 112 1783 1040 1966 664 870 1968 519 2151 1516 2290 1068 1601 2449 2143 1423 678 410 2624 2087 358 2430 184 1243 365 516 878 717 634 2095 2788 1379 1473 2318 2251 1800 1757
296 1262 455 356 1274 838 1662 2232 209 408 2765 1706 1282 2794 2059 1568 1024 2396 464 1127 225 2025 2173 1503 61 799 653 207 726 806 1506 314 268 1275 239 2236 1715 331 390 1378 2017 2091 2053 326 1039 2698 1967 1472 52 1787 131 2429 999 2531 1124 1475 471 2301 1438 192 840 478 363 484 1140 534 49 346 245 1635 295 580 2715 467 1921 139 1781 113 1050 31 200 2669 495 1008 654 2061 1273 1011 1929 1648 290 1780 2470 2806 525 108 2280 1875 1317 927
932 1049 536 1910 13 2210 1588 2520 733 1272 865 866 1249 839 121 1266 2083 933 828 78 289 640 323 21 1038 1132 2640 1754 2795 2808 680 432 1431 302 988 332 361 569 1398 36 698 2384 893 176 1888 292 1952 377 2078 672 1686 2451 193 964 417 1430 979 1268 1521 199 955 2828 555 2578 1763 1033 340 1562 2117 220 1553 2570 2428 2333 1374 1053 1041 1329 1668 2629 2743 1949 2602 2668 2032 2671 1418 2839 597 142 886 2120 2421 429 2090 1337 2227 2353 56 1393
120 2500 587 653 2681 356 2191 296 2597 2552 1974 602 2365 705 2527 2119 523 2181 505 1282 1896 2716 2479 1011 1317 1332 849 2674 721 408 2052 2819 2236 175 238 1475 1756 220 1274 2370 1568 81 2017 1472 1972 1376 1111 2193 2402 1127 780 711 2099 2232 326 580 633 290 209 2592 699 1240 2396 458 2173 2689 1823 504 734 1647 1037 367 1991 2053 2283 1755 1655 313 2244 139 92 2406 1787 1262 2812 1143 847 2237 1827 2322 1187 1961 2794 314 503 330 1912 1297 1008 152
712 2011 1486 2050 1328 925 900 260 1369 1663 645 1782 1544 947 1054 169 2419 1489 1045 1417 2837 2241 1658 2826 1437 1444 1623 2836 2439 1552 1545 559 1381 1710 2652 51 445 1208 1307 1649 563 440 2649 1405 1422 2767 134 1617 188 2707 155 674 221 1679 2454 1993 2130 860 1934 735 26 1796 1218 179 2817 2840 463 2574 1752 305 348 943 2528 1983 611 59 489 2424 1627 2545 4 613 1190 2515 1701 2076 1046 992 2501 2084 1656 2046 659 2411 1319 562 1092 1386 1878 1640
2073 751 2281 2239 1014 920 230 469 2036 1601 187 32 379 1538 1459 2605 1476 1841 1748 1482 1713 362 132 917 541 1353 2699 1818 564 2080 1224 2288 39 1176 1950 926 1116 88 1693 1192 2422 2493 2033 1996 695 2296 55 1036 1180 902 2202 1152 2603 818 2745 397 1304 2247 824 1357 2345 1846 789 1714 2656 47 590 1919 2495 441 736 2190 310 1743 83 2114 2258 2784 1013 792 1593 2111 2827 2641 1178 1467 2176 2523 2326 2579 2054 75 1898 1130 2489 636 2547 861 683 1999
2790 1624 2411 312 1146 221 4 2528 1405 2832 1102 2817 943 1934 2389 188 1752 1926 1644 1545 2501 2082 556 2270 987 1386 817 1407 826 635 283 1737 1656 59 611 547 613 2300 1983 1319 2044 2477 266 85 626 1190 2069 900 2419 2574 2367 2011 1627 2515 1208 1414 559 1486 1202 2544 2084 260 2133 1489 712 606 489 2626 2397 1181 2676 463 2358 1552 1878 645 2675 674 925 2652 1993 1369 2424 1988 445 2439 1417 1710 675 1428 860 977 1046 134 651 2724 2837 2648 259 1437
1588 536 1132 1431 121 193 988 36 1033 2078 866 1393 555 1686 569 2743 1699 1430 1249 802 2384 417 1418 597 289 142 733 332 21 2029 2451 1553 176 2117 302 1492 979 432 2668 1886 1890 1398 886 429 1562 1053 78 554 292 361 2333 1888 2520 1268 680 1038 2083 2640 2090 932 1910 13 2227 1065 1266 640 340 868 828 2808 893 1952 1374 62 1272 2210 2786 964 672 199 933 865 1668 2795 427 1337 2428 2578 2108 1236 901 1429 1754 1793 377 2602 1256 2629 2828 698
2269 2797 891 2473 2484 264 2844 2455 687 2092 90 1122 2403 2255 1982 2576 573 1925 2833 2175 867 299 837 2266 214 2139 537 2385 1480 2094 1539 1712 352 428 879 594 17 667 2811 2123 1 2063 1242 814 704 2677 1660 1735 2339 1009 1291 1421 2223 551 2554 226 1816 267 894 1602 147 1609 1760 2731 592 1238 2607 1108 1571 2348 1930 1197 2234 1939 404 1551 1358 2327 2820 96 1525 127 2150 1336 857 469 1366 888 669 1748 1520 1594 1815 1078 1365 1661 1619 1698 885 2838
1139 214 1953 2109 2841 2153 1661 2348 1602 2572 1525 1371 894 1171 1632 2263 106 22 1605 2623 2203 1214 2554 1198 2751 2706 1659 419 954 851 2048 1712 1866 924 957 2567 40 2197 2448 1927 96 1685 1333 1768 300 182 2317 244 1184 1315 844 1280 2562 658 149 1760 2030 84 1205 2404 1397 1471 2278 23 1744 304 2502 2768 509 1570 510 1199 1889 420 594 2079 423 2160 2494 1004 63 335 586 2677 2678 117 744 1802 1434 1019 2178 2705 2464 1032 1502 104 690 2152 941 485
2601 2471 768 502 990 297 848 1845 103 1830 1323 903 1235 2624 1608 688 702 578 931 65 1114 250 1512 284 1908 1186 1720 1107 1821 1975 1340 126 1767 1391 1310 835 2276 684 1413 1254 2388 2314 2080 2571 1013 522 1669 300 1646 414 400 2079 2661 538 2036 2395 2340 1104 1450 1277 2136 2176 1620 1147 1016 379 1691 1834 1482 1130 767 1336 147 1014 1125 1315 1753 2326 2077 240 2130 55 483 1763 2650 1523 2535 843 2641 584 1474 246 2671 205 575 1601 2150 827 2160 2802
1909 908 631 1518 2796 607 1613 2093 1981 1017 1290 1879 446 2282 2140 1237 1567 1516 186 1331 662 394 1614 1301 2049 1384 530 921 2392 660 2596 355 1455 1002 451 243 1100 253 2660 1495 1978 2543 2064 1604 2458 984 1906 709 942 1808 1058 791 1174 1404 320 1155 1673 2219 855 1800 2559 2600 1949 1119 1142 434 538 2618 2843 2037 2648 1811 2803 2085 1554 813 1088 966 2595 2065 124 1742 1311 1892 2274 1000 1508 1739 1850 1454 336 1677 1498 1851 1904 2364 2006 1105 1287 2507
2315 1980 2685 2702 277 2 767 2663 315 1833 18 1413 2510 2314 1391 1073 688 1753 2388 431 2478 601 1842 2772 1165 1186 1125 2818 2302 1340 951 70 1759 1767 211 126 1938 369 1443 2757 2624 684 2161 1557 191 1834 2622 578 2532 2077 2015 1252 1114 2777 1512 768 250 269 903 65 1323 1608 1147 1821 161 1904 931 2518 1975 889 1720 352 2255 541 531 2755 1254 1747 60 2686 1117 2276 2496 1845 990 848 881 761 297 1235 1107 379 584 1390 103 2079 2507 1314 1548 2764
222 2342 850 2512 755 2355 1504 935 2218 816 1933 1305 2362 1638 2096 2201 1145 1599 1436 2074 1736 836 1806 981 2750 1321 1085 380 477 401 1510 141 1023 72 177 1163 99 437 281 2163 1006 612 2450 1949 73 2645 2452 1098 2071 2679 1763 2691 1308 2122 2775 453 461 2446 2829 897 2587 1144 1090 2055 1903 586 1233 208 599 2577 1790 323 325 2432 1272 1404 1605 1754 1723 1186 220 2722 630 1052 932 1976 1160 924 2083 156 1487 144 1041 1391 2627 1474 865 460 1628 127
1085 816 1688 177 2274 1808 1903 2122 1155 2829 2679 1404 72 2722 2074 172 73 453 164 2636 2577 1415 2537 1089 1100 1599 460 156 2163 208 1023 401 599 1163 2452 1305 2009 2469 2587 174 380 1233 1682 1241 437 694 666 981 99 1784 1628 2775 1160 2747 1145 908 141 2642 2126 2446 1510 1717 222 253 612 1872 1006 1047 2219 2065 2055 662 731 2380 2134 1308 477 2648 399 7 839 2355 320 1613 1621 2691 709 1676 554 1790 1851 289 1430 1271 1511 1090 608 2432 632 186
1741 152 209 2557 838 314 1339 2173 245 81 734 696 847 671 1532 139 2365 1956 2674 2479 2396 1704 296 356 1472 2017 120 2500 726 2370 52 313 225 999 1465 1715 532 711 2429 2052 2244 28 390 653 61 2028 1787 1050 408 2119 1481 238 580 2280 705 1635 1708 2819 2765 1282 1827 1563 2552 2681 2059 2053 587 2283 780 27 53 1127 458 1555 2025 418 326 2236 525 1648 31 1275 1967 268 1475 534 1662 1568 2592 452 207 1187 2406 2193 1917 1317 2806 2742 602 2698
129 1062 501 1568 1039 758 2765 1026 89 1730 2053 389 467 1715 2232 1124 125 840 1037 1912 580 1932 1024 2236 295 1378 2806 2465 2505 452 2301 2687 478 1140 390 1921 456 1475 1262 1275 1662 326 314 363 455 1929 927 1281 786 1008 2173 2396 1293 2017 2407 1143 120 1648 1789 838 159 1097 1635 822 1787 2406 1503 2634 1022 1755 2698 346 1395 788 2565 484 2531 1187 1967 1273 2715 2137 2059 1048 324 1297 2821 2285 1317 268 402 1831 805 936 1822 356 799 1655 1050 780
101 364 2504 215 436 1230 1559 1106 374 2546 2759 803 1883 989 572 251 962 1900 2381 395 1257 1786 2040 1951 2579 1361 1971 1306 1213 789 2644 658 2113 2656 1115 1427 1389 2409 1693 1353 1394 483 1451 737 2238 2323 1175 485 898 63 545 1166 727 714 1161 1333 2149 766 328 1798 581 529 1683 1928 646 2066 589 1558 304 2784 341 2114 2178 926 2000 1513 1357 1137 617 1334 2242 1300 1785 1801 240 2542 1091 1898 824 1773 1685 1228 1818 2540 614 1207 1019 1343 1847 2787
1944 1055 137 2813 2135 494 1463 2435 2248 2294 1606 146 2766 2741 2580 1223 2728 1212 1056 1899 1185 2708 165 899 2558 2057 2382 948 1874 1464 1076 1935 1937 2842 2825 447 1777 2286 657 2207 686 2393 1547 574 2506 1126 116 1452 491 1130 725 1067 2683 2511 1639 2736 2569 692 2305 2438 2068 2037 2319 79 1677 2041 329 2719 647 804 682 994 2291 1771 2440 204 722 1592 1408 2665 2639 526 2625 442 2292 1942 531 1825 2089 2499 2051 1134 1868 1940 864 1640 274 97 2704 271
887 2328 2778 2491 930 952 1583 919 1354 1579 1769 998 1791 1578 945 1179 118 841 2349 2792 1977 1470 1531 1667 639 2252 819 311 982 492 567 9 2682 1063 875 2647 579 748 1210 1920 916 2065 1851 1585 2575 227 1154 1770 1368 1367 2459 1651 928 1209 2729 515 2723 1239 2488 2416 923 1657 2304 1854 114 1211 566 1042 910 2379 7 778 25 2711 2042 382 2225 2081 2067 763 512 517 808 2026 2310 2658 1970 1819 513 1566 2559 809 975 528 1864 2103 2618 1691 2462 2334
879 2484 837 2473 1238 352 2844 1291 267 573 264 1 891 1982 1925 1539 2139 1619 2797 2092 2175 2266 969 1660 2833 1366 1520 2677 1816 46 223 17 1480 342 1615 814 1863 687 2635 2460 1122 1009 234 2710 349 2094 226 2213 551 892 147 299 557 669 2339 2455 2063 2138 1862 2616 1421 2269 537 2215 2727 2340 127 396 214 2834 2607 2541 115 2363 2223 1572 2633 867 1803 1540 991 1698 685 1242 2631 1939 1159 2141 414 2385 1880 1025 1995 244 1684 594 2576 888 1358 2709
837 264 2092 2139 2484 2833 2455 2844 1009 267 1291 1982 1122 1159 1814 2215 1238 1735 2063 2797 1863 1684 1 2616 1520 1129 2731 2266 234 891 1698 1619 2834 226 1925 2529 2635 299 2727 349 342 1815 1366 1816 1411 1360 1294 90 428 687 2584 2158 2385 2298 1446 1589 1630 2223 2138 1862 741 879 2371 1295 403 2338 2273 2717 1572 1549 573 2339 2123 195 2662 1887 1622 641 750 1480 1060 969 372 17 1615 46 1196 807 1509 669 2541 2269 223 1807 1095 2412 842 888 1373 2246
922 1703 1288 2043 285 1363 2171 2167 1763 1059 2816 6 1221 2168 2727 546 2216 2468 1456 2268 2643 1797 1524 309 459 820 2466 732 2425 2704 307 2239 829 1882 1324 1487 650 795 2194 223 1315 2810 1090 1502 2666 1603 551 1520 1 1698 1433 1697 1421 2197 856 1227 475 1803 956 1267 2079 1541 1200 690 573 2013 157 510 1153 2503 594 181 448 220 2073 1188 1811 342 920 1615 1284 600 2631 939 1318 2313 1530 2717 1108 630 335 1025 661 1629 759 1572 2801 2340 1540 582
2113 1389 658 2178 1213 304 63 2022 2066 1333 1161 727 1019 1175 898 2546 1513 1115 572 1230 1300 485 589 2759 1883 1394 1228 1951 714 962 2277 545 1306 1558 2644 2784 2409 1847 1353 2579 529 395 1798 803 1685 251 1427 2504 374 1785 2323 1683 614 2242 364 1125 924 436 2149 1166 483 581 215 2656 1207 1693 2841 2072 101 1801 1559 1087 586 2816 240 1763 1898 2109 1471 1106 328 1753 1773 2535 2000 1334 789 1090 1171 310 2238 1928 426 2040 22 907 745 1361 949 737
653 1532 296 1127 1274 408 2099 356 326 330 503 2164 2479 2396 152 711 721 1472 580 28 1262 239 1704 734 2173 1376 2091 331 290 2674 1647 1282 238 1706 2500 2794 159 772 209 2025 455 1503 1972 225 587 671 2402 726 1011 2017 847 999 2052 458 1781 1787 313 2316 131 1961 2228 532 2119 1741 1648 245 1956 1506 2592 31 2028 314 464 1780 2280 33 1715 49 1692 2406 494 838 2236 1896 61 799 525 1339 1941 1655 1708 390 1124 200 655 2557 1635 120 849 2343
723 2081 1359 2405 2585 1042 869 190 2170 2225 247 2487 910 701 2103 98 1402 2067 763 776 196 1864 2582 1819 1625 764 2008 873 276 1204 982 1121 719 2018 2778 353 2682 2334 841 2146 1367 2536 2310 930 1577 153 809 2328 69 1651 1578 2361 2462 1791 1493 1211 862 919 1354 1770 1239 916 887 1403 1128 604 227 781 539 1368 1566 998 1344 2097 2264 2453 1667 2792 1063 1531 2459 1583 639 819 2379 567 1534 114 952 1970 945 2723 1751 2488 1963 1579 1179 2485 1977 58
304 1161 2113 2178 1513 1353 1773 2066 1213 1847 63 483 2784 789 2546 1115 1883 240 1801 1693 1795 614 1019 1300 395 1685 2504 1785 2022 1228 1106 149 374 962 1394 1971 1559 364 1389 2579 2277 824 1361 596 803 646 2759 529 545 761 658 1230 1951 1672 2644 1333 436 101 572 1786 1175 2317 2656 2700 341 2381 576 1137 1087 1306 2149 2787 1451 328 1166 2409 581 1427 1749 954 2114 251 215 1900 485 2238 182 2000 2323 2040 1178 95 727 949 766 2437 1257 310 1898 2547
1255 1757 986 123 882 1544 645 2011 1496 2628 1649 2439 1617 2046 1045 1704 2241 1623 1782 1029 932 169 134 440 2837 2767 1422 2735 1993 1381 2150 1054 477 1763 1899 494 1090 2836 51 201 2352 1862 2130 1640 155 1840 1860 992 2553 2057 1944 1775 2050 1897 1391 1911 1658 223 1663 769 2435 598 1444 137 2133 2665 562 1390 965 1056 574 64 1586 533 2276 168 2506 1767 772 497 2309 179 1552 712 947 674 1223 2291 1474 516 2068 305 2707 2515 931 2639 1238 735 2815 1679
2819 2500 2552 313 139 849 152 2370 81 587 209 2181 2283 120 2479 2365 734 523 2674 2681 1896 245 1827 356 2173 2052 705 354 1741 2119 2244 1339 2429 847 296 314 1708 1532 780 458 1465 2742 505 1317 52 238 2698 838 534 999 2396 1050 2765 1273 2592 1917 653 1010 175 1481 696 27 53 711 2716 1282 2280 1356 602 726 61 2099 471 799 330 625 2527 1435 805 1141 1187 2689 207 2059 2017 806 1648 786 344 408 1438 1568 418 2193 68 2764 1111 2406 1475 2531
88 2202 1476 2745 761 1914 830 1057 596 1620 44 2547 2190 762 16 603 2317 1450 1147 95 576 1336 2275 1073 1749 1713 1449 824 2111 1732 83 1304 1678 1727 1410 1116 2422 2555 2136 2079 2116 1318 1856 132 1224 2831 1013 834 2441 1244 1315 60 2705 2166 2802 1176 393 1482 1999 441 300 1178 2239 2525 2073 1103 2106 861 32 1838 1447 2827 310 2129 1996 983 1672 2733 2518 845 1469 2249 1382 636 2523 2684 2823 695 2160 920 339 1523 2080 1483 1714 2785 2442 1353 2562 2571
2500 849 2552 2479 296 2819 587 356 2365 238 1532 2674 313 1896 209 2681 2592 653 152 330 458 120 2181 81 2099 2052 1708 2173 2283 2370 2177 2396 734 139 2119 602 1376 705 326 408 192 1111 159 2017 523 1274 580 61 2527 505 290 175 1827 2765 847 314 245 207 711 1282 2191 31 2025 261 799 1787 354 1127 2716 2193 2689 1741 1852 2794 838 1503 220 225 633 2715 726 1099 1332 92 1317 467 780 1262 1011 1472 1555 68 28 2698 1917 999 52 383 1050 367
1306 1175 485 589 1951 658 727 2409 2540 898 2072 714 1427 251 1558 1333 1137 1798 2149 1166 803 2656 374 1207 2323 1361 614 1928 2113 293 2644 962 364 395 1213 2759 215 529 436 1451 1230 1900 1883 1334 1513 101 2381 1693 646 1257 2178 1786 426 2040 1559 789 1389 572 1161 2022 304 1394 1971 2504 2542 2143 1298 2066 1597 2430 1087 63 1106 895 1847 2054 2784 2242 93 2579 1343 182 1300 954 310 634 545 2000 1683 2546 2787 24 1743 1115 2324 1801 1590 2320 2277 737
2765 2053 346 2669 1787 1024 1662 295 2236 1124 1378 2806 52 61 1568 2232 2025 2821 207 2301 2687 225 2467 363 464 1275 1780 1475 1282 2407 2505 2465 1008 758 654 2396 408 838 268 455 389 1781 1140 1039 2070 2059 2690 1506 49 478 1262 402 1037 1715 192 296 786 484 1143 209 467 2794 1822 390 2611 936 1706 822 1022 840 1843 2173 356 331 418 1127 89 1481 2531 1967 580 31 2429 430 2091 1635 1929 1472 806 290 131 1048 2698 2017 326 471 1612 495 1831 1274
2520 2210 865 1910 1038 640 571 2083 2795 2671 2421 2839 1132 2570 2090 1754 1337 2640 13 1431 1418 1588 2335 2578 1249 429 1686 988 1272 1329 36 176 1764 1065 680 536 417 733 1430 866 802 340 554 432 569 289 2384 828 729 1949 2798 121 886 193 1888 2108 597 1266 332 2333 979 292 2227 2743 1562 1553 21 2668 555 323 2048 199 142 1041 698 2451 2078 1890 302 2786 878 361 2047 1768 1393 933 2029 2117 646 1398 1033 839 78 2828 932 1053 1668 868 1492 2808
594 2677 1591 423 281 2639 2494 546 1502 941 582 396 2359 1866 1183 2683 84 214 2348 1501 2132 1184 2179 23 1973 104 244 275 2203 1198 531 543 2263 2503 2115 646 270 1874 1199 1696 1616 2761 2030 2141 1700 40 2791 1205 1541 1582 1536 1139 1462 278 334 1768 1902 1166 2291 6 1318 1928 636 285 1602 1221 117 413 1953 2823 485 854 2150 474 1605 732 128 815 1137 1306 2048 2409 2499 589 1922 851 491 1084 1308 1711 2473 647 1223 443 1458 820 1175 2278 1525 136
1557 2622 1390 2045 2150 1584 2757 1088 414 2023 1073 1980 2755 2624 315 688 730 1759 882 426 898 714 2427 990 1904 147 2601 2809 961 1998 1114 1928 46 502 2073 933 903 2255 768 1087 665 709 931 920 853 1616 217 892 2471 1166 2037 32 1844 2481 538 848 2219 186 132 2183 2671 1391 1821 1294 1480 1286 870 2507 400 123 1845 270 827 1108 815 1446 578 761 1969 997 244 1242 1511 1323 1466 2595 338 1107 879 1450 747 1333 2535 1013 1512 658 695 1771 1325 792
853 2129 2072 1207 1558 1346 1683 540 2759 1713 907 1631 1087 714 1267 676 1714 2242 334 1427 2000 750 1898 739 2409 2015 581 962 2818 614 251 1252 374 1093 1224 2644 1137 803 1116 2387 1324 2323 2175 1394 1834 426 658 1539 1197 2540 2016 2149 1561 1869 1513 1300 465 1334 310 2579 951 2430 898 634 1559 1306 2542 1689 1091 2656 646 1230 1175 1538 1928 315 1883 1979 1333 1905 1522 477 2245 47 895 2483 267 191 949 1171 1811 2277 2143 242 789 1238 1291 545 1593 1773
1331 1614 1742 1673 1105 1290 1370 1396 243 2458 1384 966 1518 813 908 2600 1554 1017 2660 355 1301 1495 2282 487 1237 54 2085 1705 2696 942 2257 1739 1604 530 1567 2782 542 2259 1893 660 2049 1681 631 2796 1287 446 607 451 2140 921 50 1031 360 1419 2093 710 2664 1981 1565 1002 2369 1909 337 1058 1853 1676 2147 984 2803 2596 2064 1100 1978 392 1695 1000 186 1155 791 2543 1613 1546 7 320 2392 2394 975 301 248 1271 1906 1879 1404 1508 2336 2793 94 1424 253 2361
2152 2502 1605 1139 214 2348 106 2841 1171 1602 2263 1365 1953 941 1371 1866 2677 1198 84 2109 2030 1525 2203 2179 1603 1084 1502 117 594 1113 2153 1184 2572 244 1205 1661 323 510 22 2554 148 2197 2623 924 419 1632 2751 1949 2567 509 270 1175 1214 2160 1397 894 844 420 150 423 1280 2079 96 182 1570 1659 2141 1760 2768 2705 954 2178 23 1591 1712 13 1927 149 1685 1315 2791 609 496 1199 2115 1726 820 614 2726 327 1738 2303 646 1541 2494 732 2473 304 690 2048
1973 2691 1911 2132 543 396 1170 2677 1200 1090 629 320 2278 1308 265 281 1082 1939 1519 1502 2318 636 490 1423 594 2245 2823 422 1006 2443 1318 2807 2168 1537 1763 1750 1697 2460 1536 1144 1267 879 1036 2203 2627 1550 224 474 2150 796 1525 69 2048 1768 1152 747 2515 630 2535 562 2128 2001 1326 781 1570 2514 23 1080 2130 907 1700 2179 624 1591 851 2468 2631 2503 375 2761 2573 2086 413 164 909 51 1953 1979 632 690 2363 2623 908 40 294 2147 298 2222 98 1682
429 427 554 2668 1562 176 340 802 2227 199 417 302 1521 78 733 2786 1890 839 21 2415 2333 292 868 289 2108 555 2578 1686 1431 1065 332 1038 979 36 1070 2335 1888 964 432 571 878 2031 2451 597 1418 1910 2428 2795 1430 743 569 1793 361 2217 1553 1329 698 2423 2629 1754 2384 2640 886 2083 866 62 500 142 2421 1499 681 2090 323 1398 933 1049 2568 2671 640 2029 1256 2539 2380 2743 2078 955 2120 1266 2267 893 688 1769 2117 865 1132 2798 988 193 121 44
1456 1502 117 20 2263 167 2179 2554 454 620 1205 1184 419 1032 1632 181 1284 894 1702 2807 636 2268 396 2791 96 2153 411 1318 2303 732 2030 2222 2572 759 2141 189 1661 2643 2216 327 1171 459 879 2132 23 2162 1939 214 1188 1525 2726 1198 1659 1371 1797 1084 2468 2623 106 1315 1744 2203 474 510 924 2823 122 907 2168 1979 375 1217 1927 2348 2351 333 1880 546 1536 922 2841 1556 2567 2784 2278 22 2627 2573 298 2079 2425 1637 1304 594 1280 1697 1660 1083 586 352
67 202 1810 1944 899 1406 249 2509 1012 1212 137 2583 1001 2135 1606 627 2842 2121 116 165 2558 1075 2741 1055 2728 2207 2350 2813 725 2294 2382 1056 2248 1223 804 2825 2435 1937 2736 1076 1935 1841 447 2569 329 1897 1874 1130 204 2766 2057 1639 404 1464 1126 1609 1463 378 1547 948 1869 1825 647 1757 1986 2809 2393 1362 2683 1195 2291 2511 2286 362 1557 97 2041 1592 1899 686 2258 2719 2068 692 494 146 2020 574 2598 2427 2319 2220 2665 2438 1594 491 2292 2418 882 442
585 2067 1625 1042 2103 353 98 196 1227 1819 869 910 2081 476 2261 2361 285 841 776 1579 2256 1578 701 1221 1643 1864 975 1963 69 945 820 1723 1583 2225 1651 1667 2194 1770 1763 2306 752 2682 227 567 887 669 2778 1063 2648 1916 1188 2349 2252 922 1977 1744 763 1 2168 2048 1354 1891 1769 118 916 153 2643 1531 952 1882 1541 2729 2592 1811 2052 1791 2223 1274 639 819 2278 734 1260 1421 661 1108 25 2500 2328 2792 2065 1702 220 120 2346 1211 2793 799 2674 2331
979 2786 2227 340 176 429 332 2743 1393 2384 2668 802 1418 1431 554 1065 2640 2333 432 1266 1686 142 2029 1033 302 417 1132 21 78 1588 555 2629 2451 866 1398 733 2078 2798 36 868 571 1337 292 597 2578 964 427 289 878 2539 1492 1888 1562 2795 2090 1890 2108 2120 199 1952 2428 2570 1249 2808 1268 2335 2031 2520 865 361 2083 1430 569 1429 1070 1699 2839 1399 1553 1256 536 1053 121 893 886 1910 988 193 2671 1038 2117 358 2038 1793 640 828 2415 62 1329 729
2538 2454 663 445 2649 1369 550 1576 925 2011 348 26 1870 480 179 1193 2581 793 2769 712 1859 518 516 2004 611 2241 1092 2501 2260 2840 2714 1983 210 1716 2574 2461 57 645 1758 1045 2155 499 188 1590 59 2050 895 2418 1029 2130 1319 1861 704 463 2699 93 1358 1276 2287 2229 294 588 1934 547 742 1538 1552 1422 1724 1377 1190 1664 2324 155 1575 271 1328 1453 570 2044 1030 1381 1172 2375 274 1993 1511 1072 1034 1665 1670 1146 1253 305 2626 1545 1348 2411 1901 1942
2455 837 264 1982 1009 2092 1520 1925 2063 2484 1 2266 2797 1815 2269 1122 1025 1539 1291 267 1863 2139 814 1238 1619 2371 1159 687 2833 879 299 307 891 403 1660 1509 2607 1939 573 1816 226 352 667 1735 17 2094 1480 2844 2727 2633 428 2468 1366 1446 2431 2481 2338 1549 2255 669 342 2246 2168 2635 1294 1338 2473 2486 147 1698 2278 2616 90 1530 223 2834 2823 1615 2619 2138 127 2776 300 888 706 2576 2403 1994 867 234 1572 1078 2731 2385 1059 400 641 1880 1630 2399
294 210 1758 1576 1575 2461 57 2004 1234 1276 2229 1358 1034 2155 793 1792 1664 2174 2327 588 756 704 1861 493 228 1859 1348 2418 1724 1538 1392 2330 1776 885 1930 570 2186 1716 1196 1072 689 663 746 2198 1193 2456 2538 2125 1765 516 1377 934 2473 1665 583 1375 1457 2321 263 1877 158 801 82 797 2493 438 185 2662 2332 2739 1580 857 2206 1169 2820 490 720 1030 1838 422 77 2672 1229 2581 895 2246 1043 469 2234 2801 2260 884 1542 1516 499 1551 2659 2838 47 280
2175 557 879 1863 267 1238 1267 2363 2460 223 1803 1294 2468 1291 2001 1619 2473 2631 2517 143 1509 2213 1095 1446 1811 59 2266 2168 2635 2844 352 448 1295 1925 2208 969 2138 1807 1324 1862 2013 1939 1539 677 2614 922 2616 2389 46 932 2783 790 2835 122 1355 1421 2691 1242 1409 1069 2132 2372 2466 1129 2710 2338 157 645 1615 2524 2661 2738 2801 991 1549 1056 1828 2068 685 405 127 827 400 687 1167 2707 224 2133 2740 651 1122 1223 697 1660 2758 2556 2677 547 2183 2215
1992 773 1385 519 2763 1779 2102 2145 1007 1511 730 2680 1442 1969 1526 881 406 1138 338 648 1894 2516 1325 1419 821 1670 392 248 1707 742 1424 1466 1731 870 800 365 855 811 1573 1800 435 709 535 1133 2095 717 1311 2377 2219 2830 1079 191 610 1020 544 538 1581 1068 1309 1142 1498 1850 2302 1913 605 1165 1634 2331 843 1966 1040 301 678 1871 11 1454 1110 336 2243 410 1379 664 2087 253 1174 2006 2151 112 2560 1391 2492 2549 593 434 673 1131 2251 2290 2613 1645
1856 2441 1914 310 1093 1996 407 777 2785 2827 2111 1683 1898 949 2745 328 2202 596 2242 2129 1091 2737 2190 2422 1713 95 766 983 341 581 1346 1476 88 2238 1224 695 132 540 63 1773 783 1116 2759 1693 1343 1176 2114 230 1561 1161 1743 1019 576 1513 1672 737 689 2700 2000 1631 570 1714 940 2374 789 1353 364 2016 1535 617 2523 2504 1298 2579 483 2040 1178 34 2547 1900 727 1847 658 1685 926 2116 2437 1087 1482 44 832 824 1593 16 240 1394 2656 1558 516 803
70 1834 1125 1753 18 1842 2077 2757 1759 2777 2561 2510 2478 2772 2015 1252 431 2622 315 1557 601 951 2663 2 2818 1390 1035 1839 2323 2644 522 1165 2302 1186 688 395 1798 529 1443 962 426 767 2759 990 1391 1333 2686 2314 1235 2315 2242 572 374 1938 2040 2409 1166 646 1394 2685 1427 578 803 1801 1833 2624 364 1980 1928 215 2149 251 1306 714 2504 101 898 1413 2320 191 1230 436 502 1558 1747 658 545 1323 1207 2161 1767 2667 2277 485 277 989 24 1137 2656 2324
2037 1998 1771 274 1677 2625 2809 186 1892 1521 1390 994 608 2027 444 709 1038 1627 1088 1557 932 531 2249 1256 2219 933 1473 1949 2183 591 244 2757 2535 289 526 2795 2648 1553 1433 1774 1763 2646 1190 594 2421 2011 1430 2419 2132 1886 253 2661 1006 538 2622 865 839 1909 1165 2380 2640 586 1029 1308 2683 2766 1754 1474 199 906 554 1904 224 305 907 2440 2735 1942 46 1266 2267 1811 2671 1757 1272 21 2340 271 2089 645 2480 939 2057 355 1616 2001 908 400 1186 2626
853 1093 540 558 783 304 2178 1228 1847 1785 1898 1945 1631 1394 63 520 135 757 213 1513 2112 1889 2113 232 949 2566 1019 1087 614 19 707 545 1161 1434 426 251 2413 182 2143 1137 1004 1213 1427 2277 1900 2546 2024 2759 2430 1712 2464 658 634 1265 2066 2725 149 2737 424 695 499 1760 436 1343 1693 2048 1773 2654 80 761 1683 1515 132 844 341 1801 2381 898 2827 1269 1804 328 2295 2408 101 364 244 2841 24 2022 1727 22 596 1728 215 395 1333 1671 5 739
2224 739 792 2428 2413 2320 540 2295 1557 2640 1149 853 2031 293 2756 426 24 135 2267 2629 1236 2143 1774 1804 558 2533 2539 1555 91 1166 707 2430 213 967 2809 1477 2380 1928 1728 2354 964 1266 1265 2226 763 1390 754 1597 1070 2280 2583 2235 1137 2615 76 358 1546 2622 2335 1448 2078 730 163 646 2408 1886 1553 1598 1849 974 1429 2671 1473 29 1093 538 2221 184 1904 2814 1852 757 1590 1631 2535 176 2648 745 244 688 2120 1299 895 1296 2472 1231 1168 2795 2038 634
1238 223 1291 2541 1 267 2834 2215 1862 2635 879 46 234 573 2844 551 1095 1540 969 414 17 1698 1572 2717 2175 1059 2273 1863 1619 1520 1521 961 668 2223 2338 892 2340 1652 2138 342 2158 1349 1571 1803 2063 600 1295 1807 2226 1824 349 2524 1267 1509 195 1242 2339 1446 913 1294 352 1827 1539 2710 2460 2727 1660 1615 2363 1327 2212 669 1774 2709 307 2412 2517 932 2298 642 2783 2213 557 1925 2674 2253 685 264 837 1479 152 711 127 41 568 2681 633 891 511 1684
1844 1456 2425 1286 2313 807 1556 396 285 1221 372 122 1502 546 815 1637 922 2194 1816 2476 594 2554 6 879 419 1660 2268 1108 894 582 506 2303 1199 342 454 1480 163 2677 1284 1610 1761 2755 750 2261 1366 264 1032 96 414 669 1858 2197 2573 300 281 1462 1283 1763 1603 1061 551 2179 510 820 1227 2791 1315 115 481 688 388 1260 759 1891 1880 42 334 636 856 2643 1987 2115 2255 1797 2092 1446 1616 2168 352 2335 2073 920 2823 2216 2079 270 2388 244 629 932
1083 1702 181 2643 620 636 732 582 1260 2807 2278 807 6 1318 1898 759 644 1227 2194 1536 762 2111 2141 546 2261 2688 689 285 42 366 2386 2313 493 1093 746 1696 150 115 2441 1858 1603 1763 592 2562 1502 894 2442 1880 2079 2004 2171 294 1797 2418 2425 1697 2823 96 669 419 310 476 2116 210 1758 2374 2554 2468 1761 2248 1013 1632 407 934 777 1410 1057 2678 2740 1979 2720 1221 2827 1541 2761 196 468 2813 2043 2168 661 148 2810 1315 88 861 2422 922 1914 650
377 828 933 2520 640 2578 672 13 1686 2227 78 979 176 2602 1374 2083 2210 964 432 1418 932 2384 292 1266 2629 1910 1429 2451 1038 2640 1888 302 2786 1668 886 536 2108 1053 417 893 2828 1337 1033 289 1952 733 340 1249 2038 1393 2808 2798 597 21 865 2539 868 1562 1588 554 2668 1431 1754 36 1890 2120 1049 2671 1272 2428 361 1132 866 142 1399 1398 2795 802 698 2570 332 2047 681 555 729 2031 2078 2743 2839 680 199 2421 323 1430 2029 121 1070 358 1329 429
207 61 2025 2669 52 225 1787 192 2765 346 2396 1378 2053 2794 1275 2806 295 418 408 838 1662 2173 1481 2821 1124 1262 209 296 1024 1282 2236 1506 455 2059 1022 356 464 1475 2070 2429 2232 1568 31 1967 390 495 331 758 2301 363 2467 467 806 786 1780 268 1715 654 484 1127 1635 726 999 1706 478 1274 840 1781 580 534 1037 389 139 655 1929 326 1039 402 245 780 1050 2091 290 108 2690 2565 653 1472 1140 452 2531 2407 131 1692 471 1438 2244 1648 1317 49
1879 394 2093 2392 1017 1119 1567 1906 451 908 1516 2140 1518 1002 607 1058 2543 1301 2357 2796 1978 1331 1909 1455 631 1981 1613 1237 1614 1495 446 253 1290 2660 984 186 2341 1604 2085 2600 320 942 1419 2262 355 662 1904 157 151 961 709 530 1271 2507 1546 2559 1100 1554 243 2618 2282 813 2219 1673 2460 1174 2049 791 538 2065 975 1384 1155 1739 2458 336 1705 966 2596 528 2648 1676 1621 227 1479 855 2042 345 1031 537 124 1370 1454 1239 916 997 763 660 852 698
712 1328 900 1054 2011 947 2050 1663 1623 1782 1486 1381 260 2241 169 1444 1658 1045 2837 925 2707 1544 1649 1679 645 1437 2826 445 1369 1489 2836 2439 2767 2130 1422 1307 1710 1417 1552 134 1617 1208 735 559 674 179 563 51 1993 2840 463 440 2649 2454 2419 2133 2652 1796 348 1218 860 2515 155 59 1627 2076 305 1640 1190 1405 992 489 1878 1701 2545 1934 1545 2084 188 1029 2544 2769 769 2424 1046 2574 2411 2433 2628 2817 562 26 4 611 1261 2312 2046 1983 2713 978
807 244 2115 1696 163 2303 2643 1061 375 1702 2351 669 2677 388 1637 1616 1260 1556 5 2567 582 454 1171 1766 2726 22 2751 2162 844 1744 1603 196 2194 1515 879 759 425 820 1807 1295 1456 2666 1227 2222 281 372 1214 2043 498 650 1084 1188 2132 466 2810 629 2791 334 594 285 20 1326 2128 1591 414 609 23 1754 1088 510 1502 2278 1221 922 750 214 1602 2457 991 2554 1541 1953 473 2502 2179 1844 752 2841 1080 423 2171 411 1858 1446 2109 815 2363 2460 1697 620
2454 925 1369 26 2649 2769 348 712 179 1870 2050 550 2130 445 1045 2538 480 518 2241 2714 1328 2011 735 1934 2501 663 305 440 1710 463 1617 1422 860 2840 1993 1029 1417 1489 188 155 260 2650 1552 51 2528 1796 645 1840 1644 611 562 1663 2721 1701 1544 2411 1658 59 1983 169 168 1656 1381 1752 2817 900 1405 2574 947 1782 2439 943 197 48 1054 2626 1569 1486 547 524 312 1172 1545 817 1092 1319 259 489 2375 2084 2837 1190 221 1640 1253 1624 2044 2646 64 1623
1146 1752 4 312 221 2411 1624 1102 2817 1545 1405 943 2389 2832 2790 1934 188 2501 2528 1644 2270 611 1319 2082 817 1983 613 547 1656 556 2069 1386 1407 59 635 987 1737 826 2367 1926 283 2300 2011 1190 2419 900 2044 2574 85 2515 1486 2477 1202 626 2544 712 1552 260 559 1208 445 266 463 489 1316 1414 645 925 2652 1092 2133 2676 977 2084 1369 1627 950 259 2397 674 1422 2556 606 2050 735 2439 134 1993 2358 2626 1649 1381 947 2433 1437 1878 2241 2837 2375 992
1763 2823 1090 483 2079 2216 1703 1671 63 2168 1336 1013 2313 2197 1353 661 2425 2083 1315 1513 2705 1773 762 300 2073 761 1288 861 2700 2831 2450 240 1907 596 614 1300 2784 2720 8 1161 1593 1304 1178 325 1672 1727 1847 2437 1883 2194 335 576 1391 894 658 1217 1019 856 1318 309 468 1990 2571 42 2160 307 2562 920 2261 32 328 565 285 586 2535 2317 1685 1115 2401 2113 60 2546 1389 745 83 132 95 2579 2314 834 171 115 304 959 229 1910 2678 2555 1188 824
712 1328 1054 1663 1381 900 2011 1782 947 2241 1658 1623 445 169 2836 1422 1444 1649 1486 1045 2837 1679 260 2767 2050 1544 925 2826 1369 645 2707 1617 2840 1552 2130 1489 1437 463 1307 2439 1208 559 134 2454 735 1993 51 2133 1710 563 674 179 1417 440 1796 155 348 2649 2652 2515 2419 188 305 2076 1640 1627 562 1190 611 2544 992 1860 1878 2545 2769 1983 1029 1218 489 2501 2433 2574 1405 480 1046 2084 2352 2713 2424 1752 1934 2650 2397 201 978 59 715 2034 2411 1545
730 338 1442 2516 1511 1466 1526 1325 855 1969 2302 1165 1142 2364 253 519 2519 2219 1311 709 1850 1455 2549 593 2102 336 2763 1498 1174 1992 186 800 1079 2243 392 2006 881 248 1094 1670 1020 1424 538 1005 773 870 1779 774 191 678 1581 1516 2151 1419 2492 717 749 2341 2290 1966 2251 544 1379 1879 1454 1913 2660 1385 662 648 1007 2145 2005 1557 2730 1243 2299 1271 394 908 1968 2065 2746 1573 2087 2788 821 1323 568 1634 1391 1390 2680 2622 320 688 1100 434 843 103
1178 2546 751 483 1513 63 1353 1773 1161 328 2579 1019 1115 2238 789 596 581 95 2114 2422 1672 2700 374 364 1106 1389 240 1795 132 1476 1727 2190 2437 824 1847 2234 924 576 1763 1014 1357 1996 1090 2555 469 1176 1685 32 771 1942 2504 393 777 215 1300 1677 1785 87 766 1749 761 2360 310 83 2040 2752 1990 1224 881 2802 1410 2113 2242 1091 1559 88 2563 1900 2440 917 803 2784 1336 271 2159 1883 1904 1056 2805 2441 39 2523 1382 949 590 359 2202 2745 1277 1186
70 1759 2757 1834 18 2561 1842 1753 1125 2077 2510 2777 431 601 2622 1557 315 2772 2478 1390 2015 1035 1252 1839 2663 2 522 2818 951 2323 2644 426 2302 1186 1798 688 1165 395 529 2040 1443 1391 990 24 2314 1333 578 2686 962 374 2624 1235 2143 2242 658 2759 1166 646 1938 2667 364 2320 1801 898 502 101 2409 1323 572 2324 853 215 1427 1394 1597 436 244 2756 1928 714 1207 1833 803 989 251 1306 767 1114 695 1821 2504 1413 2149 2413 739 1900 293 1767 485 2295
574 2057 494 1876 2291 682 1223 2435 444 2438 2719 2809 1721 1874 2708 146 1473 2569 2657 686 2526 447 608 2598 994 274 1692 2683 1931 804 2294 1892 1677 482 2499 2625 1592 1899 2220 1439 1771 2500 2051 939 523 864 2436 2813 313 2037 2507 2728 2580 526 2617 329 677 1942 790 2319 1433 2248 1056 2382 2716 657 2736 1555 1823 598 1055 137 2440 2741 1944 491 2712 2766 948 12 1452 692 368 2427 1904 2181 2552 1961 1088 2393 1390 1408 1165 1937 354 1185 647 1725 2639 2089
2045 1584 2755 2023 1557 2622 2150 414 882 747 2757 258 1980 770 315 1390 714 1759 2255 1088 1844 2481 123 665 990 903 147 1433 1904 688 1366 32 502 939 46 730 1466 961 898 1294 1286 2158 768 2425 892 1201 1446 2427 2073 334 2601 1114 750 1479 2624 870 1087 1073 709 2507 1101 2138 848 1928 1199 1391 920 1998 2717 187 931 1816 270 372 594 907 2183 2273 1811 2315 2471 70 2719 1450 2595 1630 1108 1587 2445 264 827 2709 2573 933 1242 359 879 2219 1616 2223
1946 535 1527 2196 1142 257 253 2095 937 2341 1516 2377 855 2417 2697 1455 1966 1094 883 1894 2519 434 774 2006 1850 336 605 1498 1913 1002 2331 94 1936 2087 1133 320 2492 416 1634 610 1174 2549 1800 1311 1020 593 1419 717 673 365 1424 490 2243 410 1040 1271 1871 2613 248 821 1731 392 648 749 1309 870 773 1676 2005 632 301 294 800 2843 908 881 144 1573 678 975 544 2299 105 2251 355 1581 2560 1005 1495 435 1347 2830 288 2394 1794 2147 2609 2219 2102 1670
2540 251 2381 1427 1798 1166 1306 803 646 2409 1928 485 1137 374 1175 1334 1394 1558 1590 895 2656 2644 962 93 2149 436 898 1951 1900 395 2072 714 293 2323 364 589 2000 1361 2040 1559 1786 792 1693 1451 529 1106 215 1207 101 1257 2759 1971 1230 658 1883 727 789 989 2054 76 2787 695 2504 1561 572 1087 2320 739 545 1149 2542 1300 614 2579 1298 1743 1176 2324 132 1091 1353 737 1213 1557 1357 2143 2430 44 1801 581 617 2667 2238 341 1501 1333 1513 1180 2242 2277
1495 1331 2085 2458 2600 2660 942 1614 1705 1002 1017 355 1673 908 1031 1739 966 1565 1105 1287 243 1384 54 1419 1290 1396 2664 487 1518 2543 542 791 1978 813 660 392 320 2369 984 1676 50 2796 2147 1695 1681 2803 1370 1000 1853 1893 1554 1301 2782 2259 519 2140 631 360 2093 1906 2262 2282 2596 1508 710 1604 1119 2341 1516 1455 1742 253 186 2257 1058 1237 607 1567 2392 394 1271 852 451 1479 1546 248 530 2696 301 1879 2618 94 114 1770 855 2219 1613 1200 2559 151
2529 1440 1694 386 147 810 2468 143 2595 2271 1684 687 1129 718 1514 879 342 1863 2726 669 2185 638 1630 30 1995 1295 267 2616 2222 1697 1744 1661 787 71 1324 1939 1807 1291 697 991 1446 448 932 888 1196 1238 2298 2710 127 2584 1456 2517 1267 1539 1520 1763 2662 1294 1122 2030 958 2801 2175 1411 375 2623 2266 2844 2567 2168 924 459 557 2727 1811 582 56 1619 2109 2473 285 2481 1167 1059 933 2460 115 306 2619 38 476 1698 1084 2554 661 829 1653 1603 1366 2677
1696 609 1953 2464 1766 1139 1602 2725 244 909 2448 214 2109 2115 1515 971 956 1397 22 1477 1214 466 2404 1171 1596 585 1227 420 1889 43 2751 1265 1108 476 820 2841 2768 1866 1426 558 1949 80 941 509 1296 2048 2498 375 2457 2348 1616 498 1537 2413 1768 119 2688 2749 135 1605 2442 2366 669 844 1726 2194 2566 2295 2261 957 1326 2615 1231 1383 424 1555 2533 426 2430 2706 1802 1922 739 2188 2787 910 1541 954 1400 2494 644 2720 629 757 2197 2823 1643 690 2169 815
750 334 2194 582 1541 2677 2261 820 1462 1603 594 115 285 941 1221 546 1949 922 629 1995 1227 6 2810 1616 2387 2494 186 1696 2115 815 650 1591 2671 244 1763 2666 1073 372 1137 84 315 1153 1537 1390 1557 1088 2043 646 1502 2319 2210 2622 531 807 2409 1166 2823 476 714 281 1761 2503 1596 1223 2757 2421 2520 2152 2249 1759 1306 939 1605 1501 2359 1928 2057 2291 2688 1922 1188 38 420 1456 614 423 1433 1199 2644 647 2683 709 1080 609 669 2719 1308 1802 2128 529
1931 2220 494 2526 447 1721 2057 2728 769 2683 2719 1677 146 1692 1056 574 1876 1899 994 2291 2825 1942 2766 2625 864 1961 1055 526 2565 2051 2708 682 2438 1127 1473 1771 2435 2319 449 686 2183 677 2037 2569 1892 2440 1941 2639 274 1185 1223 1097 1293 601 1874 1274 1408 1187 2207 271 1944 2736 692 1592 1759 2499 647 939 18 200 2813 1868 1472 137 657 1439 2580 2089 2716 948 1974 655 508 2316 2396 608 2558 804 1134 561 1011 1627 1010 2757 1917 2809 721 173 329 2436
234 1520 1 1572 1291 2635 1698 1238 195 2215 267 1095 913 223 969 573 2834 143 1059 2063 2541 891 1615 958 46 1295 2223 1509 1630 349 342 2339 2844 1803 1514 2517 2801 1807 846 2338 1618 551 154 600 642 1540 2466 2662 795 1571 1324 2727 961 2175 352 1373 638 697 2486 17 1112 1524 2158 1349 2253 2138 2616 2524 1446 2771 1360 127 1862 2399 837 2298 665 557 2340 888 1267 2246 2619 1009 1539 750 1994 2749 1270 1338 879 1215 2372 1863 842 71 2167 1811 334 1409
247 153 2018 2336 1403 719 1121 2146 764 869 825 1963 2008 723 873 1577 2434 2582 1751 190 1204 765 2485 1359 1289 2284 2426 2585 1534 2718 14 1347 862 233 7 2551 1351 303 539 1854 2361 1915 567 1985 2353 1625 1157 1402 781 1128 1493 701 1772 382 2487 604 2334 2067 914 2204 212 808 2157 206 615 282 2792 874 1574 1997 778 2165 58 450 517 1970 254 2711 2394 2824 2081 652 1136 975 2462 1246 2264 2793 35 1819 343 1791 2593 2734 2405 549 2765 2648 2453 1024
1232 1221 285 1744 2048 2841 1137 614 851 1763 1315 1768 690 40 182 594 1605 2324 2699 2706 2162 1712 2761 2160 2726 2502 1537 2677 953 2666 2691 1661 1760 922 1570 924 2494 954 2768 333 510 2175 270 2572 1336 1471 586 1757 485 1922 1090 1487 1603 1108 650 23 214 1685 1272 1013 1397 2468 2197 882 1960 475 2141 879 2571 2036 1916 63 592 323 1217 1115 1683 400 2546 2203 37 2112 646 2079 1175 1333 2168 1334 1080 335 459 1740 1144 2149 1283 1004 374 1197 1184 2128
645 2011 1649 2836 440 1029 2735 1045 1782 1422 1381 155 2241 1544 1658 1993 1617 947 1444 445 51 319 169 1552 1054 134 1679 1623 735 2837 2439 712 1840 2050 1663 2076 2826 1328 2840 562 2088 1860 1636 2767 2130 260 305 550 1307 2628 201 2707 1796 674 1640 1486 463 900 2046 2352 563 965 1253 2650 48 1948 2545 992 1208 769 1218 1965 1586 64 2631 2652 194 2815 715 2721 259 547 2419 1496 2287 2133 1569 497 1757 1983 1148 2034 906 611 197 659 2272 1416 2309 657
2152 1726 2263 1605 2502 1953 1458 1570 1139 2197 844 2348 2056 2386 270 1397 2503 1365 1768 2705 2203 398 690 2678 2048 214 1198 2761 420 1113 2079 181 2160 2620 1797 45 300 2608 1251 2141 1221 1171 2572 2677 620 732 2522 148 1064 171 1801 1922 1515 1602 2612 2030 510 2760 2498 2768 1525 236 150 1866 2751 2562 1596 2841 1364 1502 2457 2401 644 75 509 1318 335 621 1371 2688 2179 1343 1217 1802 2278 2737 2182 1702 182 1315 2591 941 1693 1744 2442 2831 1400 1214 546 183
1051 2272 1948 2815 1496 201 2628 1316 1381 64 2556 48 1965 194 1096 2713 2352 1054 1416 1658 1636 1860 1586 2836 1569 155 497 1218 1782 1649 2721 2241 2309 439 1261 2545 645 1544 715 1897 1840 100 1444 169 2011 1640 2433 1623 2034 947 1796 1663 1362 747 440 1453 562 2046 51 1422 1679 2755 2826 2707 2708 992 659 137 1486 889 674 1757 2837 2439 657 305 1901 1056 1328 2767 2068 1617 1606 79 1775 900 1944 204 563 1148 735 712 1552 2686 319 2135 445 2766 134 2650
2389 1545 4 2367 59 1319 1752 611 1146 547 2270 188 2011 1386 1552 1407 2817 645 826 2082 817 260 950 1202 2515 2213 1056 1181 2433 2530 996 2272 2419 613 2631 2755 155 626 1993 1983 2138 271 2692 221 900 1584 2556 2837 1486 932 2148 1942 892 1624 2088 2300 556 2584 2130 943 712 2411 1737 134 1414 2208 1405 1878 1411 2440 1892 349 345 1677 2069 169 2801 562 709 795 977 1190 2023 1045 1029 1799 463 2037 1491 1324 987 1433 179 2439 305 2675 449 1615 1095 2205
647 1223 1874 2842 137 2813 165 2683 2207 2135 1841 725 2728 2741 2057 899 2435 2248 1056 2569 2291 2558 2382 447 1212 1606 204 1130 2294 1937 2766 146 804 1944 2438 2639 2736 1463 1547 2319 116 362 2825 1592 329 948 1126 494 2708 1899 574 1055 1076 442 682 692 1464 1935 2511 2506 2393 1940 2220 2305 1986 2292 1825 491 657 686 2526 1185 939 2719 1931 2286 2580 1134 677 722 1639 2665 1777 1433 2068 246 285 2436 79 482 2041 2258 2598 820 6 790 2089 1067 1601 1603
254 3 1642 2490 2405 66 1577 1958 282 14 1247 1136 1347 765 2209 1157 2264 652 1519 450 1915 874 1745 1574 1985 1534 2147 632 1351 2170 2157 2551 1670 1289 812 318 1762 929 2487 1869 1030 1493 779 2730 190 2198 2008 1152 1454 1010 2593 1020 1344 1036 723 2667 1581 869 1575 914 2391 604 2485 1246 1274 2336 2204 1997 435 719 1379 2585 781 2324 825 764 771 58 293 2247 1511 1772 1573 242 359 1325 2001 1267 2560 516 1423 1403 1633 1005 615 2165 2426 233 35 2449
1255 986 1757 440 123 882 645 2241 2150 155 134 1670 2046 1496 1636 674 735 1704 1045 992 2011 1054 1860 1782 2836 1649 1381 1552 1840 2713 2050 2130 1663 1658 1079 2553 2815 2433 2767 611 1897 1544 932 630 1617 2631 2272 978 900 477 947 544 51 157 2352 2628 906 747 2735 1319 1901 1148 2667 965 2556 2309 201 1444 562 2133 1775 64 1965 1993 2376 1623 2076 533 771 2449 659 2380 59 1422 1486 1391 1362 319 1911 1029 1586 2650 1328 1958 853 48 1453 194 2837 231
1146 221 4 1752 943 312 1102 2832 1405 2411 2817 1545 1934 2389 188 2790 2501 2270 2082 1624 2528 613 556 611 1319 635 1644 1656 817 1386 1737 1983 283 547 826 2069 1407 2300 987 1926 59 85 2044 2477 626 2367 2515 2011 1190 900 2574 2419 2544 712 1552 1486 1202 260 1208 1414 925 266 559 977 1369 1092 2397 2676 463 2652 2133 445 489 1316 2530 996 2084 1489 645 1422 2375 259 606 2424 2631 947 2626 1878 2840 1437 2358 1627 950 2050 795 134 1428 675 2439 1993
844 2152 2263 2502 327 1198 1726 2203 2386 2303 1205 1659 732 1605 1515 1083 2620 181 1139 1702 1171 148 510 2751 1502 1397 117 1371 1696 620 2678 2048 1768 2351 2457 1184 2726 2115 1687 1979 214 1616 2348 244 2179 2841 1802 1960 2162 2572 23 22 466 636 474 1953 2643 420 1214 2761 509 2768 6 1400 2567 1365 106 1632 2737 1591 1661 690 270 1602 40 2109 2498 807 1866 2705 1113 1488 498 759 1637 1744 2278 1738 2521 1525 104 300 2494 851 1458 5 2374 1880 1797 2030
712 925 1369 221 1545 1489 1486 900 1417 1405 1710 260 489 2817 2419 1934 2011 2515 188 2528 2649 1328 559 1983 1437 943 2084 2050 2574 860 2454 1656 1190 2837 1386 463 2082 2270 4 2411 59 2501 169 2652 26 1752 1208 547 348 2826 1552 556 1307 2389 817 1663 2424 1782 1627 445 1092 2439 1319 2840 1407 611 1624 1701 674 1644 312 1544 645 1146 635 613 2707 1381 1623 2832 1045 563 626 1658 1054 947 179 1926 2133 1102 606 992 2397 2241 1046 2130 987 1649 1870 977
177 2587 2679 2122 2829 1717 1163 2355 1510 1145 1903 72 208 99 156 2655 141 2775 1504 164 595 612 1599 1415 174 1023 2163 2452 1872 2722 453 399 2074 460 477 816 222 73 599 172 1085 1628 2098 2469 760 2218 2577 2055 380 2636 981 1682 461 401 897 731 2747 2750 1436 1047 1976 666 1784 694 1233 2009 1160 850 2446 2126 437 1241 2071 823 1321 935 2537 2645 755 2096 1155 1790 836 1933 2318 2201 1305 1098 2512 1808 2691 1638 2274 320 1479 2432 1387 1089 2156 2342
757 2413 558 135 2295 754 1728 426 1448 1689 213 1533 2024 540 24 1804 2756 80 2143 967 1478 1296 2408 707 520 1945 2320 2354 1383 1265 1269 2615 739 1597 424 2566 2638 184 1849 1898 1149 119 232 2533 2277 1231 853 1889 218 2430 499 1394 1984 2323 19 695 1719 1093 529 634 1631 1312 2472 2021 1867 91 1469 545 2759 2366 293 1722 29 1087 2827 34 2673 898 132 286 1766 1137 2172 2464 1334 1801 2235 1847 2072 2180 792 983 1513 2508 2644 1798 251 395 1207 2725
1624 2528 817 1644 2411 2817 547 1926 1386 1934 1656 2011 1545 188 611 1319 1993 987 1405 1407 2082 2501 712 556 2270 1381 59 463 2790 1782 1045 2439 1658 2044 635 312 900 1552 221 645 2389 4 1489 51 1752 85 2419 445 305 1710 2832 562 1544 2300 1617 134 2241 1486 155 1983 260 1328 2515 1102 2836 1796 1417 1422 1146 2574 826 943 2840 860 1029 559 1181 2837 925 1788 440 674 1208 169 1369 237 2675 2545 1701 550 2454 613 1190 659 947 1878 2084 2826 1046 1649
1378 1022 2402 331 2301 2061 268 655 1024 2236 2407 2765 2531 1756 1039 1662 1026 936 430 1303 782 1647 363 654 1274 625 1972 1730 2632 1127 1011 295 721 452 467 471 1921 108 89 1293 999 1475 1275 2794 628 484 2806 2465 27 1787 1097 1438 2505 402 806 1789 1929 389 113 1018 478 1143 1008 1692 2059 1843 2398 1282 525 1435 1048 679 758 2611 534 726 840 1822 1317 1395 1967 927 1140 1918 643 346 2429 1472 1755 1506 1831 580 1118 2687 1273 495 1655 53 131 753
70 18 1834 1842 951 2077 2510 2818 1759 2663 1125 2757 2 2777 2561 2478 1753 2015 601 1252 431 2772 1035 1557 315 2622 1767 1390 1114 1186 1391 578 931 2323 1839 2314 1443 250 1821 688 2302 1165 2276 2624 646 2644 1413 522 1833 1938 684 1720 2686 767 962 126 768 1340 395 2320 2315 529 2667 990 2388 1166 848 1975 889 1323 1608 2471 65 2601 1394 2409 702 2685 2759 2702 1928 1845 739 1801 1235 1107 2671 1512 926 695 277 1980 1908 2756 2016 1357 2040 1257 1310 1334
2037 1998 1677 1557 994 2625 274 2757 1892 2622 1390 1088 1591 531 271 1771 2183 2440 608 591 2809 1942 1073 1627 1408 709 1759 1616 1165 104 526 1473 186 907 1186 1308 1462 444 1811 46 315 2573 2478 1928 2535 594 1433 714 224 2506 2671 147 1501 244 688 658 598 2419 1166 864 1774 413 334 1897 423 1521 2132 2011 750 2077 790 2409 2766 1006 1130 2648 745 1333 2302 1391 2661 2772 1980 906 508 2595 1207 933 2683 2213 1618 2245 1423 2755 1746 2646 1362 1753 2736 2150
1473 140 2809 1185 1452 2813 1868 2037 2393 1852 2382 2625 491 12 1677 1639 79 274 948 686 2248 1876 444 1774 2479 1937 2286 1721 2500 726 994 1464 1771 1076 2598 1746 587 608 1598 1592 2569 329 1892 2580 2535 2068 804 1223 2294 1692 2440 449 53 2552 146 2279 1998 864 526 2716 523 2370 1991 2438 771 1904 1408 2181 313 2436 2683 162 2527 699 633 2507 858 1547 705 682 494 1168 968 999 120 1299 2499 734 2665 2674 1240 1109 508 1165 711 1777 92 574 235 653
1453 2713 1901 2433 2272 1496 1490 1586 1316 1860 305 2556 497 562 1636 1381 155 2309 715 1569 2545 2721 992 2046 100 2241 201 2034 440 1658 645 1782 486 2036 1840 1965 784 1623 2815 1054 265 134 1046 1948 64 2001 2836 1986 2213 2007 2826 2376 1056 1767 2076 51 2337 1679 1544 319 2088 1649 563 1601 260 1148 712 659 900 2183 1486 1796 1082 137 931 48 2707 1186 1938 2671 2352 165 168 531 1362 2520 1051 1944 1308 1443 1897 1821 1841 1045 2708 735 978 2207 1825 725
1198 327 1205 2203 1659 2152 2263 1184 117 1502 2502 1687 1371 1139 1693 1397 2620 2656 2348 466 420 510 1171 244 1605 2115 1979 1400 2109 148 2179 2787 2494 214 23 2303 106 949 658 2572 844 1726 1525 2768 2149 1738 2841 690 1333 1802 589 436 1113 2048 1661 1768 1953 1616 941 1591 1083 2521 1696 1922 22 2737 2554 498 300 474 2761 215 2409 727 572 1685 2571 104 364 2726 1361 1515 2705 1602 1637 1230 2153 803 646 1798 182 1175 1632 1343 2751 954 2242 636 1951 1603
887 1791 1531 2792 1579 639 919 2328 1470 1354 998 952 1179 2778 2647 1583 1578 118 841 567 945 9 2491 930 1977 1769 1667 819 1770 2682 748 1854 2252 2459 1920 1368 114 382 2488 1063 2711 778 579 2304 923 227 517 916 1651 1367 515 1154 875 2065 492 1851 1585 1042 2723 2729 25 2349 1970 1239 982 2575 2379 1209 1819 928 2081 2416 975 808 1657 2334 2462 566 311 2042 1864 7 910 2225 381 1211 1210 763 151 2026 2793 2559 512 1402 2618 1344 513 2097 1528 2361
213 2024 426 558 135 2143 967 2413 2295 1804 24 1597 1448 2408 707 2756 2430 2615 2533 2354 80 2320 1265 2113 853 634 1945 304 1728 1889 757 2178 29 1719 1847 2366 754 293 1296 244 1478 119 1213 540 1513 2022 2172 91 498 1269 1149 1161 1093 232 520 63 2546 1849 286 1533 898 1333 1898 2014 2124 1515 1228 1631 466 1115 184 1019 739 2638 2066 2566 19 1689 1326 658 1383 425 1389 2673 2054 1846 218 609 2021 695 792 1766 1616 2235 2464 2784 2277 375 1394 34
2402 721 1972 1647 1127 1274 1692 655 331 2794 643 1438 2396 2061 1787 1097 1293 430 2632 326 628 478 2398 108 471 2062 1961 1506 1472 753 2611 356 1781 1921 1039 782 1143 654 2505 2465 200 580 936 2316 1018 296 2765 1282 1248 1011 1822 999 452 625 679 2531 1024 1187 113 653 2070 239 1503 2311 1026 31 268 1141 2164 1356 131 1262 402 2406 159 525 1317 1022 1048 408 1756 2091 2017 192 225 1378 49 467 1435 1918 1118 726 1395 1598 1875 1140 1941 2025 455 89
1602 244 214 1515 609 2725 844 509 1953 1766 1605 2464 2348 2457 2115 5 2566 2366 1139 1849 707 558 426 2150 1397 1949 2706 1477 1537 690 2572 2354 1108 1696 2751 1889 232 1597 2502 22 820 2390 420 520 1269 1113 2404 2408 2448 1221 1616 1768 1171 2048 375 698 1265 2143 2197 1945 2014 1754 2533 1296 1529 2024 739 2152 2083 1434 80 19 1214 270 882 466 24 744 135 2124 2160 213 669 1541 1426 1603 425 629 424 2768 2615 2230 1866 498 2503 2168 1858 473 2079 2841
1115 2546 2113 1951 1389 614 2178 1175 1306 1300 658 374 485 1883 304 364 1106 1213 727 251 1333 436 2759 215 1559 63 2040 1137 1230 101 483 1394 2000 1353 803 2409 2504 1798 2066 2579 989 1427 589 395 962 328 572 898 2381 1900 529 1161 1513 646 2644 1166 545 1361 2238 2072 1685 2323 1683 1928 1693 714 2540 1785 1786 1207 1019 737 1334 766 581 1451 2242 1971 895 789 2784 2656 2149 293 1801 93 2277 2787 2054 1257 617 341 1558 1091 2542 1773 1228 1898 2022 2114
2386 1083 2263 1726 181 762 1802 1632 732 419 2678 96 894 844 1702 1880 644 2562 636 2116 2554 300 2442 2498 1198 1171 620 2153 1696 1315 1927 1032 2705 2761 1661 2162 2109 592 2457 2203 327 1596 2079 1013 1960 22 1365 2522 2726 2720 2048 1139 2643 1515 387 189 2160 2197 2688 1336 1205 133 1768 2831 2751 106 1797 2374 1214 2807 2152 2572 2567 1064 1251 214 2841 861 1744 2448 2571 2476 1502 2278 2348 1907 509 171 2141 1093 856 1371 1318 1525 2502 510 1953 493 1898 2591
2092 2576 2269 837 2371 264 2844 1122 2797 2455 428 2484 2139 2833 1421 299 1698 1009 891 1549 1982 1 1925 2473 2223 1814 667 2063 2266 1826 2215 2776 2635 1338 1622 160 2273 2486 17 352 1615 2094 573 846 1815 1078 317 1520 1863 1530 1291 2709 223 226 2717 1159 195 267 1824 879 600 349 2100 642 2834 1071 2731 414 2338 1238 1201 166 2385 1619 2811 147 2158 551 1299 1168 90 669 2738 814 1480 2253 1539 1242 888 2727 2607 2175 1409 1994 1366 1295 403 2255 1571 867
196 353 1042 98 1625 2081 2103 69 869 910 701 776 1819 2256 820 1188 1541 244 2361 763 1864 1643 841 2460 1769 1063 809 919 1963 2225 224 285 2363 2778 752 2067 1851 2048 2823 1696 1598 2101 2264 413 381 1667 930 952 1402 1949 1770 2677 858 1354 879 1531 2261 585 153 2331 2723 1578 1579 1768 982 1221 1480 2175 567 1546 2278 2328 2353 594 476 2228 334 922 2150 2311 1585 609 392 2500 2729 1501 2194 945 2065 887 819 2115 252 1227 2473 537 27 467 1477 906
2185 1694 2616 2584 1411 1129 30 1445 2481 1446 2529 1939 1440 386 787 665 810 143 638 1294 2468 1684 2139 267 1112 697 1549 1514 1863 448 718 2271 71 1630 2844 298 1267 879 1238 1122 1291 46 2677 562 2631 1324 924 2595 459 375 958 305 1698 2246 2833 1973 2801 265 1258 2567 1811 991 2213 214 1814 147 711 2092 2168 2132 223 299 2268 1295 1697 557 888 2223 1360 1167 1661 2118 2167 669 807 2635 51 264 1355 155 2001 1982 1270 594 932 1381 1925 1884 1619 980
1024 2531 1127 1273 1438 1503 1274 471 2698 452 268 2285 2794 68 2765 653 1039 1662 1248 1282 108 467 1317 625 2402 356 2144 2061 2311 131 1356 162 1021 1164 2429 1435 2764 806 2527 1378 699 1598 1843 296 2396 139 561 2236 553 726 753 53 1941 525 2177 2822 252 1875 1746 89 805 628 654 1475 534 1216 2091 771 799 1918 113 1647 216 2173 241 1022 2017 478 2398 999 1472 1774 209 408 1692 840 2565 679 936 643 2610 27 290 1787 721 1220 1885 245 2280 1008
1132 1588 536 1418 1686 2029 417 2384 597 1393 1033 1562 1431 332 1065 555 988 121 2108 36 2090 2451 2668 569 1910 429 21 886 2520 193 1337 1038 680 2743 2083 1249 13 176 361 828 865 1268 289 979 1890 2786 640 292 2227 571 78 1398 733 340 2333 2210 802 199 302 377 2117 1272 554 62 866 1888 1266 698 2578 432 2839 2640 933 2570 2795 2421 1754 932 893 1430 868 672 2828 1952 1329 2671 142 2798 1793 427 1553 878 2808 1049 964 1374 681 1668 2078 729
1603 1605 820 1221 2152 285 6 2666 650 1541 594 2502 148 1891 420 2677 2179 1397 2494 582 690 2348 334 1570 1502 546 244 510 1537 1488 807 2043 750 2643 1922 2768 1738 1080 1723 922 1916 2841 2203 759 1139 23 2816 732 2263 1949 2620 1616 13 1953 214 941 2810 117 1696 2194 1205 629 40 423 475 1591 1198 1602 1763 1702 1768 1882 2048 2359 620 2521 327 1866 2761 1227 281 646 1400 181 1083 2115 84 2171 1113 1184 2303 2261 298 1661 496 973 2346 1462 1153 2210
1703 1288 1363 924 2401 2841 149 1605 335 2216 1471 2160 2079 2178 1487 2705 1315 1891 2230 1671 1217 1013 1763 304 2612 2591 1232 1760 586 63 1712 333 2113 1336 1019 1090 1228 1953 2831 325 1723 1785 2048 2502 953 171 2346 2546 2066 957 1768 37 761 2197 745 621 2571 182 443 2567 1213 2109 1139 1570 690 1171 1161 783 214 1904 922 526 1916 1513 2751 1889 594 1632 300 2737 614 1198 2816 1214 2706 2448 2153 1847 22 2507 2535 658 997 894 468 744 104 1333 274 994
2515 1190 1710 559 1545 489 900 2084 1417 1983 2389 2419 1489 260 4 2343 1878 2783 2817 1627 932 674 626 59 1486 2367 1090 2424 1437 1701 221 1763 2133 817 1752 1319 906 2801 2473 2088 1095 1405 1208 2648 2411 1307 860 1737 2270 1414 2652 503 1092 2528 2826 2011 547 224 2631 2082 1386 943 2574 188 556 611 2595 1274 155 653 2046 2837 356 134 635 992 606 2212 1327 281 2707 169 296 562 2052 1655 580 1308 2001 1046 712 2266 2048 645 987 1240 2677 2213 1696 1428
1336 894 1013 1315 2079 96 419 2567 2160 1632 2401 2571 2153 2554 2705 1763 2831 2109 2841 2612 1171 2751 22 1661 335 924 2726 2643 2591 63 1471 300 1907 1019 1032 1214 2162 1744 2216 1927 1090 2678 2263 1703 333 2230 2573 1797 861 762 1217 189 586 1487 1671 1318 147 106 42 1363 761 2197 953 2313 1288 2222 1771 171 759 459 2425 1677 2502 1749 1108 2666 2535 1605 1891 1365 510 2623 2094 1198 1702 2317 1625 1685 2346 149 309 636 596 661 1892 1960 1371 1916 1953 2168
374 2381 395 803 2644 251 364 1334 2149 2656 1900 1798 215 436 2040 1230 2542 101 2759 529 2323 2409 1427 1971 1166 737 962 1257 617 989 1693 1786 1306 485 545 1928 581 1801 1561 2242 341 1951 1357 1394 1883 2504 2540 1451 2579 1361 1175 1559 824 2238 727 93 1106 898 1558 695 1137 2277 1590 1300 1343 589 895 1333 1683 39 1176 572 646 714 2000 63 576 132 2546 2547 1091 1213 658 1743 1353 766 1115 328 789 2072 926 2113 310 1513 2737 1161 1298 1785 1389 1207
2510 70 431 1125 1753 2077 18 1834 2772 1842 2777 2478 1759 2 2757 2561 1557 1035 951 2663 2818 2015 1252 315 601 2622 2644 1839 395 1390 2323 1186 1391 529 1443 2314 2242 688 1798 545 2759 767 2040 374 1333 132 1801 1938 962 2149 1767 695 277 1343 39 2686 1394 2656 2302 1334 578 1427 1176 1165 2016 1413 2315 364 1833 1357 2685 1298 2504 2381 824 2547 1230 803 251 889 2238 1257 1114 1971 240 940 63 1980 989 2409 572 2624 990 1900 2579 684 1207 1091 2277 1558
1453 2713 1860 1636 1496 1490 1901 2309 201 2433 2272 155 1316 2556 1569 2545 1840 64 2241 562 1965 1586 100 497 715 2034 2721 1381 2815 48 305 439 2046 1948 2376 992 440 645 1986 1658 1796 784 2213 2836 747 486 2628 659 2352 1051 2001 2826 51 1640 137 1782 1054 1148 1649 2337 1544 900 134 1623 1897 1046 2007 1422 319 2135 1944 168 1362 563 1938 2076 1444 79 657 1056 2036 1045 1443 2088 204 889 2667 1767 1757 978 1601 1486 260 712 1679 231 1223 2708 735 1218
2272 1860 1496 2713 1316 2556 1757 1362 2545 497 2034 64 1490 1897 155 2433 439 1636 2721 1569 1453 1965 1381 1586 1948 2241 201 2352 1416 305 2309 1606 48 2628 137 1051 562 2135 882 1658 2815 747 2741 123 51 2376 1901 1782 116 1218 715 100 725 1212 1096 204 1623 1541 1544 246 2842 447 1255 1986 899 1054 645 2825 1796 1328 1944 750 1841 2650 2766 2387 1840 1547 986 2068 2511 1640 334 2046 1391 2150 1646 1649 2276 2665 448 742 1186 202 79 611 820 1679 1045 712
238 2479 152 2552 313 1532 28 2500 1896 711 2674 734 2283 587 2592 2119 2177 1708 2527 2365 1827 2370 2819 847 1376 633 2181 505 705 849 503 602 458 1274 81 2557 159 2681 467 326 1852 2017 2193 2765 1741 330 1563 2610 999 2396 2173 726 120 261 580 1746 1127 1503 523 2052 2099 772 1010 2250 1111 2689 968 2716 972 1140 1216 175 1472 653 92 31 478 1692 200 2565 1787 1143 354 2316 2470 296 1021 314 209 1273 331 655 1473 2698 1332 1648 356 268 52 1730
1063 2252 1920 1583 2682 841 1579 1367 1770 2042 945 1368 1651 1239 227 1769 916 2103 2723 2081 998 512 952 515 492 1578 2647 2349 887 1625 1419 639 2026 1211 1154 919 1851 1977 2310 1042 517 2379 930 2225 2778 566 928 1354 118 982 1970 114 2488 1209 9 1906 2792 1585 763 1531 1031 2459 1179 1667 567 7 1791 875 355 2328 2097 819 2491 809 1819 778 2729 2711 2065 579 1546 382 975 1566 1963 869 1904 908 748 513 2661 301 1331 2660 1287 2067 1565 1657 2803 25
2034 2545 1796 2433 715 100 562 439 48 1569 305 2721 64 2309 155 1453 1901 1490 2376 201 2713 51 1860 2556 134 1381 712 260 1051 2826 645 900 2272 2241 1658 1328 1316 1782 1948 563 1636 2650 1496 1663 1640 2088 1486 2011 1045 611 659 1308 1319 992 947 674 547 1422 1416 1993 2631 188 747 1054 1878 1082 1586 440 1617 2817 497 1544 1623 2419 657 1584 2836 2248 1444 2352 1046 2046 445 2213 750 1096 1552 2815 1606 978 925 1386 259 987 2755 1965 334 1218 1148 559
897 1638 1933 1321 2071 2156 836 1790 1145 2750 755 2450 2627 1736 957 396 2342 1052 2096 1098 2201 935 666 1305 2446 2452 1621 141 99 1858 2648 599 222 612 1436 72 1023 1510 468 908 2645 2595 2775 177 96 2098 2587 2432 460 1806 981 816 1717 147 281 156 477 320 1355 1504 2313 1910 1808 744 208 2829 1939 127 164 1167 2318 1976 1227 1188 189 1308 2218 2710 1047 2355 2537 1889 2722 2306 850 2636 1260 2109 2261 2515 459 300 1100 1217 511 1949 2688 586 1696 1632
922 2043 2171 2816 6 2810 1763 2666 1603 2643 650 1702 732 807 1456 620 546 1502 285 181 1605 582 1083 759 1227 1891 2194 510 594 2179 2168 820 1221 2502 1059 334 2841 1260 1188 2268 234 1541 1090 459 1284 1882 2152 1797 2261 2425 1524 750 991 2079 372 1324 1153 148 1291 2466 2801 2167 1315 2141 2616 939 267 665 342 223 2486 2727 1979 891 1487 1703 636 46 913 2399 829 2468 551 2705 117 924 214 2481 1761 1637 1615 2160 37 669 1238 411 122 1318 1723 1520
1334 63 2149 2542 182 2700 374 576 617 1785 251 499 2112 545 824 2547 2323 2656 1333 1631 1166 1883 1137 695 1928 1801 1743 132 803 1343 529 1298 2381 1558 2759 2016 485 1394 2409 1019 1434 1004 1257 1561 1847 1590 898 2277 1176 614 1693 1353 2737 395 1513 364 1300 2546 1773 2072 1228 2644 1427 1087 465 1103 596 1798 1990 895 1685 1971 1161 1306 1116 658 101 727 962 93 954 1224 714 95 1713 1689 1175 310 1838 1593 2430 2000 1714 1230 2040 1683 1786 1115 581 940
1489 860 1788 1701 1417 769 1710 712 2650 1993 1617 2769 463 2011 433 169 2289 2626 2837 1627 1422 51 606 1045 1328 1782 2050 305 221 59 943 2753 1405 2454 1552 2840 197 445 2084 1190 675 1752 900 1649 547 1386 2439 2241 2646 562 1663 1895 2515 645 2130 987 4 1381 161 1544 260 2375 440 2389 826 1934 2707 178 2419 2724 188 1102 947 1640 1658 1926 1486 992 134 2574 2544 635 179 1623 1029 2480 1983 611 1369 2424 2790 622 925 155 2046 489 2649 735 2411 817
2501 2044 2011 1934 188 1422 85 1405 556 547 1386 2411 987 645 155 712 611 2832 1993 1045 312 1006 1649 2528 1029 440 2241 134 1617 2046 445 1319 1190 1983 2574 2836 2419 1102 992 1782 463 943 1308 2439 1092 659 1656 1552 586 900 1486 1644 635 274 2088 2449 2817 1544 1054 260 221 2840 2389 271 111 2837 51 2631 1381 562 1663 735 1550 2050 1082 550 305 2530 169 996 994 2545 1752 1627 608 2646 1423 2130 2213 1624 1796 1878 2375 1545 2440 1208 2648 1679 1090 2515
2754 2383 2019 441 2550 575 1523 2080 1482 1691 1507 2586 1104 1177 2733 775 107 1669 2630 1805 357 2695 2176 2641 2780 1678 1450 2395 2254 830 2414 462 2604 187 2684 397 1147 457 1517 2368 55 1748 794 1169 1611 693 2447 279 1626 2347 1014 2326 834 2297 32 373 1016 728 1846 1372 379 584 2555 736 2159 2802 818 1459 2605 469 2637 2275 1277 1732 2422 1192 845 920 1467 2489 1832 339 1410 1382 2106 2073 603 2234 2058 702 1538 102 2360 2247 2036 903 848 639 1646 1259
837 2063 1009 1520 1 264 2484 2455 1982 267 573 1291 2092 2266 1925 1159 891 17 1238 226 2371 1539 1815 1122 2139 1619 2486 2635 2834 2727 2797 1509 342 879 2255 2094 2399 307 2844 1615 888 846 1025 1338 1059 403 814 1698 234 2731 1660 223 687 2776 1735 1816 2833 1572 1530 1863 2607 2616 1803 1295 2338 1060 428 2385 2431 2223 600 1994 1814 2468 1549 2576 551 147 2811 2175 127 669 299 1480 2138 642 2269 1571 667 2403 2633 1078 352 2781 1366 2710 2215 1540 913 160
957 1889 1802 2457 1880 2278 1032 2168 509 1515 1596 1696 2404 752 1637 1766 609 419 2473 744 1702 163 1214 2725 22 669 894 2751 189 2261 2562 1171 1927 96 1726 498 300 2464 2153 2351 2115 1632 2807 2678 2720 844 636 2823 1953 2554 476 5 2109 2188 1227 1904 244 2448 42 2648 1661 2128 2060 1525 761 388 466 1898 2688 2194 1602 1093 924 2083 2498 2591 2841 2567 2468 2572 661 106 1318 387 582 2079 1797 1659 762 558 1139 2643 2124 391 1084 214 375 1556 815 2175
1489 860 2769 1710 712 1701 1417 1788 2454 2650 2050 2011 463 2840 445 1405 1045 179 1934 197 1617 925 51 1993 769 305 1369 2649 2626 1328 943 635 1870 433 1640 1552 188 2411 348 169 2130 2241 1782 26 2375 2837 900 221 2289 1381 2501 547 2714 1386 562 1658 1422 59 1253 826 1752 606 1569 1656 987 2528 611 1627 155 735 817 2817 2439 260 1796 1029 2044 645 440 1895 312 2082 1544 1624 2270 2084 48 947 2721 675 1649 1486 2419 1190 1663 550 1319 2707 2646 178
1451 1361 789 293 2040 1786 364 1900 2000 2409 2656 2242 727 2054 1971 803 1257 2504 2238 1559 1693 1230 581 1091 1207 1558 2759 374 240 2540 436 989 1106 766 2579 1928 1306 589 395 328 572 2381 2072 646 1951 2149 1137 2016 1087 1333 2644 1178 2787 1353 310 483 1996 714 341 695 215 132 1298 1798 1161 658 898 1176 1166 1513 529 737 926 1672 44 1561 251 2190 2827 949 824 1343 407 101 2784 1180 2247 1683 2114 614 1801 63 962 1427 2323 1334 1883 2441 39 564
1786 954 832 1693 1106 1559 310 1836 2700 1685 2441 2656 1116 1451 1224 1713 2129 2437 1257 1773 983 2000 1714 1971 1743 2149 727 182 1593 2737 2016 1914 2827 1900 1361 2202 2542 940 1672 1535 1357 2409 2190 364 1990 1856 2112 2040 1334 63 576 581 44 2745 1434 2540 1343 1483 1513 658 1103 1004 737 251 2787 803 291 949 1298 824 436 95 1996 1795 1353 617 374 215 293 1019 407 132 1333 596 1137 1176 2072 1300 1091 683 1346 614 1447 589 39 341 1558 751 689 1760
545 1207 1087 395 2579 1213 1394 374 2504 2759 572 1230 2242 1971 803 2381 2066 2644 364 2238 529 1786 2113 2040 789 328 2784 304 1900 766 63 436 695 1693 1801 714 1333 1558 132 658 1683 1353 1257 240 1137 2072 1798 2656 989 101 1161 1389 898 1883 1451 251 962 2178 1228 1513 310 1361 1019 2149 1898 727 949 2022 581 614 341 215 1176 483 2000 589 1427 1178 2277 407 824 1561 1559 1298 1091 2323 1306 596 1951 1106 1847 926 2409 1115 2540 1743 2827 1343 2546 1300
924 2841 2567 2216 1171 1677 1771 2751 761 2109 1365 2079 1217 1763 1214 1632 22 2037 894 1336 1090 96 2153 2043 1315 419 1892 2160 1703 106 2810 104 2554 1702 1288 577 127 991 2094 1295 1019 2666 2625 1661 1471 1904 922 1605 2726 1013 2502 2317 1139 997 2807 2507 2263 2141 2222 1318 2573 147 274 214 594 1525 2643 907 2595 63 608 2401 411 891 1697 2468 2705 1487 150 2162 2427 939 189 2179 2648 1032 1358 117 650 1363 620 333 167 1502 2171 423 732 1712 1760 1161
214 1605 2348 1139 2502 1602 1171 2152 1953 106 2263 2109 22 2203 2841 1866 1632 2153 2751 1198 1214 2572 924 510 419 2554 2705 244 300 1502 2197 2030 1570 1661 2448 894 84 1927 2567 1525 395 2178 1397 2623 690 594 117 1801 1802 2179 420 182 423 609 1726 941 844 954 2079 509 1184 1371 2768 1205 2677 1032 2457 96 304 2160 1685 1738 1659 658 149 744 2791 2149 2048 1113 1712 1696 614 1333 75 1616 189 148 2678 1084 2494 851 2644 1768 1175 957 2128 2113 1693 335
2059 1024 1274 484 1282 2091 356 245 209 27 2236 1127 408 1503 2531 1039 1662 525 239 1011 139 296 2693 1273 838 2698 805 331 2765 1475 2232 1505 1435 2061 1598 89 467 268 2794 495 2301 799 113 1378 2280 1843 1921 1164 131 806 726 471 653 1395 49 2407 625 1050 1655 1140 2173 643 1317 241 1755 654 1275 314 1568 53 2402 1692 1438 1124 1918 1789 858 936 1472 162 2285 999 628 1756 1008 2611 534 464 390 758 721 1967 2406 456 1022 1875 655 927 1506 2774
1221 650 2666 285 1603 1605 820 2152 1541 2643 2179 594 759 1080 2502 117 298 546 6 582 334 2677 2494 1570 1502 2043 690 1922 420 1397 807 1744 750 2303 1702 1285 510 148 1891 1537 2726 922 2263 2348 475 1738 924 620 1916 1882 1488 23 1184 181 2162 2030 1456 214 973 732 2768 2816 2791 1205 2841 2171 40 1084 167 244 1697 1227 1763 2572 1324 1661 1979 20 2810 629 2194 2132 423 1139 1284 1171 2468 375 1797 2203 980 2197 2346 1884 2706 13 851 1083 2359 2118
2077 2015 1252 2478 1834 2772 2777 1125 1753 951 2818 70 18 1557 688 1186 2663 1842 1390 646 2561 2757 1759 1391 707 2622 601 1839 426 315 2320 2314 2624 2302 767 1149 2 24 1767 1323 2143 2510 2161 1035 1165 2323 1597 2533 2054 1235 431 286 1849 578 126 931 2430 29 1114 739 2315 2276 522 1413 293 2673 1334 2409 1443 990 1801 1113 2653 634 2324 191 1928 2685 2078 1959 2172 2016 10 465 889 2671 1905 768 244 485 145 1908 2667 554 2748 65 954 1166 529 2408
767 1938 1443 1753 277 1125 2478 2510 1833 2077 2772 18 2777 1842 70 431 889 1834 2818 2757 2015 1759 951 1252 2686 2561 2 601 1557 2663 1980 1035 1747 315 1391 2315 2702 2685 2532 688 2302 2496 211 578 2622 1413 369 1186 1767 2314 1165 1390 2624 400 1340 1839 1323 990 684 2388 126 2128 1394 250 865 1558 2661 1235 931 1333 1114 1087 2671 658 714 2335 769 240 1989 1845 65 2161 1418 63 768 745 1608 132 522 827 761 1975 903 1821 2795 44 848 2276 2644 2016
1625 2067 869 196 1042 2103 353 2081 910 2361 701 585 1963 1819 1188 2682 98 1227 2306 1063 2225 153 841 227 776 752 763 1651 1977 975 2252 2648 285 1578 1770 1696 567 2048 1367 1546 1583 476 945 2256 1579 1419 1667 820 2500 1970 2674 1643 952 919 1864 1031 517 2803 2723 2328 1354 1769 2778 916 1811 2261 734 1164 69 998 2228 1898 887 1565 2729 1531 1287 2610 1274 2592 699 467 2823 1763 633 2278 1216 330 1851 1239 1402 1906 2065 1827 118 705 238 1221 2042 1541
1946 1419 908 1142 2417 2394 1002 320 2697 2341 1271 1331 855 2087 301 937 2519 2331 2006 1966 1495 1614 519 355 1020 2196 105 253 1913 94 673 1174 610 151 1634 7 2711 774 678 1516 1424 717 2251 1094 1854 1778 593 2660 2147 2243 1105 1581 975 1936 2830 2716 2005 2492 1311 2549 1850 1031 1676 1200 243 2560 881 1573 813 749 800 2843 392 605 567 1794 365 2613 435 2420 336 778 1309 416 2071 1498 1673 773 1133 2600 2065 2793 2095 1040 630 648 821 2318 1705 257
1908 702 1830 848 931 768 2624 284 2471 903 1114 2601 1845 1107 502 835 1512 1235 1310 688 65 1821 1323 1767 1720 103 1608 1340 2276 990 297 578 250 1254 126 1186 1975 1391 2388 1413 684 522 2314 1691 2080 2667 1450 2395 739 2016 1016 2036 1014 646 315 1557 1646 1073 2409 2324 767 373 2345 538 792 1922 1538 1928 1192 2605 379 339 1523 2383 2054 469 1113 2518 575 426 1748 845 2671 1036 863 1759 2622 1390 2757 1601 2320 414 1147 398 2136 1166 10 2302 2503 2347
269 1548 2 2315 2663 2314 907 379 1767 2685 1244 1757 531 2518 191 951 2755 1125 1073 889 2486 2403 541 601 1753 277 2702 2818 211 2772 1391 1186 1748 1459 1413 2510 2136 1869 2506 2109 882 2161 431 1959 2302 2478 1980 2015 688 44 116 1834 368 1833 315 2653 1609 1252 2686 801 1171 1120 1255 2077 2777 2255 594 83 1088 684 2622 18 1300 469 767 857 1943 1950 1502 720 2797 378 334 2532 2359 1217 70 1509 1747 1594 2494 2708 1195 1841 1557 750 1014 1537 1661 2063
546 6 582 1702 1221 2643 732 1083 820 1570 285 1882 2666 2468 1603 759 1541 650 922 1260 2263 1763 2677 181 2810 807 2171 1768 2503 1697 980 1458 620 2168 1421 1605 1797 1536 2043 2152 956 2386 2079 1267 2194 690 1285 2841 2048 2261 1884 1973 2816 459 594 300 281 335 1696 2210 1090 1726 1059 1802 398 2128 2118 1227 423 2620 1949 1238 1291 298 5 265 13 1995 2278 342 636 2591 1922 2502 2678 2179 1318 2132 476 2359 267 2268 1272 1537 2494 629 117 510 334 2167
659 992 134 2046 2241 155 2011 2501 1422 2044 2439 712 645 1782 611 1901 188 1045 1544 547 900 1617 1381 1319 2836 1486 260 2419 1840 1993 1934 440 987 1649 1636 1878 1386 2088 2545 1029 2433 1658 305 201 51 556 1586 562 2389 1308 497 1054 1405 1428 1006 1752 259 2411 445 111 1983 1496 626 2713 2556 2213 1190 2034 1453 624 2826 563 2050 64 586 2309 2528 1545 1796 674 2837 1046 1082 1860 1501 2832 224 1848 85 559 2007 48 486 413 2001 1484 1203 169 2628 1569
222 1504 1933 2355 1321 2218 2342 935 2096 755 1436 836 897 850 2201 2645 1145 2071 2750 1098 156 1305 2156 2775 477 99 141 164 1510 2452 72 1638 1415 2512 1736 127 2450 666 1790 461 1939 2432 174 2710 2595 2567 599 2577 2587 1661 816 2109 1023 177 632 612 1717 460 2229 2446 208 1682 422 1976 932 1709 1859 2691 2679 2636 2098 1241 1171 281 1953 2627 1258 22 2829 396 2841 1599 30 2648 1160 1214 1806 1090 1949 981 2222 2751 2074 1139 2168 1170 924 2722 516 2055
789 2579 483 1513 1672 1178 1693 364 240 1161 1451 63 824 2504 2040 2656 1353 2238 1847 1900 2784 1230 374 1786 1333 1361 132 596 576 310 1883 803 95 328 436 1106 1996 766 251 1300 215 1559 1019 2000 2054 2409 1971 2190 727 2016 2759 1176 1743 1091 2242 2149 581 658 1773 695 44 2381 2827 1257 1180 926 1427 1558 1990 1213 2700 1137 646 2441 395 101 2540 564 614 2547 293 2546 529 1306 1476 572 2787 1801 989 1389 2113 1951 737 1928 341 589 1087 2644 1298 949
2810 820 650 2043 2666 2494 334 1541 1603 285 594 2261 475 1221 1763 1462 922 1696 750 2346 2841 1616 582 1916 1605 2171 1922 924 423 2194 1949 375 1188 2291 939 420 244 1227 2677 1891 2768 2115 115 1080 1137 1953 1308 395 1723 529 2644 761 1537 1394 546 1471 2823 2569 1139 646 1502 980 6 1223 1326 1433 1230 466 531 953 2620 2109 2152 1591 1397 2683 2438 614 374 2323 1426 2502 2179 2175 1487 941 1570 803 2057 2759 1592 956 1477 315 1090 1306 2704 1166 1858 1006
1939 810 2481 30 2529 2517 2619 1294 1694 638 1446 787 718 2616 1258 1129 71 1863 1440 1267 665 2271 879 1270 1445 1514 1112 386 1619 1411 1925 1122 299 2168 1630 2584 1324 264 1982 2185 557 1744 2833 2460 2139 2572 1549 2726 2222 2363 2709 20 214 1480 2623 23 1525 448 1661 697 2595 167 2030 223 2677 1697 127 5 2132 2246 2104 454 1659 1242 1698 2175 2013 352 1684 143 2468 2524 2844 2820 1479 1295 2706 117 375 298 1238 2303 1911 577 1061 932 2092 2455 1811 459
1730 2773 326 633 772 238 1332 2715 120 580 200 2265 602 711 1912 1974 1097 1929 1955 1293 31 2681 2237 877 1011 159 125 2062 740 2316 1111 456 1755 1314 699 2322 2199 2105 503 1692 890 356 2052 1655 2594 1281 1003 1543 1704 1831 1941 507 2812 1274 1472 1026 2191 2592 296 220 2789 2765 618 261 1680 1240 2687 1461 2306 2250 1376 1500 2500 2017 1262 2193 2406 1187 455 2597 2806 872 367 495 467 552 1143 927 653 1961 1756 1568 209 131 2232 1297 1127 1822 1109 2552
1938 1443 1833 767 2510 277 1753 431 1842 1125 18 2478 2777 2772 2077 70 601 1834 889 2 2757 2686 1759 1747 2663 1035 2015 2561 1252 1557 951 2818 315 1980 2496 2532 1391 578 1767 1413 2315 684 2702 1340 769 688 2685 2622 211 1186 2388 250 2624 1839 369 2128 400 2314 126 931 1390 2661 990 1975 1821 1114 1323 2276 2302 65 1845 1608 1235 768 1165 161 1418 1207 903 2644 1720 2323 658 1512 1394 522 531 2671 848 2601 865 1333 714 827 395 2768 1087 1558 502 745
2725 2464 1953 1602 1766 1889 2448 609 2404 909 1696 1139 585 509 2457 214 971 1108 957 1596 844 2115 2508 1515 1866 43 2841 244 2749 1397 558 2109 2751 22 2706 2048 1214 2169 2498 1477 2197 476 669 1171 466 2562 953 80 1227 2366 2348 135 1949 2188 1616 19 785 1426 2160 1768 2566 2413 2442 306 2083 2720 5 1265 498 757 1296 1661 388 1383 2740 375 420 1487 1744 910 1858 1555 1326 1712 1471 2768 1605 1643 644 119 565 1726 1217 592 232 2295 424 2591 2688 924
900 712 1489 1417 1486 260 1710 1328 2011 559 1054 645 1045 860 2050 1782 1437 1623 2419 1663 1701 2826 925 2837 947 169 155 1381 1208 1658 1544 134 2707 1649 2652 2241 1369 2130 2545 1307 1444 1796 2439 1679 2034 305 51 2836 1617 445 2515 563 2076 440 2649 2767 1993 674 1405 179 348 715 1627 1545 463 188 1878 1386 2817 2721 735 1422 611 562 2454 817 489 547 1190 1934 1624 2084 59 2433 992 1029 2528 1552 2411 2088 1319 1983 2082 2501 2133 2046 221 2713 987 978
377 828 640 13 1754 672 1038 2520 2210 2828 2083 1888 142 886 933 289 1562 1337 1041 176 555 2078 2384 2451 1890 554 1374 1393 1033 432 2421 2602 1686 1429 417 1418 2578 2108 1668 698 802 868 932 979 865 2029 1053 2047 21 1492 332 2743 1272 1949 536 1049 1430 964 1910 429 597 2539 370 1461 1588 78 2227 758 681 292 628 323 1249 2565 839 733 340 2629 2786 1187 361 1275 1431 2671 1132 220 866 2428 389 893 121 2839 2423 2668 302 1553 2117 878 936 1929
2113 658 1389 2178 1175 1213 727 304 2022 63 1019 1333 2546 2066 1161 1115 572 1951 1300 589 1230 485 1685 1883 898 586 1513 1306 364 2644 2784 2759 2841 1558 1353 436 714 2409 1763 962 215 2579 395 1798 2277 2504 443 545 1559 1394 483 907 803 2535 1106 1683 1693 2000 251 581 2656 1090 529 374 1427 2149 1228 101 1308 1082 2109 149 924 614 2238 2242 328 325 2323 1171 1125 1423 1801 745 2040 1671 1785 989 646 300 240 104 1847 22 1186 1471 2816 1753 1953 1198
57 493 2418 2327 210 2206 2184 1861 2672 228 1792 570 1193 689 1664 797 1724 2039 2703 1758 1765 263 2330 366 746 1575 801 1877 133 1358 2374 1377 1234 1580 1576 1034 1551 242 2174 704 859 588 2321 2123 2838 1776 2694 1887 720 280 2581 158 2493 1542 2332 1665 170 857 2155 516 1930 2739 548 756 2461 1196 2356 885 2198 2125 438 82 2659 2229 404 793 1030 1457 1276 1350 287 1116 1859 2456 1345 2004 842 1432 1609 1348 1375 294 1279 1928 583 1714 880 1191 792 378
1860 1496 1490 2272 1212 2135 2545 2741 1948 497 1362 1606 137 1757 2376 1316 1897 1453 1965 2034 2433 2713 1586 2556 2628 64 1569 1381 1636 1218 2309 2721 201 155 1051 725 1901 116 204 439 123 2241 2766 899 305 1658 1416 715 1782 562 2825 48 1096 2686 2815 1255 1841 882 1944 51 2352 2842 2207 1623 2650 1986 1541 100 2728 165 246 645 1646 1054 1544 1261 747 1993 1796 202 2258 1649 1601 1825 447 1840 889 2558 1747 2836 1547 2665 362 986 2150 1640 722 1075 2036 1422
310 1786 1693 1257 2656 2441 2129 1743 832 2149 1971 2827 1224 983 1713 2016 2700 2737 1900 1116 182 1298 1451 1559 1535 1106 364 954 1714 1346 1685 2409 1856 2542 1773 2000 1836 2190 2040 1334 251 1343 63 1914 1593 949 1353 132 581 737 596 1434 1176 940 1561 803 436 1361 374 789 695 95 2540 1558 2437 576 1357 1672 617 407 1996 2745 2202 1091 1513 1683 727 824 1333 2381 2112 215 1928 2072 2759 341 1990 1427 1230 926 777 328 2242 1785 1004 1019 766 683 1137 1166
1724 1575 493 2418 228 746 1792 57 2493 2327 242 1234 2174 2125 1758 1664 210 2456 704 2184 570 1930 263 1861 1358 797 1665 2374 2206 2703 2324 1869 2838 516 1877 1609 548 1377 438 2229 2039 1030 2198 1576 1776 404 1959 1538 2330 2332 280 801 145 1580 2321 934 82 2123 960 1542 150 1594 793 689 1887 720 2581 842 366 1375 378 857 2186 1196 885 1859 158 170 2621 1279 2701 2653 469 359 2155 1348 133 2430 2694 2672 1113 2739 1193 2409 1928 646 656 1166 93 2356
64 155 1496 1569 2272 2713 1948 562 1453 1316 2556 100 2241 1381 1840 305 1636 1586 1860 48 2721 2836 1658 497 2046 2309 715 2433 201 1782 1640 2352 2034 51 440 2213 645 992 2545 1901 439 1490 2815 1965 2628 1649 1544 657 2001 1897 1051 319 2076 1796 1054 1362 1416 1623 1045 2376 134 1046 659 900 1444 2826 169 747 674 947 204 1056 168 1486 2708 2007 735 712 260 1148 1422 2011 906 563 1679 486 677 1218 1096 2088 2439 2707 137 1617 978 2767 1663 79 494 1328
659 155 1901 2241 2545 712 188 2501 2034 1796 305 562 2433 1381 611 1934 900 134 2556 2011 1405 992 1782 1658 1636 987 1319 1316 1878 260 2044 1486 2411 1544 547 1453 1569 445 2046 556 1422 2309 2826 51 439 48 2817 1386 497 645 1586 2528 2439 2836 2419 1840 1046 2713 201 1054 64 1496 312 100 2832 2082 563 925 2272 259 1552 715 1965 1993 1617 943 1045 947 2721 1644 1656 1983 2270 635 674 1860 1092 2088 1428 1490 1545 1752 2538 2376 1649 2574 2389 1328 1369 4
887 1579 841 1769 930 2778 1791 567 1470 1531 118 1667 1354 819 998 952 2328 945 1063 919 639 1578 2252 916 748 1583 492 982 2723 2792 2575 1851 579 1977 1179 2682 227 2491 2459 1770 1585 2349 2488 566 875 2647 9 1209 1368 1154 1651 2042 1920 114 2065 1210 928 1367 311 1854 808 512 778 382 2026 2711 1239 517 2225 515 2379 25 7 2081 1211 1970 1657 513 2729 2310 763 2416 1042 528 2304 2658 1963 923 2067 975 1625 2103 2097 2559 910 809 2793 2618 1528 1819
483 789 1161 2784 1353 2579 240 2504 63 1513 1883 1847 2546 304 2113 1228 1773 1213 1230 2759 1801 2178 1115 545 1178 1785 1300 596 1394 395 101 1971 1693 2066 2238 374 328 2317 824 1361 529 2381 1389 962 761 572 1898 1672 1683 2644 1019 1087 364 1106 1451 614 1559 658 1749 695 766 803 251 1685 132 2277 310 576 646 95 2700 1786 436 2656 989 2149 341 1476 1304 2242 2000 1333 1951 2022 581 1743 1257 2054 1798 1427 1306 2323 2114 2437 1900 2422 1137 2190 1176 215
2018 247 723 1121 2146 719 190 2582 1577 764 1204 1359 2585 2008 539 1403 153 2284 1289 1534 781 2485 1351 1493 1157 303 1751 914 862 2334 1915 1347 2361 604 2718 615 206 2487 1772 873 2434 1997 2336 1402 2824 1128 2170 58 2165 35 2551 2067 212 825 2453 2593 2204 2405 343 2462 1595 276 2734 874 14 2792 1247 567 1819 1970 1791 450 2536 522 1376 869 1246 2459 2648 2426 1864 1077 1985 1963 771 2353 2765 1010 1344 998 2681 382 975 233 701 2081 1755 2264 2778 1574
117 2179 1502 1184 2494 2573 1659 327 2222 1198 2841 953 1471 1080 2768 20 2303 375 1371 1661 2572 1333 907 1205 1488 23 1537 2203 1979 2263 1423 2109 420 167 2726 1397 1891 148 1738 1326 466 1456 510 1082 924 1685 1605 2535 2620 423 1922 1570 1763 2567 298 851 1641 690 2623 2791 2162 2132 2043 1687 63 594 1308 2502 265 1061 1019 2816 1744 1525 1740 448 104 111 2571 2348 2022 1284 1139 275 1954 658 474 586 2656 1723 1637 796 214 1487 2521 2751 1632 1171 136 2351
707 29 1849 2354 2320 2533 967 1149 2172 213 286 426 2615 558 2143 24 293 135 2024 2408 1804 2295 2673 1597 2413 2756 1448 91 1719 1689 739 1478 1469 2054 2430 2235 80 540 1867 1728 1269 2021 792 2566 218 634 695 853 1265 1529 1298 754 2827 2366 1631 1296 2390 1334 646 184 2072 2000 498 520 2323 1451 2638 1722 1346 132 2016 1091 898 1535 1383 1137 425 466 1558 232 1945 1798 119 424 1176 1361 2224 1306 757 2324 529 2078 1252 1394 2787 1207 34 1537 1093 1984
346 2821 1022 1378 363 108 52 2505 2465 2467 402 467 2301 758 2765 628 840 2407 1662 936 1787 2687 2690 1275 389 295 2669 2070 478 1048 2611 786 2806 2398 654 471 1008 1024 1140 2396 241 2634 753 1039 2053 61 1124 1438 192 2794 2059 1220 1692 1273 2565 625 1506 89 484 331 207 1730 268 2236 53 1143 49 1356 2025 1929 655 430 2698 822 1282 2429 1612 1141 2232 2632 1822 1568 1475 1481 501 1781 1317 209 1843 452 2285 838 408 139 390 1967 1789 1187 326 1037
401 2163 453 1628 2122 177 1085 1023 380 73 1599 2074 437 2829 72 2009 1510 1233 816 2055 141 2679 399 1163 2469 1903 1145 981 2577 760 823 1160 1872 2587 172 2636 208 612 2747 2098 731 2775 1415 1047 99 2126 1688 164 1717 694 156 174 2655 222 1784 2722 2274 1808 599 1305 1241 460 2218 1155 2750 1404 461 1436 2201 1504 2355 477 1321 2512 850 2362 595 1100 935 281 2537 2452 666 1387 1976 1052 1682 1933 1089 836 629 868 2096 755 396 1165 632 554 908 1754
131 1275 1730 495 643 1929 33 268 1274 1941 2715 295 1039 455 2687 2059 1875 464 1843 1655 200 1831 1692 1262 1500 2611 1506 2301 1505 1127 1378 1706 326 125 2232 2396 580 113 2806 2765 31 858 1503 1026 408 618 346 1220 1912 484 2773 1598 296 1612 1282 456 840 331 1011 239 1568 927 1024 838 356 452 1048 467 2407 471 1124 655 389 2091 1273 2173 1140 209 2236 2053 2565 2690 2693 1813 806 418 525 2467 1787 1008 1281 324 2632 1438 27 314 1923 1472 2017 2406
702 1830 848 931 1908 1107 903 2471 835 1114 768 2601 1845 1310 1340 2624 1821 1512 284 1720 250 65 1608 1767 502 578 688 1235 1254 126 990 2276 1323 103 297 1975 2388 1186 1391 1413 684 2314 1922 1557 522 2036 1397 420 2620 2080 379 2768 1014 2605 1605 1646 690 1691 767 2347 2345 1570 315 2016 423 2622 1372 1125 2494 2503 2315 1601 1687 398 1832 400 1759 2386 1753 2661 1221 1450 1192 1390 2671 1748 2667 148 1458 2179 2571 18 2324 1080 70 2077 431 851 1768 2754
18 1842 1834 2077 70 1125 1753 2663 1759 2777 601 2015 2 2478 2757 951 1252 2561 2772 2818 2510 1557 1035 431 315 2622 1390 1839 2302 1186 1767 1165 578 1391 1443 522 2686 1114 2323 2314 2624 688 767 1938 1833 1413 931 126 2685 2667 250 2315 646 2644 2276 962 1845 1166 1323 1747 2320 1821 990 889 2409 1235 684 395 769 768 529 1980 277 1798 2702 1340 426 848 2388 1928 2324 2471 531 1720 1801 714 2671 2040 191 2601 1608 2759 739 65 1908 1975 2496 1333 1334 502
1334 2149 2542 374 576 1801 2323 1928 1166 2700 2409 2656 617 529 465 1798 251 2277 1883 1343 2759 1590 1513 1847 2112 1300 962 63 646 499 485 803 1558 395 545 789 1785 1306 895 182 1990 1333 1427 898 2540 2381 1137 1773 1161 1631 93 1743 824 2644 2016 714 1257 1298 1353 2072 2547 1689 2546 695 1113 1434 2737 1561 364 1693 1971 483 1004 1175 2504 101 2430 954 1394 1115 2040 1230 1951 132 2180 1224 1685 596 1087 727 1103 1106 1838 1714 1786 658 792 1197 614 589
2428 2423 743 2221 2629 2031 2539 429 1070 1499 1429 2568 427 2267 554 500 1888 2224 432 2380 868 2120 1236 358 681 1477 964 2415 878 2078 1890 289 1256 2668 2217 199 1886 792 142 302 176 1553 2038 2798 1793 733 1521 62 1492 253 78 21 839 2335 698 961 739 2333 2559 802 323 1398 1430 361 1053 866 2795 292 538 2640 1562 1516 1197 763 2083 2667 2648 955 415 1049 2227 36 2451 1479 293 865 276 1387 555 417 1137 1431 932 1399 933 1329 688 1038 882 1754
1752 221 1102 2389 1146 943 2367 2817 4 1545 2790 817 312 2832 1316 2411 1624 2270 1926 611 613 2300 547 2082 1496 59 1386 1405 1407 1319 188 2515 950 2556 2501 2011 1644 2069 2241 2528 712 2433 1656 1934 635 2439 1381 556 2837 1636 987 1190 992 1422 900 1658 260 2836 1649 1983 1663 1486 1993 1544 2454 645 440 2046 2631 155 1796 1627 518 1782 2477 1369 1901 85 1737 2272 134 2044 1045 1552 1414 735 626 826 1202 1453 489 2133 2419 2652 169 445 1878 2213 2084 266
2070 326 580 31 1141 1692 1506 1780 192 655 1648 1274 2406 159 2396 1140 1787 331 1262 2316 618 200 455 2690 1124 1127 1187 2053 2765 2025 1822 1143 654 2669 1097 1118 2565 1293 653 245 1781 49 1356 858 1472 1598 2017 430 1941 1715 721 295 471 346 2467 1039 1438 290 61 52 296 2698 402 1929 2402 356 225 1647 1273 216 1021 139 2715 478 1037 2611 1730 2164 408 2806 643 1961 209 239 1008 27 1500 2173 525 2236 1275 625 1972 999 2301 2091 449 207 33 2794
2529 1684 2844 2298 1816 1129 1480 1446 1294 1630 1366 879 143 787 2524 810 1360 687 2797 2271 1440 2175 2833 386 1539 2517 1863 1242 638 958 2246 557 1122 2104 669 1238 1291 30 267 2616 414 71 2460 264 697 2139 1411 2584 718 1660 1520 1 1514 1619 1807 358 2481 2092 1697 1698 2185 1549 273 932 1196 1295 1939 2473 2363 2266 685 2677 1445 1267 444 2635 2338 829 964 1521 837 2215 1862 1982 2213 2662 2640 2541 147 334 2168 750 127 425 867 2269 2223 969 223 2268
645 2011 1029 2050 445 1045 440 2241 1422 735 2130 1649 2735 1993 712 1054 1552 550 155 463 1544 2840 1617 1623 1444 947 1328 134 1381 1840 2088 169 562 51 179 1679 2836 2826 1782 2046 1663 1636 2707 1796 260 2649 2837 1253 1658 2650 563 305 2439 201 319 992 2628 1860 2076 674 2454 197 1757 2721 1307 1148 518 1496 769 1255 2375 1983 1586 1319 48 259 2289 900 59 2287 2545 168 1486 611 547 986 659 2538 715 497 1190 2352 1640 2515 965 1901 2631 2676 2034 663
1093 1898 2111 1856 2441 310 949 2827 2422 1631 1683 596 407 1914 1996 1773 132 2317 2190 983 2129 1476 783 2785 2242 695 95 2737 2523 328 2745 34 1513 1224 2202 540 1343 1847 1693 1176 1116 2547 1091 88 1304 1713 777 1161 1999 230 789 2759 2180 60 1087 614 766 63 853 1394 2238 1749 1846 576 341 1743 1353 1727 47 1103 182 1535 1298 2784 558 1561 1714 1685 1795 2112 2579 940 658 2281 683 2823 1945 824 2504 520 2381 926 2413 1228 2615 251 1004 545 1785 1672
1649 2836 1782 1054 1381 1444 1658 169 2011 645 2837 1623 1663 947 2767 1328 1544 1679 1617 1045 440 2628 2241 2707 155 2439 51 712 1422 2050 735 2352 1218 134 2826 445 1307 1993 1486 1640 1029 1437 194 769 201 900 674 992 1860 2076 1208 1552 1261 260 1948 2046 2735 2130 1840 2652 1586 2713 319 2840 1636 2133 59 562 2272 64 1416 305 497 2815 563 1051 1796 2545 1752 1496 48 1569 965 559 2433 2309 978 715 2556 1316 1056 1417 2419 489 1710 1757 1489 1096 1965 168
1496 1636 1316 1752 1965 2241 1840 1586 1878 497 1901 900 1948 2556 1381 1486 1453 260 2836 2826 1544 2272 2433 1658 1782 2713 674 563 2046 1123 134 155 611 992 2439 2352 1422 613 659 2011 950 2477 712 559 1545 1190 1649 645 2419 2515 1983 2213 2133 1054 978 201 445 2309 4 1319 2424 2652 1208 562 2389 1362 2082 168 2088 305 188 1146 1552 1092 259 1414 2628 59 266 1046 2574 2545 1218 1897 1627 1860 1386 947 547 440 221 2544 1148 1737 1437 2270 2367 2837 769 486
2785 2441 2827 983 1996 2190 1743 1856 1914 2745 310 777 1176 695 132 1593 2202 95 16 1091 1728 1469 596 2111 1535 766 1898 2413 2615 754 2547 1476 328 1448 1804 1631 2579 2756 1231 88 967 2295 44 291 2238 540 1561 1999 376 240 789 1265 2784 1483 2281 230 184 832 2823 1693 1224 1353 739 1683 135 2242 1672 1689 1304 2430 2381 1346 483 576 341 2129 91 824 1178 1900 558 251 1093 1478 2759 658 1883 2472 792 1447 407 63 2040 2000 2504 1116 1103 1019 757 34
2389 1545 4 59 2367 2270 547 1752 1146 1386 2082 2817 1319 1737 611 1624 817 613 188 312 826 2011 2692 2411 2300 626 987 1407 1405 2477 283 1202 2832 900 556 2069 2528 221 635 1926 1414 1181 1934 645 712 1486 1701 1710 996 2530 977 950 2515 2626 1656 2501 271 943 1102 445 345 266 1552 1489 932 260 2544 2312 2840 1942 2205 559 2652 2148 1799 675 463 1644 85 1878 1453 1253 489 2343 1417 1645 606 1800 2556 2272 2440 2419 2433 2213 1496 1983 2241 860 795 1381
2788 2290 749 593 2730 2364 434 1005 365 1946 257 2299 1068 1379 1794 435 1138 1966 1311 1243 544 1670 2746 673 2549 2087 410 811 1110 1040 253 1020 1871 605 1573 1731 1634 2196 2151 2251 1783 610 855 1968 1581 248 1142 2697 1800 743 2095 2423 1498 112 1516 2516 1645 1511 774 1936 1913 2830 681 2492 1888 2243 142 1526 800 554 289 2417 1519 3 2377 742 2490 2078 1131 1642 2560 1309 535 2219 1969 1424 1707 1754 1566 2005 2006 1094 717 1958 1079 2519 254 1442 1492 640
1254 835 903 702 309 575 1277 1669 1523 1512 1107 2080 1013 830 1104 2555 1450 284 1620 834 861 768 1310 441 1482 1732 603 2571 1975 2275 1691 931 2754 1830 1720 2641 1114 2601 2058 1608 1908 65 1821 848 2471 205 240 2136 1147 1244 1767 2388 2073 688 2395 502 1178 2523 1907 863 2422 1340 55 250 398 339 2176 2573 1678 2079 1016 856 1057 2019 1538 990 187 1646 2550 728 1073 2802 1353 2326 584 2239 761 333 2695 1449 2624 1458 2383 1336 2503 379 789 397 1748 483
900 712 1381 2439 1328 1544 2826 1782 1658 260 2837 1663 2011 2433 1486 1054 1437 947 2545 169 2767 1623 1444 2241 925 1796 2836 645 1878 2050 563 1649 1417 1045 4 1218 559 2707 1679 1545 674 1369 221 134 1405 2713 51 155 2419 59 1617 2082 2270 2652 1489 1422 2515 1752 1208 1307 715 1552 2528 2389 562 556 943 188 1627 2088 1386 1261 860 992 305 1901 2817 1993 2309 2034 547 2046 445 2272 826 1046 2133 440 1640 2411 1146 1983 1934 489 194 2312 201 2556 48 978
2685 1980 2315 277 2702 767 1186 2314 688 1073 2478 1413 1391 1753 191 1833 2772 1125 1443 1252 1767 2077 2015 2 2161 1147 2818 2686 2510 907 211 315 2518 684 2663 1090 2276 761 126 1340 1120 863 369 339 18 1557 951 1462 578 1763 2302 2624 1244 889 1380 2535 1165 1235 2496 2506 2748 2777 1938 1323 931 1989 1834 1975 1183 325 1842 601 594 745 845 431 373 300 2755 1821 1308 2494 269 70 2532 2359 161 2136 65 1114 2473 1747 44 769 1410 104 584 2622 646 1979
2019 2080 2550 575 1691 1450 1669 1104 1482 1507 2754 1646 863 834 147 830 107 339 1620 2641 284 2326 2414 1177 1454 2595 1523 187 903 2555 2383 414 1324 2176 2820 702 1277 1748 1608 848 1114 1147 2395 34 1016 441 1821 55 2058 2422 1512 2503 768 2471 861 688 1244 1459 2778 1073 538 1898 502 1720 931 1908 2601 2630 240 2136 1732 1235 603 297 1107 1299 1168 2275 2586 898 1631 1975 32 2234 1254 2247 1323 1845 250 1830 2523 990 1169 2067 736 1093 2254 398 2604 1310
167 117 2179 20 2494 1184 1502 2303 2573 1205 327 1080 1659 23 1979 1198 454 2222 907 298 1284 1456 1488 275 2791 2572 2535 851 1661 1740 375 1423 1412 111 1763 2726 1371 2203 1641 1687 2132 2263 2348 2162 1738 2483 205 466 1537 1333 510 1960 594 2623 1525 325 745 1082 1471 953 1954 122 214 1326 1225 2109 136 690 322 2154 2030 1400 423 474 2245 1922 1203 104 1074 1308 924 1817 1637 1591 2661 1171 2768 1322 411 1558 1380 827 420 1027 2841 586 2195 1061 1744 40
20 1456 2263 1502 167 1205 454 1032 117 2791 2572 1284 2554 2179 1184 419 2303 2222 1632 181 620 1702 894 189 1556 2162 327 1659 2030 2351 2268 411 1371 1661 2726 1744 879 2153 1171 23 96 2807 2623 1198 759 459 1939 396 2216 122 636 2643 1084 214 22 732 106 2132 924 1525 510 2567 2060 1797 2141 2823 2468 1880 1188 466 375 1637 2203 2678 474 2784 2168 1927 1318 298 1280 592 1610 1315 1080 1217 2348 1214 2841 333 2751 2128 1802 586 2109 2313 1260 1953 2573 907
531 1725 2128 375 1326 167 2499 907 368 1986 269 594 1502 454 2303 473 1591 2506 315 1979 298 2179 117 275 1130 1225 214 1954 1833 23 205 1324 1767 2154 1940 277 2 557 444 2036 2663 2483 2245 601 306 1654 1548 1423 379 1817 1035 2653 2622 1839 1413 725 334 1088 2561 423 2677 1443 2314 2348 111 2728 1080 351 20 1537 2494 1962 165 2460 933 2169 1014 2195 1411 1902 1998 1061 2791 2037 2573 1700 1694 1007 714 2535 136 1759 469 1184 510 2302 1646 2132 2030 2203
2813 2382 2248 165 1944 137 1464 1937 2558 1076 1056 2286 2842 1212 948 2135 1841 1223 146 2294 2393 725 1639 1130 2728 804 2435 2207 329 116 2305 899 2683 1874 647 1899 1055 1185 2736 2825 2569 1547 1825 491 1126 2639 2741 1606 204 362 686 2506 1067 2438 2580 692 1592 2511 2766 2057 1463 2292 2041 1940 494 447 2708 2291 1777 2258 682 722 1134 1935 79 246 2319 2068 2665 1986 1452 442 97 677 2719 574 482 2427 1868 2436 2598 657 974 636 2526 140 1962 2445 2183 2036
192 159 326 31 580 1787 2070 2669 2025 2396 331 295 655 2806 1692 61 52 653 207 1293 2053 1275 1118 1262 1097 1929 1141 2406 430 1648 2765 1124 1143 1730 2173 346 2301 1274 2236 2794 455 1187 245 1967 1022 1822 2715 2402 209 1506 1039 478 1378 2467 654 999 53 356 390 467 225 1140 1008 1472 2407 2611 721 1635 1050 139 1715 296 1317 2690 1127 408 1037 1781 290 402 314 464 643 504 1972 495 1475 49 418 2398 2565 1356 2091 1912 1780 471 2017 1647 2821 726
364 2040 215 436 803 101 989 374 1900 2504 395 1230 572 2579 2238 2381 766 2759 328 2644 737 1883 1786 1357 1971 926 341 1106 1559 529 1693 251 1257 1798 2656 2546 962 789 1213 581 1818 2242 1091 1361 1427 2149 2113 824 2066 1180 2784 1394 2323 564 1115 1801 1353 1389 695 39 545 1306 2114 1951 1451 1333 483 1683 1161 658 132 304 63 646 1343 727 1513 2540 1137 898 310 2178 2409 714 1166 1334 1176 589 2288 2787 240 1175 576 293 407 1178 1300 2000 1773 485
2810 6 582 2194 1227 2043 1260 2643 2171 546 620 732 1702 285 759 922 2261 1221 181 1083 807 1153 1763 820 650 1188 1858 1697 1603 1541 669 1882 2666 1761 956 1502 1059 594 636 2688 468 2476 2179 510 1797 2468 2816 2313 2841 476 1199 2740 2425 829 1456 2348 334 2268 1696 2494 2168 2823 1524 1866 1953 411 459 1090 1139 342 2801 2167 300 1536 1080 1537 750 1605 2188 375 2498 154 298 2278 2386 1629 115 644 1596 1726 2677 2079 214 2791 1318 1768 1610 991 148 387
2414 1177 107 2641 2326 1104 2176 55 2019 2604 397 728 2550 1669 187 1748 1459 2630 2036 920 736 2073 1507 2605 379 834 1277 2080 2754 469 2159 2360 1014 575 2234 1691 1194 2239 861 2555 309 441 1821 1467 818 1169 2058 2383 1608 32 1192 1523 1482 1720 1450 1286 2345 250 506 1841 1646 362 2503 357 1727 1114 1288 205 1975 2695 2661 2586 1601 2160 171 2401 1299 680 903 565 775 1168 959 1057 1340 382 848 621 462 2831 1844 1767 400 147 1107 127 1950 541 1324 1703
869 1625 701 2361 196 1963 353 1819 2081 98 153 2067 233 1042 2103 1864 1667 517 1970 765 776 2256 2723 2682 910 567 1402 778 1770 382 809 381 227 2048 1531 282 2225 763 2778 2336 1063 841 919 1578 1651 1851 585 2353 2311 1354 467 819 752 808 916 2042 513 2331 2711 2363 930 2228 1579 1188 639 118 781 858 2647 1924 734 1854 607 771 952 2264 2803 2648 1769 1598 2792 2460 887 1585 1403 2575 1920 1209 114 998 113 89 1827 1140 525 2017 975 2709 1768 1287
1763 2494 1487 586 2197 1471 1502 614 115 2109 658 37 594 856 1308 1315 1137 924 2562 2261 214 953 300 922 2153 1953 325 2841 1090 2535 335 1108 894 1685 1006 443 2546 23 1712 815 1139 2823 727 1661 1082 1198 2194 1306 1400 63 2573 690 941 2720 1922 84 745 2160 149 1880 1175 824 1802 761 1080 2677 1217 1013 485 1171 1687 2571 2079 1995 1883 1333 1671 510 1537 1726 270 1605 2179 1283 1232 1987 1336 1596 636 589 275 2503 104 909 2448 411 396 334 2498 2348
2510 70 1753 1125 431 18 1834 2478 2561 1842 1759 2077 2757 2777 2772 1557 315 1035 601 2663 2 2015 1252 1839 2818 2622 951 2323 2644 395 1390 1798 767 529 1443 1938 1394 962 1333 374 695 688 803 2759 1833 132 545 2242 277 2040 2149 1186 1801 522 426 1334 251 2302 1391 1558 2656 646 2686 1427 1165 1230 1298 658 714 2381 1176 364 1207 572 898 2314 1343 2409 2072 889 1166 1137 240 1306 1980 1928 2315 2277 2504 1257 989 2685 2054 2016 101 2540 1900 990 1971 727
1791 2792 1354 919 1531 118 639 952 887 567 1579 2328 2778 998 1470 1179 2647 945 930 1578 1854 1977 9 819 2711 1770 841 1769 1583 2491 382 778 2682 1667 748 2252 1920 114 227 1651 2459 2065 1368 1063 916 923 517 1585 2304 2488 1154 1970 2729 2723 928 1851 975 2575 579 808 1367 2379 1042 25 492 515 982 1657 151 2225 381 1819 2349 875 1239 2042 763 1209 566 1864 2618 2081 2462 2559 1528 7 910 2334 2097 1211 1210 2416 2793 311 2361 1271 512 1402 2026 1625
4 1319 611 188 826 547 85 1983 943 2626 2755 221 2045 463 2670 2574 1146 1386 1993 2419 1405 1934 556 2011 1545 626 987 996 2411 1428 2544 1407 2530 1181 606 2528 2270 1788 2307 2501 1617 2023 2515 2044 817 2817 622 2646 2358 1737 2344 1552 1102 59 900 1046 712 2082 1627 178 2800 1584 345 1190 1926 613 1491 1414 2397 2300 2389 2790 2564 2676 266 1092 1848 527 1644 1752 2069 635 2477 1486 1422 1208 134 1489 260 932 2007 630 651 1710 2724 674 2675 2287 1029 1564
655 2396 999 1127 1039 430 726 1506 654 1692 1024 452 1274 225 1787 1438 2402 2765 331 356 2406 721 471 580 2531 806 1598 268 61 1972 1124 534 2280 2053 1011 2236 1662 1248 643 192 2070 478 1378 2173 52 1472 108 2794 1037 31 1647 326 625 1475 2429 1141 402 2398 245 1282 1435 936 1140 139 1008 207 1293 1503 1781 1356 1187 53 653 131 1648 1022 1317 753 1961 2025 2232 113 1262 2611 1097 1275 1143 1875 858 2669 2059 2061 296 455 1780 628 27 1273 129 2164
1290 530 1518 2049 631 2282 908 1301 1017 2140 1331 1567 1614 1058 1554 1384 813 1742 1673 451 921 2064 1237 1909 1981 446 2458 1370 2660 2796 2596 2696 942 243 355 984 1002 1613 1978 1604 1396 2257 1105 966 2600 2085 1681 660 662 2392 2093 1495 487 1739 1705 542 2782 1419 1119 1100 607 337 2262 1853 54 1879 2259 1155 1404 710 1174 800 2543 1808 320 394 1454 336 1142 855 1516 360 392 253 186 2697 2519 7 1621 1271 1893 2722 2006 2005 2559 124 1676 870 1455 2618
1931 2220 2526 447 769 494 1721 1677 2683 2719 2057 2625 2728 2825 677 1876 2291 1771 146 601 1056 574 2766 682 1942 2438 2051 2569 2183 1055 994 2037 1961 1592 2319 1899 939 1692 2708 1892 1473 1759 864 1223 1097 274 526 2440 1439 449 1874 137 1293 2639 1868 1941 1408 2435 271 2207 18 2757 1185 431 70 2736 2622 2813 1974 1944 1187 1127 657 686 2565 561 491 2741 2089 692 1472 608 1627 647 721 2580 2478 1433 948 1753 968 1125 1010 1390 1557 531 2316 2499 2382 2558
2171 2043 2810 650 1702 2666 2643 2841 2816 759 820 1603 1221 285 1139 732 1916 1953 1541 620 1570 6 2346 1605 2152 1083 2502 582 807 1397 148 1697 475 420 2048 546 1260 510 1696 1891 1153 922 1188 181 1227 1768 2768 1882 2230 2263 2179 335 244 1502 1723 1080 468 2494 375 594 22 2278 1602 411 1214 1515 2591 1171 2109 2620 2203 2521 980 334 2348 844 636 690 214 2751 1738 956 2079 1922 2678 1537 1797 1744 1858 1763 1726 423 924 1326 2468 1949 466 2128 2167 1213
2515 1710 1417 1489 1190 1545 2084 900 559 1701 2419 489 260 1983 860 2389 2817 1627 59 1878 2424 1486 2088 817 221 2011 2783 4 2367 1437 674 626 606 712 2270 1307 2528 1405 1737 2082 2826 1752 645 2133 1319 1414 1386 1208 2411 547 2574 943 169 463 2652 906 2837 2343 2707 1046 188 2648 562 2544 925 1092 932 611 134 1369 563 992 1045 2646 892 675 2473 1428 2046 2649 1624 2439 2213 1381 305 1782 155 2626 1788 1656 1544 613 2050 556 1095 1090 1552 1763 51 2721
1944 1212 137 2728 67 899 1055 165 2135 2813 2382 2558 2842 725 1606 1810 1406 2294 2741 1076 249 1937 116 1223 2207 202 2248 627 1012 804 2583 1464 1056 1874 1075 2509 2435 1130 329 1639 948 1841 2393 2286 1986 2057 2569 447 692 647 2683 2736 1001 1825 146 404 1547 1126 491 1592 2809 204 1899 2291 2825 2766 686 2319 2719 2708 494 1935 2292 2121 362 2511 2305 2068 2438 2427 2258 482 2639 1757 2506 1609 2580 722 1557 2598 1463 2665 598 378 574 1897 1869 2350 1185 682
1083 1702 181 620 2643 636 732 582 689 2807 6 2111 1318 2278 1898 644 2116 762 2441 1536 493 310 1093 2194 894 2386 746 366 285 2442 1696 759 210 1758 2327 2141 647 1856 546 2374 592 2827 88 1914 2418 150 148 807 2248 1227 2813 1315 1841 2562 419 2554 1336 407 1603 1502 2261 2823 777 1697 42 2720 1013 1260 1880 1792 1763 1726 2678 1979 2321 2153 1116 1365 115 328 362 2330 2079 1797 1632 983 510 570 1683 2761 1410 1057 2688 1525 1541 44 2422 2313 661 476
879 1684 1630 2139 1360 1539 147 2298 352 1366 1520 557 1816 1446 969 2138 2473 2246 2460 2529 2104 1939 638 1619 958 414 2226 1480 1 273 1556 2616 2092 1294 1698 787 2481 2524 2213 810 2801 1122 2271 2844 2223 1982 234 1925 1291 264 46 1411 2635 573 2797 665 30 2273 1025 2833 2132 1863 143 2576 1440 1815 71 267 1286 2175 891 1258 1129 1824 1242 307 117 1349 1270 837 163 2484 2584 1514 2791 96 1238 685 388 2455 2303 127 1196 2371 349 2726 1694 2269 454 1324
655 2765 1141 1506 2396 331 2070 326 1140 192 1787 580 200 1780 478 1274 1127 31 225 52 999 471 1438 1692 1293 1262 2017 2025 1024 2053 430 1715 159 2402 1648 1143 1124 455 1097 653 2316 2565 1039 390 1187 61 1356 2698 1273 2398 618 1026 1472 2406 2806 27 1967 108 346 356 721 726 1317 296 1662 2236 207 1972 1378 2669 1921 209 216 1008 314 1912 245 2301 81 654 1730 1635 2821 1118 1598 2173 2465 1929 2505 2557 1037 363 1568 753 139 295 402 467 1503 805
1557 2622 2150 1390 2757 2045 1088 1584 1073 2427 2023 1980 2624 2755 2037 2183 688 414 1391 658 315 1771 1759 217 1480 1114 931 882 2073 147 920 714 1998 1323 1892 1333 990 730 903 1616 898 1904 848 1591 578 46 1677 1087 1821 815 1433 2216 2573 761 1286 1844 2089 502 1462 538 2535 2625 892 768 2249 1090 1811 426 255 824 589 32 400 2255 1763 1660 2481 2809 1928 2409 1166 2601 2445 1108 1466 594 1186 1512 1969 870 65 961 1511 270 2567 123 2326 2644 1883 1757
2669 1787 61 2025 207 192 295 52 346 2806 2053 2765 2301 1275 2396 1378 580 159 1662 1124 464 455 2821 2794 1929 2236 390 1022 209 2407 326 1262 1715 408 31 225 2173 2467 331 363 758 1635 2070 1730 478 1282 1967 2142 467 430 786 418 495 2232 1706 1008 296 139 1475 1568 53 653 1481 1143 838 1187 1039 654 484 268 2565 356 1506 2059 1822 1317 1648 1140 245 389 49 2715 2690 1912 999 290 1037 2429 1024 1781 840 936 2406 2091 2687 452 655 525 2611 241
1051 1948 1496 1316 2272 2556 1381 201 2628 2815 1636 1658 2721 1096 2352 1569 48 1416 2713 64 2836 155 1965 2241 1782 1860 1649 1218 1586 1840 2309 645 194 562 1054 100 439 2545 440 305 1544 2034 1796 497 715 2433 51 947 1640 1444 1453 1328 2011 2707 747 1623 1901 1261 1679 735 889 663 169 563 2650 2046 674 712 1663 2439 2755 2050 319 231 134 1422 2496 992 2826 1897 79 445 1148 2686 1045 659 1775 1617 2538 1056 1067 2735 168 518 2130 1362 2837 137 769 1552
2077 1834 2478 1753 1125 2015 2772 1252 2777 18 951 1759 2818 2757 70 2663 1557 1842 601 2 2561 315 2622 688 1186 1390 2510 1391 1035 1165 2302 2323 1839 767 2624 431 2644 1443 1767 2686 2314 2409 2320 646 426 485 1798 1235 126 1928 1166 962 1306 1323 578 1334 889 2667 1175 529 931 2276 2149 522 395 727 1801 1413 1558 1114 2143 24 739 1559 1938 191 293 2324 1451 990 658 2533 2656 803 1361 1951 2000 2315 1106 1333 1137 1257 251 2685 2673 1597 589 1833 2040 1394
2765 999 2715 726 159 326 31 580 838 2236 2059 209 314 464 1475 390 1317 2301 1967 1932 1635 363 1008 1378 1568 1730 2053 2017 1662 1262 1050 2244 780 484 455 786 1706 296 1912 52 1929 268 534 478 456 2806 356 1282 2429 2396 1756 927 418 806 1755 331 1715 1140 467 1465 2232 408 1024 2173 1787 1789 1143 1503 207 1187 758 1275 2407 1293 389 120 2698 192 295 1481 2025 1648 1011 1039 1921 1281 139 225 1822 1395 655 1022 471 1124 1274 1097 53 2465 2406 27
1860 2272 1496 2713 2556 1316 2433 497 2309 1636 2545 64 1381 1965 201 1453 439 155 1569 1586 2352 2034 1490 2241 1757 1658 1782 1362 305 1897 562 1948 2628 1901 715 48 2721 1606 2815 1623 1416 1544 1218 137 2376 100 1051 747 645 51 1054 2741 2135 2836 1796 1649 204 1840 123 547 116 1328 440 447 2825 1444 986 725 882 2011 1255 611 1096 246 1944 947 1640 2766 1679 1212 2001 2650 712 1045 2046 1663 1319 2767 2842 1993 2439 494 1422 1841 889 169 1617 2686 2207 134
2609 2843 1913 2006 257 1498 535 2196 1850 2492 1871 937 1174 2341 1142 774 800 336 1094 1936 1516 1800 2299 253 1527 2087 2095 2243 1455 2377 2697 434 593 2519 749 2613 1794 1731 1946 2549 288 855 673 1966 1546 1002 610 2065 2788 821 1419 410 870 2559 1670 511 1133 908 1851 605 1621 2219 157 2417 717 519 118 2680 2067 1311 1634 2005 2364 2618 808 1645 2792 2251 2331 1068 664 881 528 975 7 2357 2290 1424 2730 320 1573 567 1138 648 869 365 1909 1956 1625 1040
932 13 1049 640 1754 536 2210 2520 1038 839 733 866 121 332 1272 1588 828 21 672 289 432 1910 2828 933 78 698 1249 1374 2078 1041 1431 979 865 323 1562 2384 176 429 1888 2640 302 1430 1668 377 340 2602 2808 142 1266 2083 2451 2795 1398 1132 2421 2333 417 292 1686 555 569 2578 893 988 361 199 36 2671 1418 1952 2668 193 2047 1033 2743 2032 2786 1521 1053 964 955 2629 1553 681 2227 680 2029 2120 2108 802 554 1429 1492 370 1949 1268 2117 878 597 56
1515 244 844 5 609 1766 558 1602 1889 757 80 2115 707 2464 509 426 2457 2725 1296 214 213 2024 1139 1953 2566 1265 1696 2014 934 1269 2354 1849 2408 520 1768 698 2502 2366 1949 2413 2404 1477 22 424 1214 2048 119 19 1945 1597 807 1108 1383 232 1171 135 2124 540 2841 473 375 498 746 2638 1702 1529 2278 957 2143 391 1898 1478 1689 1605 163 466 739 2751 1754 2152 1093 955 270 1722 2295 2533 2390 2384 2503 2277 1397 2128 24 499 744 2430 420 1858 1867 2230
1083 1702 181 620 2643 732 636 582 2807 6 1318 762 689 2278 759 2386 1536 2141 2111 2194 894 2374 546 1227 1898 1336 1315 366 1013 644 2813 647 1632 1763 1365 2248 2079 2261 1797 2116 807 2468 2554 493 1260 285 1603 1057 2153 1093 922 1697 2441 419 2442 310 1914 1696 2160 1223 1502 2418 1874 88 2422 2562 2761 1841 2382 661 1221 1856 2506 2263 407 1758 2678 907 2168 1979 42 2666 2810 96 2720 1380 1188 1525 1937 210 761 2327 150 746 650 2639 1880 669 2827 2171
244 807 2115 1696 375 163 2677 1260 2303 1616 1061 388 1702 5 1766 1637 669 196 2643 2351 582 629 1295 425 1515 1754 281 1744 844 2132 2460 498 1807 1603 1227 820 609 1556 1326 466 2666 879 650 2810 2567 334 1188 1088 2502 1858 2043 2128 2726 1446 2162 1541 1602 594 2457 1697 285 2363 1294 1221 414 2278 2124 2222 759 2648 1916 734 372 752 22 1171 750 2841 468 1949 2014 1953 2751 353 2194 1214 1521 454 306 1605 2210 476 214 473 665 2048 2169 2791 1397 1456
1588 1132 1431 536 193 988 36 569 1033 121 1393 2743 1686 802 417 555 2029 1249 1418 597 680 2451 2384 866 2078 176 21 733 886 332 1065 289 1890 2520 2333 302 2090 2083 1430 1910 979 429 432 1337 361 1562 554 292 1699 2668 1398 78 142 1888 2117 1053 1492 2578 2227 828 1038 640 2640 62 571 1553 2786 199 13 2210 1886 878 1268 868 2108 1266 340 1272 893 2795 1374 932 933 698 964 672 2798 377 1668 2808 865 2570 1952 2421 1793 1754 2839 2428 681 2828
2510 431 1839 2561 1035 70 1125 1753 2644 2077 2777 2772 1842 1834 2478 18 395 1557 601 529 1443 1759 2323 315 1394 2757 2686 2 2663 2818 1801 2015 1252 1938 951 962 1390 1833 2622 1230 889 1333 2759 545 767 1186 1798 1207 2277 2242 658 2128 572 1391 907 277 646 688 531 865 1137 374 853 1304 1413 2314 5 1334 2072 1558 1683 2040 1786 1671 1036 198 1312 1747 1976 39 1257 1685 2149 426 1767 1427 63 2535 304 251 1343 714 578 2113 2317 2381 244 2504 364 990
2252 1063 2682 227 1583 916 2042 841 945 1920 2723 1579 517 1367 1651 1368 512 1239 998 1770 1578 492 114 982 1209 1769 1970 1211 118 2026 2310 639 2081 2225 2103 1906 1667 1585 567 887 1625 1419 2349 2488 819 2647 763 2711 778 952 566 2778 919 2792 1977 1354 1154 2065 1879 7 928 2328 1791 1904 1851 930 382 1854 1179 513 579 2459 2357 1528 1531 515 908 1042 9 355 2729 2097 25 975 2575 2491 2067 2507 1566 748 1657 2660 151 1168 528 1299 869 2658 808 1470
2141 2263 1866 1198 106 2348 2197 96 1632 1927 214 2705 2761 1139 1315 1113 1365 894 84 2386 333 1199 1525 2030 2153 2203 1371 1171 1605 181 2554 1205 1217 732 1336 183 1502 117 2401 2160 2612 419 620 189 1458 2572 2623 2562 2109 396 1184 941 856 1960 171 1032 851 2831 1570 1953 636 2522 1064 2498 2807 1283 1661 1318 2079 2608 236 2152 2706 2442 45 621 300 1536 2503 2677 474 104 281 23 1560 459 1183 744 690 2179 2448 1602 2720 510 2502 2567 150 785 1280 1726
2011 1993 1752 712 260 645 445 2840 1617 2439 1544 169 2241 1328 613 1190 2515 134 900 1878 2837 1045 1552 826 943 51 2389 489 1486 550 221 463 547 305 2050 4 606 259 1386 1369 1545 1381 1422 2367 1658 562 2817 1253 977 2826 2544 188 2419 2676 987 556 1405 2724 1319 1146 2650 2084 2454 611 85 817 1782 2312 155 925 2375 1623 2270 2433 1414 197 635 2626 2649 563 2046 2631 2574 2707 2289 1983 674 1788 2082 1627 1649 1640 1172 659 2287 1029 947 992 950 769
1017 1567 1518 1237 1301 908 451 1290 631 530 1981 2140 446 1058 1604 1002 2796 1978 2282 1879 1495 1119 2392 2660 607 394 984 2093 2596 2262 1516 320 1331 1613 1906 662 2085 1100 942 2600 1614 1909 2458 1676 1554 2049 1404 355 1271 2543 2357 253 813 151 1419 966 186 2559 243 1384 1705 918 2064 2618 1155 921 1455 1673 1645 2219 1566 763 2065 1800 124 1370 871 1546 2460 709 2147 660 7 700 1089 1808 2318 2722 2658 937 975 1239 2648 852 1621 528 1105 2341 2274 1739
2615 1448 2413 967 2756 135 2295 2354 1804 558 2827 754 695 983 1269 1728 2320 1149 213 1176 739 1478 426 132 2441 2021 2408 2190 2533 310 1689 1743 1383 2024 2566 1535 80 1849 1265 1597 707 184 24 1469 2143 1296 1231 2785 1091 1945 792 1867 29 91 1298 1996 1719 293 2172 2673 286 2638 2430 1631 1693 540 1722 520 466 119 2745 1346 789 218 2016 803 232 2656 240 757 2235 1898 2129 2579 1984 424 766 376 2242 777 2054 2149 1334 16 498 2202 634 2784 2281 251
2741 2813 79 1452 137 2305 1868 686 2382 1076 1055 1463 1944 2248 140 2580 2665 722 1212 2286 2135 2294 1606 1547 1067 1937 2068 2393 494 2842 2511 1935 948 1223 329 2435 1464 1639 899 804 116 1185 508 1899 2057 2037 2728 657 2598 1998 1056 204 994 146 2766 1874 2683 2639 2436 1757 2291 2499 526 1771 2708 165 2319 1677 491 246 864 574 2438 274 1777 1134 647 608 2569 442 2625 2041 1126 1473 444 2736 1130 305 97 682 2825 2440 1592 2558 1942 1986 51 531 1725 1408
987 547 1752 4 556 1146 1319 611 1386 1405 2389 188 1545 2817 85 312 2270 2411 2832 1102 2082 1624 826 635 2501 817 1934 613 221 900 1656 1737 2011 2367 2069 943 59 2528 2044 626 2300 2790 1983 1552 2631 2544 1644 2419 1486 260 1926 1878 1202 1407 463 1993 283 2477 259 645 445 950 134 1190 1208 559 977 1316 1422 1414 674 155 2241 2515 1617 1181 271 1942 712 2676 489 2652 2840 1496 1045 2556 1381 2084 266 2133 1029 606 1988 2272 1092 2574 1649 2826 2312 1328
835 702 1908 1107 931 1830 1310 284 848 1254 1340 2471 2601 1512 1114 2624 903 1821 502 65 1845 1720 768 990 250 688 1767 1235 1608 578 1975 126 1323 103 1186 2276 297 1391 684 1922 2388 1413 423 2620 2494 2036 2314 1397 420 1570 1557 1687 1646 2768 1014 690 1458 398 1591 1400 1605 1036 1601 2605 2179 851 2345 2016 2080 2409 1390 379 1738 646 1080 1801 1768 2386 2203 1537 1221 2323 2622 2359 510 1113 205 2247 1960 1980 522 2347 2324 148 298 1488 1232 2503 2118 1928
2515 1710 900 2084 489 675 559 2424 1545 1190 4 1878 606 1701 1983 674 1208 2419 1752 1627 2133 1486 1414 906 1737 1319 613 2544 2626 2783 2707 59 1417 2270 611 817 260 1405 2817 547 2477 2082 2011 1046 1437 2837 1468 188 1386 1489 169 2046 626 1307 2001 221 1381 977 1123 2312 266 2753 1788 2646 259 712 2389 2367 2652 2826 635 2241 1146 1428 2213 2648 1544 992 562 1092 2353 1848 463 645 2391 2076 987 2574 630 1054 2439 2352 2266 134 1782 978 932 445 1253 2148
569 332 2578 193 1065 988 302 1398 571 323 2090 1431 733 340 199 2743 2047 554 432 2032 429 78 878 1041 21 2520 1910 36 62 2333 1132 2668 427 839 361 866 1256 2640 1418 417 1430 289 1686 1049 1588 1793 1393 933 2078 1038 1553 121 370 2380 176 743 640 56 597 2421 2227 2786 979 680 1890 698 500 13 2210 893 2415 2029 1521 1272 802 2423 828 2083 1562 1754 1499 2117 681 1053 2795 536 886 1888 1699 1033 1268 555 932 2451 964 2568 2798 1189 1249 1236
1948 2272 1381 1051 64 1569 48 2352 1782 1640 51 562 2755 1416 2034 1658 1316 1496 305 2721 2815 201 1584 2545 747 1096 1796 2836 1218 715 1586 100 2628 155 2241 1965 1649 1544 439 2556 1054 497 2309 1636 2713 2135 137 947 169 2708 1547 1362 2842 1897 2068 194 2665 1623 1944 79 1840 1679 2248 2023 2707 1453 1328 1261 804 2011 674 2813 1444 2511 1606 2439 645 1777 1463 657 2650 1212 1223 1617 204 231 123 2376 1860 2046 1056 2433 2837 1076 722 2766 882 1757 677 1422
489 2515 2084 900 463 1190 260 1486 559 2419 2011 2817 221 1752 1983 613 2840 1405 1386 1934 2270 712 1369 925 1710 445 1437 635 188 1489 943 1319 2082 547 2133 2501 4 1417 817 611 2528 977 606 1627 1208 1307 1878 1656 2649 563 2574 675 1545 2424 2389 556 2826 524 1737 645 2411 626 1146 674 826 2397 987 2676 1993 2626 1624 312 2832 2652 970 1644 2837 1092 134 1045 2544 2646 2241 2454 1414 1046 197 2439 169 2050 348 2044 2477 860 550 1328 1428 1788 59 2358
2484 2139 264 2797 837 2371 2092 1698 2223 2833 299 2269 2844 1982 879 352 1925 2576 2455 1520 891 573 2266 1571 1 1122 1009 2063 17 1549 234 2473 428 195 2635 867 226 1615 1863 2175 46 667 2486 1366 1539 2385 1421 1618 1540 1572 888 127 2255 969 1349 1619 687 147 846 2215 1622 2710 1826 600 307 685 537 2338 472 1291 2727 2460 551 1735 317 2607 814 1071 444 1167 1338 2100 1101 2104 166 1480 267 2094 223 1815 2213 403 531 2776 2158 1355 2616 642 1824 1242
919 1579 1354 952 1531 887 1583 2792 1791 998 945 639 841 2778 567 118 2328 1769 930 1063 1770 1470 1179 9 2647 748 1578 2682 2711 2491 2252 1977 114 1920 517 778 1854 382 819 1667 227 2065 1368 2459 2304 923 1970 916 928 579 975 2729 1851 515 2723 1367 2081 1657 2488 1042 1819 1585 1651 2379 492 1154 1239 2575 875 1209 2042 1625 1211 566 2349 982 2361 25 1864 7 2793 808 381 151 910 311 2026 2334 2225 2103 512 2462 2067 513 2416 2256 2559 1210 763 809
1724 228 1575 801 1664 1358 1030 797 1765 1776 2456 493 1193 1196 934 2327 2694 2184 57 263 1377 1034 2206 366 583 2321 1345 1877 1576 2418 210 1279 2174 720 1276 570 976 588 242 2186 2581 1758 1432 2703 1861 2198 2127 2461 82 895 93 885 1457 2374 746 2739 2590 842 1542 793 1234 689 2229 880 2000 1869 516 1859 1590 1086 1522 1665 170 438 2330 1513 2332 130 1137 1375 756 2493 1670 422 1081 185 859 1043 150 2541 646 145 2072 514 2409 954 1106 287 1959 1773
1510 99 1717 174 156 177 2587 72 1415 1145 2775 164 1872 208 612 1163 2829 2098 141 2679 2122 460 2355 2655 2163 2747 1023 477 595 453 1436 2722 1047 731 2469 2577 399 1903 73 172 599 1784 2452 2636 1504 760 2218 1599 2055 2750 2074 461 1321 694 1160 1628 222 816 666 1682 1976 897 2126 401 2009 380 1085 981 1241 2537 1098 2446 2071 2096 935 2201 850 1305 2645 755 1933 836 2156 437 1233 823 2512 320 1155 1808 1790 2318 2642 2432 1089 2274 2342 1052 1621 1387
1059 551 956 2740 342 1375 154 2548 546 150 1083 582 1057 1995 2194 1541 307 1763 285 115 2327 2823 669 2727 1421 2080 2473 820 1 1536 1482 203 6 1449 2503 1520 1025 1221 1697 422 339 2468 226 2261 879 620 1502 1603 1014 1318 127 636 469 2174 976 732 2340 2036 1618 829 867 1947 1260 1702 1646 2643 1196 1882 2801 300 2810 181 1280 1183 537 1462 38 1073 1539 2431 2266 690 334 2063 922 493 2073 2494 2203 1227 472 1524 750 1090 761 2571 1336 573 594 1540
2755 1584 2023 2045 770 747 2272 2622 315 2034 305 51 1980 882 1557 2650 2556 907 2150 48 64 1199 258 2757 292 733 893 414 1391 2545 1338 714 155 2168 562 2425 2721 1221 334 1569 2302 932 2727 2801 2573 1815 1413 2138 2503 1390 281 750 2255 1858 1499 665 1537 302 1603 211 2685 1640 78 2387 1252 396 439 2481 827 1796 1928 123 1759 2631 2494 1073 1095 2624 933 1051 1446 2409 361 990 1763 1834 1456 582 688 1558 1112 1502 1108 2352 546 1610 2315 426 715 578
207 61 2025 225 2396 2669 192 1787 52 2765 1262 296 455 2173 1506 408 1024 346 2794 356 1275 2053 838 1282 209 464 418 1127 1274 1706 1780 1481 2059 1124 1378 295 268 2070 654 2232 31 2236 1967 726 1662 239 131 1039 390 1568 1475 331 2091 1715 495 1781 1022 806 290 1635 389 653 1438 2429 326 2806 471 758 840 2821 49 363 245 999 1875 1140 2301 1929 467 139 478 580 2531 655 534 2565 108 2467 402 2715 786 1050 1692 484 314 1472 1648 2280 2690 452
594 2494 1616 23 1462 2203 690 815 1113 1763 2506 2535 1949 1198 1199 2569 2571 2473 1687 2503 244 2197 214 2386 1139 1080 1073 1661 1605 2572 762 2653 2079 745 1365 2109 2677 676 6 1960 844 939 2160 1171 2427 2152 1502 1137 1537 327 856 1866 2683 1632 1205 1591 104 2445 300 44 379 148 1013 391 629 614 1421 2348 1592 2036 582 2291 2518 5 2115 725 1088 688 941 482 1603 1696 1315 325 2324 647 2359 84 2072 1336 2278 491 420 510 466 1057 2057 1221 285 334
1671 2706 1090 8 63 2109 1474 325 1333 1137 1661 614 459 646 1394 586 1685 658 182 1391 1712 745 907 443 2535 2705 2317 1763 2572 824 132 2216 954 483 1697 865 1304 1175 661 2079 2787 2546 1353 688 529 2644 2245 1760 1015 1087 300 2831 962 2016 2054 2168 924 690 2547 2409 2149 2197 1186 485 1144 2314 1106 2323 1334 2648 374 2623 2175 2449 1173 1217 2700 1559 727 2841 2083 1170 1683 2340 2656 2249 1693 1036 2571 1928 2678 1423 1883 1513 1207 1197 2448 2160 1315 1501
2152 2502 244 1659 1139 1605 1205 1198 2263 2115 327 214 2348 117 2203 844 2620 941 2303 1113 1502 1184 1602 1616 2841 1171 106 1525 1515 1397 1371 420 1696 2179 2572 807 1979 1603 2677 1953 1661 2048 148 22 1768 270 23 2109 2761 84 1866 1687 40 1591 466 690 2768 1922 1084 1400 6 1637 1949 510 1175 609 2494 582 2656 496 375 1726 2409 1693 820 1632 1221 954 594 2751 1365 2554 1702 1570 1083 2030 2726 1019 1214 851 2162 1951 498 182 1738 1537 1541 732 2787 629
519 1495 1002 392 1419 2085 2219 2341 320 908 2600 1565 1331 253 1739 984 1479 709 1676 942 1682 2763 1906 1546 2543 1287 2093 1516 2664 1017 355 1614 186 2460 1705 791 855 2318 1455 2262 2803 660 1442 394 2331 434 1779 1385 773 937 2660 852 2519 2549 99 2420 1325 1879 1992 1005 1695 1511 538 2458 1031 542 2140 1142 54 1454 1673 2364 336 1311 177 893 1000 2147 1200 1946 301 2796 2102 629 511 730 2363 1978 94 248 1770 1969 544 2709 1966 1498 50 157 593 881
2045 1584 2755 2622 2023 1557 2150 414 747 2481 2757 665 315 882 1446 1390 1294 258 1088 1759 714 1980 147 961 2255 1844 770 1466 123 1630 1904 2158 898 730 46 32 990 939 1433 1201 1366 870 688 502 2073 1479 334 903 1101 1073 187 1114 879 709 892 1998 372 1324 2183 1258 750 933 2219 2584 1286 1242 1816 2507 1811 2427 1450 1969 2326 2595 768 1928 920 1112 2273 359 70 2425 2624 2223 907 2709 1325 1616 2601 848 594 186 1087 302 2138 1511 2717 2315 2573 931
1801 529 2644 395 2323 2759 2277 1798 962 1230 572 2242 1683 2579 1394 2504 1334 1898 374 803 545 2561 1839 1035 695 789 989 581 328 2381 2238 658 364 240 101 2510 1333 646 757 1561 2040 766 2784 483 2149 1306 898 714 1161 1971 1883 1389 1091 132 1353 2113 1213 251 2546 1689 589 63 2656 1087 431 1786 70 1257 1558 304 485 1343 727 310 341 1115 2317 1928 2409 754 1951 1166 2077 1175 1451 1207 1728 1176 436 1137 2114 2000 1900 1125 2072 1093 407 737 1427 1513
377 828 2578 2520 933 2629 1910 1429 1686 2083 2602 979 2227 176 78 1374 640 1668 2798 1038 1249 672 432 2428 1337 2539 964 13 2451 417 2384 2640 1888 1033 1418 302 2786 536 2210 1266 1053 2668 2120 340 597 289 21 1393 1890 1431 554 332 1562 292 733 1588 2047 893 1398 361 2031 932 36 1049 2828 886 2108 802 323 2421 2038 1132 865 1272 2808 868 142 866 121 1952 1754 555 2839 199 988 698 2743 1070 429 680 2795 62 2671 2335 681 1399 2570 2078 358 1041
1763 1487 37 922 924 2494 1090 586 2261 214 1308 2197 594 334 614 1502 275 2194 285 2841 820 1137 1603 1471 1108 1082 750 2109 1315 1400 115 953 1541 646 2677 1661 335 423 2348 23 658 1006 1605 459 1802 1866 1080 1232 510 690 443 1995 2448 939 2562 1306 1953 1166 63 751 2160 1696 941 1949 1712 1883 1221 300 661 448 1591 2623 2409 1171 1537 1596 1300 2473 1227 2203 761 182 1198 1462 1928 2706 2567 1394 1685 727 2678 1217 856 104 909 2823 650 2179 485 1230
2832 312 1405 2501 1752 1102 1934 2411 188 2270 556 1319 547 611 2082 987 1146 1386 1983 635 221 4 2389 943 2044 2817 613 1545 1624 1552 85 1656 900 2528 2419 2790 2069 2544 826 1486 1644 155 1422 260 2011 2574 1737 259 817 1878 2556 626 2631 1190 59 283 2676 2367 1316 559 1649 2133 645 1092 445 1407 1029 2652 2241 463 1617 1208 712 2397 1993 2477 606 518 134 2084 977 2300 735 2837 2515 2088 1636 1496 440 2272 1926 2050 1414 2424 1627 2724 2826 1381 489 2439
835 702 1107 1908 931 1310 1830 284 1254 1512 848 2601 2471 903 1340 502 65 1821 1114 1720 2624 768 1845 990 250 1608 578 1235 688 1767 1975 103 1323 1186 2276 297 126 684 1391 2388 1413 1922 423 2036 2620 1570 2314 1397 1036 2494 420 2768 851 2605 1014 690 2080 1768 2503 2345 2386 1221 1458 2016 1687 1605 2347 1557 2671 1601 1646 379 1801 1080 398 1960 1400 1390 1450 1113 646 581 1591 1537 1232 205 1152 2118 1738 1372 2079 2561 522 2149 335 2160 1315 1832 1748 2324
2113 2178 63 304 1213 1785 1115 2066 2546 1019 1883 1353 2022 1685 1175 1333 1389 658 485 1300 545 962 1161 1513 251 1773 2149 1306 1693 1951 1394 2759 374 1228 2656 364 310 1166 614 1427 727 1847 898 182 617 529 1343 2409 1334 2504 2644 1928 1971 1683 101 572 1798 1559 1230 2381 395 328 714 2000 1743 695 2040 1106 436 2542 803 2277 2072 2323 1786 1558 132 1898 2737 589 483 1257 2238 581 1137 2827 789 1801 1207 215 646 1561 1900 149 2430 949 2784 2700 2242 2579
1638 2096 935 836 222 1305 443 586 2342 1052 2535 1736 2452 396 1933 755 1790 2083 1308 1806 1006 325 1115 2500 1504 2446 2691 1404 2450 2201 2362 2071 1186 1763 1474 477 1321 1671 2645 2512 1082 745 1300 816 1090 2355 599 2150 385 2260 281 523 1355 2627 2218 850 193 1709 313 323 2437 1910 907 988 72 587 483 1599 2335 459 511 152 2648 1757 2546 981 444 2074 2432 1089 2750 458 1183 1037 847 734 1145 897 666 646 1423 1430 1803 1976 2795 1754 908 2449 220 1098
767 1753 277 2478 1125 1443 1938 2772 2777 2077 1833 2510 18 1842 70 1834 889 431 2015 2757 1980 1252 1557 1759 951 2818 2 601 2315 1391 2561 2686 315 2663 688 2702 1035 1747 2302 578 2685 1413 2532 2622 400 2661 1186 2624 1390 369 1340 126 1165 2314 211 1323 1767 827 990 1845 865 1333 1235 2496 2388 1839 2128 903 250 1608 2571 1558 745 931 761 1114 768 684 658 65 1137 714 848 769 2620 44 1605 1394 1418 2276 2335 2323 1087 522 240 502 325 103 2601 2768
1742 1614 1331 1237 1290 2049 1384 2660 908 337 966 1673 1370 921 530 1567 1518 1105 1017 1100 1981 1301 243 446 487 2458 1604 1554 813 2282 2600 2085 451 2140 1495 942 1396 1404 1681 1705 2064 2093 1155 355 607 631 871 2361 2696 1909 1031 2259 54 2796 1058 1287 2336 1879 360 542 660 186 1739 710 1808 1002 2782 394 662 2274 1613 1676 7 2392 2257 1271 2369 1565 2793 1893 2596 2648 984 975 1991 320 2803 151 765 1419 50 235 2157 2543 2460 1823 2394 2500 968 1827
1290 1518 2282 631 2140 1017 908 2796 1301 1331 1058 1384 921 1614 451 1909 2064 1673 2596 530 1567 2458 942 1554 984 2660 1237 660 2085 1981 1002 1742 446 1978 2049 2600 1604 1613 1495 1155 243 2392 2543 813 966 2262 355 1676 1100 662 2257 1370 2696 320 1739 186 487 1808 2782 1705 1404 1105 542 2722 1396 2259 2093 1119 2274 1681 1853 392 1419 2636 172 1688 710 852 607 2577 709 124 1454 2219 1516 54 2618 1621 72 360 918 2559 1906 1879 1000 700 1089 191 394 253
1576 2538 445 2649 663 1859 1369 2454 516 925 480 2011 210 348 793 704 550 712 1377 2581 1716 57 2461 26 2260 2241 2155 645 179 2287 1193 1870 1092 1045 2418 499 1029 1861 2769 2574 1054 2130 2004 611 2050 1453 2840 2501 547 421 632 2229 884 518 1590 463 1758 1983 1348 294 1253 1328 895 1552 570 1276 1538 59 1665 1580 1381 1194 1649 1551 155 1072 2714 689 440 2699 93 1623 1422 735 900 1319 260 170 1901 1190 1056 524 1034 1545 271 1586 2044 1658 674 2626
594 2494 84 2677 2150 582 1757 941 882 2057 1541 1139 1949 214 2291 23 1953 334 2503 2639 1390 1591 1221 244 2683 1137 1199 270 546 2348 2278 485 6 629 285 1605 2203 1874 1616 1502 750 104 1223 1866 574 647 909 1525 1768 2841 1175 2132 494 1763 1184 1973 820 2048 2809 2179 1170 1255 1570 146 123 1198 1166 1536 1602 2263 2569 2823 589 2719 543 2319 658 2572 2115 614 1501 420 531 281 423 1183 396 40 924 496 2101 1090 586 1897 98 1922 1318 1462 186 1004
181 2263 762 1083 2442 2678 1726 644 2386 894 1315 2116 1632 2374 1702 732 2807 2562 419 620 1336 636 106 1198 96 2522 1013 2153 1318 2554 2720 2111 1927 1032 1880 1802 1661 2079 1171 2498 300 2160 861 2141 1093 2705 1525 1365 2572 2109 2831 2278 2401 1596 493 1019 2688 2197 592 1371 387 1960 104 133 1797 171 1856 22 310 2591 1064 1898 2567 2737 1251 63 949 844 328 2841 1487 189 1205 327 1471 1139 689 2162 2441 2056 856 2348 2476 1280 1866 2751 2623 2726 333 1214
1178 789 1672 596 132 1176 2190 240 2441 2579 695 2827 576 1513 1476 95 1749 1161 2422 1743 63 1847 310 483 88 824 1298 2547 1353 1996 2504 44 777 1087 2202 2238 1773 2745 2523 2129 1914 983 328 1447 2700 1535 1483 1631 1693 1019 766 2784 1333 1990 1971 16 1469 2016 1091 2656 1346 1451 2242 545 376 2759 364 1558 1224 407 2317 374 34 2785 2381 803 1856 251 291 2149 1561 1795 1883 832 1898 1230 2571 1257 2000 1343 1838 1361 1786 1900 2737 1683 1300 2409 1801 1304
1948 1416 2272 1096 1051 2721 2815 2556 1381 2628 1496 1316 64 305 562 51 497 1586 1658 2352 1569 155 1860 48 1782 439 1362 1965 1897 715 2545 2241 201 1218 2034 1796 747 1544 2650 1649 1617 2755 1045 1757 2713 1636 2309 1261 1640 1054 2439 882 100 2836 1993 194 123 750 2046 1840 2387 1453 169 1584 2837 1623 2433 712 2011 137 645 440 168 2130 1490 2376 1679 2023 260 334 2741 202 1541 1328 116 2135 947 2686 1029 2735 1422 674 1444 2631 1901 2707 1552 1862 2766 231
1290 1017 1518 908 530 1331 2282 1614 2140 631 2458 1604 2049 1301 1673 1981 446 921 1002 984 1384 355 243 1554 1237 966 1100 2660 1909 1978 2064 2596 813 1155 451 1058 1613 2796 1567 662 1495 2392 1404 2600 942 1808 1676 320 1105 2093 1370 1419 2085 2696 1742 2257 1396 2274 2262 660 1621 1688 1271 1119 7 487 1739 1879 1906 2782 1705 2648 124 852 2722 1089 918 2543 392 869 1454 2259 186 394 151 1853 1174 700 763 253 2219 2636 2559 172 2306 2065 2067 2537 1677 2618
536 1588 1686 1418 1033 1132 2384 176 597 1393 36 1266 979 555 2786 886 417 2668 2743 1431 340 2029 429 332 361 2333 2227 121 569 2640 1952 2108 432 2808 1562 21 802 1890 1398 2451 289 733 866 292 78 142 193 302 1065 554 2520 1249 2090 2795 1888 2083 1430 964 2671 1910 199 988 1337 865 893 1038 828 2570 2078 933 2839 2117 1699 62 1329 868 1256 1374 1553 672 2210 640 1268 1492 2335 13 680 2120 1272 878 932 2038 2828 2798 571 1053 1754 2602 681 377
2423 743 2267 2428 2078 1236 1888 1492 1499 2380 554 681 142 429 868 289 2568 432 878 1886 427 1553 1429 1053 62 1256 2031 1890 2539 2629 176 1430 302 733 2217 199 1070 21 2224 866 253 361 1477 964 2221 2415 500 358 2038 1699 555 2788 78 292 2648 1398 893 2333 739 802 839 1110 2117 2640 1387 1521 1041 932 882 593 792 698 1431 2559 749 2083 2219 2795 2120 2451 1562 538 2421 1670 1005 1038 36 1516 2668 2364 763 1311 1379 1754 2318 544 2290 417 1020 248
165 137 2728 2135 1944 1130 2558 2813 2741 1212 1606 1223 725 1463 1055 1056 899 2207 2842 1874 2382 2506 2766 948 1940 1126 146 2294 1547 692 2435 1937 447 1076 2292 2248 116 2736 1464 2319 2683 1825 2511 1935 2393 2057 647 1841 722 1986 2825 494 1185 2286 1899 2708 329 2665 2639 2569 804 442 2041 1639 491 79 2580 204 2305 1134 2719 1592 686 2068 1452 2438 1067 1868 246 2291 482 657 2037 1408 362 682 1777 574 2445 790 2440 1942 1771 1962 677 2258 97 140 1677 2598
887 1579 1179 639 1583 2778 9 2647 998 2682 1470 1578 841 1531 2328 930 2491 945 2252 919 952 1977 1354 819 1667 1920 1063 1769 2459 1791 1651 1770 492 748 1154 118 2488 567 515 2729 2792 916 2575 1368 1585 227 1854 928 579 114 778 1851 1367 1657 2723 2379 382 2711 517 2349 1239 1042 982 2026 2042 566 1970 910 311 1819 875 2550 512 1209 2081 1507 2065 808 25 2225 381 1210 2462 763 1691 1864 2067 2334 1211 1528 923 2304 2097 1625 1187 1274 781 2310 2103 2604
1038 2210 1754 2520 2421 640 865 13 1272 1910 1430 1041 1553 1949 323 2671 2083 2090 2828 2078 828 536 289 121 569 2578 866 988 244 429 932 2795 2640 1431 1249 1588 193 432 733 839 698 56 332 2384 2047 1049 1699 672 2333 2032 176 1888 21 2839 933 340 1562 802 196 142 2570 1132 2380 979 1329 1668 571 370 199 427 377 1065 1268 1793 820 2798 36 417 2048 1266 1890 955 1374 2335 1696 2808 878 646 554 2451 1492 1398 302 2841 2654 1418 1686 1886 2117 1477
2721 715 562 1569 48 64 100 305 2034 155 1860 1381 1796 201 2545 1948 1658 2272 2713 2241 2309 1782 1316 51 439 1636 1453 2836 2556 1586 1840 1496 497 645 2433 1640 1051 1965 2815 1901 2826 563 1544 1416 992 1490 1045 440 1096 1649 1054 674 2046 134 2352 2628 659 900 712 947 2076 168 260 1444 1623 1148 2011 1486 1328 978 1422 319 169 1307 2439 657 1679 1046 2650 1617 1663 445 906 1993 2376 2088 1218 1552 2735 735 1123 1878 194 2707 611 769 2652 2708 1029 2837
789 1451 1361 2656 2000 2579 364 1786 727 2504 1106 1559 2040 2238 2409 1900 1178 2242 2540 1230 1693 483 658 1513 1672 436 1161 589 328 1951 803 240 1333 1971 2149 1257 581 1558 766 374 2054 1306 310 293 251 215 2381 572 1353 1883 2784 63 2072 1996 1207 989 1091 2016 2759 1180 1300 1137 824 714 44 898 132 1427 395 2247 1798 949 2644 1847 1087 926 646 2114 101 695 1928 1019 737 614 1683 341 2787 596 39 2827 1176 1298 1846 1357 1213 576 1773 1343 1483 564
2113 1115 2178 63 1019 2066 1213 2022 2546 1333 1951 304 1300 1389 1175 1685 1353 2656 658 2149 1161 1513 1306 727 2409 545 1693 1798 614 1883 485 1785 374 2000 962 898 2759 364 1559 1230 572 310 1773 1106 589 1558 803 1971 1786 2579 483 2784 789 1334 1743 1847 2504 954 251 1928 2542 1427 149 1683 2242 328 2644 1343 2737 646 1166 1228 2323 714 949 395 695 2054 529 2381 1361 436 2072 240 1451 132 1672 2238 581 1394 215 1137 1257 182 2040 2540 1561 2787 1207 1178
1139 1605 1171 2502 214 1953 2152 22 1602 2348 106 244 2109 1632 1214 2263 2751 1198 2153 844 2841 2457 2203 1570 509 300 2178 609 1113 1866 2572 594 851 1801 2448 2705 1659 1616 744 2567 395 924 304 420 1397 2079 2677 1661 2115 2160 2620 1199 2048 658 84 1515 941 957 2197 1712 1525 690 2128 1217 2554 954 419 894 1768 117 1175 1927 149 423 1726 1696 2113 2404 96 614 40 182 1205 1371 1591 815 23 510 335 1685 2230 586 2277 1889 63 589 1502 2768 2494 1802
2024 213 426 1804 558 967 135 2408 2413 2143 1597 24 2295 707 1448 2354 2615 80 2430 2756 1719 2320 1265 2533 2366 1945 29 1728 634 757 1269 293 754 1478 1149 498 1849 1889 244 520 898 853 540 466 1469 119 1296 2124 91 1631 1161 1847 2113 184 2014 2022 1513 2172 232 1333 2566 1093 425 2054 286 304 1689 1019 739 1515 2178 1326 19 218 63 658 1846 1213 1616 375 1252 1766 2277 1533 424 609 1898 695 1389 2535 240 2638 2464 1558 2021 2673 1383 2015 792 646
1730 1929 1275 2715 1655 1831 326 1274 295 131 495 2687 455 31 1692 200 580 2059 464 1262 2301 643 268 1706 1026 1941 2806 125 296 356 1378 2396 927 1912 2773 408 33 209 1282 1011 1039 331 1127 2765 456 2611 838 1787 2232 1843 1500 1048 1472 1875 1789 1505 467 2316 2173 159 346 239 484 653 2407 1281 1503 238 1506 1273 2693 2236 655 618 2017 314 1143 324 2091 363 1008 120 471 1018 999 1022 1822 1755 1568 1612 2794 602 27 782 858 2698 1062 2062 2053 49
1752 2389 1624 2367 1545 2556 1146 4 1386 547 2270 59 2790 817 221 611 1381 1926 2817 1407 950 2082 1319 2011 1782 2837 1102 2528 1658 2439 1316 1496 613 1649 2836 2515 1544 188 2411 1644 1486 2069 645 2419 900 556 2272 2213 769 2352 2046 943 826 2781 260 169 1202 2300 2477 2767 1552 2433 559 266 1710 1405 1993 2241 134 1586 1627 1208 312 987 674 992 2652 2832 1788 1190 1663 440 1045 635 1656 1701 1934 1983 2289 433 1948 1737 497 1416 712 155 2626 1489 1054 194
352 1295 1520 234 1807 1059 879 1025 573 888 127 17 969 1571 557 2635 2063 551 2138 2175 1 697 2801 2338 1803 2268 846 454 1540 30 537 991 891 20 1101 1338 2339 273 913 267 2486 2524 2255 1291 1539 642 1456 342 1373 1698 2223 2726 1514 96 1238 472 167 1509 922 2811 1242 600 2567 1355 1227 2104 147 1815 1366 2266 223 2473 685 2781 2385 1284 687 71 1816 2481 924 1811 46 1349 414 1994 1630 638 1572 1188 1629 1863 1660 894 1939 403 2662 1171 226 2616
712 1545 1710 1486 1417 1489 900 2419 1369 2011 925 489 2515 1328 260 2817 559 2084 2050 221 1437 2837 1983 169 2652 1405 1552 463 1307 1208 188 860 445 2389 59 645 4 2649 1752 1934 1663 1701 2424 1386 1627 943 2840 2528 674 1656 817 2574 1319 611 1190 1782 2454 1544 1092 2439 2270 547 1381 2826 2767 1054 1658 2707 1623 1045 2082 1046 179 26 606 2130 1146 2133 197 1649 348 947 2411 613 2241 977 675 2367 2836 1407 1444 1624 992 134 1644 563 1428 155 51 2397
2661 423 400 2169 827 205 1922 2508 2641 1080 1821 2326 1277 1471 2036 953 1841 2573 1591 1898 306 1683 104 2768 2281 2494 1391 2571 2579 1720 2179 2791 2203 1180 1975 2109 907 2759 300 1687 1326 578 2176 1198 397 2648 2535 510 931 739 592 362 2027 761 55 1555 834 2303 250 1036 2414 2351 2128 1608 690 1107 1230 1308 2073 2323 1397 903 702 1413 2247 646 2222 1340 789 1082 1184 2016 2504 1502 2473 684 2359 240 2288 1254 2242 1601 325 2114 879 1696 688 1400 1093 1767
722 1547 79 246 1067 2305 1134 2511 2068 2665 2842 2741 2813 2382 1056 329 1463 137 804 2766 1076 1868 2393 2728 140 204 1937 948 2598 1935 1940 165 1606 1130 2248 686 1212 725 442 2825 2294 1055 2135 2041 1464 2286 2207 1944 2558 2436 1825 1452 1223 2736 447 1639 116 2319 1126 899 677 1986 97 494 692 1874 2683 146 2569 2639 491 2057 1841 2438 1876 682 2292 1185 2580 2291 2440 790 1899 657 1592 647 1942 2435 1408 2506 2708 271 12 2546 362 2037 2719 574 1677 2051
2083 1337 2798 1910 2520 571 2570 2335 729 2795 1431 2578 36 2839 2640 1418 340 733 640 865 1686 1132 2786 1266 2090 2428 417 476 2671 2629 1588 1272 979 661 669 964 2539 13 1065 2227 828 680 2120 2079 2210 1329 1907 988 569 1764 2668 1898 2333 802 429 866 1429 1093 2384 536 332 2160 176 2031 2317 1393 1797 1888 597 2108 1070 861 2117 933 377 2513 1562 432 2808 2571 1167 2029 132 2823 554 483 2591 2784 2168 2451 2260 878 1880 121 1013 2249 289 323 1108 2048
348 1870 2649 1369 26 925 2769 2454 445 712 1710 550 2714 1417 1328 179 480 1045 48 305 611 2721 463 1569 51 2011 59 64 155 1029 2538 645 1319 1381 2241 1545 2050 1658 524 188 168 1983 817 260 2528 547 1859 970 1552 1701 1934 1489 2501 860 2610 1665 1758 489 674 1644 2817 1576 562 900 1624 1782 663 2034 704 2155 100 1486 518 746 1453 1473 1405 592 2130 793 2411 2084 2375 1796 1135 274 2840 1627 1544 2545 1441 1993 1054 2082 1716 2205 1172 2574 2004 1617
1417 2419 559 2084 900 2515 1489 1190 489 1710 1627 1545 2424 260 1983 2389 1878 1486 606 860 2367 221 1701 1208 1737 1437 674 1307 2817 1405 4 2088 2652 59 1414 2528 1319 817 1386 906 188 2826 2783 2082 1428 626 943 2270 2133 134 2011 712 1046 2411 2544 547 2343 2626 613 1752 645 2574 611 675 2646 978 1092 977 2076 563 1624 2358 1848 2397 987 556 2480 1045 524 1617 1552 463 2837 635 169 155 259 1656 2300 970 1468 1788 2046 992 2753 1123 1993 1926 925 562
1786 2441 1224 1996 1106 1971 2129 1773 310 2190 1693 2437 1559 2000 1257 2827 2202 1353 1713 1914 1672 581 1451 824 2700 983 1743 1116 1357 132 2745 596 1361 2381 2656 95 328 374 1091 1176 737 341 364 1561 1856 1714 1900 803 576 789 695 777 2238 989 1178 2737 2149 2040 1593 832 949 1836 1476 926 1535 2114 1683 1990 44 230 63 2547 2579 614 1137 16 766 2242 1513 1685 39 60 2016 2759 407 2504 2540 436 954 1300 1447 940 1343 88 1346 1334 564 1230 1818 1795
531 2128 1725 2499 368 1326 375 1591 2506 594 2179 1130 907 444 1986 2036 205 315 1502 277 1767 23 117 2494 1833 2303 298 423 473 601 2622 1080 167 1443 1940 306 1413 725 275 2728 2 2561 379 1324 165 2314 2207 1821 420 269 1035 2663 1962 1998 1646 1839 1605 2535 1825 250 1340 767 1557 2677 1753 214 2741 1088 598 2037 1014 557 931 1603 1570 431 148 1979 1462 5 2388 1125 2359 1841 1616 851 1771 1272 933 454 510 924 1391 1954 2051 2510 1759 1397 1537 2305
63 2113 1019 1213 2066 2178 1389 304 1161 658 1228 1394 1513 545 1333 1300 2579 1693 614 2759 2784 2277 2022 727 1230 1847 572 949 2242 1683 1087 2504 2546 1785 328 2737 310 1353 898 1883 395 761 240 596 1898 589 2656 581 251 364 2238 2644 1115 1558 789 2000 483 374 803 1175 1685 529 2317 2571 1207 1801 766 1727 436 1427 95 2381 714 2149 1343 1786 1971 1773 962 1763 1951 1631 1451 1093 149 1306 1798 2409 341 1471 132 1178 1749 1900 2072 2040 1361 485 1743 2114
1145 2775 141 612 2098 666 1415 1510 2747 599 1023 1163 156 72 208 99 460 174 2679 2587 2009 2055 1717 177 164 1047 2636 2750 595 1933 2829 2452 981 1321 1976 2122 1903 2218 2537 2446 1085 755 2201 1436 935 1808 2722 816 2655 897 836 1638 461 2096 1504 172 453 2163 2071 401 1305 1872 2645 731 760 2342 1806 1160 2274 1790 222 477 1098 2432 2355 1736 2577 2156 1688 850 1784 2642 2450 2469 2515 1155 1621 2512 345 694 1628 2595 320 996 2126 2074 2530 1241 1599 1100
192 2025 2669 207 61 2173 1787 31 2396 455 295 52 1929 209 1262 225 1275 2715 2765 326 580 418 2053 464 1706 2806 159 2301 1124 356 296 1039 2059 268 1635 390 2236 245 653 331 139 346 1715 2280 1967 2407 1378 999 2070 408 1648 1024 290 1274 1730 2406 1506 2232 2794 430 314 53 1475 838 726 1875 1282 1050 1140 654 655 1022 495 239 1481 467 1822 1127 49 1568 1008 1187 2091 1143 1037 478 1141 525 389 2531 1662 484 2565 1780 471 131 452 2467 1472 363
1710 2515 489 2084 900 1190 674 559 1701 675 2133 1627 906 1983 2011 2419 1307 2707 2424 1486 1752 169 59 2837 1545 1437 1208 645 1878 1468 1489 1417 463 260 1319 2544 817 2046 606 1123 4 2652 1253 1381 445 712 611 2817 2648 2241 1414 1046 1544 2270 626 2076 259 2826 1405 2082 1737 992 547 769 2439 134 2001 2312 1623 613 2626 2389 1054 1328 221 1663 2646 1788 1045 1552 562 1782 1617 1586 947 2753 2574 188 2367 1763 1092 563 2343 860 2676 932 977 524 635 978
1946 2711 1970 1271 1419 778 2394 1142 517 151 975 1854 382 855 908 2519 320 7 1002 1331 2660 519 1614 1031 2793 2147 301 253 1020 1676 1495 392 916 227 105 355 1625 937 567 94 1174 2341 1454 1906 2065 2006 869 1546 2723 2792 2087 1155 1778 2331 1966 1516 1105 2361 1424 1239 1368 1404 1100 1581 1913 881 2716 800 2697 1211 114 538 1770 2310 1442 813 774 717 678 2243 2005 1879 1573 2251 765 1367 2417 1094 1850 1936 1455 2492 1347 1851 2551 1634 1585 2560 1791 632
1834 18 1842 2077 1759 70 2015 1125 2777 1753 1252 2478 2757 601 2663 951 2772 2818 2561 2 1557 2622 315 2510 1035 431 1390 1186 2302 1165 1391 1839 1443 2624 2314 1767 522 2323 2667 688 578 1166 646 1114 2685 1928 2320 2686 2409 931 1833 767 1938 1413 126 2315 2644 426 962 2276 1323 990 250 768 24 684 889 1980 529 2143 714 1235 1845 739 1798 1427 2324 2671 1590 1821 395 1394 277 792 2702 191 898 895 1747 251 1334 769 1597 485 2388 2759 531 1801 2471 2533
1752 2389 1624 312 2411 1545 2832 2817 221 1146 1316 2501 1102 1934 1644 943 2528 2011 817 1636 2241 611 2790 712 4 547 1649 2270 1381 1386 59 2836 1405 188 735 518 2082 2556 1319 440 1656 1407 155 2367 635 1496 1782 1422 645 445 1658 1926 1552 1045 2837 556 1486 2439 2044 2272 613 260 900 1586 1369 2050 2300 987 1544 2538 2433 1983 559 2419 2069 169 1054 925 1993 134 1190 1663 2130 497 992 1617 1328 947 2826 1796 2454 2652 1948 1202 950 2840 1840 1965 259 2375
2272 2815 1948 1051 1416 1096 1496 1860 1316 2721 1381 201 1586 1658 1965 497 2556 2628 64 1782 1569 2352 1218 2309 1362 51 1636 562 48 2713 305 2241 1897 2545 155 1796 747 715 1649 1757 1453 2836 1544 1054 2650 439 2433 2034 194 1261 2046 2135 100 1840 137 2439 1490 1640 1045 1606 1901 1617 2755 1623 882 2741 2376 1212 169 440 2686 2121 645 123 231 260 2387 202 2837 168 1944 712 1993 204 116 1422 2130 2011 750 1679 1663 1584 1444 992 1328 947 1541 769 2825 2735
2437 1672 44 1447 1749 16 1836 2700 576 1914 2202 1773 1469 1483 596 2745 95 1990 2190 1795 1513 1103 2441 88 1224 983 1847 1476 1304 1300 2129 1353 2827 824 1713 1161 2547 132 1693 1178 2000 614 310 376 1996 2317 1116 1856 832 1714 1743 789 63 291 60 683 1176 2016 483 1838 1883 954 47 1685 1535 695 1999 1593 1727 1106 2180 2785 1019 1631 328 2737 2784 1785 1394 2111 949 2523 2540 2238 1137 1091 1760 2112 646 240 251 1451 761 2555 1559 2579 1004 465 777 1336
2389 1545 4 59 2367 1319 1752 611 1146 2011 1181 1407 547 626 950 1202 826 2530 996 188 645 2270 2433 1386 1942 1056 1737 2148 2817 271 613 2692 2515 817 1584 900 1253 1491 2082 345 2213 2312 2440 1799 977 943 445 712 1552 1993 1486 932 1414 795 1408 2088 2300 221 1878 260 2631 2650 2272 2411 709 2675 1624 2069 155 675 2419 2556 1405 1983 489 1029 2676 2343 2626 2652 1453 2065 2130 2208 2837 2584 2840 134 1190 556 1788 169 2528 2477 463 1324 2200 1796 2648 1422
712 1328 900 1663 1054 1381 1658 2011 1782 2241 445 1045 1486 947 1623 925 1649 169 2836 2837 260 2050 1444 645 2130 1369 2767 1679 1422 1544 1710 1489 2707 2826 1552 1437 559 463 1617 2439 2454 51 1208 1307 2840 134 179 1417 2133 735 563 348 1993 674 440 1796 155 2419 2652 2649 305 1627 1701 1640 2076 2515 188 2545 611 562 1046 2501 2034 2769 1029 1878 1190 1218 1983 2424 992 59 2574 2084 2352 1934 1860 1569 489 978 2544 2721 1545 480 2433 2411 1405 817 1319 860
1588 536 121 193 1430 1132 289 1553 988 1699 142 2078 21 554 555 1890 429 1562 1431 1033 2668 176 1492 302 1888 569 1886 866 2384 417 332 432 1686 199 2743 802 361 78 36 62 1793 1398 933 868 733 2520 1393 2029 2117 597 427 893 1256 1266 292 1053 1038 2451 2640 1268 1249 1418 681 1272 640 979 2227 878 932 901 2423 2090 340 2083 1910 2795 886 1374 2808 672 828 1952 964 680 13 2828 2217 2333 2210 1754 1236 2578 323 2267 865 1065 743 2786 2380 2031
2765 1262 478 455 1662 31 1787 2396 580 1715 326 1274 1024 1568 2232 331 356 296 2025 346 999 1140 209 1143 2465 2236 363 2505 2053 2806 390 52 159 295 192 1127 1378 2301 1282 786 1967 655 1506 838 1008 408 1475 2794 200 1730 2821 2017 108 314 2070 726 1141 2429 225 1929 471 1503 61 1921 653 1438 1317 2669 1635 467 758 1039 1022 1187 1706 1124 464 1648 1912 1780 2565 1822 2173 2715 2698 1472 1273 2059 1118 207 484 430 1275 2467 1692 139 2244 2398 1293 1465
2092 1684 1366 234 2139 1816 879 837 1982 1520 1159 1129 1122 2844 264 1925 2138 1619 1815 2298 2524 2484 267 1291 557 2727 2635 372 2833 273 2266 2385 969 1 1238 2616 2529 2063 1295 1698 1446 1863 1009 1807 2104 1360 1294 414 913 1572 1373 665 891 1814 1480 2481 403 226 2215 1440 1025 352 1660 1514 454 1060 807 143 1571 1630 349 2339 2455 2460 46 2371 2797 991 2677 888 2246 1112 2223 342 1735 2584 1242 2185 750 2363 386 1101 1939 2662 958 2268 641 629 90 1059
429 340 176 1562 142 733 427 802 554 2786 1431 1430 2668 2333 1890 1038 979 2415 2629 289 36 1888 868 417 2227 1754 199 21 555 1553 2671 2108 121 332 2078 866 2421 2428 78 2117 2031 743 839 569 2217 964 292 2539 2090 865 1492 1418 2520 2380 432 302 1686 2267 640 1521 878 1429 1070 681 2120 2029 500 2795 2578 2743 2828 933 2423 2640 1065 1910 1668 1793 988 2384 2451 2798 597 2083 1049 2335 1499 2568 1329 323 1266 1374 1041 886 13 193 2221 1557 1588 361
802 868 142 554 176 555 1431 1492 1890 417 878 429 302 21 36 2029 2743 1888 886 78 361 289 1686 292 2078 62 432 1562 1418 1053 733 1398 2227 2668 979 427 866 597 2451 1588 2217 1256 893 640 2786 681 1132 2423 1430 199 1065 2421 2333 332 743 2384 1038 2520 1033 2117 1699 1553 2108 2415 340 1393 2267 933 2640 571 964 1754 680 672 2629 2578 193 988 2380 13 2428 2828 1236 2539 2671 1886 536 500 1374 121 1272 2568 2602 1668 828 1266 2795 1429 2083 2798
924 2567 2841 2751 1171 22 2216 1214 1487 2109 2079 1632 1703 2726 2094 1019 1315 1471 1078 1288 1763 2502 2160 894 335 577 2153 1677 96 223 1217 1363 419 1336 106 127 1365 1605 1161 2591 1892 2705 1771 1702 1295 1530 2572 1525 991 2162 63 147 2263 2401 2666 2468 2816 2820 2643 214 189 2678 2554 1661 149 1258 160 1513 1744 2037 117 2635 2595 1032 1355 761 2230 1090 1139 1013 2178 1277 300 1847 1371 2152 2340 2571 333 2128 1659 1685 2043 5 907 1939 104 2810 997 1697
1038 340 865 2640 1266 332 2421 979 1910 176 289 2520 1553 1754 733 1041 1430 2795 121 323 2808 2671 866 2629 2047 429 78 1431 964 569 302 988 554 839 2032 2227 2798 1049 2578 536 56 2083 2428 1668 2117 2090 2786 1249 1952 358 370 432 932 2570 199 21 1588 2210 2120 1374 893 828 292 1398 1272 2335 1429 640 193 36 13 2031 2384 2602 1268 2078 933 743 1888 1329 2839 1521 868 878 2380 2668 802 361 2539 2333 1399 2038 427 2451 1189 1418 2828 417 1699 698
956 620 732 181 2643 1702 1882 1083 285 2263 2468 1726 546 2194 6 1318 2623 1227 2494 2678 1536 636 510 1221 2261 150 2823 1541 2179 1502 2503 820 2807 2043 644 1400 2521 1603 2203 669 2841 1738 2810 690 2278 1183 582 476 1260 2171 1080 759 1797 1802 2197 1763 650 2666 2740 1488 1696 661 2386 300 1525 2572 1084 1280 1487 1458 2141 2079 1570 2761 2348 1059 1397 1139 154 1421 2109 104 1697 724 1687 1683 594 148 1880 2726 2498 1184 2688 2160 2768 115 226 1744 398 1922
2185 1694 386 1440 2529 2616 1129 143 810 30 1411 2584 2271 718 787 638 1863 1514 1684 1445 879 991 1122 1884 1939 1446 2118 2517 2139 2481 1294 980 2468 298 267 557 1295 1807 1267 2844 1698 1291 375 2726 1238 1925 1373 71 888 697 2677 147 1982 448 2833 1549 1610 2268 1744 1324 1167 665 2567 46 1570 2167 2298 1630 1297 2460 299 958 117 1196 459 2223 2635 1366 807 2791 2222 1285 5 2502 2303 2132 1814 2801 669 842 264 1697 23 1811 2595 1015 2710 687 2266 2128
2011 712 1328 1617 1993 169 260 2241 645 1544 2840 1381 2826 445 1045 1658 2837 900 2439 1422 1623 1486 1878 51 1782 1054 134 2707 1444 1552 1369 550 947 563 562 463 1649 489 1752 305 2050 925 155 1190 2544 1679 674 259 1218 1663 2454 2650 221 201 1640 2084 2419 2836 1796 611 188 559 197 2312 2515 4 987 1307 2817 943 2649 2133 606 1545 613 2389 1319 439 826 1627 1208 556 1386 2433 85 769 547 1437 992 2652 2046 2767 1146 1405 977 1414 2287 2130 1788 1901
1752 4 2389 1146 1545 613 2832 312 1319 59 611 2270 2367 2082 2069 188 221 547 2817 1386 1102 900 1624 987 1486 1405 2411 1737 559 817 556 943 1934 635 283 826 2419 2501 2790 1983 2652 1656 2477 1208 1414 2544 2528 626 266 489 1878 977 260 1437 950 1644 2358 2300 2133 2084 674 1202 1627 1926 2148 259 2397 1428 2044 1046 85 606 2011 2515 2676 1316 1092 1190 1552 134 2312 1307 2424 1468 712 2826 2626 978 1407 2076 2574 2200 1381 1181 1453 524 1710 906 1489 2272
2600 1705 2085 942 1681 487 1331 2664 1695 1739 1000 2458 1614 54 1673 1853 1287 542 1893 360 1495 791 1565 1031 1002 2369 50 2259 2543 966 710 1384 1508 2803 660 2782 1770 355 908 2796 2257 2660 1017 984 2262 1676 2618 243 1978 2596 1742 337 2093 21 2559 1105 1518 1290 1370 320 2282 1479 151 1396 2341 1920 1271 813 2696 2140 2147 1906 114 361 519 78 381 893 2711 1211 289 2264 781 631 809 1554 1909 2006 852 1240 2460 302 1398 432 2519 2364 1419 855 2647 2723
165 137 2135 2558 2728 1056 2741 2813 1606 1223 1463 2766 1944 1130 899 2842 1212 2207 1874 2382 948 146 447 725 1055 1547 2435 2825 2248 1937 1935 2683 1076 692 2736 2506 1126 2294 116 494 2319 2057 722 2393 2511 2569 647 1841 1185 2708 1899 204 1825 329 1940 2292 1464 2580 804 2041 2286 2438 491 2639 442 1134 1592 2665 79 1986 657 677 682 1639 2305 686 2719 1777 2291 362 1452 1067 2068 1868 246 574 140 1677 97 2445 1771 2037 939 482 1942 2440 790 1408 1433 2598
1083 1702 181 2643 620 732 582 2807 636 6 759 2278 1318 546 1536 2194 2386 285 1221 762 1797 807 1898 1697 2141 922 1315 1227 2048 1768 1260 2761 647 2111 2263 894 1763 148 1093 2261 2468 2079 1696 1502 1603 669 42 1013 1632 2171 1365 594 2168 661 2043 2666 2116 1525 2522 2678 1979 1726 2810 2639 650 2153 2705 2160 2374 644 2425 1336 905 2442 419 2554 244 1188 1541 2203 2813 907 1251 2612 592 104 1874 474 2476 2179 1223 171 510 2248 1841 2562 270 844 96 2152
1576 210 1792 704 1716 2229 1859 57 793 1348 1580 1861 516 2155 2461 1930 421 2418 499 1377 1276 2125 280 884 2581 570 1292 1665 1392 170 438 2234 1690 2330 1551 82 2703 1034 2327 1072 1358 158 1028 2198 2260 1030 1336 1838 2456 242 1538 2206 1758 689 1194 934 1193 493 77 2659 746 294 2332 1575 2004 1013 2360 885 2838 2174 465 857 632 1609 1169 469 2321 147 843 1242 1522 895 1748 1713 63 1197 1459 204 185 1014 470 792 228 2039 422 2700 2211 2159 2123 55
1786 1257 1971 1559 1106 2129 926 1224 1451 1357 1773 1353 2000 1996 1361 2700 2441 1818 564 2381 1693 1900 132 341 1091 1593 1176 803 2437 581 2656 230 2827 695 2190 364 374 1672 789 310 824 777 2149 832 1743 737 989 2040 1713 983 436 1836 2540 646 39 1990 215 1714 328 1513 1116 1685 1683 2016 251 954 2409 617 1334 1137 63 1230 1883 1561 727 2504 766 1300 2281 2542 1161 483 2745 376 2238 2202 2114 2759 1178 1180 658 792 101 293 1476 1631 407 2579 2787 596
574 2057 2809 494 1692 1473 1876 1721 2435 2291 682 1223 686 2438 1874 146 2719 444 2708 274 2294 523 994 1899 1961 2625 608 1892 2716 721 1677 864 1018 2552 2500 598 1944 447 313 2037 2181 482 2499 2657 2119 1555 12 2683 1771 2598 2580 2507 2813 354 2569 1055 526 2402 2728 2526 1187 804 491 2436 2248 1010 2406 2382 1972 1339 1592 633 329 1390 1904 1452 508 1141 997 587 1931 152 1942 1598 999 2051 2814 726 1563 1774 2440 705 2736 368 2319 2622 1127 968 1612 1937
1579 2682 639 2252 1578 1583 1179 887 841 1063 2647 998 945 952 2778 1354 9 1769 919 1920 1977 1531 930 1651 2491 118 2328 1770 1791 916 1667 567 1470 819 492 227 928 2792 2042 2723 748 778 515 1368 1154 2459 517 114 1585 1367 2488 2729 1657 382 2575 1851 2026 982 2711 1854 1970 2065 1239 2379 579 2081 566 2349 512 1209 1211 2225 763 1042 808 1625 2097 2550 1507 381 1210 1528 2310 25 875 2103 311 513 923 2304 1187 2067 809 1819 1608 1168 107 1299 2604 2061
1863 223 1803 1811 1509 1540 2340 2635 2444 1516 1615 961 1698 2338 2460 1652 551 1618 2208 349 267 2473 879 2835 1112 1862 1238 472 2138 1479 1571 41 2223 2783 1267 1327 2212 1291 892 195 1925 2363 46 1619 912 2517 2616 2063 157 1060 1264 17 2801 1069 2771 1630 2740 2372 1059 1129 2548 2215 557 2581 1994 2273 1 1409 2466 2168 2709 186 2246 1079 1324 2776 1421 127 2253 2468 1242 2175 1215 1794 2158 888 2758 1446 538 2781 573 2648 2543 391 709 2834 1095 160 2710 600
