imageName,Corresponding Indexes
000001.jpg,106 1525 214 1139 2348 1371 1365 1661 2572 2152 1084 2263 84 1113 2109 1171 1280 1205 1198 1659 2374 2502 1953 1602 941 2554 2141 1866 150 117 1184 2841 2030 2153 1605 2677 2203 244 1502 894 2623 23 1712 270 954 2751 22 327 1004 419 1927 182 1632 594 1175 1979 2197 1760 1083 621 1032 1685 2303 2567 2112 2705 474 2179 1434 1960 2115 485 614 762 1702 75 1315 1693 1603 1697 658 323 1183 589 96 1214 2442 2278 181 2726 2448 2720 2761 2831 1336 422 1802 2359 2807 2324
000002.jpg,2044 2501 1934 188 85 2411 556 547 987 1405 2528 611 1102 312 2832 1386 1644 1319 635 2574 2011 1422 1983 1656 2817 943 1993 712 463 2790 1552 1649 1782 1617 221 445 155 2270 1190 1092 2082 1624 2836 2375 111 659 1308 2840 2419 992 134 817 1045 1082 900 1550 645 1381 1423 4 1054 1203 996 2046 2538 2530 2670 2626 1006 2439 1501 2241 1484 2544 224 1029 586 260 2631 518 826 1486 624 1181 1407 2646 1090 2389 630 2454 1208 606 1926 2515 2755 2837 907 1788 2300 1666
000003.jpg,1573 365 2151 2730 1634 717 1783 435 2746 2830 1581 1243 1794 605 1005 1309 610 1133 410 2560 2788 1966 1379 1040 2290 544 1020 673 1424 2251 843 1131 1110 112 1311 811 2492 870 434 855 881 774 2549 1142 2196 538 749 1516 2005 1498 1968 648 1079 2680 2364 1174 937 593 2299 1913 248 678 1670 1936 1068 1731 1138 1800 742 253 1575 1707 1007 257 336 2417 2697 2519 821 94 800 1454 1094 535 664 1072 1871 2327 1279 1511 730 2006 338 1724 1194 2456 1546 2243 2843 1664
000004.jpg,2625 1452 2037 140 994 2617 1868 2382 1771 1185 1721 1677 508 2809 2580 444 2507 2813 864 12 526 1998 1876 1473 686 2598 2393 2445 2294 1639 948 491 1223 2499 2440 1592 494 274 1904 1076 2683 2286 2657 1937 146 2569 1165 1464 608 1777 2248 682 79 1942 677 482 1408 2716 2719 2622 2438 2535 1892 2708 1944 2665 574 598 1390 2427 997 531 217 2068 1463 2772 2057 587 329 523 939 2712 1055 2639 790 2736 1874 619 705 1557 368 2741 1852 2436 1088 1547 271 2181 2370 2308
000005.jpg,596 95 1847 1513 1161 576 63 2422 1773 1178 1228 2700 1019 1785 1476 1672 824 1749 1801 2523 2547 88 34 1353 1990 1996 2202 1631 132 2190 2277 2745 1914 2317 1176 374 545 2437 483 1727 1224 2579 789 2441 2546 581 328 1883 777 1103 2114 1300 1693 341 1683 1561 251 617 1856 1795 695 2238 1743 310 949 2827 1898 407 1091 2504 1230 2113 2737 2555 1213 1087 2242 2000 2759 2111 803 1971 737 499 1447 2180 2381 1333 1115 364 1394 1483 240 529 1389 2656 766 2129 465 44
000006.jpg,1796 2545 2034 2433 562 155 48 64 439 305 715 1569 100 2309 1453 1901 2721 2241 645 712 1381 51 1658 2011 2376 2713 2817 900 1490 201 2556 611 2826 1782 1860 1422 260 1045 134 1636 947 1319 1663 1544 2439 563 440 1496 1993 1328 2836 1617 674 1640 659 188 547 1316 1486 2088 168 2352 1624 1948 2050 2650 2213 1878 1840 2272 1552 1405 445 2411 992 1386 2046 1046 194 1644 59 817 1054 2270 1444 1586 1965 1584 2082 1649 1051 1148 1656 2628 2501 2337 1218 497 657 2528
000007.jpg,1938 1443 1833 2510 431 767 277 1842 1753 18 1125 2777 2478 70 2772 601 889 1747 2077 2 2686 2663 1035 1834 1759 2757 2561 2015 1557 2818 951 1252 1767 315 1391 2496 1980 2388 684 2622 578 769 1413 1186 2685 2532 369 250 2314 688 1340 2315 211 1390 1839 2128 126 931 1821 1975 161 400 990 2624 2702 1323 1114 2302 1608 1720 65 1165 1989 1845 2644 903 2661 768 2276 1207 658 1512 1235 1976 1558 2323 714 1333 745 848 572 1394 2671 395 1087 2288 502 2601 1616 531
000008.jpg,103 1323 2624 297 1235 1845 578 2601 2471 688 126 990 848 502 1608 2276 1830 1908 1114 768 1340 931 1186 1413 250 65 1821 1391 1720 903 702 1107 1512 284 1767 2314 1975 522 1310 684 2388 835 2667 1254 2478 1557 2036 2077 1125 2777 2302 1753 2772 1165 1014 2622 1605 767 400 1390 865 2183 2661 2671 2757 10 1834 315 1959 379 2778 1759 1832 1555 2345 1187 2315 2015 2151 1473 2347 2234 1372 827 601 86 70 145 469 1252 1905 1601 1757 2500 820 1354 2605 1016 1809 739
000009.jpg,2303 327 117 1659 1080 466 1979 1198 2179 167 23 1205 1184 1502 1616 498 2494 20 1488 375 2351 2791 2263 1738 2203 1637 2222 2572 1326 1171 2620 844 22 510 1687 2162 1061 420 454 1371 2768 298 2115 690 851 2751 2132 1397 1214 907 423 2726 214 2573 244 1922 425 1537 1400 2508 2109 1661 205 1696 1960 2128 40 148 388 2677 275 163 2521 2348 104 2152 2567 474 1423 2124 1556 1603 2502 1139 111 1591 1953 2457 1602 509 265 1605 1740 1954 1641 1744 2030 1525 1333 2535
000010.jpg,429 1562 121 569 1431 1430 1754 340 427 554 1553 733 332 988 193 36 2078 1038 2421 2090 2668 2117 1588 866 199 289 802 142 640 323 1890 2520 2828 176 21 2380 1793 1041 555 13 865 2210 2428 2629 417 2333 2671 536 1499 1888 2267 2029 839 868 2743 1132 1272 1492 2578 302 2786 979 78 1236 2415 1418 1393 1910 2539 933 1686 292 432 828 500 2227 2032 1699 1429 597 964 878 1668 2217 1354 1329 2640 2384 698 1374 1033 2108 2031 743 2798 1521 672 56 1049 2795
000011.jpg,239 1274 1127 2091 1503 2531 2794 653 2164 1024 356 1039 495 525 131 113 1011 296 1282 408 1875 2285 2232 89 290 1647 643 2061 1781 268 2765 1598 799 209 1843 53 2693 467 2311 33 1378 452 2173 1921 2280 484 1275 2137 628 1505 2632 2611 245 1655 331 927 1273 1395 1941 49 2674 2698 721 2059 1220 1692 726 2774 1376 1262 1140 805 858 1662 1789 2236 27 1435 1543 782 936 1018 806 139 1164 1303 1475 2402 822 1568 625 455 456 2406 2565 162 999 734 1022 1216
000012.jpg,1258 2595 147 1270 30 1939 1112 2481 665 932 345 1324 1621 2648 697 924 577 1694 127 897 1445 2530 996 2584 1145 2002 2508 955 2801 71 99 961 477 157 638 516 2616 1859 1411 1446 1661 1487 1630 1763 2661 2452 1811 1892 1516 422 2318 827 608 2168 141 1355 2229 1294 1719 2216 1049 810 698 2755 1242 2351 1454 1277 2710 400 1104 1101 223 2450 632 2222 1491 271 1771 1521 1653 2246 388 2296 2781 547 2071 2515 892 1976 2104 1546 2037 1677 1669 2326 2466 2820 1321 2619
000013.jpg,1434 1298 1004 291 1103 2112 1712 44 2324 2327 1197 2116 1113 1343 2566 689 746 270 2016 182 1137 2761 1108 1483 1733 1867 1928 1999 954 1166 2547 589 1590 576 1760 1631 2656 1087 2149 634 832 2430 1283 1722 614 940 658 2571 1558 895 2809 426 1693 2125 485 592 1597 2330 1447 2737 861 1960 1269 75 1469 898 1265 2418 16 210 2540 707 251 1749 1535 1665 1758 1849 1768 1427 424 2072 2143 2048 228 727 376 2827 93 1743 792 1333 1334 695 1116 2408 2497 815 983 2744
000014.jpg,2070 326 192 1141 31 580 1692 1506 655 2396 1787 159 200 2690 1140 1274 1262 1648 618 1187 331 2316 2765 1780 2025 216 1118 455 2406 2565 1127 1097 1293 1143 52 1356 2669 654 402 2715 1822 1929 225 356 346 296 2806 2017 1124 295 653 478 61 471 1730 2053 207 2467 1438 209 430 108 49 999 721 2402 1021 245 936 2557 1781 1472 1022 2794 625 1715 53 1972 2698 27 2470 1647 1967 1961 1941 390 858 1039 139 1378 2173 1273 2301 1756 2821 1755 2398 1598 1037 504
000015.jpg,1254 702 835 903 284 1107 1523 1669 830 2080 1104 1512 1277 1450 441 1620 2754 575 1608 768 1720 2395 1310 1908 848 2471 2555 1821 2601 1114 931 1830 1147 2641 1691 1482 834 309 2275 2422 2383 2695 1732 1016 502 2550 1975 2630 603 2019 65 1678 1340 688 2136 2605 1244 1507 250 990 1013 861 2571 863 1235 775 2058 584 2176 1845 2802 693 55 1767 398 2326 2388 1646 1458 357 2624 187 1014 240 1372 339 297 1391 2780 397 2733 2254 393 736 1748 1178 32 1169 2503 1805
000016.jpg,57 210 1576 228 2461 1861 689 2418 2155 1758 1276 588 1724 1034 2229 1859 1765 2456 1664 1575 1348 1665 2330 704 294 1377 493 570 2327 2004 793 1716 1234 1193 1792 158 1930 934 1580 1358 280 583 2198 2123 1776 720 1196 746 516 548 2321 2332 2659 2125 2694 801 82 1392 2174 857 756 884 133 2672 366 1030 263 2186 797 2184 242 663 1877 2374 1551 2838 185 1345 2206 1538 1375 1072 2703 1279 1043 2581 1542 885 1292 2538 438 2039 2493 2356 1350 2739 859 421 880 1887
000017.jpg,244 2464 2725 1515 1602 1766 1889 2124 844 2115 1605 498 609 2457 2014 1891 2448 466 1616 2366 1953 5 425 744 509 1858 468 2346 214 1397 1916 375 2404 1537 2816 1426 2751 1015 420 1723 957 1214 1477 690 426 2168 2109 1754 1570 2508 558 1949 2841 2572 306 2083 1610 698 1061 22 1139 473 2502 80 1696 1637 2768 1326 739 2048 707 2706 1296 448 135 388 2230 932 520 2150 2566 2143 865 1265 853 148 1671 955 1597 1603 2413 1596 1038 232 2128 163 1910 2408 1768 2152
000018.jpg,326 503 633 580 711 655 2250 726 2806 31 2017 159 1140 28 331 999 2396 532 238 2557 2280 1730 1273 200 1929 618 1746 2765 27 1708 1293 1124 1037 1704 390 1262 1912 152 1787 467 671 1274 2053 2173 2119 1118 1956 1097 1143 2236 2715 478 2062 696 1472 1503 455 430 2698 1635 1011 1275 1378 2193 2681 2028 1024 2406 225 653 587 1967 2527 1021 1376 52 1780 268 2479 458 1648 780 2316 1297 1506 2244 1475 1755 295 464 1187 772 1010 1692 1706 1022 484 2500 2025 1127
000019.jpg,1316 1752 2241 1636 1496 1965 1840 1381 1658 2836 497 1586 1544 1948 900 1782 1486 1422 712 2556 2011 2439 445 2826 2272 2433 1552 1054 613 659 260 674 1649 735 2352 1878 155 559 611 563 440 1545 645 2046 2713 1146 134 1901 2628 2837 1416 2840 1208 169 1218 2050 188 1045 1663 2817 992 1453 1319 4 947 2082 1328 1617 2652 59 518 2477 2411 2389 950 312 1123 259 1934 221 2367 1640 978 201 2419 1624 2501 1386 1437 2832 817 1983 1102 1796 168 1656 266 547 2270 1307
000020.jpg,879 557 352 2460 1366 2175 2473 1480 685 1863 1059 2524 46 1816 2223 2104 1539 2363 1242 273 2797 1660 2635 1556 2213 969 551 1 1698 127 2576 1811 1549 1295 1619 1101 1520 17 147 20 400 1862 892 2710 2764 1982 2648 1355 573 1514 1807 2169 1925 2791 669 414 2139 444 1122 1421 167 1540 1803 2226 2138 2661 2709 2833 1744 396 454 2268 330 2844 264 1167 234 2726 223 2027 537 827 2132 117 1824 594 307 2103 160 1571 2597 375 2269 1349 1725 1227 1615 1763 2385 342
000021.jpg,1856 2441 2111 1914 1093 2827 1996 2785 2202 2745 310 407 88 777 1898 2190 983 596 1091 1476 949 95 2129 328 2422 1631 132 1683 1176 695 2737 540 2242 1713 783 341 689 1224 1346 1773 832 230 1116 1693 2547 1103 291 1561 766 2016 2114 1847 1999 63 576 1743 1535 1513 1161 1343 2116 1298 1672 16 2523 737 2281 1019 44 2238 940 2700 1714 34 1087 789 1900 2000 617 2374 683 581 926 1353 570 1749 658 2807 824 2317 853 1482 2759 727 1451 2579 1394 636 2418 2381
000022.jpg,2281 2073 2239 2036 920 230 1014 751 1601 469 187 1152 1846 32 2247 2080 2699 1036 1538 2288 2605 379 2489 1476 39 1459 1482 917 1353 1180 1748 541 564 1818 2114 1950 2422 926 636 1996 132 2493 1841 441 1693 1318 397 55 1304 1450 2033 1176 2784 88 362 1523 1357 902 2641 1192 1254 1178 2202 789 2383 590 2555 2745 327 2054 2579 2111 1919 1727 318 2176 2326 695 818 2058 835 198 75 83 265 2495 824 1536 2258 2656 2345 2190 87 1883 1646 240 2324 1467 736 646
000023.jpg,222 850 1504 2355 2512 2218 935 755 1305 2096 1145 1599 1436 2342 2362 816 177 72 981 73 612 380 1023 1933 836 2074 141 401 1638 2829 461 2201 2775 1510 2163 99 1085 2122 2750 1163 437 1628 477 156 1321 1806 1976 2679 2577 453 1415 164 599 2055 1903 208 2098 1736 2587 1233 2071 2722 1790 172 2446 460 174 2009 1098 1872 2452 1047 1717 2469 2645 1160 2691 2747 399 694 897 1784 2126 2450 1052 760 2636 1241 595 731 144 281 823 1155 2655 1387 1682 666 1688 1404
000024.jpg,1752 1146 943 221 4 312 1102 2832 2817 1405 1545 1934 188 2501 2389 1656 2270 556 1319 2082 613 2411 611 1386 2790 547 2069 635 1983 59 826 817 1624 2367 987 2528 900 1644 626 1737 283 2300 1486 1407 260 2011 489 2652 2044 1552 2515 559 2544 2133 85 2419 1208 1437 977 1092 1414 1926 950 2084 712 2826 2574 1878 1190 1316 2477 134 1422 674 1202 463 259 445 2241 2840 2358 645 563 2676 266 2148 2397 1369 2050 2439 155 925 1046 1307 2424 735 947 1453 2433 1328
000025.jpg,757 135 2413 754 1265 558 1448 2295 213 426 1804 2024 1597 1728 1689 1231 2756 2615 2408 2143 967 2566 1269 24 2638 2430 80 1296 1478 119 1383 540 739 2354 2320 184 707 634 2277 1945 1889 1149 2784 695 1631 1394 1469 2533 520 1898 2021 2472 424 1533 91 2827 232 983 1849 499 1312 1847 132 1719 1984 163 1867 658 1883 957 251 293 498 1427 240 304 2054 1087 1766 1743 2235 853 29 2366 1333 898 2323 1722 792 1176 545 1513 2673 529 466 1093 744 1798 2759 1515
000026.jpg,346 52 2669 2407 2301 108 758 363 1378 2467 402 389 1275 936 1022 2821 295 2070 628 478 2765 1662 467 2690 2806 1787 840 61 1506 192 1048 2025 786 2398 2687 471 1220 654 207 1008 625 1929 331 1039 2396 2465 2505 1438 2059 1124 1730 1273 1481 1692 484 655 241 2232 53 430 2053 209 139 753 1140 2632 2429 1141 1024 2611 1435 2698 2565 1356 1568 390 999 245 268 2236 225 1967 455 1612 822 49 464 113 838 89 216 726 2173 1317 2137 679 2531 418 27 2794
000027.jpg,1055 137 2766 2728 1212 1944 2135 2825 2741 447 2736 1606 899 2558 686 165 1067 725 494 2319 1463 1126 2580 692 2719 2248 79 2294 116 2842 97 1134 1935 2292 2813 1547 722 2305 2057 2665 146 2207 2286 246 2041 1777 2068 1897 2511 1056 1223 1899 2708 442 1076 2382 1185 1452 948 574 2051 2435 2291 804 657 2393 1825 1639 677 1937 204 2583 67 329 1986 1130 1362 2704 682 1868 2089 1464 2598 140 2438 2436 491 1874 1940 939 2569 1433 2506 2683 2220 1876 1757 1931 647 1592
000028.jpg,353 196 1625 869 2256 98 910 776 2460 2081 1819 2331 1864 1042 1643 809 1963 2103 69 2363 2264 701 919 2067 233 1546 301 1204 781 381 392 2101 2803 2778 1541 1354 153 2361 1402 1667 820 1419 952 752 511 1585 1565 2582 1480 1287 2420 1851 224 1531 2474 1211 1769 1579 879 819 585 841 930 763 887 355 2718 567 1063 2334 247 1188 105 2318 2575 244 2087 1697 2677 2147 1442 1770 1519 2278 1221 276 515 2225 908 1170 2228 664 413 1344 1791 118 858 2462 2500 765
000029.jpg,131 1024 1039 1262 268 1875 1929 455 2715 2396 2765 2232 1275 1274 452 1730 31 580 1011 1787 326 1503 1127 296 356 1568 1843 1378 2025 2173 464 295 1706 225 1124 495 467 2531 1941 209 2806 1506 2285 2053 2059 653 643 726 331 2611 2301 89 2236 408 1220 2687 858 655 200 33 471 113 840 1140 346 838 525 49 1008 999 290 1438 389 52 1598 1715 1282 1475 484 430 1648 418 2470 61 2565 1662 1022 1505 618 1500 654 2017 799 2091 402 390 245 1026 139 159
000030.jpg,2414 2641 1177 107 2176 55 1104 2326 728 397 2604 1669 2550 2019 2036 1507 379 736 1277 1748 187 834 1014 1459 469 2360 2754 1194 2080 1821 2073 2159 920 1646 2630 1691 1523 2234 2383 1608 1720 205 575 2605 1467 2160 309 2239 2555 441 32 1975 250 1841 1114 2058 1340 362 861 2571 2695 1192 1482 2661 104 2079 2345 1013 1601 2503 1450 1107 357 931 924 506 702 1687 856 818 1299 1130 2395 333 1168 1057 1286 848 1391 1512 2401 541 300 578 1028 1907 1767 903 2586 400
000031.jpg,1931 447 2220 2526 494 1677 1721 2625 994 1942 2825 2728 1056 146 2057 864 2766 2683 1771 526 2719 769 2440 1892 1876 574 682 2708 2037 1408 2291 677 2736 2051 449 1899 2438 1692 1185 271 1961 1055 274 692 686 1473 2565 2569 1134 1941 2319 561 1293 1097 2183 2435 508 2639 1127 1592 2292 2089 1868 1998 608 939 1187 2499 1223 2813 1439 137 1974 2558 2316 1274 1126 1874 2207 2580 12 2716 1944 968 601 1759 948 482 1627 721 2770 2406 53 2764 657 1117 1067 216 491 1011
000032.jpg,1122 2844 2215 837 264 2484 2092 1421 2797 1814 2269 1698 2576 428 2473 2455 2371 1925 1549 1 1982 1009 2709 891 299 2273 1863 2063 2139 667 1824 2223 1291 195 551 2403 1520 2717 2727 2833 267 2266 1059 1238 1366 1609 349 414 2486 1480 2158 1622 1815 2776 342 1159 2635 2385 1348 879 1338 888 226 307 1887 669 223 600 2503 2801 2783 46 1594 2175 1862 404 2731 1816 721 1071 867 1539 2834 262 594 398 2468 1095 2100 1619 1221 642 814 1195 1297 2198 885 438 2197 2211
000033.jpg,1127 1274 1972 2402 721 2396 1961 225 1647 326 1438 1506 653 471 654 1787 356 2316 2794 200 2025 655 580 1262 331 1692 296 1282 1781 31 2070 1039 1024 455 478 2765 408 1780 61 1293 2061 2531 1097 131 1941 643 1141 1011 1503 2062 430 625 1187 1472 207 1317 1598 192 113 806 999 108 2406 1248 726 1021 2164 2173 1875 1662 49 1921 1648 2017 2236 2053 245 268 290 858 159 936 452 2611 2232 1143 1918 1140 2429 139 534 239 1356 618 2398 1124 1756 679 2669 1018
000034.jpg,2152 1139 2502 2348 1365 1605 2263 2141 1113 1570 2203 214 1866 1953 1602 1525 183 2572 1198 150 270 2056 106 181 398 621 844 1371 1205 2030 2197 620 2761 117 1084 2677 1171 2048 171 941 84 1702 1768 244 148 1184 2160 1397 2751 1458 1502 2705 182 2608 1004 2841 1364 1726 1760 1280 2182 690 2503 2623 509 1712 420 1217 2760 954 594 940 2706 75 1221 2442 236 1515 2179 45 1251 23 1083 2079 2374 732 2386 1214 2498 2678 2448 2497 1283 510 2612 2457 1537 2109 22 298
000035.jpg,645 1649 2011 1029 440 155 1045 1422 2050 2241 1444 1679 947 1623 169 1054 1544 1663 2836 1381 735 445 2628 712 1328 1617 2837 1782 1993 2735 1860 201 2707 2130 51 1658 562 2439 2767 1636 1796 1840 305 1552 463 550 134 2713 2545 2352 319 48 64 900 2721 2840 965 2826 1640 59 1496 2088 260 194 2046 992 1757 1586 2649 715 2815 674 1148 611 2133 497 179 2034 2556 563 2309 1569 2631 1319 439 2650 1948 197 1486 2375 659 518 489 2272 1775 1901 168 2289 1253 2076
000036.jpg,594 2494 2197 1462 1199 84 941 762 2503 1113 1763 2203 23 2278 1866 300 815 6 690 1139 2569 482 2079 1687 2386 1073 2678 2653 2683 2291 2473 1605 2518 2359 1592 2348 2506 1198 214 1949 1616 2572 1726 2823 2720 1541 491 750 2057 1537 2109 939 1183 644 882 2160 1137 334 2571 2677 676 1090 148 1959 398 614 1869 629 1221 1757 2705 647 2639 1240 2728 598 2748 510 2535 2194 1953 582 2261 1318 636 1802 285 1175 146 2448 2294 745 325 1223 1336 1080 688 1602 1400 2442
000037.jpg,2291 574 2057 494 1223 2683 2639 1874 146 647 686 2569 1899 1555 2813 2499 677 2051 598 2382 2435 329 1937 491 2248 2719 2393 2294 1592 2728 1473 2438 657 682 1055 444 1010 948 2319 2708 1876 1439 152 974 159 580 2557 2396 804 1692 1037 1408 1187 238 92 2598 2580 447 692 2506 1944 2440 244 1639 1704 1868 1274 1721 2037 326 2809 356 2119 1708 594 2406 1452 2183 531 1118 296 2068 482 1942 1787 1648 2436 271 1852 725 722 721 1185 2479 2089 313 1293 1127 2286 772
000038.jpg,1710 925 2649 489 1486 1417 1369 900 712 1983 463 1934 2454 260 2050 348 2084 1437 1656 1489 977 943 2652 1405 2769 524 445 2011 2419 221 1092 1172 2840 197 2817 26 674 2501 2574 188 179 1627 559 1046 1552 860 817 1328 1319 659 1045 2544 2375 2270 1307 2411 970 635 1428 1701 2082 1640 1870 1752 611 168 2358 1414 305 2826 2515 547 1386 2424 645 2528 59 134 2676 2439 563 2130 2397 992 2241 2724 1878 1644 2837 312 2200 1190 2133 1624 906 51 169 826 2148 550
000039.jpg,2171 2043 650 2810 2666 1603 807 820 1541 1916 2816 285 2643 1260 2841 1702 2346 1221 759 2502 1570 1605 334 1891 475 1397 2152 420 1227 1723 6 510 582 375 148 2179 244 1153 1139 1696 468 620 1697 2768 1502 922 750 1326 1083 546 690 1858 1080 411 1953 1602 2203 844 2751 5 214 181 1738 1763 669 2348 2521 1188 2230 1059 423 1537 1744 1515 1061 23 22 594 980 1882 956 991 2263 1524 388 732 2494 1807 1761 2567 306 2210 1171 196 372 117 1979 2128 2801 2726
000040.jpg,2528 2411 1644 1934 2501 1656 1405 2044 2817 1102 2790 312 221 943 2832 556 188 635 1624 987 817 547 1386 1926 611 85 1983 712 2082 1407 1319 2270 2574 4 2300 1369 925 2419 900 1993 1146 1752 463 1208 1617 1422 2011 1782 2454 1545 1552 1417 1489 826 260 626 1092 1486 1710 283 1190 2439 2133 1045 2084 134 559 2544 2515 2389 59 1737 489 2840 2649 659 1381 445 2397 1328 1627 1437 613 992 2837 305 2836 169 947 2358 2375 2050 1788 860 1046 197 2241 2652 2477 1658
000041.jpg,1024 2402 654 471 721 1039 1438 2053 1972 1140 331 113 478 27 1282 2236 1274 2765 643 655 430 1127 1662 1124 1921 625 525 1505 1143 1647 49 936 2398 2611 653 2061 1612 245 1598 1008 1475 1273 1918 1692 2465 2505 1472 1506 356 2531 1787 858 580 408 1011 452 2017 753 1293 296 326 268 2396 1822 1756 2698 1141 1317 1378 131 2280 1026 2794 1435 1503 2232 1097 2301 89 2173 390 2311 363 2429 1220 1781 1118 1967 1780 209 1395 679 402 1037 2406 2407 200 159 108 805
000042.jpg,1142 774 2492 2196 855 2243 2519 1174 1498 1094 673 1966 1913 2417 593 2299 1936 749 800 2005 1850 2697 678 2006 610 2290 2251 2549 2843 717 1020 336 2788 435 2364 1634 2087 1243 821 2730 1311 1005 1068 1581 1379 1573 2830 365 2746 2151 1946 1309 410 2680 257 2613 870 1040 1871 1794 1424 253 2560 881 605 535 2377 1455 434 1783 1968 1511 1527 1731 338 730 2341 1670 1138 1516 937 288 1131 544 1466 2095 2516 2609 1800 1442 112 94 1969 1133 1079 2102 648 1526 1645 811
000043.jpg,1083 181 1702 2643 620 732 636 6 1318 546 2386 582 759 1536 2807 2278 762 1797 285 2194 42 1221 2761 2678 1726 2116 2522 1315 661 644 2476 1064 2141 2425 2442 398 2705 2079 2263 1013 1768 2261 1336 2831 148 894 1502 2720 2562 1458 1251 2048 2160 650 1365 1260 2666 1763 45 1960 1198 1227 2168 2111 669 594 2056 2503 510 2823 2203 1570 2571 1882 2612 2760 270 922 1183 1880 592 1364 1979 690 861 647 1603 171 807 2374 104 1057 1697 2468 1205 1632 2608 2554 2313 300
000044.jpg,848 1830 931 1114 702 2471 1908 2601 903 1845 768 2624 1107 1512 502 578 1608 1821 284 65 250 1720 1340 1310 103 297 1235 990 1323 688 126 1767 2276 835 1975 1254 1186 1413 2388 1391 684 2314 522 2036 379 1922 1014 1748 1557 1691 2016 2667 2347 1372 2345 315 1832 2605 2768 2620 400 420 1397 690 1601 2326 1016 1125 2661 2622 469 1646 414 1759 767 1459 1192 70 2324 2395 2757 2080 1753 10 739 920 2150 2503 1390 2302 646 2077 2671 2571 1104 1605 1450 1570 300 2073
000045.jpg,269 1548 2403 801 2518 541 1757 379 2 1943 951 2315 1244 2314 2486 83 1869 2818 1959 1509 191 907 2663 531 2478 2255 2653 2109 116 857 2136 1088 1120 1459 2740 1950 1073 1125 2506 2161 1043 431 1905 263 2327 87 2015 2772 2302 1573 1186 1753 1609 590 1391 1748 1255 1767 1413 2063 1252 1007 2510 2387 1834 2708 882 469 2077 2294 1841 688 368 44 1171 993 2548 2797 1986 277 211 2685 2240 1919 70 1014 954 1581 889 1542 720 1300 1877 1839 594 2777 2844 1336 1147 601
000046.jpg,546 2468 298 285 1697 181 2167 2268 1084 620 2643 2623 922 759 1702 459 2791 1285 1221 2263 1884 117 582 1184 2179 732 1797 275 6 1260 1744 20 669 1456 2043 2168 1380 510 2030 1882 2203 1502 2726 973 1083 1911 2572 1284 448 820 1763 1866 829 980 594 2132 2348 1205 1080 636 1318 2194 2171 2521 661 2807 879 398 23 2118 1541 196 265 1973 991 650 2425 1684 1059 1536 1570 2162 1280 2816 1188 205 2013 2476 2727 1525 1863 1610 1267 214 1025 557 1227 690 98 1738
000047.jpg,1704 1532 653 296 1274 1127 2396 326 290 31 772 356 580 408 238 209 1339 383 1262 131 2173 1787 2164 239 2017 28 152 1275 1708 838 159 2291 2091 1011 2715 711 2228 574 494 2057 314 1472 2794 2316 503 1741 49 2025 1282 1730 1956 1780 455 696 245 225 2765 200 847 2806 2099 2028 1917 2052 2479 61 330 2557 2693 1692 532 1941 295 1612 1655 671 657 525 464 467 1503 2565 1706 1899 858 1050 734 2053 1929 2592 2500 33 1039 2236 1831 2639 1555 799 1961 2470
000048.jpg,2494 1139 1198 84 815 594 2503 1953 1866 1960 23 2677 117 1616 1183 270 1113 2761 104 851 2203 1199 1205 1502 941 1987 2141 2359 2348 396 214 40 1922 1283 1768 2048 244 1371 2263 2115 2303 327 629 1217 2197 2278 205 2823 1184 1144 2448 2179 183 423 2109 690 1591 281 1687 1080 474 543 398 2132 298 1602 1570 1171 1979 2688 907 2691 2572 1537 2160 167 1519 1696 2791 150 1137 589 636 1318 1426 1661 1458 1365 2740 1536 2128 1659 2620 1175 1726 1605 2030 1525 466 909
000049.jpg,348 2649 1369 26 1870 925 2769 2454 712 550 2714 179 305 445 1710 1045 480 1328 2050 2011 463 2241 59 1381 51 260 1983 2538 2501 2721 524 1624 1658 1644 1569 1934 611 1782 64 562 1486 1029 817 168 155 1092 1417 2528 663 2130 900 2411 1441 645 970 1640 1617 48 2840 489 1716 1545 2034 1172 2574 1544 674 1489 1576 497 1453 1319 2545 1758 547 2418 704 1054 1993 1586 1056 977 2610 2817 2439 2084 1859 1473 1796 188 312 2155 2044 2809 518 1861 1405 1627 1151 1552
000050.jpg,310 2827 983 2441 1561 1343 2190 2737 2745 596 1683 695 617 949 1914 2759 374 2242 1856 1091 1693 1346 1334 1176 2202 1713 2112 1116 328 132 251 940 2129 95 2547 407 576 803 1298 1743 529 2111 766 1898 364 2238 1773 341 1714 395 1900 88 1004 2381 581 2040 1394 2149 2656 1093 2644 777 1971 832 63 2542 2785 1019 1996 1161 1476 1535 1513 1801 614 1103 2000 737 1847 2700 291 1427 2016 2504 436 1224 1999 545 1785 1593 1137 789 2323 1300 1689 1451 1434 2072 1631 1230
000051.jpg,275 1324 117 879 557 23 167 2727 1520 2573 2662 454 2246 1538 1863 265 2791 147 1539 2726 638 2013 490 20 1502 2203 2128 1036 1684 71 1440 630 2036 1973 307 327 1205 1591 1450 96 30 687 1744 1200 2197 2132 1360 1630 510 205 214 1960 1184 1013 1763 309 2494 1122 907 2653 127 2363 2820 2080 1077 1152 787 2709 2030 834 594 676 2473 2160 924 2271 2699 2631 810 1445 1353 2162 1318 829 469 577 2175 104 1713 1 1217 969 2422 669 856 1304 448 132 2595 2168
000052.jpg,1644 1624 2528 2411 59 2817 4 817 2389 1545 1934 1656 221 1405 1386 1146 547 556 2515 943 2790 1407 635 2501 1752 987 312 1926 2270 188 1102 2082 826 2832 611 1489 2044 1710 712 900 2439 626 1319 2011 1983 1369 2300 1993 1181 1737 1202 2837 2584 1417 85 613 260 925 2419 2675 1274 994 2477 1486 305 2454 1799 1788 266 674 2367 2574 1411 1942 2631 2649 1190 2714 2084 860 271 134 2440 449 1617 562 1544 1892 345 1701 2530 996 463 1941 1381 489 1878 1782 169 559
000053.jpg,730 338 1442 2516 1526 1511 1466 855 519 1325 253 1969 2763 2519 2219 1142 1455 2302 1992 709 773 392 2102 2549 1850 186 336 1311 1498 1165 248 1424 1454 1020 2243 2341 2364 1516 1079 1779 593 2006 538 1094 1419 800 1670 2660 1385 191 1174 1581 881 870 678 662 394 1879 1005 648 2087 843 1966 1271 434 568 1379 2145 2290 717 1243 774 2151 544 1894 2560 908 1007 1906 2251 1634 610 2746 320 301 1309 1913 1946 94 2005 2492 2830 2711 1573 1968 1613 821 2299 406 852
000054.jpg,472 1530 1925 223 160 1078 2776 2063 1338 1863 2094 888 573 1509 403 17 2486 2835 1994 2255 2266 600 1615 1619 667 127 642 2616 2100 2635 1295 2811 2338 438 1421 2709 2820 2455 2481 1009 1698 1803 846 2576 837 1159 1887 891 1811 656 1815 1982 421 1549 1446 1862 2168 147 264 1409 267 2717 1520 577 879 2834 1 2403 352 2731 2781 1828 827 2710 349 2223 1792 1660 414 892 2356 1229 2595 1277 170 2253 2371 2273 2659 2484 157 1060 741 1294 551 2771 1242 1059 1291 1238
000055.jpg,2037 1557 1998 1390 2622 1771 1677 2625 1892 994 1088 274 1942 271 1073 2757 608 2440 1473 1165 591 2045 46 2183 2809 147 414 1408 598 2302 1029 1511 531 2150 1969 315 2755 1584 538 1186 526 1616 658 2535 2661 892 1759 2573 1962 1811 1308 688 2624 709 191 1323 790 1928 1391 1980 1433 2011 730 400 2646 444 714 827 1591 1130 223 2648 2478 508 616 2671 217 2506 882 745 739 2735 2023 2077 104 1462 2595 1757 1904 864 1986 2736 898 1166 907 244 2427 870 2409 853
000056.jpg,2755 2023 1584 2045 747 2545 2034 2556 2433 64 2272 258 191 2302 315 439 2622 770 1391 750 51 48 889 334 1557 1165 1796 1767 1640 1603 1051 1320 684 2713 2757 2388 1569 1759 1413 1499 2508 305 2663 1833 1757 1199 2685 1537 1511 768 155 2650 1969 1541 2314 1442 562 2150 1080 1975 2168 2276 714 594 601 1763 1980 1007 669 2313 1227 229 882 468 2763 2352 582 2478 745 1095 2686 688 2496 1548 1090 1834 2 1308 250 1390 1733 907 414 1221 1312 1858 122 1260 2721 2255
000057.jpg,2048 1768 1221 2677 1922 244 1272 1949 865 1754 2494 2502 2421 1397 1570 1537 2324 420 285 270 640 2210 40 629 1038 690 820 1744 1541 2152 2841 1605 1916 2761 1616 2768 1603 2666 2520 1960 1519 148 13 2203 375 2132 1232 1198 851 933 323 1763 196 594 2620 650 1108 844 1041 1661 646 1137 1430 1953 98 117 2671 614 1080 5 1333 1515 1175 1139 2115 1696 953 2179 2278 2162 2828 23 1477 1036 2489 2571 2346 1115 2291 2150 2699 1891 1352 1979 1659 485 1326 1951 510 2000
000058.jpg,505 2500 587 458 2181 1741 523 313 2283 705 2674 2552 734 152 1827 2193 2119 2534 354 2365 28 238 2479 2819 633 1896 2099 81 602 2370 330 711 1111 1339 1563 2052 1680 314 120 175 1532 2592 1010 261 209 1109 972 356 1164 2402 2681 2527 503 2017 999 2716 2322 1755 2689 699 1472 1050 2244 1991 838 849 326 1332 2396 316 963 780 1117 2173 1708 847 721 27 296 2693 653 1011 1297 1143 31 580 696 2822 2236 2715 1475 1852 1465 1314 2144 68 2429 799 1505 1240
000059.jpg,653 2479 1532 2099 2674 1376 296 330 356 152 2119 721 2500 120 587 734 1896 1972 1274 2052 1127 1647 2402 2592 1472 458 1011 847 2681 326 238 1282 159 580 2819 2365 2017 1143 209 1756 290 408 81 711 1921 1317 602 2527 2557 503 313 1741 2191 972 2794 705 2236 49 2193 2396 1111 849 1781 2228 2765 28 2177 2173 1297 1787 1755 2370 1395 1822 2597 1974 2283 633 1262 1568 1503 1917 1692 261 2716 245 2061 2552 780 354 1827 2232 799 2053 2316 1961 314 1475 1118 2244
000060.jpg,1768 2152 2048 171 2056 2182 2760 1570 844 270 183 1605 621 1251 2502 1726 2503 2608 2761 1953 2263 2197 1139 2203 1364 236 1760 1712 2160 2522 1515 2705 1064 182 1198 690 2401 45 1221 2348 1113 1458 214 398 2612 75 1365 2457 244 2079 1397 1004 1602 2572 149 2386 1702 762 420 1525 2831 2678 2620 1696 1866 2116 1797 1217 2677 509 2230 148 198 300 510 335 2841 1108 1315 861 2591 2498 954 1283 2442 1537 582 2706 1685 959 2141 181 1318 1205 1171 1502 285 971 2278 2737
000061.jpg,52 418 225 1481 207 999 726 61 2059 2396 2025 31 2429 2669 2715 1275 192 464 455 806 1787 2765 1039 534 346 295 1378 1506 1262 1706 2806 1024 484 1662 1568 268 1929 2053 331 838 326 1692 2173 389 363 478 580 655 2070 209 53 2244 758 390 840 780 1124 1967 1475 2232 452 2236 1635 471 467 2301 290 108 408 296 2565 159 1282 1022 314 1780 1438 139 1050 245 356 2407 1503 1875 653 654 786 2531 1730 1127 2280 2821 2017 2698 1274 1465 2467 27 1141 131
000062.jpg,1502 117 285 546 820 1221 2841 2141 2179 582 650 1541 1702 1603 2677 1139 334 181 2791 620 1184 2348 2623 669 214 2043 1697 23 922 2494 2666 2030 750 2554 2643 2203 510 829 594 1525 1084 1456 2263 879 396 2132 298 636 807 150 1570 759 2268 732 1205 1763 1315 2425 1480 1882 1953 1816 1979 6 1025 2387 1083 551 2810 167 475 2194 2197 275 2726 375 1171 1744 1260 2171 1605 1188 1217 1318 1280 459 924 1995 2468 1108 1059 1536 1267 2278 2502 1198 1660 2168 1227 270
000063.jpg,2792 1791 118 567 998 919 1354 1531 639 952 2778 2711 2328 1583 930 1179 778 1854 2682 1977 945 1579 2491 887 1578 2647 2252 1769 819 382 841 1770 1470 748 1667 1920 1063 916 9 517 227 2065 1970 2459 1651 2042 1368 7 114 808 975 2793 928 1851 2575 1211 2723 1367 1585 2488 151 515 2349 923 2304 1154 2225 2379 982 763 492 875 381 2729 1271 2081 311 1657 579 1239 25 2361 1042 1210 566 2097 1625 1209 1528 2416 1819 809 2310 2067 1864 2026 512 513 2559 2462
000064.jpg,1647 1972 1274 721 2402 1127 2062 2794 326 356 296 1921 2061 239 331 653 1781 1097 1143 1822 1293 1011 2316 643 580 131 1503 1472 2396 159 1376 1282 2765 1118 430 1026 113 200 2017 2611 1961 1692 268 2173 1395 2531 1787 31 408 49 2164 655 1262 2674 1024 1755 2311 1140 679 2632 2091 654 209 625 1875 1141 1039 452 290 525 27 1756 1598 2398 1941 753 478 858 467 1335 1048 2465 2505 471 1378 245 1297 1187 1438 495 1918 1506 2025 1317 2406 782 936 1655 2285 2715
000065.jpg,1306 1175 1951 589 485 727 2409 2540 658 251 2072 1333 1427 1558 898 714 1361 1137 2149 1166 1798 614 2656 1451 803 374 1928 2113 2323 1207 1334 293 2759 1513 1213 215 364 1230 2644 1900 436 1693 962 1161 2178 1559 646 1786 395 1389 789 1257 954 2022 1300 2381 529 2542 1883 1298 1106 1343 1971 101 2000 182 1743 304 63 1683 895 1847 1019 1115 2504 572 2040 2054 1394 310 545 93 2546 2242 2430 2787 1087 2579 426 737 2066 1773 1685 1561 634 617 1590 2143 2784 949
000066.jpg,1944 67 165 899 2813 1055 2558 1212 2728 137 2382 249 1406 1012 2294 1810 2583 627 1606 1937 1223 2135 2842 202 725 116 2207 2248 2509 1076 1056 1075 1874 1130 804 1986 1841 1464 2741 948 1639 2683 2393 329 404 2736 2258 1001 2286 2057 2435 2809 2825 2569 2291 1126 692 2506 447 647 482 362 146 1473 1935 204 598 491 1592 2639 2766 1869 494 2121 2708 1547 574 2292 686 1825 1557 2319 1899 1757 97 2438 1609 2719 1897 2580 2068 1555 378 1940 2305 2041 2511 974 722 2350
000067.jpg,1948 1362 1416 1496 1096 2545 1860 2034 64 2272 497 1051 2556 1897 2721 155 1316 1381 2628 1586 48 562 439 1757 1569 305 2241 2815 2713 1658 1796 1636 1965 2376 715 2433 1490 1782 51 2309 1218 201 2352 1453 2135 116 137 1212 645 100 2650 1544 1606 123 899 1255 1901 1623 1993 750 882 2686 2387 1649 747 2741 2011 1054 194 204 742 547 2046 1541 2766 1029 1045 1319 440 2150 2842 2836 611 1261 712 2665 1840 992 1679 1328 947 2439 1584 2735 986 334 2319 231 1444 448
000068.jpg,453 141 1023 1163 2163 401 1085 99 2055 177 1510 2679 2009 72 2829 1903 1628 1145 612 2122 2747 2098 816 1415 1047 437 399 380 208 2218 1436 2775 2636 1717 981 1599 2469 174 2655 731 1233 73 1872 2750 1160 760 2074 2587 1784 694 460 2201 823 156 2577 222 2355 461 164 599 2126 172 2274 1976 1321 1688 1808 477 1305 2722 2512 1241 2452 1504 1939 1052 850 935 1155 2096 632 666 2362 2537 755 1933 595 836 1404 1100 1098 897 1089 2446 2342 1258 1006 2658 1790 1474
000069.jpg,569 332 193 1065 2578 988 302 554 571 429 1431 733 340 199 1398 2090 2333 2047 878 427 323 21 36 62 2520 2032 1793 2743 78 2380 1256 1553 2668 1041 289 432 1430 866 2786 2415 417 176 2227 500 1910 1418 361 2640 1132 2421 979 743 1038 1393 1588 1890 839 2078 2423 370 933 1562 1268 2798 2029 2117 1049 56 121 2568 1499 1686 680 1236 2629 597 802 1888 640 2428 2210 1699 828 1754 1521 893 2335 2795 2539 13 1668 1053 2451 2083 868 1429 2217 1189 555 698
000070.jpg,879 1366 557 1539 1982 1480 1816 273 2791 1059 2094 1925 1807 1863 20 685 2104 2268 2468 1684 1520 2139 352 307 2175 414 2473 2529 1242 1744 117 2030 969 2524 1122 1080 2797 1295 147 888 2266 1167 1078 2635 894 264 1811 127 2363 160 1803 1660 1421 1 2710 2460 1619 2554 551 1922 1502 226 2269 1549 1880 1530 1291 867 669 342 2607 2726 267 2727 1763 17 1698 1373 400 2484 2223 2576 2808 1025 2643 2371 472 827 1355 2570 991 2179 2833 1184 2132 2494 573 933 2801 1884
000071.jpg,1489 860 1710 1417 712 2050 1701 2769 463 2840 2454 2011 1045 1788 197 445 1934 179 925 2130 2649 1617 1405 1328 900 1029 943 59 169 1993 1422 1369 348 2837 1870 2528 1782 2241 2411 1552 2650 1656 735 260 26 1486 221 188 2501 2375 769 433 440 305 1640 51 2714 2626 1752 826 2439 1624 635 2082 1381 1253 1658 547 1644 606 1386 550 645 611 1627 817 2817 2084 1544 1663 2289 2270 1407 2419 947 1983 312 626 987 2544 2836 155 4 2044 2389 562 1545 2724 1146 1319
000072.jpg,1140 2402 1293 654 1143 2236 1097 1118 625 1972 721 580 1274 27 2053 1141 326 1822 1692 1756 2765 1124 356 1050 655 1011 430 2406 1755 1037 331 1317 1282 2070 643 159 1967 1475 1187 1921 805 31 1127 1472 1273 1356 471 2465 2505 296 2396 1435 679 2611 1787 1039 390 1647 653 2794 49 2017 1024 1648 1008 209 1216 1438 314 1395 478 1635 2531 936 245 2301 1378 452 1505 2407 408 1598 53 1781 1022 2173 2062 1297 1506 2698 2280 216 1021 139 1662 1010 1612 402 858 1715
000073.jpg,1453 2433 2545 1490 1569 2713 2034 100 1901 2376 64 305 2309 2556 2721 204 715 562 155 51 1056 1944 1496 1860 137 2001 1316 1381 2842 645 2036 1841 2272 725 1658 1796 1586 2207 1825 687 1782 2135 497 2213 1965 48 165 201 1547 116 1640 362 2650 2352 659 2435 1636 1986 439 2241 1757 168 2511 899 79 2046 260 2825 1606 2726 932 747 246 448 630 2391 2258 2558 1899 2222 2088 2109 1067 1948 59 2708 1362 992 2768 440 1821 547 2068 2766 2728 2305 1744 2248 1623 712
000074.jpg,2836 645 2011 1649 1381 1422 1658 1782 201 2241 1552 440 445 1444 1029 2735 1544 1054 1860 2767 947 2826 1636 134 1663 169 155 2628 319 735 1640 1045 1328 51 2840 1617 1623 1840 1307 2439 2837 1993 2050 2076 2815 1679 659 2352 1486 900 674 2133 1496 1965 613 712 1208 550 2713 1218 48 1796 260 194 463 563 1437 2309 769 64 2707 1752 611 2652 826 1148 562 965 978 1319 2088 1316 559 2556 197 1948 1586 992 2272 2130 497 2046 231 950 2545 2433 439 1253 1569 1046
000075.jpg,1055 1212 2728 137 686 1777 2286 1944 2305 2294 1067 2766 2382 2319 2813 1076 2598 2291 804 2558 1639 2248 1185 1452 165 2436 79 2393 1223 725 2580 948 329 2135 692 1130 2741 1937 1126 2292 2057 140 1868 2719 146 1935 2736 1463 494 1464 1541 1606 246 1134 447 491 442 1899 2041 722 1547 2583 1897 97 899 2068 2683 67 116 2506 2665 574 647 2842 2825 2207 1874 2511 820 657 2708 1825 2639 1940 1362 1986 2569 2435 1592 677 1056 2438 204 2051 2748 790 1869 594 1962 682
000076.jpg,161 769 1417 1489 433 1710 860 1938 1788 1782 2650 134 601 1895 1833 1747 2289 1701 2685 1627 1617 645 1649 169 51 2837 2367 1640 2836 943 18 48 1391 2011 547 2050 1045 1413 1381 2314 1842 1623 1993 2439 1544 168 2 1443 231 2076 1405 2686 2046 1165 1054 674 197 224 1029 2510 1700 2735 1759 431 635 64 2663 1552 2388 221 1834 1980 684 1658 906 712 2652 992 947 611 2480 1319 562 2133 305 1902 1422 260 2130 2352 2556 315 2628 1386 1753 440 1090 950 2496 2707
000077.jpg,519 392 2219 1419 852 186 1002 320 2262 1495 709 1682 908 1479 984 2341 1516 1676 2763 2543 1385 434 253 1906 2085 1017 1455 1442 942 937 1779 2140 2460 394 355 1879 1992 791 2331 2318 2420 1331 2549 1565 855 1511 2093 1621 1325 2660 1119 629 773 2600 1311 1200 157 1287 1739 191 1454 336 1079 1978 1894 1498 1614 730 301 2803 2796 1546 1718 2134 2519 1969 1705 2302 248 2755 893 1387 544 69 2364 593 1670 2577 660 164 99 2102 1613 156 177 315 1007 1485 2664 1142
000078.jpg,2437 1672 44 16 1914 2700 1990 1447 2202 576 1749 95 1836 1483 1178 596 1224 2745 1773 1469 1300 1713 2441 1103 2317 1353 2000 1304 2190 614 88 47 1513 2547 310 1996 1693 1476 2129 824 683 60 2827 1116 1714 1795 983 2180 483 1847 1856 132 63 1394 1727 1685 2111 376 2555 1161 1593 2523 789 1743 761 1137 1106 1838 2579 2785 949 2016 1883 2422 291 1785 954 834 1999 2737 465 34 1176 83 2249 695 2784 1115 646 832 1336 1091 328 2112 1801 1559 1346 529 2374 2277
000079.jpg,1290 1518 1017 1331 908 530 1614 921 2660 2140 2049 2282 1301 1673 2064 813 631 1554 1604 1384 1058 1567 1909 1981 2696 446 2458 1237 984 1370 451 243 2596 1100 1105 1002 966 1742 2796 660 1613 1495 2257 1404 1396 1155 662 1419 2392 355 487 942 2085 2093 394 1808 2782 1739 1879 1676 1978 124 852 2600 2262 1454 1681 2259 1031 320 1119 542 1853 607 710 1688 1705 1906 2306 2274 2543 337 392 2648 1621 1142 54 1020 1174 855 1581 800 1424 7 890 336 253 1089 1516 2065
000080.jpg,2716 2552 2181 849 2365 175 2565 2819 523 120 2715 2500 1273 2527 999 587 726 456 2370 1912 367 31 2396 238 326 580 1929 152 2681 52 2698 2479 452 1281 1941 81 1955 159 53 505 507 1692 1220 705 1503 2470 1164 2531 1039 1885 418 108 2689 2765 1143 1730 1991 467 2806 235 561 2144 1141 504 216 314 1896 68 1293 1010 1097 2017 2597 1117 1481 780 1314 2244 295 840 553 2191 653 2674 1500 1568 1823 2429 2557 2406 1024 633 1378 655 2232 2279 1275 1240 2177 1438
000081.jpg,2355 320 2318 2420 2691 1911 2156 2071 1682 1200 2452 1479 1387 836 2446 1170 1709 99 1750 519 1933 724 222 2147 1790 1002 1676 2645 1621 1090 2593 2432 177 1419 897 2512 156 2679 144 1267 1098 755 666 937 1697 908 2331 981 1321 98 355 392 164 2342 1504 2587 632 422 1903 157 174 850 2460 630 1442 191 301 599 595 2168 2450 516 1025 460 2636 2256 2775 2102 2443 935 1638 874 773 2122 1973 816 2086 1946 1044 2219 2514 1511 2722 2623 208 1415 1145 2763 1495 2658
000082.jpg,953 1471 423 104 205 2169 1184 924 2791 2579 1180 2641 1922 2573 1277 2494 2203 2132 2768 1198 2661 117 265 2114 2109 2508 2571 592 796 2179 2036 1487 1846 834 1683 400 63 1080 1230 2073 2648 2030 1400 1661 55 300 397 327 2281 1502 1333 2489 1205 2326 1591 2726 2263 1898 2784 2473 1685 751 510 1883 1687 2247 1371 2504 1353 2546 1177 658 310 2058 2414 2535 1727 2820 1104 2222 2656 2027 2823 789 1763 2759 328 879 1744 1019 646 2162 1423 2176 39 2242 1601 483 827 2317
000083.jpg,1331 2458 1614 1290 1495 1370 1384 1017 966 1673 1105 1742 1396 243 1301 1518 2600 1554 813 2660 355 908 2085 1604 54 451 942 1705 487 2140 1739 2782 1237 530 2282 1567 1681 1893 50 542 607 660 631 1002 2369 1058 2796 2696 1031 2257 710 2259 921 2049 2664 1287 1565 360 446 1981 2093 1853 1909 2064 1419 1676 984 1695 2596 1000 2803 1978 337 392 186 791 1879 1613 394 2543 320 301 2147 1546 1508 7 2392 1100 2341 1155 1906 2394 871 1271 1119 975 253 662 2262 2793
000084.jpg,1213 2113 2066 63 545 1019 1389 304 1228 1161 2178 2022 572 1513 1394 1333 1785 2759 658 2277 2504 364 1847 1230 962 2546 1087 328 1883 1693 2579 436 898 251 374 1300 2784 727 2381 1683 1115 2238 101 395 2656 1353 1898 803 2644 1971 2040 1801 215 1427 1558 1798 1786 529 1207 789 766 240 714 2149 1900 2323 1773 310 589 483 1343 1175 1106 1334 1559 581 2242 1685 1166 485 2737 614 1743 2841 341 1951 737 2409 132 1257 2114 1306 989 2000 695 1093 949 1361 2072 924
000085.jpg,2510 70 431 2561 1035 1125 1753 2077 1842 18 2777 2478 2772 1834 1759 2757 2663 2 2818 951 1839 601 2323 395 2644 1557 2015 315 529 1252 545 1798 2242 2622 1333 962 2759 374 1230 1394 695 1390 2040 1443 572 2149 1334 1343 1801 2656 132 1357 1391 1257 364 1186 1298 989 1971 1938 2504 688 2381 1207 1786 2314 63 1427 2016 1176 803 767 39 251 2546 2238 824 215 1833 1559 101 1683 436 646 2302 2277 2112 1900 1785 1106 1767 277 926 1165 658 240 2579 328 766 2072
000086.jpg,2210 640 13 828 377 2520 1038 1754 2828 1272 2421 672 1033 1374 2671 2083 2578 2743 142 554 176 340 933 1686 1562 332 2602 292 432 78 868 289 2451 1668 2108 964 1888 886 1949 323 21 2227 979 555 429 802 2384 2668 1393 1049 698 1041 1418 427 2629 2415 1890 2038 2428 417 2786 1910 2029 2839 597 1429 2539 1329 932 865 2078 1952 536 1053 2047 2120 302 1492 220 1337 121 681 2333 893 955 743 882 2795 2423 1430 2798 2217 2031 901 1256 1553 839 2387 1588 1521
000087.jpg,767 2478 2772 1753 1125 2777 2077 277 2015 1252 1443 1834 889 2818 1938 70 2302 951 2757 1759 1557 1980 2315 18 1165 315 1833 1391 1186 431 1842 2 2510 2686 688 2663 1323 2561 126 2622 601 2685 2314 1035 2624 1390 1747 369 745 191 2702 325 578 211 44 400 1413 1235 2535 865 761 658 2161 2661 2249 1989 2532 1137 827 103 1767 1474 1845 614 990 2335 1462 1558 2128 1904 2016 2571 2276 1161 1333 1343 1073 1839 707 1671 297 1175 444 240 598 2421 1460 2409 1019 522
000088.jpg,1938 1443 1833 431 2510 1842 18 601 767 1747 2 277 70 2757 1125 2777 1753 1834 1759 889 1035 2663 2772 2686 2077 2478 2561 2015 1557 2622 315 1252 2818 951 2315 2685 1390 1767 1391 1980 1839 769 2314 684 2388 2496 578 853 1413 1186 2532 2128 688 250 531 1616 931 211 2115 244 126 369 1821 2702 2302 1340 2323 1165 400 1207 1976 2624 768 990 658 1845 1137 2671 1323 2768 2644 2276 522 1235 1558 1975 739 714 898 1114 865 426 161 1397 420 2303 2661 1725 251 1333
000089.jpg,2809 1473 494 146 1598 682 1876 2435 2438 858 1721 608 1899 1961 1692 574 2580 2716 274 1185 2708 2057 994 491 27 2552 726 2181 999 1941 721 2569 1223 2681 1774 1452 561 68 864 1018 2625 2698 686 526 1892 120 2813 587 1592 449 1505 2500 2144 1503 1874 2037 2683 653 2248 2406 2402 2719 1746 53 2382 523 633 677 1127 2764 313 1056 2814 1677 1918 447 771 1771 679 948 1273 968 2017 2316 1472 2119 625 1117 2639 1972 2370 2212 1164 356 1327 1823 444 657 162 2291
000090.jpg,2751 1214 22 2567 1171 1632 1365 844 2079 2502 894 2841 2152 1605 2153 1702 2401 2643 2160 509 2666 189 2230 2612 1139 419 759 2109 1315 2162 96 2705 2351 1661 924 650 2591 1336 2554 620 1217 2457 1953 1013 181 2678 1927 1797 335 1032 411 214 2816 2726 1744 2216 148 1960 510 2043 106 785 851 1515 2278 2222 1602 2476 732 1907 1703 807 2831 1471 2571 1019 40 2263 1891 2562 2572 1763 2386 636 375 2203 2179 5 1726 171 1397 1916 1108 420 1637 761 2425 762 1616 1487
000091.jpg,1896 2500 2674 653 2099 356 505 587 238 705 330 458 734 296 2181 28 2193 2527 2479 2177 2365 152 602 2819 1376 1274 1011 2764 2552 1532 2119 2017 523 2396 2173 2681 1127 1117 1472 1339 772 847 711 2236 721 2689 1741 2402 1143 1475 313 1282 68 1240 1297 290 849 2370 699 1647 175 1974 1972 2316 561 553 209 1332 131 2531 326 1111 633 1021 2698 2228 2285 1708 1037 1852 580 1503 503 120 2592 1961 452 963 354 314 1941 1787 2052 1164 2406 780 771 858 408 1273
000092.jpg,2044 2501 1934 188 556 2411 85 547 987 1386 611 1405 2528 312 1102 2832 1319 1656 1644 635 2011 1422 2574 2817 1993 1983 1782 463 1649 2790 1552 712 445 943 2840 111 155 659 1617 2836 2082 2270 134 1624 1092 2375 221 4 1381 2419 900 992 1203 1190 2439 1054 826 1501 1486 2241 645 1308 1029 817 1045 1484 224 1550 2046 1423 1666 2389 1674 1788 136 1082 1545 1208 260 1752 2626 2538 624 1926 2133 110 2515 1407 606 2599 1181 2544 413 1006 1146 994 630 586 2646 2837
000093.jpg,23 1198 1113 2494 2572 1960 690 1144 2203 1080 1616 327 1205 1866 2197 844 594 104 1661 1371 815 2263 2503 214 1687 84 474 509 2448 1537 2109 1605 1139 2152 2678 2677 2348 2535 2030 117 629 1502 1171 2691 1949 1659 2457 244 510 325 851 1922 2623 941 2751 466 148 2016 1365 1763 856 1979 2562 796 745 1352 1183 614 2303 2141 1726 2656 1471 1137 2705 1488 2160 1426 2115 2245 1343 907 167 2149 106 420 2000 2386 1953 5 1184 785 2620 2351 1477 592 1175 275 1987 1602
000094.jpg,1649 2836 1054 1782 1381 1444 1658 169 645 2011 1663 2837 1623 947 1328 1544 2767 1679 2241 1045 1617 2628 440 1422 2707 155 2439 712 51 2050 735 445 1993 2352 1029 1640 2735 194 1552 1218 2826 134 201 900 1307 1437 2840 1840 2130 1860 1486 674 64 769 48 992 562 260 1796 2046 2133 1636 319 1208 2076 1948 1261 2815 305 1416 2713 1569 2272 1586 2309 2652 563 1051 2545 1496 2433 965 197 59 463 2556 497 715 2650 1752 1757 657 489 439 550 2721 168 1096 1316 659
000095.jpg,1882 956 1221 820 285 1541 2197 2494 2194 2623 2678 546 669 2263 6 1726 1536 971 1687 644 2572 1084 300 636 582 2203 1083 762 1922 2468 1866 661 1318 2261 2688 448 2348 476 690 909 1603 1525 829 1205 398 115 1995 327 1198 2740 1596 1400 2442 1697 2476 181 1702 2503 732 1802 2030 2677 2720 1153 1280 1537 2278 1880 2706 2168 1371 1108 2823 1763 2807 2726 1797 2620 334 117 2705 594 2386 2571 1570 2761 2493 387 1227 1744 2079 150 2841 2473 2160 750 275 620 2109 42
000096.jpg,1139 1953 2706 1605 2348 1570 2841 1602 2502 214 2263 2203 2152 1866 1198 2160 1365 335 690 1768 2591 1113 2048 1397 148 2572 844 2230 2401 851 2705 420 2612 2079 1217 2761 2197 1537 1315 510 785 2109 1502 2179 1221 1525 1712 1171 2751 2141 2677 244 2386 509 2620 171 2056 2457 621 1184 1199 1738 1363 1015 1760 23 1702 1458 924 1205 182 2503 2768 104 594 2608 2494 1916 2182 973 106 22 1214 236 183 732 759 957 181 2562 2153 1726 117 40 1616 2115 2567 1515 1371 323
000097.jpg,18 1842 1834 70 601 2663 1759 1125 2077 1753 2777 2 951 2015 2757 2478 2818 1252 2510 2561 2772 431 1557 1035 315 2622 1390 1443 1767 1165 1391 1186 578 1938 2302 1833 2314 1839 2686 1114 2323 688 2624 2685 767 522 1413 1166 2315 990 126 2409 2667 250 931 684 2702 1747 2644 646 2276 1235 1928 889 1980 277 962 768 1845 529 395 769 1323 2471 2320 1821 1340 2759 714 2388 502 2601 1427 1798 1590 191 898 65 297 2040 895 848 2671 426 2242 1908 374 1394 93 1975
000098.jpg,188 1319 611 1102 556 2817 4 85 2528 2790 2411 1386 547 221 1656 1926 817 1934 1407 943 1405 987 1545 2501 2300 2270 826 1644 2044 2082 1983 626 635 1752 2574 312 1146 2375 463 1993 1624 2832 1788 2011 2515 613 1552 2367 2419 283 1737 1324 2069 2670 197 1422 433 2755 2801 1092 2389 659 712 2477 59 900 2626 266 2544 1181 1428 1617 1046 1627 606 1190 1305 2397 2358 134 2013 1694 445 1489 1710 2530 996 2433 1411 2840 1112 2631 1782 1486 665 977 2289 2307 2439 2556
000099.jpg,2335 698 2834 2717 2210 2215 1421 1521 1910 2709 476 2795 2226 2648 669 1059 2340 1949 2175 668 2428 2520 223 2273 2640 444 46 839 166 2839 1615 2460 1477 1227 922 2738 2421 2078 2635 1754 1038 323 685 955 2083 2261 1095 1329 1356 2681 2473 600 2671 391 892 1 1618 820 1167 2363 602 1272 879 2578 1355 1852 2168 1774 1863 2576 961 2177 1811 1409 244 1041 2500 2570 220 1862 2213 400 1216 2479 81 1037 2194 2674 1549 640 1995 1030 2798 1236 1140 1429 1827 1622 866 2654
000100.jpg,2305 79 1067 2286 1076 1212 722 2813 137 2135 1547 686 1055 2665 1935 1463 2842 2248 2068 1452 2766 1944 2511 2382 2741 2294 1134 2580 1937 246 899 1464 1777 140 204 1639 116 2393 1868 1223 804 329 2598 948 1185 2041 97 1606 2319 2825 1056 1126 2736 2436 165 2728 677 146 2435 494 2292 2291 442 692 2057 1899 2708 447 1130 491 2683 2558 657 1771 725 2438 2719 2639 2037 574 647 1874 2569 2440 508 1677 790 1942 1940 271 1841 1592 28 526 217 1408 1721 2625 2207 682
000101.jpg,2265 1543 890 2681 2306 1003 1955 2610 2191 1873 120 200 1500 2105 1314 1441 2237 1941 2052 2789 1274 316 699 290 1332 740 449 1885 2592 2773 602 1135 2316 877 2594 1127 963 771 1099 1021 1109 238 326 1111 356 553 1991 296 2597 507 2565 2343 1011 367 618 1376 33 220 1503 633 495 1692 1164 2144 1010 653 131 2500 580 456 68 2177 2232 261 1730 1187 2764 1755 2715 235 162 209 643 216 2285 2199 1650 649 561 1140 2765 1961 968 1220 872 2693 2091 1532 139 467
000102.jpg,1574 825 2336 254 3 652 765 2434 1642 2405 1246 1985 14 873 929 282 2157 2170 1136 2490 2426 1577 1347 2536 874 869 812 66 2209 779 2551 1157 1493 2487 58 781 1403 1745 2593 190 1519 1351 914 212 450 604 1534 1958 2165 1633 764 1128 2147 1625 1121 1247 1915 2585 719 1454 35 2485 7 1963 247 2284 1077 1245 723 1152 2734 2008 1595 318 717 2560 435 233 2493 1402 2146 1581 2264 774 2081 2718 1751 615 2334 1020 908 1344 1359 2247 1973 1289 1846 1819 2361 1864
000103.jpg,2797 1539 2833 2139 299 264 2269 2844 2092 2455 2371 1982 2484 687 2576 2175 891 1122 1520 837 1735 573 1549 1480 428 867 1925 879 1366 2473 1816 2266 352 1660 1291 1 1009 267 1698 342 2223 2607 17 2094 1238 234 127 2486 2063 551 1619 1059 1684 226 1863 2635 667 2710 846 969 2633 1159 1266 90 2104 1814 814 1815 2731 1242 2776 2529 1360 888 1630 642 2616 2403 2524 1615 2811 1571 2808 1824 1025 2246 403 2273 2709 1421 147 2215 2385 1572 2255 160 557 2138 195 638
000104.jpg,2265 1955 890 1543 1314 2306 2789 2105 1003 2610 1135 2191 1885 200 2597 2594 2237 699 120 1441 2773 2715 1941 877 1500 872 456 449 235 507 1274 2316 1332 2199 2681 367 1974 238 2812 1873 290 740 602 1991 1912 552 220 1099 2774 633 495 261 316 326 1755 1011 553 1503 356 1281 2052 1111 1240 2500 963 2552 1164 2565 2144 1109 68 1730 2770 580 653 1127 296 1692 2592 1461 1650 125 618 1062 2062 1010 2177 467 501 31 162 2181 771 968 33 1376 1961 649 324 241
000105.jpg,1712 182 1434 954 1760 1004 658 589 485 1298 2761 1175 270 614 1685 727 149 2112 1137 75 2571 1113 1343 1960 1333 2831 1019 1166 1103 2016 1928 1306 1108 63 2149 1687 2737 44 2048 594 861 398 940 2809 2656 1283 198 2072 2430 2503 851 1768 2324 1558 1087 1197 2116 2497 2409 2278 1483 1951 762 1205 1064 1733 443 2522 1661 1473 898 1365 1198 40 1315 291 1590 592 2705 1671 1336 1318 1693 325 856 745 60 815 1659 1251 2494 636 2022 690 1232 2540 1525 2203 1795 1726
000106.jpg,1836 1713 1116 2700 832 1714 1224 2437 1990 683 44 1483 1447 1914 1103 1672 291 1838 1593 2000 2202 576 2190 1469 2441 2745 2129 1773 16 2016 1535 954 2112 376 983 2542 1856 88 182 2149 1304 1106 2656 2737 2547 60 47 824 1743 1693 1334 1004 95 940 132 1795 596 2827 1357 1513 310 1559 39 1298 1343 2540 1176 1786 1476 1685 751 1300 1197 1091 1434 1631 465 614 1346 1451 1558 1178 777 1760 1847 949 695 1996 792 1257 1971 2785 75 1561 2288 1749 1712 2409 2072 251
000107.jpg,2092 2139 2484 2371 2833 264 2455 2797 837 2844 352 2576 891 1982 1925 299 1815 2269 234 2635 1009 879 1619 1122 1520 1698 2486 2223 1338 1 1549 2385 403 1735 2412 2215 1622 1615 428 667 317 1159 2063 2473 2255 573 1366 223 846 969 2616 2266 90 600 2811 1816 1571 1824 46 2607 444 2338 1660 1480 888 1349 814 1863 2100 195 1071 2709 267 1446 1291 2273 17 1618 2460 2158 2175 414 1572 2633 2481 349 1725 262 1060 1101 1994 2403 1238 867 2138 307 396 1539 1814 2727
000108.jpg,1792 2418 1930 1758 493 1861 548 228 704 57 2125 516 2356 2039 570 280 210 1724 1580 746 133 2659 2123 1377 242 1887 2327 1859 2703 1575 2229 1551 1664 263 421 2332 1609 2374 294 438 170 1665 689 158 1234 1594 82 2672 2174 884 656 1358 2493 1116 1348 1713 857 2186 793 756 1542 2456 2198 1195 378 1877 422 404 1869 1375 2590 2184 2461 1350 1576 1714 2155 960 2004 2330 1034 2206 1292 1538 2694 683 2324 885 2581 77 632 843 1280 2430 1030 2321 184 1276 801 1716
000109.jpg,1557 2622 1390 1073 1088 2757 1980 2809 2150 1904 1759 1998 688 315 2037 2445 882 2255 2507 1473 1928 2755 414 1591 2624 2736 730 531 2427 2319 1962 1616 1165 2625 1401 2045 997 2315 2535 594 1433 1969 1511 761 1771 338 1166 2302 939 1677 589 591 1462 815 598 709 482 898 244 2409 538 46 2685 1466 123 1323 2249 827 1450 658 270 1892 745 2719 400 2704 423 2245 1987 334 750 217 1186 1391 1584 2772 2518 1763 2661 714 1816 1126 870 1480 990 191 186 205 1130 1366
000110.jpg,1325 1442 1526 2516 730 1511 1969 1779 112 881 2302 811 1079 1670 2102 1020 1165 544 2145 855 338 1005 191 1385 1311 2746 1068 1581 2763 248 1992 2290 1634 2730 870 2680 1573 1110 1783 1243 593 773 800 365 1007 821 1968 717 1707 406 2251 2364 1966 1379 2151 435 1142 2560 2299 678 1424 1498 2830 742 2549 253 2243 1309 538 1850 410 2788 610 648 2519 843 1894 792 1040 1138 1466 2005 709 673 2219 749 336 11 2087 1131 1094 1794 315 519 2377 774 434 1454 1133 2492
000111.jpg,751 469 1014 2036 1130 1357 2493 379 541 1601 1940 1950 2281 1841 917 1116 1693 87 1986 1538 590 920 39 2288 2033 2239 1713 725 2506 564 902 32 926 2699 187 2073 1943 2641 1459 362 1180 1996 1818 230 165 55 2324 1192 2495 1905 1714 2345 2202 83 1836 2114 2247 1748 1476 2653 397 1224 576 1919 2605 1869 88 1685 1091 2000 845 2695 310 1593 1103 2016 75 132 2383 683 2656 824 2745 1825 993 145 2111 1743 940 954 2240 1786 2558 339 1434 789 404 1353 1482 373
000112.jpg,364 2040 436 215 101 2504 1900 989 374 2381 803 251 1230 2759 572 395 1361 1883 2644 1559 1786 766 1106 962 2579 529 1451 1971 1427 1257 2238 1306 789 328 1798 1693 2656 1951 1213 1394 898 737 727 658 2323 2784 1166 589 341 1137 485 2149 2546 714 2409 646 1353 2113 1333 1389 1175 293 1683 2540 2066 545 304 695 926 2242 1207 1928 1115 1801 1334 1161 581 1091 483 1558 2000 2072 2114 310 132 240 63 2178 1513 1087 1357 2054 2787 1743 1898 1300 1818 1343 614 407
000113.jpg,2810 650 2666 820 334 1541 2043 2494 594 1603 582 1462 750 1221 1922 475 922 1616 2346 285 1696 1537 1763 2261 1916 115 2677 244 2841 1605 1953 1188 420 375 546 2115 1080 423 2194 1949 1570 1139 1502 2823 2620 2171 1426 1227 980 1858 924 1137 690 2768 2291 2152 629 1702 1397 411 1073 614 1995 646 2179 939 466 529 468 941 1515 23 1199 6 2128 1891 1591 2109 807 1394 498 1153 658 300 1308 2503 1723 1326 956 531 732 2502 2175 510 589 1768 148 1306 1477 104
000114.jpg,1419 355 392 2331 937 301 94 1495 1002 908 2341 1105 1331 1946 1565 1396 519 1906 243 320 1516 1455 1424 1200 2394 253 813 1676 1017 2458 1614 2519 2843 1546 984 855 1142 1739 630 1133 1673 434 7 1454 1031 1090 2196 2067 1287 2065 585 610 2452 105 248 490 227 2664 2803 1850 2660 2006 257 1309 2349 2071 2361 791 1072 1879 1634 843 1913 2473 605 2318 538 1970 1613 881 660 2147 1020 2697 975 1498 773 2093 1763 717 966 535 568 752 916 800 774 1778 1554 1479
000115.jpg,2759 1683 545 2242 1230 2644 374 2381 395 2737 1334 803 1971 2656 1333 2579 949 2149 1343 1558 1561 2323 1257 658 251 1087 63 1361 2504 789 589 1451 1786 596 1306 2540 572 1631 727 364 1951 2542 1513 2238 1798 2409 1900 1801 529 1228 1353 898 1394 1213 436 1427 132 1693 1928 2072 695 328 240 2040 1847 1207 581 614 1161 617 341 962 1743 1898 2113 1019 824 737 310 1883 101 1298 2277 1176 1785 1106 485 2000 1175 714 1559 1166 2547 95 766 1137 215 1178 182 1773
000116.jpg,1743 576 1300 251 1558 1801 1513 1334 2149 1847 2656 2277 898 95 596 1883 1394 1928 1333 2409 63 1427 310 2759 1483 2540 789 1161 529 1166 1447 1798 614 1137 291 2000 2542 1561 1343 1631 2737 374 658 44 1693 714 1689 485 1087 2323 2579 2072 962 589 545 1353 240 1535 1019 1683 803 483 16 727 2700 2547 2504 1469 1773 1672 1298 895 1306 1389 1175 2381 1749 1230 376 2827 2644 1593 1990 2784 328 1590 364 1103 695 1951 824 954 2441 132 182 646 2016 949 2238 1685
000117.jpg,1316 1496 1948 1965 2556 1636 1658 2836 1381 2241 1782 1416 2352 1752 2272 1840 2628 1054 1096 1544 1586 2433 1649 1218 497 2815 194 900 2011 1486 1860 1796 1453 645 155 2713 2545 2826 201 1051 1663 563 2309 440 674 1422 134 2439 712 947 1901 445 2046 659 2034 260 2837 1552 1045 1624 992 769 559 1328 2652 169 735 1208 1569 2076 2082 611 1623 1307 1617 1386 1261 319 562 2389 2767 547 2721 2817 715 950 1878 1437 59 1679 48 2840 1444 2650 305 2411 64 51 613 978
000118.jpg,909 1596 2498 971 2688 2740 43 957 2188 2168 669 1889 2562 320 924 2448 1108 2595 644 2823 2720 387 2503 1953 1911 1487 2508 2197 2442 2725 1560 1227 229 1090 1308 1726 1866 422 636 214 1763 2706 1661 2648 585 2278 335 2450 2464 1170 2535 1082 1702 1602 2048 476 1471 2710 1217 565 2169 2261 2473 661 325 1696 459 2468 127 2591 2109 1474 2160 396 956 1509 1802 1188 1880 448 632 2572 2749 1757 2807 586 1676 147 1199 1537 745 752 516 391 1194 1318 1766 2515 592 122
000119.jpg,1055 2728 2294 1944 2382 2813 137 165 2305 1076 2393 2207 686 2558 725 1937 2286 2741 1639 329 948 804 1212 2766 1464 2248 2598 2319 1223 1606 722 692 2436 2292 1067 1547 1825 2135 1874 1130 1056 79 2736 494 2057 1940 1935 2665 146 2842 1986 1452 2825 1463 447 899 2719 491 2068 2511 1126 116 2291 1868 574 682 2580 2438 1876 2683 2569 2041 442 1592 627 2435 67 97 1185 1134 246 140 1777 2639 1721 647 2506 677 2708 531 1899 2051 2499 1473 790 1841 204 1962 2583 12
000120.jpg,285 1221 1232 922 1744 1080 2691 1763 690 2666 953 23 2048 851 1570 2494 796 475 650 40 423 614 2677 2168 2363 459 1144 879 594 1227 1315 1471 1605 281 2706 1487 510 820 1137 2841 850 205 396 661 1324 2699 448 2160 1188 1811 924 1661 2261 37 1537 1603 2561 1740 1922 2197 646 1115 2572 2096 2203 2468 1738 2573 1916 669 334 1090 546 1502 335 1768 2346 2768 1541 1456 2546 214 122 2162 1911 2460 98 2030 2535 1198 1474 2678 1882 1757 2072 411 2726 325 2079 1638
000121.jpg,1694 2185 2584 1411 2616 1129 30 1440 787 1445 2529 810 638 386 2271 143 1514 718 1684 1630 697 71 2468 1446 1360 1939 958 1112 665 1324 1863 1294 2481 2246 298 562 2139 879 2662 2801 448 305 375 557 2677 1267 2298 1122 2631 1520 265 1619 267 1291 2013 2222 2168 669 1549 1973 2844 2132 2727 46 2517 991 1238 117 2619 1697 1326 1295 1807 2791 2473 214 1270 454 155 594 2833 2175 2567 2213 2118 2726 1610 299 2037 1811 1456 1698 23 459 1925 275 20 2460 2595 888
000122.jpg,2813 2382 1937 2068 1464 79 1076 2305 2248 1998 2393 1547 2665 722 508 2294 2511 948 2598 2286 1868 1639 1452 994 329 2037 804 491 1223 2440 274 1771 140 116 2499 1874 1185 2438 526 2708 1677 1777 1757 1408 1130 271 1942 686 2625 2506 2435 608 2436 2639 2569 368 2842 1067 864 1725 1463 682 2683 1986 246 1935 444 137 2291 1962 2292 1056 1592 165 2580 2319 647 1473 2741 598 531 1126 1944 2135 711 894 204 104 217 2736 442 657 974 2057 692 2554 494 1134 790 1960
000123.jpg,2422 1727 1161 1996 1228 1898 1093 2114 2555 63 34 1178 1513 1847 2317 581 1683 1019 2523 596 1773 2579 2242 761 1801 1785 1353 95 777 230 483 2546 1476 789 328 341 576 1631 1846 2441 949 2277 2111 407 240 545 132 1914 2827 2058 783 2190 1856 2281 310 1087 1176 2759 2113 2238 1749 2504 1672 695 2489 1224 926 824 2202 2745 1213 2247 1091 1693 737 2784 2129 88 564 1333 1685 834 1115 1883 2180 766 2000 1230 2700 1389 1277 1990 304 2178 2785 465 1180 2737 803 1538
000124.jpg,1453 2433 2545 2713 1569 1490 2034 100 1901 2556 715 2721 2309 562 64 2272 305 155 1496 1316 1860 2376 204 645 1381 48 1796 51 1056 2001 1658 2842 725 2213 2352 2036 1636 1586 1825 201 1965 1986 497 137 439 1841 2241 1782 1640 1948 2650 1944 687 2708 2207 448 2088 1547 59 165 747 659 79 2046 2135 116 1757 246 900 992 2815 168 932 440 260 362 2825 1606 2511 134 1046 2258 1082 1623 2726 2836 1067 2558 712 2435 630 1767 2276 2826 2109 899 1486 2648 1899 2068
000125.jpg,1142 1174 2006 2519 855 1913 774 2196 2417 2492 1094 2005 2697 1966 2243 1850 610 1498 800 1020 678 2087 2843 593 1936 2613 1311 673 1424 1946 2549 1419 2364 937 749 2830 2251 435 717 2341 1634 336 2560 1581 1309 434 253 2299 94 821 1516 1455 908 1002 2290 1040 1573 881 257 2788 1379 1331 1968 301 605 365 355 535 1005 1794 2680 2609 870 2730 2711 2151 1614 1243 1871 519 1527 2331 2660 1068 392 2746 410 1133 1271 1800 320 2065 243 2377 1495 1131 288 151 2095 1676
000126.jpg,2171 2810 1227 650 2043 2666 1260 1882 285 820 2643 2261 2194 1603 1858 759 476 1702 1221 669 1153 956 1541 620 1916 2346 807 2841 6 1524 154 510 1763 1723 582 922 1696 1059 1629 1188 1807 1295 411 732 1080 1324 546 181 2816 1891 829 375 1697 2468 1397 1605 468 2749 1744 2179 1761 2801 1610 420 1326 2726 2768 334 1797 1570 991 661 1738 690 2313 2751 1953 1502 2168 2521 306 2425 148 2494 1995 2678 1015 475 594 388 1456 2476 2013 2688 342 2222 924 1922 2567 1083
000127.jpg,352 879 2460 557 1816 511 1349 414 1815 2648 127 1939 1619 2635 1366 1480 573 2481 1660 396 2168 223 665 1025 969 2363 234 2138 117 1520 2468 1502 17 20 1338 1 1698 685 594 220 403 2709 1982 2573 2338 2094 1258 1615 2661 913 1456 1446 1286 1925 2266 1844 669 2820 317 405 2339 2597 400 1294 1421 1632 2607 1260 827 96 167 1078 2223 2013 2627 1009 1994 1880 1863 189 837 894 1200 2425 2835 2175 1295 2303 2268 2535 1530 46 160 1572 1979 1409 537 2473 1618 924
000128.jpg,2095 870 535 2680 253 1800 257 1498 2377 1276 336 410 1634 2492 1573 843 1670 365 610 821 2196 811 1142 1936 881 435 1913 774 1068 605 855 1731 1894 1138 1020 1581 1850 2251 1174 1040 1966 717 2243 2087 1311 1576 2609 1527 800 2560 1871 934 538 1094 742 2006 1309 1133 2549 1030 288 1516 1645 2417 2005 673 2830 2697 1110 2746 1794 1424 1783 648 2299 2519 1005 2843 2730 2648 1511 1455 678 1079 248 544 434 2290 2788 2102 2613 2341 1968 2151 1779 749 593 1546 2456 664
000129.jpg,1223 1874 2813 2382 2248 1937 137 1944 948 2135 2294 2683 647 329 1076 2842 146 2728 165 1212 2291 2435 804 2057 1547 2393 2639 1464 2558 1056 494 899 2569 1055 1463 2708 1606 686 1130 2286 2319 2741 1185 574 491 2506 1126 1639 2511 1899 725 204 116 2438 1592 2766 657 2580 692 2292 447 1777 2305 2207 2736 722 1935 1841 1986 442 682 677 1452 79 2665 1940 2825 1067 2068 2436 1868 1134 2598 140 2041 2719 246 1825 482 790 97 362 1876 1962 1408 444 1721 2258 1942 2499
000130.jpg,2185 1694 2584 1411 30 1445 2616 1129 1440 810 2529 787 1446 638 2801 665 386 718 2271 1294 2481 71 1514 1630 1112 1324 143 1939 1684 697 448 2631 1360 795 2468 562 305 298 1863 932 958 547 1698 51 1258 2595 2517 155 122 2168 2222 2677 2844 1267 1270 879 1295 4 2213 2619 1763 46 1545 1807 2223 1811 1284 711 1381 2246 265 2755 1122 375 924 157 147 267 59 1291 629 1456 1238 2002 454 2013 1610 602 2268 2138 1661 223 2567 2389 2118 2338 2298 1386 195 807
000131.jpg,1753 1834 70 1125 18 1842 2510 2077 2777 2478 2772 2561 431 1759 2015 1035 2757 601 1252 2663 951 2818 2 315 1557 2622 1839 1186 990 1390 1443 767 688 2323 2644 1938 1391 522 502 2314 2686 1833 578 1235 529 1165 684 395 2302 1798 2624 1767 962 2601 2471 1333 1413 2685 1323 2242 572 277 1114 2409 1166 1207 2759 1928 768 769 1394 426 250 545 1340 1801 1747 1845 2315 1908 1980 646 889 714 297 2040 1821 2149 1230 931 898 126 374 695 2016 1558 658 1334 1427 2388
000132.jpg,1055 1212 137 2728 686 1944 1067 2305 2248 2286 2294 2135 1777 2813 725 2382 2766 2558 2741 165 804 2436 2291 1076 2598 1639 79 2393 1223 948 494 2583 246 2319 1126 1463 1935 1134 1937 1185 67 2736 1452 329 1541 1606 146 97 899 2825 2057 1130 1897 2068 140 116 1464 1547 2842 692 2580 447 1868 2665 722 647 2719 2292 2511 820 2207 2041 574 1362 1899 491 2683 442 2506 1869 1874 1825 1940 2708 204 2639 2748 1986 2569 657 677 2435 2438 1056 1592 145 1757 750 682 2051
000133.jpg,401 1023 99 816 1085 453 2055 437 1599 141 1688 380 2163 177 981 1233 2274 1808 1628 2829 2122 2074 1145 1404 72 1903 2577 612 222 1155 2747 73 2679 1305 1872 1047 1100 1510 1163 1089 461 172 2636 156 2469 935 2009 460 2218 632 164 694 2201 208 2098 1784 1321 1436 2452 1976 2355 174 599 1415 2126 2512 2096 731 2775 1682 2722 1160 1504 850 823 2750 399 1241 2587 2362 760 836 144 477 2537 1717 121 2071 666 289 755 1588 1933 1052 2342 897 2655 1430 2446 1790
000134.jpg,1568 1024 2059 2232 838 2765 1039 2173 2236 1662 1475 464 209 356 1706 296 1282 1124 408 2053 484 389 314 799 840 1378 1503 653 2531 2396 1655 131 467 806 1932 1262 2301 455 390 363 2429 1275 758 295 780 268 1008 1831 1011 471 2698 1929 1967 927 534 1050 1037 1274 49 726 1635 2280 495 478 2693 1472 1438 89 786 1715 456 580 241 290 1787 2017 1789 225 2091 139 1730 2565 2285 2407 52 2715 1273 2244 1022 1127 2806 326 1921 2794 2687 1140 207 27 936 452
000135.jpg,67 1810 2509 1075 202 899 725 1212 165 1406 2135 137 2728 1055 1944 2813 2842 2583 2558 1001 627 249 1606 116 1012 1130 1986 2382 1841 2294 1223 2741 404 1937 1126 2207 2248 1874 2736 1076 2121 2506 1935 804 1464 2350 362 2809 2057 2319 1869 2292 2435 1056 692 2258 482 204 1547 2683 647 2291 948 447 1639 1609 2825 329 494 1463 1557 2511 2748 1940 442 2708 2393 2766 2286 97 1757 686 2569 2068 574 722 1825 378 2838 146 2719 2418 2598 1473 1601 2665 491 2427 2329 746
000136.jpg,1321 1638 1933 2156 897 2071 1098 1790 836 2750 2627 755 2450 2096 396 2342 2452 1052 1145 1736 957 935 1305 1188 2775 477 2645 177 2355 222 127 2201 612 156 2648 164 1858 99 2098 981 2318 2595 816 460 281 1436 72 2587 1717 2261 666 1227 1865 411 1415 2432 2446 320 2313 2677 1763 141 1976 2829 2306 1811 1510 908 1504 1047 174 2823 599 468 1808 147 2218 1637 744 922 1023 2168 1939 1906 1217 2515 629 1806 1044 1610 2679 1910 850 2710 1308 1260 1593 96 208 189
000137.jpg,223 1803 1618 2340 2635 1863 1615 2835 2063 1540 46 2338 573 892 2460 600 2100 2138 1069 405 1811 1828 2614 2215 267 2758 1994 1338 2834 961 1509 472 1409 17 1698 1622 2466 1095 2783 1009 1619 349 2738 912 1572 1238 2486 1264 2253 166 2709 1 2223 2266 127 2717 1925 2548 2648 642 1291 1421 879 1387 1060 1571 1479 913 352 2515 2212 2771 1327 1862 1267 1101 511 234 226 551 1355 157 2158 2399 2322 846 2781 2187 195 1373 385 837 41 1341 1059 2208 1964 414 2175 888
000138.jpg,582 546 1221 2643 732 6 1702 285 1462 807 2503 636 2261 1199 1449 759 2386 2666 2194 2678 1603 820 181 1763 1536 2359 2494 650 1541 1083 300 1057 1260 1227 1696 423 2476 2810 594 922 1768 2210 1616 2278 1591 620 396 1802 2823 468 1726 1318 1858 2203 244 1605 1797 2079 2179 761 510 2571 2425 1080 1400 690 40 2761 551 815 2043 669 2677 98 1880 1502 281 1488 42 2303 1637 1183 2620 2683 688 1687 148 115 2473 1059 1904 2115 2048 342 1882 1761 2841 1421 2089 2704
000139.jpg,983 1743 2827 251 310 2190 832 2441 1900 695 2381 766 1176 132 1535 1693 364 1427 436 1971 1091 2040 2745 95 1257 328 2238 1856 374 2540 1593 2547 1786 737 2202 1561 1298 2129 1883 1224 341 803 215 1394 1116 596 1713 2149 2504 1996 2656 101 1137 1106 777 2700 926 1773 576 1683 1361 1434 2759 1353 1914 789 2112 529 2579 1451 1559 2242 1334 617 76 1476 658 1714 1343 989 1346 1898 1230 2644 182 291 2072 2000 1798 63 824 1513 1558 2430 1785 395 727 589 88 1103
000140.jpg,1520 2092 234 2138 1025 1122 2063 1982 1925 2139 837 2385 879 1816 352 1366 2727 1 1735 557 1807 226 2484 969 1373 991 267 1291 2844 1238 2266 2635 2524 1684 1159 1619 1295 1815 1814 273 1009 891 2339 573 264 1059 2298 2797 1863 17 641 2731 2529 1242 2371 342 888 127 2833 1660 2455 2616 1994 1129 1698 349 1480 2771 551 2486 913 1572 1360 2104 414 428 1803 1338 814 2607 262 2662 2460 1509 2215 1539 2677 2268 1571 2338 454 90 2246 1618 1060 2811 403 687 2481 2631
000141.jpg,2819 849 2500 2479 587 2681 120 1896 2552 2365 2181 2674 152 2716 458 175 81 2017 313 1532 2370 2283 653 2765 523 356 296 159 1111 2119 238 192 505 2052 1376 2396 2689 2527 705 367 2592 1991 2698 2597 2191 734 580 314 726 2177 207 1503 2099 1827 326 780 847 330 2173 290 209 52 2244 504 999 2715 418 699 61 92 1143 602 354 31 68 1010 467 1050 139 1164 1273 261 2610 2232 806 1787 1099 1117 1708 1378 2764 452 1317 2429 1465 225 1141 1755 1475 1917
000142.jpg,1944 2813 137 1056 2382 2558 2248 2842 948 146 2728 165 1937 2825 2207 725 2135 2435 447 1076 2286 1212 2294 2393 804 1464 2683 1223 899 1899 2766 1547 116 329 1639 1055 1067 2511 2569 2057 2305 1874 1825 1606 2580 2736 2741 686 1841 2438 647 204 2639 494 1134 1592 246 2068 1185 79 682 1130 491 2708 722 2665 2291 1463 1126 692 2292 1935 574 1777 2719 1452 677 2506 2258 1940 2041 97 2319 362 442 1868 657 1986 2526 2183 2436 482 2220 2440 2598 939 1897 2427 1299 1168
000143.jpg,712 1782 900 2011 947 1328 1381 1054 1658 2241 2836 1422 1623 1444 260 1544 645 1486 1663 169 2050 2826 2439 1649 1045 1679 2837 2707 1552 51 1617 2767 1489 1993 1307 155 1405 563 445 925 1208 1710 1437 134 2840 463 559 2454 1369 562 2133 1218 674 305 1640 1796 440 2545 188 2130 2628 2817 1878 1417 735 2419 2652 2352 2433 992 1569 221 1934 611 2034 2721 715 64 943 1983 2649 1545 2713 1386 2082 2076 547 2424 2309 2411 556 826 48 2528 194 613 769 1416 1029 100
000144.jpg,1038 1754 865 2210 2421 2520 640 1910 2795 1430 1553 1272 2090 2671 1949 13 2839 1329 1041 244 2640 2083 2048 988 569 2578 323 429 1477 2078 2570 536 121 289 1249 1431 1768 193 866 2335 571 2828 2333 1793 2798 1588 1764 828 1916 733 176 2380 1236 1266 646 56 1888 1699 2654 1132 432 729 1562 1268 2346 1065 199 2032 698 554 142 2430 2115 933 196 2629 1886 36 839 21 340 1696 332 285 955 2143 2384 2428 1890 417 820 1668 1049 2413 2047 878 1492 1337 802 932
000145.jpg,1920 2252 2682 1179 1651 2379 2647 639 2488 2459 1851 515 1367 1368 945 2778 2328 1770 781 2225 887 2165 1239 1579 2491 2097 1354 930 1977 1578 919 1470 1154 2729 9 1819 763 492 952 381 841 916 2334 1864 579 2349 1769 1344 1583 1566 512 25 928 875 114 2462 1211 1063 1210 151 1519 528 982 2042 1854 1209 566 2559 1528 1585 311 2081 2723 819 2310 1531 227 998 2026 1791 2434 1657 2618 118 923 2734 1667 2405 1546 809 2416 7 2304 778 2792 1970 975 2147 2536 2065
000146.jpg,1496 1316 2556 1636 2272 1453 1901 439 201 2713 2241 1490 48 1381 1840 1860 1965 64 155 2309 645 562 2628 2815 2352 1658 2433 1544 1948 2721 2836 1444 1796 2545 1051 1586 1569 440 1649 1422 194 1054 497 663 715 2011 1782 2034 305 1416 100 445 947 563 747 134 2650 2826 518 231 659 51 1148 1640 1623 1328 1218 2376 2046 2439 168 1663 2767 1752 1679 735 2050 1096 712 900 319 260 2735 169 2088 992 1029 1552 611 1319 1045 1775 2755 2538 2337 674 1897 1362 1617 784
000147.jpg,133 493 1758 548 1792 57 2374 2493 2418 1861 704 228 242 2184 1930 2703 516 570 1609 1358 2125 1664 2356 294 756 746 2174 1887 2659 422 210 2332 2198 2123 1116 2672 1713 280 1724 592 1580 2039 2229 1538 1542 1594 170 1575 1093 2327 1859 2129 2827 1744 2430 1377 1551 1234 2623 1280 2186 2260 1947 1714 404 310 263 2726 2324 2030 1869 366 378 438 1877 793 2441 158 184 1205 2581 2473 1490 857 1661 1195 656 2162 2820 1765 751 1665 1224 689 82 2699 182 1773 983 1743
000148.jpg,1545 2270 1407 4 1624 2817 2082 2389 59 2411 1146 817 2528 221 1386 2300 1926 312 547 1752 1656 1737 1644 943 635 2367 1934 556 1405 2790 2501 2832 1319 626 283 188 613 1102 826 611 2515 987 1202 2477 2044 266 2692 2584 795 2069 1414 85 1411 1181 2530 996 2205 1983 2801 2011 345 2675 1988 260 2781 1190 2631 1796 2648 2312 950 1710 2714 900 2574 1112 463 1878 1587 1799 2088 674 1993 1453 1800 2556 932 2306 651 2138 489 2433 2616 562 2783 2133 1486 606 2439 1645
000149.jpg,2037 1557 1998 1088 1677 2622 2625 1073 1591 1390 2183 274 709 994 1462 1771 608 598 1892 531 2755 2445 1433 271 2704 2757 1942 1962 2809 688 1473 46 186 2440 1616 939 414 1408 1897 591 1928 526 750 933 2671 334 1165 594 1774 2150 2255 315 2573 244 1980 423 1362 1166 2506 1186 1904 1759 1746 864 104 1618 2624 882 2219 1584 907 714 1763 892 444 1095 658 2302 790 646 147 827 2535 2683 2736 508 2409 1511 1969 2507 1521 115 2319 2766 898 2427 1311 1323 2595 2478
000150.jpg,2171 2043 2666 2810 650 2643 2841 2816 1702 759 2346 1916 1603 285 1221 820 1953 582 1891 475 732 1570 1397 335 1723 2230 420 546 411 1260 6 1605 1083 620 1139 468 1227 1541 148 1188 922 181 1882 510 2768 1153 1696 2678 807 1697 2502 1763 1858 2152 1768 636 1797 1214 2591 22 1738 2751 690 2179 1080 375 2048 2567 2079 2263 2168 1515 2278 2109 1213 844 2468 2620 1744 2261 2128 2521 980 1502 1171 924 1726 42 2494 1922 2313 1995 304 244 1488 40 1602 1232 953 423
000151.jpg,1562 2668 429 176 554 802 2227 2786 427 292 302 21 417 868 1890 2108 340 78 199 1686 555 2415 142 1888 979 1418 2384 597 432 2029 289 2743 2451 733 2333 1431 571 36 886 1038 361 332 964 878 2578 1256 2217 1065 1070 62 1398 2421 2423 893 2671 2335 1430 1033 2031 681 2629 640 1393 1553 1492 2795 2640 933 500 1754 2520 743 2078 866 2117 1329 1266 2120 865 1399 2428 2798 2267 2570 2539 2083 2568 1053 1521 828 1910 2380 2038 1236 1429 358 698 1132 1588 2090
000152.jpg,2043 2171 2810 650 2666 1603 1541 820 2643 2841 2816 759 1221 1702 1953 285 1188 411 1153 1916 1139 1227 1397 2346 420 582 6 1260 1570 148 1605 922 475 956 1537 468 1696 2768 1882 620 510 807 732 2494 1858 546 335 1080 2230 690 1891 334 2048 181 1083 1738 1768 1697 1502 2152 2179 1602 214 1922 2348 2521 594 2502 1723 1763 953 2203 1400 2620 750 244 2591 1866 1761 2261 375 1487 2678 1726 669 636 1488 2677 1949 2109 466 2706 1471 924 971 2278 2194 1515 1426 1171
000153.jpg,879 352 265 223 46 1816 2132 2168 2460 594 1480 117 1619 1939 2363 2468 2635 557 1366 511 913 969 234 396 1660 1973 1502 23 1324 1184 2820 2481 2030 1421 1291 1615 1815 2648 2013 892 2709 2783 2203 214 1238 2473 669 267 1925 2340 1 2175 1572 1863 2263 1198 20 2179 2623 1659 1591 1702 414 891 220 2791 629 327 2541 2339 1979 1294 924 665 2466 1698 1170 1267 1811 1763 2348 1661 2535 1025 2691 2834 699 2222 127 1446 1539 839 2616 349 1520 582 2494 1982 796 104
000154.jpg,572 2579 395 2504 364 1230 2238 2759 1798 2656 1801 2242 803 374 2040 529 2644 328 1343 1333 766 2149 789 436 962 1786 215 2323 545 989 1971 581 1693 2737 1683 949 310 1213 1394 1900 101 2381 1389 2113 1451 1257 695 737 1178 1106 63 1361 1357 1561 240 1513 1951 2546 1334 2066 589 1161 251 1559 2022 2784 1306 824 132 2114 1883 304 1558 1115 727 2000 2277 1353 1298 1743 2542 714 898 2178 1207 658 596 39 1019 1091 1176 1427 2409 341 2072 483 1087 1198 1180 1137
000155.jpg,2266 2444 1811 226 1863 2548 1 203 687 1520 2740 1509 1803 2776 2749 127 1059 1421 307 879 2709 1807 934 1925 2468 2834 2727 157 472 2473 154 2662 798 2710 2431 1524 2175 1295 537 267 1348 1373 147 1576 557 2460 2198 2187 1355 1030 669 888 1630 342 1167 2635 1619 1072 1629 1375 1025 2063 160 837 573 1291 17 1862 2246 2648 2403 476 2576 1539 385 1618 1238 1549 1377 352 1267 1324 1898 1615 2363 867 2801 551 1575 223 2781 1196 2595 158 1227 438 470 1043 422 2371
000156.jpg,937 535 257 434 1527 1871 883 2196 1946 2377 605 2843 1913 1516 1794 2492 2095 749 1002 2006 1498 774 1131 2609 1142 1094 2087 673 593 1850 610 2299 1800 2788 2549 1966 2331 320 253 94 2341 410 1936 1634 365 1455 855 1040 821 2697 1676 2613 2005 1311 800 2519 336 2290 1424 1731 1309 811 1068 416 664 544 1020 870 1174 908 2417 1894 2219 1133 2243 490 1613 585 294 355 1909 2420 1419 2432 2251 435 1573 881 1079 717 2680 1621 105 1243 1072 2318 678 2730 2456 1670
000157.jpg,1773 983 2190 1743 1971 1693 132 310 2827 1513 95 832 2700 1353 1176 251 1786 1847 1795 1161 596 2547 63 1836 2441 695 1883 1785 2437 2129 1224 1593 1019 1257 1900 576 364 1106 824 2381 789 2745 328 1559 1713 341 1685 1476 1427 1856 1672 2202 766 1116 954 436 1451 1361 88 1300 374 1394 2656 1990 2040 658 182 483 1914 2000 2238 1898 1535 1298 1714 737 803 215 2540 2016 2149 1137 617 1683 1333 1228 1996 545 2113 2759 777 2504 16 581 2737 2784 2579 1346 407 949
000158.jpg,1632 149 2178 586 924 1471 22 2841 63 1171 2567 1019 304 2153 2109 2113 1214 1685 894 1198 2751 1605 37 419 106 2502 1891 2263 96 443 214 851 1785 1315 1232 2572 2079 1228 2351 2546 335 2066 1032 1333 1661 1213 2554 1889 2022 957 1763 2203 2230 844 2535 1659 1570 182 1712 953 189 1161 1760 2128 2571 2705 459 1139 2816 658 2678 744 509 2457 614 594 1953 1513 745 325 2160 510 1115 1927 1487 1637 300 1723 1371 954 333 23 949 1744 1671 761 2737 2348 117 690
000159.jpg,2728 165 1944 2558 1055 725 137 2741 2135 1223 2813 2766 1874 2294 1130 2207 2057 2506 1606 2435 1212 647 494 2683 447 2248 899 1126 2291 1463 1056 1940 2382 2319 2736 2825 1986 146 116 1899 948 692 574 2639 2708 1937 1825 2393 2842 2292 442 1185 2305 329 804 2580 531 1935 657 1841 204 1076 2569 686 2719 1547 1464 2286 482 2499 491 2037 1639 2511 2438 1777 722 1592 1868 1067 1452 79 2041 1134 2051 97 790 2598 2665 682 1897 362 1942 246 1408 2220 1757 598 1725 140
000160.jpg,264 2455 2484 837 2092 2833 1009 1982 2139 299 2797 1925 1735 2269 1159 2844 891 667 1815 2063 1122 2371 403 2576 573 2412 90 17 2731 1887 428 1619 2486 2616 1338 1549 2255 1294 267 1698 600 2266 1863 2223 1446 2607 1622 1291 1238 1571 352 2273 687 1660 2123 867 1994 2811 2215 1 2481 1814 879 2385 2403 2338 2834 1589 2100 349 706 656 2635 741 223 263 2633 1551 1939 2473 2776 195 2094 1824 2356 2717 1520 885 641 226 1594 2710 1609 1862 846 2709 1480 888 642 317
000161.jpg,1305 935 2096 1638 1790 222 1145 599 2218 2446 2512 836 1806 1933 850 666 1504 2071 755 2342 1052 2355 612 141 177 1023 1736 72 1436 2362 2201 2537 2098 586 2691 816 2750 2452 1763 2775 1976 1006 2450 2829 99 1321 2535 2055 1808 396 1474 981 1415 1047 156 325 1090 2168 460 443 897 745 1163 516 164 2122 2642 1903 1085 2722 1717 1598 1599 2500 1404 1308 2747 2274 2679 172 1115 252 2648 1661 166 2083 73 483 1387 2449 1082 2738 320 2260 1688 1155 461 2627 1811 1098
000162.jpg,1112 2616 1618 1615 665 2481 195 1630 2635 1698 2223 2158 1324 46 349 1129 223 638 787 1694 958 892 2584 2801 1270 2372 147 1446 1514 1360 30 1101 1540 1811 2648 2100 2662 1411 810 2138 1258 1095 1520 1167 2595 2271 1355 1071 391 1409 1294 71 2338 961 697 2215 1445 1571 1060 2002 2340 2208 795 2212 234 2466 307 1327 600 642 2460 2727 1572 2246 2213 1 557 2473 1278 573 143 1201 2013 1622 2253 403 1863 271 1892 1803 1684 1653 2781 932 2185 969 1939 2273 912 1135
000163.jpg,1525 1280 2374 150 2623 1758 2263 2807 1371 1083 1205 493 2186 294 1318 1084 1170 1380 2278 636 1536 689 422 2761 2141 1973 1093 1482 1198 1113 2572 905 2514 1659 1279 2030 2324 2327 1575 2222 2330 265 327 106 2247 592 2132 746 2348 1697 474 1184 1661 2473 490 1979 1911 570 1358 2493 228 2168 2203 946 2080 181 516 270 2838 1502 1183 133 1347 1108 2386 214 2740 2791 1960 2442 2718 971 43 2554 1664 624 57 310 2125 1267 1726 582 762 2317 756 2264 1631 117 1820 366
000164.jpg,1863 557 879 2460 2473 2266 127 2175 687 1811 1549 2363 147 1862 2662 2710 1982 2595 2139 2801 1807 349 537 2138 2677 2648 697 1129 2515 2616 352 1630 1440 2246 1324 2635 1539 1242 1295 573 2524 1925 1411 888 1514 958 1421 1519 1615 2104 1122 2189 1619 2833 2844 1828 264 2797 798 1445 1167 1939 2709 932 1446 2584 1520 1355 2212 2213 444 1327 46 1803 2484 867 160 1 2543 991 1294 2444 143 1078 1215 299 226 2198 2385 2529 1373 924 400 1698 2661 223 1684 2614 1291 629
000165.jpg,1889 509 2457 957 844 1515 1702 2351 419 894 1032 2751 2153 2128 5 2554 2725 1602 1632 2404 2168 189 2464 1766 22 1696 2572 2468 2278 2678 1214 1661 388 244 163 2567 106 1927 1171 96 375 609 1953 1637 752 1726 669 498 2060 1061 473 214 2124 1904 1616 1659 171 1802 2115 2643 1326 2612 1139 762 1364 2109 2508 1525 2807 2079 636 1797 2263 2014 1108 1880 2160 2481 2048 42 2476 2562 2503 2705 2448 391 582 2841 744 2473 1426 1336 1596 1744 1939 1217 997 2591 306 1315
000166.jpg,1558 1333 658 898 714 545 1087 1394 1631 1207 2072 63 2277 2022 1213 589 2759 1513 1801 251 2644 1389 2113 2579 1137 1230 1019 529 727 1161 572 1847 2381 395 2149 374 614 2656 803 2066 1427 1306 1883 304 2504 2323 907 962 2784 1798 1175 1343 2242 2178 2222 1693 240 2409 1228 1683 789 485 364 1971 132 1743 2540 1951 2737 1928 1353 1786 1561 1298 949 117 1300 1898 1839 695 1334 853 1257 1785 1661 1773 1979 596 44 2040 2542 2238 2547 1451 1166 2317 824 1685 1304 646
000167.jpg,2609 253 937 1546 1516 1936 1913 1794 2492 257 2006 1800 774 1498 1670 1094 673 410 1966 2341 593 2843 2196 2549 336 1138 749 1731 2788 1174 1645 664 1142 610 535 2087 1850 365 2697 1133 1634 648 288 717 2251 2095 434 1040 435 605 1871 800 855 2364 1946 2219 1455 2243 2417 1573 1079 2730 1005 1379 2299 821 870 2290 1454 2519 2377 1068 1783 1311 1020 1243 2559 678 811 604 544 1581 1894 961 843 2151 881 2746 1309 2005 742 2680 538 1110 248 1527 2613 157 1131 2830
000168.jpg,4 1146 2411 2790 312 1624 221 1407 1545 2817 1102 2832 2528 1405 943 1934 1752 188 2389 1644 1926 59 826 2501 2082 283 2270 1737 817 556 1656 613 987 2300 266 2477 635 1983 1386 626 2574 611 85 2069 2515 1319 547 2367 900 1190 2044 2011 2419 1414 1486 606 1489 1208 463 1202 2544 1181 260 2626 559 2675 2133 712 2397 2424 1552 2084 1710 1627 2840 1878 489 2530 925 996 675 1092 1993 2358 674 2439 2676 795 1369 977 1799 1437 1988 651 2454 445 2312 345 1422 2801
000169.jpg,908 2282 631 2140 1518 1290 813 1554 1017 1331 1384 2660 1614 2796 1058 1301 1673 1567 530 1370 1237 921 2696 1909 984 1742 2064 1981 243 446 1002 2049 2257 2596 2093 662 607 942 1105 451 355 1613 1879 2085 660 869 394 1681 1495 1978 2458 966 1419 487 1396 2519 1604 1404 2392 2600 1100 1906 2262 320 2782 2087 1142 800 855 2306 2005 1705 1676 1119 1155 1625 2243 1454 890 337 852 1020 2697 1991 1174 1271 1739 2543 678 1516 2259 7 2500 2006 1808 1850 1823 2357 2081 1581
000170.jpg,1579 639 841 887 945 2647 1179 2778 1578 1583 2682 9 952 2252 1920 1063 1531 1470 998 2491 2328 930 1354 1769 919 1977 819 1667 1770 1791 748 2729 2459 118 916 1154 1651 2575 2792 567 492 1585 928 114 515 227 1368 778 2488 2723 2042 1657 579 2711 1854 2379 1367 1851 382 2349 517 311 1970 1042 875 982 566 2026 1239 2225 2065 2081 763 1211 2310 910 1209 512 1210 25 2067 923 808 2097 1819 1625 2103 2304 1864 809 1528 381 2416 975 2462 7 513 2550 69 2559
000171.jpg,1353 824 1749 2579 596 789 2784 1304 240 2547 95 1693 132 1476 1513 1161 483 1773 2190 576 1178 63 2317 1847 1883 614 2381 2504 60 1672 1394 310 1361 1743 695 1176 328 16 88 2745 2202 761 1106 2759 2827 251 1300 304 1559 1795 2656 1451 2238 1230 658 545 1996 1087 983 2700 1727 1593 1971 766 44 364 803 2644 1683 2242 1801 2178 374 2441 2149 2113 1999 436 1900 529 2737 1785 1228 1427 1213 1990 215 1898 39 926 949 1786 2114 1019 2040 989 2437 149 2281 1685
000172.jpg,645 2011 2836 1029 1658 1649 1782 1381 2241 2735 440 155 1422 1552 1045 134 445 1544 1993 1840 51 2439 712 1617 319 2076 947 1640 2628 2840 1054 48 674 1636 1444 2088 201 1486 260 562 169 659 900 2826 1307 64 611 1796 735 1948 1663 2837 1208 2352 2050 1679 305 2419 657 1623 2652 1860 1218 769 1328 2046 1586 1569 1319 547 463 2545 2309 1965 497 992 168 194 563 550 2133 2130 1983 559 1416 978 2650 2767 1496 2034 2721 100 965 1096 259 231 188 1148 1386 2815
000173.jpg,1274 1127 1262 455 1039 331 2794 239 655 1503 653 356 1506 1692 726 2396 1378 2765 580 495 326 1024 1875 1011 268 1706 999 113 296 408 31 2091 207 61 2715 1961 225 2232 1275 2025 452 2669 159 464 131 430 1022 1282 643 1612 192 1472 478 1787 1598 290 2280 2531 108 89 200 33 1018 2632 782 2316 654 2173 2017 2236 525 2059 1220 1662 858 1929 1843 209 1026 721 1647 1730 1912 245 346 2061 52 2698 2402 2611 2062 456 389 2398 806 467 1124 2137 2806 628
000174.jpg,2152 1139 1953 2502 1605 2841 2348 941 214 2048 1602 2263 1768 1570 270 1525 2230 2203 84 1726 1221 2572 1866 2677 1198 2498 1004 183 2761 244 2278 2720 1760 181 732 1371 1712 1171 2160 582 2688 335 149 2179 420 971 1214 594 148 1702 844 75 106 1365 2079 2591 40 2109 1397 22 620 2705 1502 1184 2442 182 1596 2197 2503 2141 1949 1083 150 2562 1217 1696 1434 621 924 2768 1283 644 1515 2386 954 1113 2807 1199 1661 1659 690 171 43 1318 2620 1400 2751 2497 2678 2401
000175.jpg,1416 1948 1860 1496 2272 1096 1051 497 64 2721 1316 1586 201 2556 2628 48 2545 1965 155 1381 1569 2815 1362 2713 439 2309 1897 1658 2034 305 562 1636 1782 51 2352 715 2241 1218 1757 1796 100 2433 1490 1453 1544 137 1649 2135 1840 2836 194 1054 1606 747 1640 1623 645 1212 1901 1029 440 204 2376 116 2046 2735 2650 79 1067 1444 1617 2439 1045 1679 2741 1993 1663 168 2011 947 1422 899 992 1944 1261 712 1547 2665 1328 231 2842 246 169 889 2686 123 2387 1747 611 134
000176.jpg,2550 2754 1507 1646 2019 1691 1669 575 1104 2080 2383 863 339 1244 2176 2395 1523 2586 1016 2136 441 1147 1482 2254 107 584 2641 1611 2604 834 397 2695 1177 1450 1014 55 2630 775 2414 794 357 1805 373 2820 393 2555 2326 2347 1277 2297 845 457 2802 1748 379 1372 469 1114 728 2234 2192 2345 1324 702 2780 187 830 2058 2247 1832 848 102 2036 2518 1120 1459 1073 1678 2503 693 2360 2159 2368 736 2447 1821 1608 2324 32 284 931 2605 1192 2013 688 1734 1235 1846 2624 279
000177.jpg,63 2149 2656 182 1333 1785 545 1743 2542 251 1928 1693 1334 2409 1558 1019 1228 1257 374 1166 1306 1298 1971 1427 1394 1883 2381 1951 2759 485 1513 1343 2737 310 2540 898 1847 1786 1685 727 1798 2016 962 954 364 1230 589 1161 1137 1561 617 614 2000 2546 789 2700 576 1773 803 132 2323 658 1300 695 1353 1176 2504 1175 1434 1087 1631 2113 1451 646 1106 596 529 1361 1213 395 2072 2827 101 95 1389 1559 1115 436 2022 1683 714 2112 1801 215 2644 1990 824 2579 2547 1224
000178.jpg,535 1527 257 2377 2196 937 434 1871 605 1498 2843 2613 94 1419 1800 1913 1424 2549 392 1142 2006 2492 1946 855 610 410 774 1311 1094 1850 1131 2095 749 253 1516 1966 336 365 1455 2331 1040 593 2087 2005 1731 673 2519 800 1634 2299 301 1133 1020 2788 2341 1936 1309 2697 1794 870 2290 2243 1174 2417 821 717 519 1645 648 1992 1079 1068 435 544 678 2102 1002 2680 773 1138 2560 1894 2830 1573 811 1385 2763 2251 2609 1670 2219 1581 883 1779 881 248 908 1007 355 2364
000179.jpg,2785 2441 1856 2413 2827 2615 983 2111 558 1914 1093 135 1448 2190 2745 2295 1996 540 1945 184 1898 1535 1804 310 1728 777 967 1265 2202 1631 1091 1231 2756 695 132 520 16 754 1469 1476 230 1683 1176 407 2354 1383 949 832 213 1269 1743 2242 88 596 766 2472 1689 2129 1999 328 1478 2281 95 2823 240 739 1312 2566 2784 2430 2547 44 1846 291 80 2638 1296 2408 1867 1719 853 2024 757 1224 1593 341 926 232 426 2737 293 2016 376 1346 592 1847 1984 1304 2523 789
000180.jpg,1960 1205 2572 23 327 1198 1371 1113 2030 1866 1365 2203 2197 214 509 815 1661 1687 1659 2263 167 2162 2348 2160 785 844 856 1084 275 592 1616 2457 1080 2623 2303 690 1013 2726 2494 2791 2056 333 1061 2503 20 1144 2448 2705 1064 117 205 2831 2351 851 1171 594 2522 106 1744 1315 1184 2374 182 510 1907 1488 2401 2554 1217 171 2751 1139 2115 2141 796 183 894 1336 1927 104 1556 454 2116 1987 2820 1726 1283 1525 1502 1400 2678 2608 1602 1108 1605 621 1364 762 2324 1632
000181.jpg,63 1394 545 2277 761 1019 1801 2317 1898 2000 1161 1093 614 1631 1353 658 1683 949 1230 2113 1091 2759 1513 1300 328 1685 44 1228 2114 727 783 1389 581 1785 1451 2644 529 1333 1087 2579 2441 2242 1693 1106 2546 1996 596 16 374 926 95 341 2737 1786 2072 1207 576 853 304 1213 1914 540 1559 1773 2178 2422 824 1115 1847 1137 310 2827 483 803 1343 1558 1883 2190 1561 132 1224 1361 407 251 589 572 2111 395 1447 989 907 1971 766 1900 2238 2381 789 737 2022 2066
000182.jpg,483 1161 2784 1353 240 789 1513 1883 1847 304 2579 63 2546 1300 1773 2113 1228 2178 1785 1394 2504 1213 614 1115 1801 1693 2759 545 596 1230 1685 1106 2066 95 2317 251 1749 1672 1019 1361 1389 658 328 824 1898 1087 2437 1559 1178 962 2381 2700 761 576 374 2277 310 1593 1971 1304 529 646 1743 1990 1427 1451 101 1333 2644 1683 1795 2238 149 2000 395 1137 132 2409 1786 364 2656 2054 803 2149 766 1951 215 436 2323 572 1306 2547 182 2827 1804 44 695 727 16 1798
000183.jpg,429 142 802 868 176 2668 555 554 1890 417 1562 1492 2029 2227 427 1256 2786 1888 2743 21 1686 432 1033 597 979 878 302 1418 340 1431 36 332 289 886 2415 78 2333 2108 292 2384 2217 361 199 62 2078 1398 2451 1393 733 2423 1430 1065 866 1053 681 1553 1588 893 640 1699 2629 536 2539 1038 2640 2117 571 1429 1132 964 743 2520 2578 2428 121 901 2798 933 1793 2031 2421 1374 2120 1266 2568 828 1070 500 2671 2795 377 193 988 2083 2570 1952 680 672 1886 2038
000184.jpg,2813 722 2305 1547 79 2286 2665 1134 1076 246 2382 2511 1935 1463 1067 1464 1937 2393 2068 2248 1639 137 2736 2766 2041 686 1868 2294 1185 1126 116 2292 948 165 2598 1452 140 2825 2319 1055 2842 692 1130 1223 491 804 447 1777 2728 2135 442 2558 329 97 2436 1212 1056 2438 146 725 2741 677 682 2569 1944 2708 2683 1592 790 899 2435 494 2719 2440 2580 1841 705 1677 2207 2365 1771 1940 1942 2037 1721 1874 1825 2639 271 204 2370 2057 647 1962 2506 217 1408 1899 2445 1606
000185.jpg,749 1142 2788 2549 673 2290 2196 593 774 2843 1498 800 2251 2299 2005 2492 717 2519 1966 1094 855 1243 678 1174 2364 435 336 610 1309 1379 2151 1634 2746 1850 2243 1913 365 1005 1936 2730 1794 1424 1020 2697 2006 2417 1573 2830 410 937 821 257 1040 1131 2087 1946 2560 1581 1133 1068 94 253 605 1311 730 338 1516 1455 870 2341 648 434 881 1968 1466 1783 535 2680 544 1871 2613 1138 112 1731 1079 2609 1511 2377 1442 248 1546 2516 1110 1800 2219 1670 392 2559 538 2618
000186.jpg,1810 67 2509 202 1406 1012 249 1001 2583 627 2121 1075 1944 2350 899 137 1212 1606 2842 116 1055 2813 2135 165 2294 2558 404 2728 804 2207 2248 1609 2825 1869 2382 1937 725 1056 378 2741 1223 1935 1195 447 1076 329 2736 1557 2435 2569 2809 2057 1897 1594 1464 1841 2766 1639 2683 2020 2748 204 948 2329 686 2286 1757 2418 1156 1547 1126 1874 1463 2220 2598 2033 1130 1441 2622 97 1088 647 1986 145 2068 2291 882 371 2393 1590 321 93 2438 2511 359 2805 876 2719 730 1390
000187.jpg,2716 120 2789 2191 1955 1099 849 507 2552 2681 2565 2265 235 890 220 2597 367 2306 561 1135 1991 2610 1003 1885 2237 1543 1873 2822 1240 2144 553 1500 2052 2773 1823 2819 2527 1111 2500 1941 261 587 53 1314 68 2592 2181 699 2365 290 2343 209 1650 449 238 2105 200 326 633 1974 740 2698 653 2715 1917 162 1332 602 314 356 412 771 799 1730 175 1164 2594 1010 1774 456 2479 1441 1929 1852 580 523 1692 2316 296 2173 1109 1274 159 216 2177 1912 495 968 504 1187
000188.jpg,2792 567 1791 118 919 1354 998 2711 2778 952 930 2328 1531 1769 945 639 887 2682 1977 975 2491 1854 819 1579 2065 1583 1179 1470 7 778 2252 2647 1920 2793 841 1578 382 928 1770 1368 1851 1970 517 1211 923 1667 916 808 1063 151 1651 2459 2304 875 9 2042 227 748 1367 2379 114 1657 1585 2729 311 2723 515 2349 1271 1210 2488 25 982 2225 2575 763 579 2081 1154 492 1625 1209 2361 1239 513 1819 1546 2416 2097 1864 566 381 809 2618 528 2559 2658 512 2310 1528
000189.jpg,1671 2268 1763 8 2168 1090 1703 2216 459 2831 1363 2706 1315 325 1288 2197 922 1844 2705 2727 2079 2083 1456 2425 2313 37 565 307 661 894 2823 785 309 521 2167 2535 2522 506 122 745 171 236 1217 2816 2160 333 2401 2760 2571 2468 2476 600 1712 1286 2608 1284 761 669 856 2612 205 2109 1760 2617 2403 594 285 690 1336 448 2486 1524 2755 2239 1188 1904 1610 2709 127 829 827 2473 1797 2503 1338 468 541 2153 2194 1318 1698 123 83 1549 1200 920 959 335 2643 1300
000190.jpg,1663 1328 712 1649 1054 1782 1444 1623 947 1679 2836 1045 1381 1544 440 1658 169 2241 645 2011 2050 2837 1422 735 1617 2130 2767 445 1029 2439 155 2707 51 1796 1993 1369 2628 1552 305 1840 2826 1218 134 900 2454 260 562 925 2721 1486 48 715 1307 2735 64 2076 563 2545 179 2649 463 1569 2840 550 1640 1416 1860 201 2046 674 2034 992 1586 2652 319 100 1437 2352 547 2713 348 497 1417 1208 1405 1261 1948 611 559 2133 1934 1489 1710 518 1636 168 2817 194 2650 2433
000191.jpg,2545 2034 2433 1796 2721 1569 100 64 48 305 715 1453 2713 562 51 2556 155 1490 2309 201 2272 2376 1316 439 1860 645 1901 1051 260 1640 1496 1658 1381 168 712 2241 1948 1782 1840 2011 1056 2088 1486 563 1416 2050 2046 1965 440 1636 900 1544 2708 2815 1586 659 2650 204 1944 2435 2826 1899 2389 992 2248 547 1029 1045 647 1218 497 2755 925 2207 2419 2439 134 1369 2628 1319 1545 59 611 1386 2813 1096 2438 2649 747 188 2027 1584 348 1617 657 2836 2130 735 1046 1328
000192.jpg,2269 2797 867 879 264 1480 1366 2092 2455 352 2484 2473 1122 837 2607 2371 1539 2139 1660 1816 2844 2266 2833 1982 1925 2576 396 1242 2255 2094 17 1009 573 1698 2223 414 317 1520 814 2633 1571 1844 1 1421 300 299 2403 1619 891 2823 115 2554 2486 2175 2661 2073 2063 1286 2811 1880 894 667 1987 307 1057 827 419 281 969 400 428 1349 127 551 565 557 1449 342 2677 685 687 1291 1549 688 2709 815 96 1101 444 2100 541 1446 226 1863 2213 920 1815 2727 2460 147
000193.jpg,1315 1336 1013 2079 2160 2401 894 2612 96 333 2831 2571 1217 2705 419 762 1907 1632 2554 861 2591 2216 2153 300 2567 309 856 1763 1797 335 924 1363 1661 2197 1703 2573 1365 2522 1927 1019 1032 785 1471 2109 1318 63 1171 181 644 2230 2562 2141 171 661 1288 1108 106 1064 2751 761 2168 147 2425 2720 2643 1364 189 1760 2386 506 636 1749 1960 1487 2442 1090 2116 2841 2678 1251 1702 42 2476 2313 22 1712 953 732 2726 2317 2056 1605 1904 2030 2222 2807 1283 596 620 149
000194.jpg,2777 1125 1753 2077 70 2772 2478 2561 1842 18 1834 2015 1759 2757 1252 601 1035 431 1557 951 2510 1390 2818 2622 2663 1186 2 1839 315 1323 990 688 578 1235 522 297 2302 1165 1391 103 2624 2323 2314 2546 1333 502 1821 1115 1443 2178 395 2022 1413 646 1166 126 1114 2113 304 1845 1389 572 2644 2759 1801 529 2161 2471 1213 767 250 2601 2324 1798 1720 2686 2409 2066 931 63 658 962 684 2277 374 1908 1928 1767 215 898 1608 1019 364 768 1427 426 436 1394 2504 359
000195.jpg,751 469 1014 2036 1357 1601 39 379 917 2281 32 920 541 2493 83 2073 1180 2033 87 88 1950 590 1476 1693 902 2239 1943 1459 2202 1841 2699 1130 1836 187 2288 2114 926 132 2383 1538 2247 1846 1192 230 397 1748 1996 55 75 2605 1818 1176 1905 2745 1116 564 845 993 441 1713 789 824 1353 2695 2345 310 1743 2641 362 581 364 1773 576 818 1727 1919 940 2506 1685 198 1019 2190 1482 2489 2579 1194 2656 215 725 1593 2016 2240 762 2563 2111 436 2495 1467 2787 1786
000196.jpg,2305 79 722 2286 2665 1067 1547 1452 2813 2766 686 1055 1076 2068 1463 137 1935 1212 2511 1868 140 2135 1134 246 2248 2580 2741 2294 2382 1777 2842 2736 1185 1937 1126 1944 165 116 1464 1223 2319 2393 1639 899 2041 2825 97 2292 204 1130 2728 146 2598 692 442 948 329 804 2435 2558 494 1899 1056 725 2436 447 677 1771 2037 2708 1940 790 1677 1606 2291 491 657 2057 28 2625 2719 1986 2683 1874 2440 1037 574 705 1300 1825 1962 2438 1942 271 2639 2506 1841 1408 858 2207
000197.jpg,1649 2011 1444 1054 2836 1381 645 947 1663 1679 1782 1623 2707 1544 1658 1029 169 1328 1045 2241 2837 712 2628 2767 445 1422 2050 440 1617 2439 735 2840 2352 1993 2735 2130 51 201 134 463 155 194 1552 769 59 2826 1640 900 2133 1860 1636 1218 674 260 1840 992 2046 1586 1486 197 1437 2815 2713 319 1752 563 550 1796 1307 1208 497 1948 2545 1496 2309 965 1757 562 1416 305 1545 179 1253 2650 48 64 489 1146 1261 2389 168 2088 2272 2287 2433 1710 2312 611 2649 1569
000198.jpg,2043 2810 2666 2171 1763 922 2816 650 1524 2216 285 2643 1603 1090 411 1891 1702 759 924 1221 1227 2841 2079 468 335 594 820 2168 6 2468 1188 1723 1904 2526 939 2346 1605 732 2425 1703 2230 1541 690 2507 1807 1677 1295 1916 1456 2466 620 997 2591 181 2160 1797 2278 1811 1315 1570 510 475 1931 2167 1056 1324 2220 1953 1502 1487 1421 2625 582 2179 325 220 1697 42 2494 1471 745 2704 334 1882 2261 546 1260 223 1629 1671 1232 785 2109 2705 1217 2535 724 2678 2751 1240
000199.jpg,2402 1039 1024 471 721 1127 1438 643 655 2053 1972 1598 331 580 2398 1274 326 525 1505 113 430 753 1282 1647 858 1124 1662 478 2236 653 2531 1140 2611 1293 654 27 2765 89 1008 1097 159 1787 245 2061 455 1262 2285 625 1921 1692 452 2406 1843 131 408 49 356 31 1506 2407 1503 2698 390 1435 1967 999 2396 2091 296 1317 1011 936 108 1273 1648 1780 1875 1220 1026 1475 2017 679 1143 1941 2301 268 1635 209 2316 239 2280 1961 1756 1918 1472 2164 805 2311 1275 495
000200.jpg,1306 962 1798 898 485 1951 1175 529 714 251 2000 1883 1558 2409 2072 1333 589 1230 2644 1561 395 2149 1394 2656 2759 2323 1928 572 1207 646 1451 1334 374 1361 2504 803 1166 658 1213 789 1137 727 1427 1971 2540 1786 2054 1106 2113 1300 1087 1801 545 1559 2381 1257 1353 614 2784 695 293 1743 1389 2242 1693 364 2040 2066 63 2022 2579 1683 1115 1343 240 1298 2277 304 101 1161 2542 2546 310 1513 1847 132 436 483 2238 2178 617 989 1898 2787 895 1900 1176 2827 426 1535
000201.jpg,1054 1649 1444 2836 1623 1663 947 1782 1381 1679 645 1328 169 440 1544 2241 1658 1045 2628 1422 2837 2767 2011 1029 1617 2707 712 735 2050 155 445 2439 1860 2735 134 1993 51 201 674 319 2130 1796 1840 2076 900 2352 1636 1486 562 1586 64 2826 1307 992 497 48 2046 1948 2545 1552 965 2713 305 1218 1437 260 194 769 2133 1148 1416 1208 2840 2721 1640 1496 563 715 1775 2815 2272 2652 1569 1757 2287 59 463 2556 611 978 2034 2309 550 659 1710 906 1319 489 1261 1051
000202.jpg,2266 687 226 203 1524 1520 1629 127 1295 1863 2740 267 669 2548 2473 1421 2175 2662 1811 798 1 1807 888 1059 1803 2635 2187 2468 2215 814 2710 1735 1227 307 1238 1291 1615 991 879 573 2063 2486 17 2403 1373 476 2834 837 1509 342 472 2431 2094 2371 1167 223 891 2731 641 2797 1925 2399 1025 422 2776 147 1862 428 1702 2223 1196 352 1324 234 1355 2255 150 842 2616 2385 160 1540 2727 1260 1619 1618 2576 2771 1697 1078 2515 1088 1267 537 2648 2138 2749 1009 1589 2460
000203.jpg,2623 2167 459 546 2268 2468 2263 1697 2791 181 298 275 1866 285 2203 732 620 1884 2572 1911 23 1285 448 1080 922 1702 1763 6 2030 1084 690 759 2168 2643 2197 1205 1318 1502 2706 510 973 2348 1221 1198 117 2494 2727 2678 1570 661 1184 2179 1456 1797 2705 1882 1380 2194 2043 820 980 2823 594 1090 1083 669 636 1284 2521 582 474 2118 398 1537 1260 879 1541 307 37 1458 1536 2425 1200 1015 796 1267 2313 229 1610 2807 907 1170 214 20 1144 2608 829 327 236 1973
000204.jpg,1860 2713 1496 2272 1316 64 2545 2309 1948 2556 1416 1051 201 2433 1569 2034 2628 1965 2721 1757 48 1362 2815 2352 1636 2241 497 1218 155 1606 439 1381 1897 137 1096 2135 1453 100 305 1658 2376 1586 1490 562 204 51 1212 899 715 1782 1796 1840 1901 116 2741 1544 194 747 2842 1640 645 1054 2836 889 1944 2686 1623 1261 440 1328 1067 1649 947 123 2011 2825 2650 1679 1444 1663 1547 246 494 882 725 1045 712 79 2248 1029 1986 2511 1255 2665 447 2121 2708 2046 1422 2439
000205.jpg,2545 2034 1569 2433 1453 2721 100 2713 64 305 2556 562 1490 2272 715 51 155 1796 48 645 1316 1901 204 2309 1381 1658 2376 1496 2650 1640 1860 1948 1782 439 168 2213 2842 2352 1056 1965 2241 712 2708 1586 2088 59 900 497 260 1416 2011 547 1218 1544 1944 137 1986 1636 1547 947 1584 2726 2435 1328 1757 201 2001 440 2027 747 2046 1623 725 1744 448 2815 2511 2836 1082 1444 2109 1486 2036 2135 932 1840 1645 1606 306 2222 1899 1841 116 2707 1045 1046 2162 899 1051 924
000206.jpg,1638 2071 629 2677 1858 281 957 2823 115 468 2648 1260 1865 1227 1305 1095 1188 229 2801 1308 755 1949 1006 1790 2535 2627 2515 2168 1082 2261 2508 1598 320 1153 396 1090 1537 1763 1145 1761 2318 582 2306 2260 1939 163 1349 1702 1676 586 2194 1995 1164 1953 1852 1933 2372 1221 1696 981 1889 2175 411 2688 1052 1610 941 1682 2048 858 325 244 99 1409 752 922 177 391 2473 1478 2562 2595 1240 2674 2452 388 2449 594 1015 1768 2500 1637 459 162 1560 745 2278 443 2355 2472
000207.jpg,582 546 2643 285 807 1260 1221 820 1696 1702 1541 6 636 732 1080 2048 2261 2194 2494 1768 1603 2823 1083 1616 1227 759 244 1726 2263 1502 2203 1591 922 98 2115 1922 181 2179 594 2678 423 620 300 1763 1687 1400 2303 2761 690 510 1198 1188 1462 196 23 396 2620 2791 1536 2666 1637 327 281 1973 1802 466 1880 104 1858 2313 2132 40 1488 2677 1537 1205 1199 2474 2810 2359 163 815 2571 117 1397 468 481 1738 1987 2841 1456 1761 650 1184 1153 2128 2476 2278 2503 1979
000208.jpg,576 1743 251 95 1513 1300 1847 63 1394 1883 1161 310 2277 2700 291 1801 1990 44 1672 789 596 483 1427 1773 2149 1334 1333 1558 1447 2547 1535 2656 2827 1631 2759 1483 1019 2441 1785 1343 545 1749 2409 1353 529 376 1693 16 614 374 2000 1224 983 1928 898 1166 832 2579 2737 240 1593 1137 2504 1798 328 1103 1561 182 2437 1914 2381 2542 1469 2540 2190 499 1087 803 1298 485 2238 824 895 132 2323 2317 2112 465 658 1176 714 954 2784 962 1389 1685 2016 364 1795 695
000209.jpg,2224 792 739 1774 1236 1477 1555 2428 2280 2226 1852 2380 540 27 1804 2814 2430 2640 293 2413 2143 1149 24 853 2809 426 2742 2648 2320 1265 2295 2267 2756 91 135 1598 414 858 1597 1166 967 1928 2629 314 2031 1746 763 974 895 2539 1349 213 2235 646 1886 679 1590 707 1070 2533 1728 2173 1546 2212 1327 1631 1435 1168 538 120 1299 1197 754 316 961 1087 2408 344 1505 1741 558 1448 2615 2221 76 696 1473 354 1553 2335 2078 1429 2370 1557 1918 1356 671 1137 1924 2054
000210.jpg,2501 1934 2528 1644 2411 188 2044 712 1405 1656 312 2817 556 987 611 2832 547 1102 2011 1319 943 1782 2241 1381 1422 2439 659 1386 155 2790 221 1617 1045 305 85 134 1658 2836 1983 445 900 1544 1624 2419 1993 562 260 51 635 1486 992 817 1369 1796 925 645 2574 2082 1552 947 1752 2545 463 2046 2454 1029 2270 1092 1328 440 1545 2826 1054 2050 1649 1901 2034 1146 559 1046 4 48 1878 2433 1407 1663 1586 259 1679 674 1840 2840 64 1208 626 169 1623 518 826 563
000211.jpg,2765 1568 2053 129 1730 501 1715 1037 467 1140 580 314 1062 390 1124 2232 2236 838 786 120 1912 2806 1378 1024 2681 1662 780 295 1755 1475 326 2465 2505 2396 1465 2173 1921 456 1831 363 2017 478 1932 1929 1317 2301 2698 799 1655 1635 1008 1297 484 1395 1967 452 209 2244 840 1648 1050 1273 89 1039 1026 125 758 159 2059 1022 2687 389 602 1332 1011 1787 1187 2531 1143 356 927 2285 296 1281 2052 1262 49 131 1021 2406 1503 2470 805 1789 2429 2821 2565 2407 1216 268
000212.jpg,1889 957 1702 2278 1696 1602 752 1953 2807 2404 2351 2457 636 2725 509 1766 2168 22 1139 244 582 1214 2128 2464 1637 2115 1032 2823 844 609 1515 2751 2503 214 1632 2169 2841 1171 744 2153 894 419 2048 1661 1318 2230 2109 2572 1188 181 2643 1726 2468 189 1616 1525 2591 2448 1802 2554 163 1904 669 1326 498 1768 1927 335 2079 42 375 2567 2263 106 2473 1090 2160 1659 620 2508 1221 388 924 1217 1596 586 1093 473 1061 1536 1083 2639 732 391 1227 96 1671 759 2348 1763
000213.jpg,879 46 969 2541 1619 1514 2677 2215 1291 2460 349 372 2158 414 2363 892 1238 557 1446 2473 1863 669 2226 2631 334 2801 2213 267 2548 2635 750 1502 2340 2740 2150 265 1925 562 2844 223 1 1324 1108 2198 264 837 1684 933 422 1095 2727 234 1537 305 932 2168 629 1294 2013 1973 2468 342 551 1520 1366 2616 1862 1947 1059 2132 244 1129 582 270 281 2298 2529 2223 298 1009 2128 396 214 2266 2481 2339 1411 352 2088 2524 1283 2797 1615 511 2662 665 459 842 143 375
000214.jpg,1262 1024 2232 455 464 1503 1706 296 1662 2059 838 1274 209 408 1568 2396 1039 356 799 2173 2765 726 2025 1282 2794 1127 2531 225 314 653 61 2236 1275 2053 806 268 1506 1124 2698 131 390 113 1715 207 52 1967 295 840 2017 484 2429 49 999 290 1787 239 2301 2091 1475 2470 2669 1378 1472 1635 1612 363 1929 1932 2280 383 346 1140 326 580 1273 1781 389 2693 654 471 1875 1050 1918 1438 1008 786 495 418 525 2806 1655 331 89 478 2715 534 139 245 1505 758
000215.jpg,1525 1280 2263 2807 2374 2623 1318 1371 2278 150 636 1170 1536 1205 2572 1973 592 1659 1083 1198 1084 294 265 2761 327 2132 1093 1726 2030 2247 1768 2222 490 1758 1113 1661 1802 905 2048 2348 106 2111 2678 2141 1960 2473 270 2324 2386 2317 2186 42 2203 2264 762 214 2168 543 2493 1184 1697 310 422 1693 2718 2734 1108 1380 1347 474 2442 1953 1702 1077 2554 1482 300 582 1139 2791 971 1602 1631 181 2109 1502 1696 949 746 323 2827 493 946 40 2116 2740 2303 1846 2737 117
000216.jpg,702 1830 848 1908 931 1107 903 835 1310 284 2471 1114 1512 2601 1845 768 1340 1720 1821 1254 250 2624 65 1608 502 578 1767 1235 990 126 688 1975 103 2276 297 1323 2388 1413 1391 1186 684 2314 2036 1922 2605 1557 2620 522 1014 2347 398 2080 1372 379 2345 1450 1691 1458 2503 690 2016 1397 1832 2386 1748 423 400 1113 1192 1601 2630 1570 315 2622 2020 2297 693 2754 2661 420 1646 2326 767 2768 1759 1687 469 851 2395 1768 575 1125 2315 1459 1104 2324 2571 309 10 1523
000217.jpg,714 2540 2072 1558 898 1306 2409 1207 1427 485 589 1166 1137 1175 1928 1951 1798 251 1333 2149 426 2323 1087 727 1597 1298 658 293 2656 1334 962 374 2759 789 2143 895 646 1257 803 24 1361 529 2320 1513 395 93 1590 2644 2504 2430 634 1847 614 2054 1149 1230 1883 2016 2324 1343 1971 364 1451 1786 1743 572 1434 2381 2040 853 2542 1213 1161 101 240 310 2022 2242 695 436 545 1900 1394 182 2784 2787 1389 215 2024 1773 1683 1693 540 2113 2112 1535 954 1106 1689 2579
000218.jpg,2382 2813 1464 1937 1076 2598 1223 2248 2286 1639 2294 804 2393 2292 2436 79 948 1874 2305 2319 1130 329 116 2683 2068 1547 2708 2438 491 722 692 1777 1185 1452 1126 2511 686 2665 2639 1757 682 2569 137 2037 647 2736 217 1962 2506 1868 2435 1998 2842 1841 1771 1935 2291 2150 1463 790 442 1212 1067 508 165 1592 140 974 2427 2135 2741 1986 274 2445 1712 2057 994 368 526 146 482 2580 1013 246 882 1725 2499 1134 2041 1940 594 677 362 2719 444 447 2625 2728 894 1677
000219.jpg,557 1863 879 2460 2363 127 1862 2635 1081 2662 2198 2710 5 349 1514 798 2801 147 2614 1925 1807 1295 669 400 583 223 2738 697 2175 2266 2661 1509 1519 2595 2517 1811 1242 1615 2473 1828 2212 391 827 46 2740 1327 1432 2444 306 2835 1698 1446 1095 2709 537 1267 2340 1358 1619 1291 2327 842 2187 1324 30 888 2168 1549 961 2844 2648 2138 1345 1238 1575 1763 405 448 352 2820 2524 1129 1803 538 2456 865 2468 1373 892 422 2616 1516 2691 2215 2223 632 1571 1272 143 1859
000220.jpg,887 639 1470 2647 2328 1531 1579 945 1791 2778 2491 1179 819 952 1354 919 841 2792 9 1578 1769 1770 567 1977 2682 930 118 1667 114 1920 748 1854 1368 515 2459 1585 2711 998 2488 1063 2575 2252 1154 492 916 1367 1651 1583 1851 579 2723 2065 1239 311 778 382 928 227 2042 923 808 2349 2729 2304 1211 763 875 2379 517 1042 1210 566 1209 381 1657 1970 975 7 1528 982 25 910 2097 2225 2081 2559 2618 2310 1546 69 151 2026 512 809 2416 1864 1566 1819 2793 1625
000221.jpg,2152 1139 244 1515 844 2502 1570 1953 1198 1768 1605 2048 183 2263 1696 1214 2203 2457 1113 1171 2677 509 941 1602 1866 420 22 2503 1616 2761 270 2109 2572 214 690 1397 1726 2115 1702 2448 2348 609 2688 117 84 1949 1502 148 23 594 2751 815 1371 150 106 1205 2841 732 2278 2494 1426 2498 1365 1922 1537 957 2768 2620 2141 1221 629 181 620 2386 2442 104 2160 582 1525 2197 1632 5 1596 466 762 387 1199 2153 2079 2464 2678 2030 1083 1217 644 375 300 1659 971 1987
000222.jpg,879 1366 969 352 557 1816 1480 1539 2175 127 685 2473 2460 2104 117 273 20 1059 1520 1863 1619 46 1660 2635 2710 2268 1025 2524 2138 2791 2013 2363 167 147 414 454 1 1291 396 2797 551 1698 143 234 2213 2554 1939 2094 1514 1684 2132 223 1421 267 1242 991 1238 1295 307 1167 2481 1456 1286 2709 511 205 1982 1122 1355 1811 1803 810 298 2529 638 30 2139 1925 1502 1807 1324 2223 2222 400 2616 697 2179 594 1744 2468 573 1284 2726 2298 2541 1824 1556 814 96 2661
000223.jpg,2113 63 1019 1333 1115 1389 1213 2022 1300 1951 2546 2178 1513 2066 2656 1353 2149 1685 1161 1883 1175 310 1743 1693 304 545 658 2409 2579 374 1306 614 589 251 1558 727 789 1785 1773 1847 2000 485 1230 2504 803 2784 2759 1971 1427 1798 898 364 483 1786 962 572 1228 2542 1683 1561 2242 1106 1672 1559 240 2540 1178 132 2238 2381 1928 1334 2827 182 2072 596 695 949 714 328 1343 954 2644 581 2737 215 2054 529 1257 436 1361 1207 1394 395 95 646 1451 1176 1087 1137
000224.jpg,1588 1132 536 1431 36 332 569 988 1393 121 1910 1418 1686 2384 193 733 2029 1268 979 429 1033 1337 1065 340 2743 176 417 2090 2668 2786 1249 866 597 555 2227 1562 21 680 2333 2083 2520 2117 2795 2451 199 1266 2570 1398 361 289 2108 1038 828 2578 142 1888 302 1890 1430 432 802 78 886 554 571 865 2640 2839 1329 932 2078 893 1793 640 878 1668 1374 1553 292 2602 2335 933 1952 698 62 2210 1053 1492 377 2808 868 2828 1272 13 2671 1256 1049 1699 672 2798
000225.jpg,961 2138 352 573 2473 1242 223 665 2709 2635 1338 1101 2481 537 2460 1294 1615 317 391 2648 2338 600 2486 2100 17 2781 2616 2614 1994 1349 2455 1446 1539 969 2524 1159 557 1540 2661 1622 414 2811 2168 1964 2208 403 2212 349 2104 2175 1327 2783 400 1618 827 1816 2631 1258 2340 892 591 90 1939 1619 1200 2246 879 1009 1270 1112 1698 1815 1060 2515 2797 127 642 2755 2226 1480 616 46 2273 2065 267 220 1 1238 1049 2063 1409 709 1763 41 2363 924 891 1863 1291 147
000226.jpg,1161 1300 1019 63 1513 1847 1389 240 658 2784 2579 2113 483 251 1213 16 1558 2277 898 1333 614 1883 1693 589 1353 310 1394 1743 789 44 304 596 1087 95 1427 727 2504 2178 2000 2759 1749 576 2066 1631 2022 714 1228 1898 1801 545 1469 1672 1178 291 376 1773 2317 1447 132 2409 328 1804 2656 2072 1137 1483 695 2827 1683 1175 2546 1230 761 803 1951 2238 2242 2149 1451 1593 1306 364 983 529 2547 572 2190 2054 766 485 2644 2381 1990 1207 1115 374 949 1176 1304 1798
000227.jpg,2623 1525 1280 150 2263 2807 1318 1371 2278 181 1170 2141 2030 592 1205 620 1084 270 1093 2791 2132 636 294 2473 2374 1973 2572 2168 2048 1198 1184 2186 1108 1083 106 2761 196 1536 2203 2348 861 1625 1702 2493 2678 752 2442 2179 1960 1726 75 1013 1502 1283 310 265 2468 1758 2554 117 327 1744 1661 1336 1090 2116 2823 661 214 2247 2726 1659 1365 1183 543 1697 2838 1004 1911 2718 422 1866 2160 894 285 1768 732 586 2162 1685 669 2317 1763 1315 182 1251 104 510 724 762
000228.jpg,213 520 853 558 1945 232 2566 783 1093 540 1631 19 2408 1228 1847 1434 1269 182 2112 707 949 63 135 1019 2354 424 2413 1785 1898 304 2178 1889 1712 1513 1265 1004 426 1394 2024 757 1343 132 1760 2143 695 545 149 2737 1161 634 2111 2430 499 1087 614 658 2827 80 1773 1804 2464 954 2295 1999 1298 2725 940 24 2113 739 1103 844 1685 2615 1333 1448 1849 1867 2048 1529 1137 1722 2351 2022 761 1296 1637 1469 1515 1383 1176 967 1693 2016 1213 1671 983 596 1427 2654
000229.jpg,1125 1753 2777 2077 70 1834 2772 18 2478 2561 1842 2015 1759 2757 1252 2510 601 1557 2622 951 431 2663 2818 315 1035 2 1390 1186 1165 1443 1839 2302 990 2323 1391 688 2314 767 522 1235 2644 2624 529 646 395 1798 578 1323 2759 2686 1166 2409 1833 1333 572 1938 426 502 962 1427 1394 2685 251 1306 1928 297 1413 898 191 1230 126 658 2040 374 1951 1767 215 2242 436 714 485 2667 2315 2504 889 2546 2054 103 1389 1980 1747 1801 727 364 1175 2320 277 101 1115 2471
000230.jpg,1453 2545 1490 2433 1569 2034 2309 64 2713 1901 100 1496 2376 2556 1860 155 1316 2272 2721 204 715 1796 562 1636 201 48 1965 305 439 1381 1948 2842 137 1586 645 2213 1658 2241 497 2352 1944 747 659 2135 51 79 2815 1640 1782 1986 2001 687 2068 2708 134 1840 168 1056 1362 1606 725 2836 1067 899 116 900 563 440 992 1841 1416 59 2109 1547 2036 2826 2046 932 1486 1897 260 1046 2650 2511 2766 493 486 1051 246 231 1218 1212 1544 1757 2337 547 674 947 1444 2088
000231.jpg,2037 1088 1998 2507 1904 2622 1557 2625 2150 1390 1677 994 1771 2661 1892 827 274 2757 205 997 526 608 2809 2535 1511 2027 745 400 1774 531 1165 1616 594 591 46 688 1969 1591 1007 2755 444 508 1584 538 709 325 2255 2302 2132 2573 1401 882 2803 933 864 1521 1759 2183 244 924 932 123 1757 2427 414 939 217 1474 730 223 2709 2766 104 1256 598 1811 423 1942 1311 968 2736 1466 1355 1174 855 1763 1725 338 270 1333 255 1433 870 1073 1391 2795 186 1823 892 1142
000232.jpg,2810 546 582 1260 1502 510 2043 1858 636 285 1227 23 2508 1080 2179 423 275 1637 2351 2263 2791 2643 122 1702 2303 1610 1456 2203 163 1697 468 1738 396 1061 388 2162 2171 922 2841 2726 1591 306 2222 1744 1221 690 265 1308 1488 1205 1603 459 1763 2169 2128 1973 20 2132 759 1570 2623 281 181 375 1537 2521 2666 1184 2268 2572 2468 6 411 807 2167 2261 2573 1232 454 167 732 1284 1153 2801 851 1198 1188 650 2313 1326 1082 40 1015 1696 2677 1170 1199 2030 2678 1084
000233.jpg,887 2328 1579 1791 2778 952 1354 1531 2491 2792 1470 919 945 819 930 841 639 1769 1179 1578 118 9 2647 1667 1977 998 1770 1585 2349 567 923 748 2682 1920 579 2575 1583 2252 1063 2304 875 1154 311 515 492 1851 2459 114 1368 916 2416 1854 2729 2488 1209 2065 1210 1651 2723 1042 928 975 25 2711 227 1367 1864 2379 982 1211 2042 7 566 1657 910 1819 382 2559 778 2618 763 1239 2225 381 513 2793 808 2081 2026 512 2658 517 151 2334 528 1970 809 2462 2310 1546
000234.jpg,576 1801 1304 614 1513 596 1847 1161 529 44 2317 95 2277 1103 1672 63 1394 1353 789 1749 1469 16 1693 2579 1300 2784 824 2547 949 2737 1727 1743 1883 240 1137 1343 483 132 395 1483 1773 1999 545 1631 2178 2644 658 1798 251 2759 1447 2700 695 2149 1178 304 2381 954 2540 310 60 1019 2113 2190 1785 376 761 1087 2656 2827 1333 2000 182 1427 1795 374 1334 2555 1990 2323 2112 1230 803 1685 1228 646 1361 2242 589 983 1951 757 1451 2409 940 2441 328 2504 1176 2016
000235.jpg,26 2649 348 1870 1369 2454 2538 663 550 925 2769 1576 480 2714 1276 179 445 2155 1716 518 1983 712 793 2004 2418 1030 1092 1859 210 2461 57 1861 2241 1193 168 895 2050 524 305 2501 1758 704 2011 1172 1590 59 1575 2206 689 1045 1901 2130 1377 1328 421 1348 1453 228 1473 2581 1056 2721 2574 93 1072 645 611 294 516 2809 1234 977 2840 1665 1551 1441 204 2205 2198 260 155 1392 934 562 1358 970 1934 1034 2327 271 274 1776 463 1381 2513 1029 2229 746 1569 2287
000236.jpg,352 1815 879 1939 127 1660 1520 573 1338 1025 2481 147 2468 1982 1816 226 557 1619 2094 414 1925 1480 1 2635 2168 1295 2266 1863 267 924 1807 665 891 1009 1530 223 1291 1078 17 1366 2607 2460 991 1421 2138 1238 1509 2727 577 888 913 160 1258 2619 837 2573 2063 2092 307 2648 1994 2820 2139 403 234 511 2616 669 2455 537 96 894 1122 1446 2486 396 2811 969 1242 2661 317 827 214 814 2633 1294 1615 264 2484 2755 1217 2255 1286 2216 2801 400 1632 846 1373 2431
000237.jpg,1882 956 2623 546 1221 285 2468 1536 2263 1267 2678 2194 1697 669 2197 820 448 1318 2494 582 2203 1084 661 1541 1744 1922 2572 1995 1763 1525 636 6 829 690 2168 2677 2030 1726 1170 2726 879 2691 991 1083 2473 2261 2132 226 1400 1371 459 150 1880 1090 1797 98 1025 300 2688 2727 1487 1911 644 181 1184 1687 2740 307 115 2278 2706 971 1884 1280 2807 732 2823 117 1802 1421 1702 2503 1570 1537 1863 398 1198 1520 922 1973 2048 1866 476 1603 2348 196 2167 1807 2141 2666
000238.jpg,727 589 1306 2054 2540 658 1361 44 1300 1451 1333 789 1951 63 1137 1693 614 2656 2000 364 483 1513 2409 1230 2579 2149 251 646 310 1672 803 1427 374 1019 1558 1175 1106 1091 240 1161 293 328 824 1798 529 766 898 2238 485 1389 2787 1786 2040 1483 16 1469 954 1559 1847 1743 2381 1928 132 1900 1883 2072 2504 436 576 695 2016 1353 1115 714 215 596 2784 2759 1971 2113 1087 1166 2242 1343 2827 1298 1394 2546 395 949 1773 95 1334 1447 2547 2644 376 2190 1801 2441
000239.jpg,1790 1933 222 2071 599 1305 1145 666 2446 2218 1504 2512 2355 2537 1436 755 1023 2342 850 935 99 2452 141 1321 320 836 460 1736 1638 2096 144 612 72 1682 2642 2055 2201 2750 2156 2098 177 897 816 156 1621 2450 981 516 2775 1098 2636 1047 1717 401 172 2691 2747 1806 2645 2722 164 1415 208 632 2587 908 2074 1598 2577 2163 1599 2763 2679 2122 1454 2829 174 2774 2500 1510 1808 2102 2362 252 1155 793 1325 2009 1903 2432 1859 1085 1404 73 858 2655 1688 1274 345 396
000240.jpg,2615 2354 2320 1448 2756 1149 967 1849 135 2533 2413 426 558 1269 2408 2295 707 29 1804 213 1597 2566 2143 24 1867 2021 80 1728 1265 739 2172 2673 754 286 293 1296 1945 520 1383 119 1478 2024 1722 232 695 91 1689 792 1298 424 2827 1529 1719 1231 2390 218 634 2430 1535 132 540 2638 184 2016 2235 2224 2054 1091 1176 2323 310 1469 646 19 983 1334 1984 757 1346 1631 2366 853 1207 1733 1798 1343 2190 789 1451 2242 498 2015 1087 898 2149 529 1252 2656 240 251
000241.jpg,2057 574 2291 494 2051 2683 2719 2526 1439 447 146 2569 2728 1874 2220 1223 1408 2499 2440 1931 2639 1876 1592 2319 482 1942 682 692 2435 1721 598 444 2813 1899 271 1055 939 2438 790 2294 2292 647 2037 2393 491 2382 948 2704 677 2089 1433 686 2207 1771 2183 1892 1937 1944 1677 1056 2766 2558 531 1473 1555 329 2708 2445 2427 1639 2248 994 864 2580 2712 2625 2741 725 137 804 2736 274 2617 526 2825 255 2308 368 657 1330 217 1725 2286 2506 722 2809 1076 1464 2598 1185
000242.jpg,2709 879 2363 2175 2460 2226 1421 1059 2210 1863 2473 2273 2717 685 1480 557 1619 2834 1242 698 1 2764 2648 2335 669 414 166 352 223 2213 922 551 2576 2168 476 2738 668 1216 2428 1549 1539 1140 1910 1349 46 1852 1827 1811 344 1862 2215 1477 2681 961 820 2635 2520 196 2340 1816 771 2132 1698 968 2266 1095 391 600 1366 2749 2468 2078 2524 1660 1925 400 160 2444 2674 91 2844 1356 573 342 2223 2795 1122 2177 2083 2835 1774 892 98 1886 1598 969 2466 316 602 1949
000243.jpg,767 277 1753 2478 1125 1938 2772 2777 1443 2077 2510 18 431 1833 1842 70 2015 1834 889 2818 2757 1252 2663 2 951 1759 601 1980 1557 2561 315 1391 1035 2315 2686 2702 688 2685 2302 1747 1413 211 2532 2622 2314 578 369 1186 400 126 1165 1767 990 1390 2624 1323 1333 1340 2388 2496 1235 1558 2661 658 1845 827 44 240 2128 1087 1989 1839 684 903 63 865 65 2016 745 714 2620 768 250 2571 898 1137 2335 1394 931 502 1847 1343 2161 761 1161 2323 191 769 2795 2276
000244.jpg,1051 2272 201 2815 1948 1496 2628 1316 1381 194 2556 2713 64 1965 48 2352 1658 1416 1218 1586 1096 2836 1636 1860 1054 1782 1569 497 155 2309 2721 2545 2241 1649 1544 439 1261 645 1640 2011 715 2433 100 2034 1840 1796 1444 1897 947 51 562 1453 1623 2439 2826 1663 169 2755 204 137 659 747 1422 674 440 1362 1328 305 1901 1679 1486 563 2046 889 900 2708 992 2068 134 2707 1757 2767 1552 657 1606 1056 2837 1617 1944 79 1067 1148 260 712 1029 168 2135 231 445 1775
000245.jpg,593 2299 2196 774 1871 2492 673 1498 2549 855 1966 1142 2290 1094 410 749 1005 1794 800 1913 2746 1936 1243 257 535 2788 2519 2730 2364 1068 2243 1850 2417 434 2087 2251 1311 610 2006 2377 605 1174 1020 336 365 1946 1634 2005 2613 253 1581 2843 821 435 1527 2697 870 717 1131 1783 1040 1379 1309 2830 1573 1424 678 2151 544 2560 1731 1511 2680 2516 1670 1455 881 1968 1516 1800 1138 937 2095 2341 1442 94 1133 288 1526 1969 1079 811 730 112 338 2102 1466 2609 1779 1645
000246.jpg,96 1632 1013 419 2567 894 22 2751 1217 844 861 2554 2153 1214 1171 1336 189 1898 333 2160 957 2079 1661 1365 1315 2457 924 2591 2109 1889 2229 1093 1019 1960 509 1032 2351 1927 2401 1702 2612 294 2841 2726 2374 793 2162 5 147 2571 2502 309 2838 1744 762 2595 468 761 1907 2230 1471 1763 2386 63 335 106 2508 2678 210 746 785 133 1605 516 2022 752 2263 2666 1665 1358 388 856 1108 636 2128 2222 1792 1515 1616 2116 851 1696 1859 2648 1716 1916 304 592 1758 2573
000247.jpg,310 2656 1693 2149 1786 1343 1298 1743 1257 1971 2737 2827 364 2040 132 2441 1434 95 2016 949 695 182 2129 596 1773 1900 1106 374 328 63 1004 803 824 2190 1559 737 940 1176 251 576 983 2112 1513 436 2547 2381 215 1353 1561 832 1357 2542 581 789 1224 2504 2242 1361 2759 1333 2238 1230 954 1137 1683 1116 2700 1785 1535 1451 2579 1091 1713 341 1685 766 926 1334 2409 1672 2540 2745 1856 1161 2202 1558 1019 617 1847 1427 1883 1996 989 2114 1207 529 1795 614 407 658
000248.jpg,1076 2305 2382 2813 2393 79 1639 2286 1055 948 2741 1937 1606 722 2248 1944 1935 1452 137 2135 2665 1223 329 804 1868 1464 1463 2294 686 1212 1067 2068 2057 1547 2598 140 2842 2683 2436 2291 2766 2580 2639 2728 1874 116 2319 899 494 2511 657 1757 1056 165 647 2041 491 574 146 1777 2558 692 442 2569 246 2825 97 2736 2292 204 1986 1126 1134 2438 2435 1185 2506 1130 1899 447 1592 28 2499 2719 2708 1841 682 677 2207 598 2037 2051 725 508 994 444 1825 1408 1940 790
000249.jpg,2601 2471 2624 1845 502 1908 103 1235 297 1323 990 578 848 1340 688 1830 126 1114 931 768 1608 65 702 2276 903 1107 284 250 1821 1186 1413 1720 1512 1391 1310 1767 835 1975 2314 684 2388 1254 522 2036 2478 1125 1557 2667 2077 1753 2777 1014 1605 1922 2772 767 400 2768 1601 2345 2661 379 70 1832 601 1390 2622 2302 2183 1165 420 1834 2620 2757 10 1397 1759 300 315 2571 1980 469 2347 1372 2605 865 820 2671 646 1986 2315 1646 1192 102 2805 2409 1959 1905 690 1473
000250.jpg,2264 392 879 538 2363 1077 2460 1454 843 69 2132 2318 809 1546 248 1258 519 1973 717 1992 2648 2101 557 2331 2186 2573 1566 2763 1419 2543 1424 1049 2709 648 568 1044 301 630 1170 414 2168 2102 1423 1200 1133 1442 1479 2222 1385 511 1779 1581 1619 2535 2245 365 1979 1794 827 400 2151 1309 2473 2661 2226 544 2680 933 1474 2081 745 2508 7 1480 1020 2560 396 1511 908 932 1556 253 358 1242 289 2795 2303 665 20 1670 1637 1325 1266 2519 2600 1425 1519 870 1634 1007
000251.jpg,2765 1024 495 1503 2232 1568 1843 346 1662 1262 2301 1124 1140 471 1438 408 455 1506 1127 296 1220 2565 628 1274 331 363 838 2407 2053 525 209 478 1039 1275 2025 1706 268 49 464 389 390 1008 2531 1921 1500 131 840 618 1941 2236 402 113 2017 1021 2794 1282 1730 2690 2821 936 2465 2505 200 1967 1787 139 1715 2467 356 2669 1378 1026 108 2396 2698 2611 655 245 2059 89 1022 467 1635 1929 2173 758 799 653 241 1875 326 1048 1187 207 2687 61 1037 1475 1781 52
000252.jpg,2649 2454 1369 925 348 1870 179 26 2769 712 2050 550 2538 480 663 2130 2714 2011 445 518 2501 1045 1934 2241 2840 463 1328 735 305 59 1983 2411 1422 1656 260 1146 1545 197 1644 188 2528 1029 2721 1617 2817 1544 2574 1710 645 2650 1993 155 1796 2375 440 168 1663 1752 1552 312 2439 1092 1381 1405 562 1190 2515 611 48 2044 1054 793 1859 51 1569 1576 1658 817 169 943 1840 947 1172 547 1782 900 524 2004 1319 1640 1901 2082 4 64 2270 1486 563 489 1453 1624
000253.jpg,377 2520 828 2578 2227 640 2384 2798 979 2451 13 2640 176 1337 729 1910 2083 2786 1266 933 2210 1686 417 2629 78 1431 2570 21 1249 302 672 1393 536 1418 1888 2108 1038 2795 1053 1033 1132 36 2539 733 1374 2602 1562 597 340 2839 1588 292 432 1429 2668 2120 964 289 1952 1398 893 865 554 1668 698 802 1890 680 332 2808 2428 2335 2828 361 868 866 2029 2031 1754 1272 1070 555 142 429 886 199 2743 571 932 2671 1329 1049 2090 2078 988 2038 2421 1065 878 62
000254.jpg,2510 1839 431 1035 2561 70 1125 1753 1834 2077 2644 1842 18 2777 2478 2772 2323 601 2663 2757 1443 1759 395 529 2 2818 2015 1557 1394 962 315 1252 1798 951 1333 1938 1230 1833 1801 545 658 2622 2686 572 853 646 1207 2759 1390 2149 1334 2242 2656 426 695 865 1391 1558 2072 889 1186 1343 132 2277 1298 2128 1683 2314 251 1685 1427 767 182 1976 374 714 1312 688 2000 2016 898 1767 1306 2112 1257 1137 2295 2413 1304 277 2381 63 2409 1176 1786 1434 304 2054 1898 1175
000255.jpg,2019 2550 1104 834 2080 1669 2555 1691 1277 861 147 1507 107 1482 575 2641 1523 1177 2414 2754 309 2383 441 577 2176 1487 856 2595 2450 2058 1727 924 127 1013 55 1258 2820 2604 728 1324 2326 2648 34 422 345 2317 2452 397 1646 187 2254 903 2591 1538 2695 2168 1904 1608 1939 1847 1898 333 2422 339 1763 2114 1161 335 457 863 240 1194 2160 1459 997 2489 2503 1513 998 157 2573 848 1631 2395 1169 1846 2530 1907 996 2515 1450 2013 1583 1454 2036 1090 2079 1114 2630 666
000256.jpg,719 2487 764 2008 2018 1128 190 2146 723 2103 2405 247 2453 862 1289 2734 1577 869 873 2067 2165 1042 2582 2284 1359 58 752 1625 1403 2081 543 2170 98 781 2585 1493 2718 1121 1204 1157 1864 1347 809 2610 2334 1997 2648 256 276 2177 1819 604 910 2086 1423 1751 1077 1402 2784 630 1885 1973 1595 2391 2551 212 1534 522 2001 1763 874 2052 2462 2674 847 2434 224 776 1896 69 771 2485 413 1762 1351 2592 153 1804 1066 1600 1915 896 1135 233 2740 1846 2792 1376 2778 2027
000257.jpg,214 2502 2152 1605 1139 2348 1365 1602 1371 106 1525 2572 2263 1171 2841 1198 244 2203 2030 1113 1953 1205 2109 1866 1502 2623 844 1084 117 182 2179 1184 594 1712 23 2677 1661 1760 270 954 84 22 510 1280 1570 2751 150 924 2141 941 2554 1659 2153 1632 509 2048 1685 2160 2115 2567 1004 1434 1214 148 1603 1175 851 1960 149 2303 894 2791 420 2457 2197 1616 2178 2705 1744 1397 690 96 2768 2079 75 1738 1949 419 1591 327 629 298 2128 2726 2401 621 1768 423 2112 2761
000258.jpg,645 440 2011 1029 1649 2735 1444 2836 2241 735 1544 169 1045 947 1381 2767 1422 1663 445 319 965 2050 2837 2840 1617 1782 1993 1623 1054 1636 2707 1840 550 1658 2628 155 2439 2130 674 201 1860 134 2352 1148 1679 950 1328 2133 51 1253 769 1307 1640 2826 1496 59 123 1775 463 2088 2815 1757 1552 562 2046 882 563 1255 2713 900 1752 2312 932 2076 2515 986 2287 904 260 194 613 1486 1123 1468 992 489 2631 1586 1437 712 1218 906 826 197 497 305 161 1965 168 2367
000259.jpg,645 2241 445 2011 1045 1029 1381 155 1658 1054 134 712 440 1840 2130 51 518 1782 2836 1328 562 663 735 2050 1422 550 1649 2650 2735 2721 1552 1796 1636 305 947 168 2840 319 1586 48 1679 1623 1993 659 231 1544 1617 497 1901 2088 1663 2538 2046 2034 2826 1253 1444 1569 1640 463 201 992 64 563 674 260 2375 197 611 259 100 1948 2545 1983 169 2649 179 2707 2287 1148 1453 2076 2439 900 1965 715 1319 1369 1860 547 1496 2631 1878 2454 2815 2309 2628 1123 439 2544
000260.jpg,188 2044 2501 556 1934 2411 547 85 2528 611 1386 1405 1319 4 1644 987 2574 943 2817 1983 1656 1102 312 635 712 2832 2011 1993 1545 221 1308 2515 1407 1190 2082 1082 2270 2389 2790 1092 1422 2419 463 2670 992 659 826 111 1552 2626 626 1617 1305 1624 2800 1550 1090 2801 996 59 1146 2530 817 224 1788 1782 1423 1181 2375 2046 854 134 411 900 1369 994 2646 666 2454 1752 2840 2439 925 155 1006 1926 2307 1208 932 2222 445 2755 1428 345 1627 1649 260 2631 1700 1486
000261.jpg,935 836 2096 1638 1933 1321 850 1098 1790 2645 2355 325 2342 1305 2750 1145 1474 2512 2201 1661 2071 755 745 2446 2156 1806 516 1006 222 586 2535 2691 2450 127 2218 1763 1090 2109 443 2452 1736 599 612 1504 1671 2168 1976 2710 396 1911 666 1308 320 1436 2432 1082 99 72 1052 1709 2249 2562 141 632 459 2537 147 1170 2362 8 1115 483 1336 166 2317 461 2098 1315 2153 661 981 1161 144 894 385 1023 957 1717 577 724 924 1217 2546 2595 793 2720 922 333 2048 1880
000262.jpg,519 392 1419 1992 2763 434 1424 248 773 1516 937 301 648 94 1133 1311 257 605 2331 2219 908 1800 1385 410 2549 253 1002 1946 855 1894 2102 1142 1966 1779 1634 1309 1007 717 2613 2843 610 535 1731 320 1040 365 355 1495 2196 1645 1871 1498 336 1020 1455 1079 1131 1850 2660 709 811 843 2341 870 2005 1017 800 2290 1573 1138 1442 593 1676 538 2006 338 2560 1527 2830 1546 742 2519 2087 673 2697 2377 435 544 1454 1913 1511 2788 1581 881 730 2145 1331 821 1094 1670
000263.jpg,1083 181 1702 620 636 732 2643 2807 6 1318 582 1536 2386 2278 762 2116 546 2194 2111 2761 1315 759 894 2141 644 689 1797 2442 285 42 2374 1336 1013 592 2562 2678 2261 1502 861 88 2522 2720 661 2425 2476 1221 2441 2263 1880 1768 1183 2554 1365 1726 1960 1898 148 1632 1093 1260 1914 2153 1198 493 1057 2048 1227 1064 1979 2823 1763 922 2688 2813 366 1108 44 2160 1758 2203 2079 1856 2468 419 2831 807 96 1251 150 2168 2571 2004 183 647 594 1525 669 2248 510 310
000264.jpg,663 2538 704 2155 2418 1576 1859 689 2649 516 210 1861 57 1369 348 1193 1758 480 1551 421 1580 1348 1665 2004 2229 2581 884 570 1377 280 2206 925 2454 26 793 1538 294 1716 2125 1870 2461 1792 493 550 2659 2260 2769 1092 1034 170 1453 2123 1276 1930 499 1575 179 158 2714 2039 2672 2699 720 228 2324 404 2330 895 1838 2838 2456 2327 82 1724 1713 518 1194 1901 2211 746 445 1590 1197 1664 1392 378 2493 1169 1601 2174 242 2356 1609 1358 184 1292 632 1714 934 1986
000265.jpg,1946 434 937 593 2788 257 2549 749 1794 2196 673 1966 2006 1913 2364 605 2299 2843 1311 1516 544 2290 2697 1634 774 1498 535 365 1002 1094 253 2492 1040 1455 2341 1871 2219 2730 2377 1005 855 610 1142 1527 1131 1243 1850 2609 2519 800 1670 320 2087 410 1800 1936 1133 1783 2417 908 336 1731 1174 1309 2746 1379 94 1479 2243 2095 1676 7 2005 717 604 2331 883 435 2251 2151 821 392 2559 1020 1424 1573 2613 1495 1645 1613 355 2830 1682 1079 1068 1138 248 288 2560 1271
000266.jpg,1525 106 214 1139 1280 2348 1371 1365 1084 2572 1661 150 84 1113 2374 1659 2152 2141 2030 2263 941 1866 1205 1198 2623 2502 2109 1171 1953 1602 2841 2554 270 2153 1004 2677 244 2203 117 1184 1502 1712 1605 954 2442 621 1760 894 2112 1434 182 422 2720 1175 23 594 493 2324 762 323 1083 327 1632 1183 419 1927 1685 1697 1267 2761 1960 1108 2197 1283 2278 1358 1575 43 1979 1336 22 971 746 75 2751 96 1197 582 2115 1279 2303 2567 1541 44 149 2807 614 1032 485 1802
000267.jpg,2624 126 1845 578 1114 848 1323 688 931 103 1235 768 2276 297 2601 1767 990 2471 1413 1186 1391 1830 65 502 250 702 1340 1908 1608 2314 1821 1512 903 1107 522 1720 2667 2388 684 1557 2622 1975 315 1310 601 1759 284 2302 2757 2315 1834 1390 2015 1165 1252 2663 835 1254 2077 767 18 2478 2685 2777 2772 191 1125 2653 1753 739 2 1842 2324 1016 1980 145 882 2671 70 951 2518 2151 1473 2320 1166 1986 2036 2183 2746 426 244 2345 1014 792 10 1969 1113 895 93 2818
000268.jpg,1506 655 192 2070 1274 326 1780 331 200 225 2396 1141 580 31 2765 2025 1262 1787 478 2669 1140 999 1127 61 2316 159 455 1692 2017 618 27 1293 430 1967 52 471 390 1438 1039 207 1097 726 2402 654 1505 1972 1715 108 209 1024 721 653 1918 1635 346 936 245 296 356 1648 2053 2565 1598 1050 1921 2470 2698 1356 1124 1187 2806 2398 625 2715 858 1378 1961 1022 49 1143 314 1220 2173 113 1730 2794 1275 1647 1706 383 2690 2814 402 216 1021 1929 1026 295 1273 1662
000269.jpg,1773 983 2190 2700 832 2827 1743 1513 310 2441 1795 1353 1161 132 95 1693 1224 1836 1176 1847 2437 2129 2202 1856 2745 63 2547 251 1971 1914 596 576 1713 1672 88 1883 695 1476 1593 1785 1019 789 1786 1116 1106 1300 1685 1559 1714 1898 483 1990 328 1427 824 1535 954 341 777 1900 1996 766 364 2000 1838 182 1257 1451 1361 374 2381 658 803 2656 1394 683 2113 2238 407 44 1103 617 291 2111 614 1683 436 646 1137 2540 2784 2149 16 1093 2112 1115 240 1228 1561 949
000270.jpg,1436 2218 99 1145 2775 1163 2098 1023 72 2055 2009 1717 612 141 1160 1510 1415 222 755 2655 401 2512 2747 760 177 208 1933 2679 1806 1504 1872 174 2636 1085 2126 453 2587 2163 816 1599 1638 731 2342 460 2829 666 2122 1047 2071 599 2362 981 1628 2355 823 1903 595 2469 850 156 164 2750 1052 2201 437 935 1976 1321 1305 836 2074 2446 380 694 1790 73 1233 1736 2577 172 2537 1688 399 1241 897 2096 2722 461 1784 2452 1826 1808 281 2691 2274 2642 1098 2450 1201 1404
000271.jpg,2579 1353 789 824 1304 1749 2784 596 1693 240 1513 1161 95 132 614 1476 483 2190 1178 2504 2381 1773 2547 1672 1883 1394 310 1847 328 1743 576 1361 2238 1230 63 695 60 2745 766 2759 16 364 1106 1971 251 529 803 1300 2202 2656 374 304 1176 2644 1801 88 1786 2178 1795 1559 2317 2040 2149 1798 1451 545 926 395 1996 436 2113 2827 572 44 658 983 2242 2441 962 1900 989 215 1213 1427 1683 1091 2700 1137 1343 1087 949 2281 1785 2546 39 1593 761 2737 1685 2540
000272.jpg,1262 1503 455 726 2765 1039 326 1024 2017 209 2470 2715 1274 159 999 2232 2396 840 89 467 2565 1140 1706 464 52 2794 2531 580 653 31 53 1568 838 2173 1787 1662 314 295 1506 1378 346 1472 108 478 799 268 331 1216 1127 1275 1932 2280 1781 296 383 1829 1022 452 2025 61 758 1692 2698 2806 1924 290 2091 356 2059 192 655 131 1929 408 2053 2279 1143 2137 2285 2611 207 1505 495 1124 363 1011 822 2669 389 49 225 2465 2505 1050 418 1273 1730 2236 239 1187
000273.jpg,712 2011 1054 2241 1328 1782 947 1663 1381 2836 1649 2050 1658 1444 260 2826 645 900 1544 1422 1045 169 1623 1486 2837 2439 2767 1679 2707 155 563 925 1437 1617 445 1369 1552 1796 440 51 2130 2545 735 134 1307 1405 1993 2649 559 2454 2840 463 2133 1218 674 2628 562 1489 1934 305 179 2817 1640 1208 221 188 2652 2034 64 2352 943 2713 1710 1545 2411 1840 2501 1417 1029 194 1569 1752 201 2433 992 611 48 659 1636 2082 2721 2419 715 2528 59 556 1386 2832 1316 1878
000274.jpg,1753 70 1125 18 2777 1834 1842 2077 2772 2478 2510 2015 2561 1759 2757 951 1252 431 2818 601 2663 1035 2 1557 2622 315 990 767 1390 1186 688 1443 1839 1391 1235 502 2315 578 2314 2685 522 1938 2601 2624 1323 1980 277 2686 684 1413 1165 2471 1767 1833 2302 768 2644 2323 2702 1114 250 1845 297 126 769 1333 889 395 2242 1908 103 1340 1747 1821 931 1798 2388 529 962 572 2276 65 2759 2016 2409 1512 1928 369 1394 1608 1975 545 1207 240 714 1166 211 903 1720 284
000275.jpg,935 1933 836 2096 1638 1790 2355 222 2071 897 2446 1321 2342 1504 2201 2512 755 850 1145 1736 2645 2750 2450 2452 599 1098 2156 2691 1305 144 666 320 2218 99 141 461 516 2432 612 816 2362 586 1976 1621 981 1090 1806 1436 1023 2537 177 2775 1709 72 127 156 477 908 1763 1911 2627 1682 460 1717 1170 1006 632 2168 2098 2318 1308 2648 443 396 1052 1044 1859 2055 1082 2587 164 1387 630 2642 459 924 793 2147 252 1155 2722 2679 734 1085 147 2829 1404 1903 208 2074
000276.jpg,1163 72 2679 141 177 2829 1415 2775 1903 1023 2009 174 2122 2636 99 1145 1510 453 401 1085 2055 612 2747 2098 208 816 460 1160 156 2163 2587 1047 172 164 2218 2274 2577 1808 1717 1688 2655 2722 1872 1628 1784 399 599 1436 2452 595 694 981 666 731 1155 2469 1504 823 1241 760 2355 1599 477 222 1089 2126 1976 2074 1939 1321 461 437 2537 1305 380 1100 897 1404 1233 755 73 2201 2595 2750 1933 932 2096 2645 632 1098 850 2432 1258 836 2071 1270 1790 2342 2512 2446
000277.jpg,2018 764 2146 719 2008 2284 1289 190 723 1493 2585 247 303 914 1121 1359 2551 1534 1772 1997 2582 1351 1577 2487 615 539 35 1157 1204 1128 1915 1347 2405 781 1403 450 2824 873 2453 2485 604 2165 862 2734 1595 1247 874 2334 58 14 233 2718 869 1751 652 212 825 1246 276 1574 2204 2434 254 2536 66 153 2490 1791 2593 701 1963 206 2170 812 2778 567 1136 2209 1770 1762 916 1077 1402 1583 2426 2462 2081 1600 2459 256 2792 1985 887 998 549 639 343 2391 630 2067
000278.jpg,2801 2473 1446 2338 1698 879 2648 352 2212 1294 2223 2100 1327 1863 2616 1411 2139 1619 1112 414 391 1630 1 2246 1852 1215 1095 1571 2460 2844 642 1421 932 1939 127 2481 2797 810 795 2709 223 195 46 2266 1349 1409 1360 2738 537 30 1514 2584 2063 2175 147 1828 71 1242 837 665 166 1129 2529 2635 444 709 1101 203 2213 1520 2543 2210 2740 1009 2298 2486 2710 1480 2208 1240 1174 697 1815 17 638 1540 1684 220 1615 687 573 2619 2253 2092 2677 1925 2833 787 2484 1164
000279.jpg,1583 998 1579 2778 1531 2252 1791 930 1063 887 2682 9 841 639 945 1578 2792 567 952 1354 778 1470 748 919 2647 1769 1667 1920 382 1179 118 2459 916 517 1970 227 928 1770 515 2328 492 819 1977 1154 2729 2491 2711 1657 1854 1368 1651 2349 2488 114 2042 579 2065 2575 1585 2723 2067 566 1367 2379 982 2026 1851 2081 311 1211 875 2550 1507 1042 1239 808 1210 512 1209 2225 1625 763 7 2097 2310 1819 923 2334 2604 1691 25 1963 975 2304 2462 910 107 1187 2103 809
000280.jpg,2765 478 390 1967 2301 999 1635 580 1662 2053 726 2407 326 2236 464 363 31 331 1275 1024 758 1008 1929 209 2059 455 159 484 1706 1730 1039 1262 1568 2669 1378 1124 2715 467 389 655 1715 268 838 408 295 2806 1050 1475 430 346 2232 1503 52 2280 27 1506 89 2025 1274 1140 1022 2173 786 1011 936 1127 1780 1282 1787 2687 2396 49 1317 1789 225 2465 2505 456 61 2017 1932 296 471 1843 2698 1048 1921 2531 1220 356 653 314 2611 1912 1026 108 927 139 207 2091
000281.jpg,1763 2841 1487 1090 2494 922 2109 924 2261 594 614 37 214 1139 1661 1308 1502 1171 586 2222 2567 2348 2194 1184 820 1953 2203 1400 953 1082 335 2197 1471 1687 2179 2666 2572 2678 1315 1137 2216 285 1232 2571 300 2677 1605 1462 1866 2720 650 2706 115 423 1726 1198 23 2160 2688 1183 636 334 761 658 1318 1995 1922 1006 971 84 1205 2263 459 1949 1333 1221 1541 117 690 443 1306 646 1536 1616 1696 1603 2043 1570 2751 104 727 510 275 1559 1084 63 327 1080 2359 2230
000282.jpg,2545 2034 2433 1796 1569 2721 100 48 64 715 2713 305 155 51 562 2309 2556 1453 201 645 439 1051 2272 1381 1640 1860 168 2376 1658 1316 1490 712 1782 260 1416 547 1901 1948 900 2011 2755 2650 1486 1386 2023 563 1584 2826 611 1045 1496 2050 1710 2241 2628 1056 2088 1096 440 1319 1636 1029 2046 1544 2815 1934 2439 992 2501 1586 134 747 188 1218 1663 659 1328 2836 1369 947 925 1623 204 1965 674 2419 59 1840 2082 2270 1649 2027 2213 1545 497 2130 2435 2708 1046 2817
000283.jpg,1791 118 1769 2792 2065 2778 930 998 567 945 2328 982 919 1583 1354 2252 1578 841 2682 1977 819 887 1531 916 952 1667 1063 2491 1179 1470 1579 2349 748 639 227 808 2042 928 2723 1210 2711 311 1920 1851 875 1585 7 1854 492 1770 778 1211 382 2647 114 1367 1368 517 2225 1651 579 2575 2310 1154 2459 1209 1239 566 763 9 1970 2081 2658 2488 512 1657 2067 2097 2379 2416 2793 975 923 528 2729 515 25 2026 2304 513 2559 1625 151 1042 1271 1963 2103 1913 2006 2306
000284.jpg,830 2019 1450 2080 1691 1732 775 2586 2275 1147 2754 575 441 1016 1805 1169 2550 2395 1523 1104 603 1748 1678 863 1507 1620 2630 584 1669 1482 2383 2518 339 1459 107 1120 2780 1244 2176 187 1073 2326 2136 2695 2368 1177 1646 357 379 2641 2254 1626 693 2159 2604 2447 2234 845 1611 1192 469 32 2297 1014 818 2733 794 2414 736 2605 397 2360 2345 457 393 2621 373 1517 462 920 279 55 1372 1467 834 2701 2347 538 2802 2637 2211 10 1114 2684 1832 1028 2651 2555 728 1454
000285.jpg,702 1107 903 2601 2471 1830 1512 1310 284 1908 768 848 1608 65 1720 1340 502 1114 1821 931 835 250 1845 990 1254 2624 578 2388 1235 1975 1323 103 688 297 1767 126 2276 1391 1413 1186 684 2314 1277 1669 1104 1014 2326 2605 2036 2571 379 1372 2080 1646 2347 2641 1601 1691 1013 2073 1450 920 2555 400 736 55 240 2802 1523 2661 2754 469 2136 1748 2079 2234 2239 483 1832 2176 300 2254 357 2630 2345 575 2550 32 397 827 2395 728 1507 834 1841 309 2360 362 205 693
000286.jpg,1624 2411 4 1146 2528 2790 2817 1644 312 2389 221 1545 2832 1934 1405 1752 943 1407 1102 1926 1656 59 556 2270 2082 2501 987 188 817 1737 1386 635 826 547 626 283 2044 2300 2477 611 613 1190 266 85 1319 1983 2367 1202 2574 2011 2515 2069 900 2419 712 463 1486 1208 260 1414 1489 559 2084 1710 1993 2439 2626 1627 2840 1552 860 1181 1369 1417 925 606 2676 489 2675 2544 2837 1878 2133 2397 2424 2714 2646 1782 445 1617 134 1988 996 2530 1701 1799 674 1092 950 645
000287.jpg,1672 2437 596 95 1178 1914 1353 2202 1749 1836 1476 2700 576 2190 1773 1990 44 1693 2441 2745 1224 1300 824 310 16 1996 88 1856 1513 1447 2579 63 2000 2317 483 2129 132 983 2547 2827 789 1483 1713 1161 1685 1304 1795 1743 1103 1106 1847 2422 1176 949 2111 328 2784 2737 1883 614 1785 1593 1469 1727 1559 1019 2523 1683 1714 47 695 2656 60 2785 761 2238 39 1786 1394 581 1116 777 376 2555 766 1999 1971 240 1091 2381 2546 1115 926 2016 2114 1357 2149 1230 149 2504
000288.jpg,310 1914 1856 2441 1346 2827 2737 2129 407 983 596 1093 1683 1561 832 1343 1535 1713 2190 1743 1898 1334 95 949 2202 291 2745 777 540 1176 2759 1693 576 695 1996 1298 1773 1631 88 1091 1224 132 1116 617 1558 2785 2242 1714 328 2016 940 2111 1513 789 63 44 2547 2149 1087 2656 2700 2112 1999 1161 251 2542 1103 1019 16 803 689 1928 1847 2000 341 1476 614 1004 2238 1672 2409 1333 1451 1447 766 727 1394 1483 1353 1300 2072 374 1685 658 581 1971 545 1801 1689 783
000289.jpg,1944 137 494 2813 1055 2435 2135 2248 1223 2294 146 2580 1212 2741 2057 1899 2728 1874 2708 2382 1606 1937 2766 948 686 899 574 2558 447 1056 1185 1464 165 116 1076 1463 1777 2825 2683 2207 2393 2291 2438 657 2286 1452 491 1639 682 329 2842 2569 1067 725 647 1547 2305 804 2639 692 2719 2506 204 722 1935 2736 2319 1771 2068 2037 2511 1592 677 79 1130 2292 1126 2089 1868 482 1677 2625 2665 1757 1721 2499 1640 97 1986 2041 1876 531 1825 598 2445 1897 140 444 2704 1942
000290.jpg,574 2057 2291 2051 494 2526 2719 1439 2220 2683 447 482 1931 1408 2569 2440 2499 146 2728 1223 1874 1942 598 2704 1592 1876 271 2639 2089 1433 939 2319 1721 692 2712 2445 677 682 2435 444 790 2813 2294 2292 2427 1771 2183 531 1055 2207 1899 647 2382 2037 2393 1056 2308 2617 2438 255 948 491 1892 2558 1473 1677 329 1937 1330 2766 1944 217 1555 686 994 2506 864 1639 2248 2708 2625 804 2657 274 526 137 637 725 2736 2741 2825 2580 657 1185 2286 1725 619 1962 368 12
000291.jpg,137 2728 1944 2741 1223 2135 1874 1212 1055 2057 2558 2813 2766 165 1606 647 2683 447 725 2435 494 2319 2207 899 2294 2248 2382 146 2291 574 2580 1899 948 1056 1130 2639 2506 116 657 1937 692 2842 2825 2708 2393 1126 2292 2305 204 329 1463 2719 2736 804 1986 686 1076 1940 1464 1825 1185 2569 442 1777 1547 2286 2438 1639 491 722 1841 1452 790 1592 1868 2511 79 1067 1935 682 2665 1897 2051 1640 677 482 2220 2598 2499 2041 140 531 97 1757 2068 64 1134 2704 2037 1433
000292.jpg,1638 2071 1321 1933 755 836 1098 2750 396 2450 1790 2627 2156 1736 2342 935 2355 2201 1305 222 2096 897 1145 325 2432 2452 1806 2645 2446 1052 666 745 320 1474 1504 1090 2318 2535 850 281 612 1763 1006 1436 599 981 1661 99 1308 2677 2168 2218 629 2512 957 1717 127 1082 1939 2648 1510 2823 72 586 1095 856 2222 1911 2537 115 2515 2261 2587 1709 2109 2691 2722 177 734 1593 2098 1188 1621 1387 630 477 1883 1456 2362 141 1349 156 460 1682 1153 208 2562 147 744 1300
000293.jpg,213 2566 558 1945 1269 520 2408 1093 2354 232 135 2413 757 707 853 426 540 19 695 1434 1847 2024 2827 1898 2143 424 1448 2615 1631 304 24 2430 1394 63 1265 1785 1889 634 2112 2295 1804 132 1298 2178 1019 80 1228 1087 1513 967 1867 1849 783 983 844 754 1515 949 1722 182 2756 545 1161 1689 739 1728 1004 1383 1343 2111 658 2022 1597 1296 1333 1693 1176 1469 119 184 1137 1801 1231 1999 2190 1773 310 1712 2113 499 1685 2441 954 2016 2464 614 244 2320 2277 5
000294.jpg,2365 2370 2689 2181 705 2500 849 2552 81 523 2819 175 505 2716 587 152 1111 2534 1896 2119 313 458 120 238 2527 2681 2674 2479 633 847 1955 2177 1885 711 2191 2283 602 504 2237 2193 1314 28 1164 367 192 314 52 53 780 418 2822 2173 2322 2396 2052 2244 734 1117 1929 1481 699 1141 2565 1912 2250 1730 1332 2715 1708 1741 1774 209 580 2597 467 999 1746 2592 31 1692 2144 1827 1852 740 534 1991 2799 1378 1109 503 1273 2265 1680 2806 68 561 261 507 356 159
000295.jpg,2471 2601 1845 2624 502 848 1908 1235 1830 103 578 1114 297 990 1323 768 688 702 126 931 1608 1340 903 250 65 1107 284 2276 1821 1720 1512 1186 1413 1310 1391 1767 1975 835 2388 684 2314 522 1254 1557 2667 767 2622 1125 2077 1753 2036 1759 2777 315 601 2757 1834 2478 1922 1014 70 2772 1390 2671 2302 400 2661 2768 379 2345 1832 1165 2315 10 1646 18 420 1605 2605 1372 1691 2347 1397 1980 2183 2320 1842 2324 1601 2015 2561 426 739 277 102 2016 2620 2409 1016 244
000296.jpg,1879 1017 1002 2392 1119 1516 2543 394 2093 908 1906 1978 253 1518 320 2357 2262 1567 2219 1613 1271 1290 1455 1495 2596 151 2140 451 2460 157 2065 1566 186 2341 2318 2085 709 1058 2420 961 2660 2618 662 1301 2796 2559 763 942 1909 984 1331 2600 631 607 855 1800 1546 1645 1454 538 2364 537 336 446 345 1174 530 1614 528 2549 1479 1485 1419 1239 1676 1200 937 1237 1604 1981 2648 1100 2147 1155 227 1851 2006 1094 1498 1142 1705 1311 434 852 916 591 1020 2675 2788 918
000297.jpg,489 2840 2515 2084 463 900 1369 712 925 1983 1486 260 2011 1190 1405 2454 2817 1710 445 2574 1934 606 559 1437 943 221 2419 817 1752 188 2270 2649 2424 2501 2082 2411 613 2133 2050 675 1656 2528 1208 635 1489 1417 1307 1386 1545 2397 547 4 563 1328 2241 348 1627 2826 1878 312 2439 977 645 1092 2676 1146 197 1045 1624 674 2626 826 1319 611 1993 524 2832 1644 2837 1544 2646 1552 970 1381 1658 1422 556 169 2707 26 2652 134 2544 2724 2753 992 550 2769 179 1054
000298.jpg,536 1588 1132 36 569 1431 2384 1686 1033 1418 417 2029 597 193 1393 2786 555 988 176 332 979 733 1249 121 1266 1337 429 2090 1268 1562 2227 1910 866 361 2668 21 2743 1398 2640 340 2451 289 302 2795 1065 199 2520 1890 1888 680 886 78 2083 554 2570 2333 1430 802 2117 1952 893 292 828 2108 2808 865 432 142 62 2839 1329 1374 2578 1553 2078 1038 2120 1699 571 868 933 2671 1668 2335 878 377 672 2602 964 640 1764 2828 2798 1053 1793 698 932 13 1256 729
000299.jpg,2501 188 2044 1934 556 1405 2411 1102 1656 2528 635 547 1644 85 943 1386 611 221 987 2817 2832 312 1983 1319 2574 2790 2270 2375 1092 463 2082 2011 1552 4 1422 817 1993 1624 1788 1752 826 712 2300 1190 659 626 197 2419 2631 2454 134 1926 992 155 2840 1782 1146 445 2515 1407 1369 1545 1617 2133 2439 2538 2046 900 2836 1649 1208 1381 283 2670 1308 518 2389 613 2069 1501 2544 2626 1045 59 606 1627 854 925 2477 2241 1550 433 1486 224 111 1737 1090 1710 260 1082
000300.jpg,1545 1710 925 1405 2817 2528 1369 1489 1417 900 2649 1983 221 712 1486 2411 1934 489 943 2515 1624 1656 4 2419 260 188 2084 559 1644 312 2574 59 817 2389 26 463 1386 1437 1190 1407 860 348 2832 2424 1552 2454 2050 1328 556 2270 2840 1092 2501 2011 635 2082 1208 1701 547 1146 1319 674 1870 606 611 977 1307 1102 987 2652 1627 1752 169 2837 1926 2826 826 179 2790 2707 2439 626 613 1737 524 1046 445 2300 1782 1544 2626 1045 2397 197 1878 2367 1623 645 1414 2544
000301.jpg,1518 1384 1290 631 1331 1614 1742 2049 530 1673 2140 2282 1301 813 908 2696 1017 1554 2660 1058 2458 1909 966 446 921 1567 2796 2257 487 337 1237 1370 2782 1681 2085 607 942 1705 660 243 1981 2600 2064 710 2259 1613 451 2596 1105 1002 1396 54 355 542 1739 2093 662 1495 1604 394 1031 1978 1893 360 984 2392 2618 1853 50 1879 2559 2369 1100 1174 1419 1271 2543 151 1142 2157 1404 2262 2081 1906 1287 1454 2519 2664 2803 1000 2306 1516 1676 1119 2697 1155 855 7 1695 2042
000302.jpg,2019 2550 1104 2080 1669 1507 1691 1646 1482 863 2754 1523 834 575 1277 2555 2641 147 2383 339 441 1450 107 2176 830 2395 1177 1620 2414 2326 1147 1016 2136 2820 1324 2058 55 1244 187 2630 414 2595 2695 1073 284 2422 702 903 1114 1454 2604 397 1608 240 728 1459 584 393 1748 861 848 2168 2254 34 1732 1242 538 2013 577 1169 2247 297 2503 2586 1821 462 1258 2275 1194 2471 1323 357 603 1512 1720 2234 736 1908 2661 1538 688 775 2601 1235 2605 2740 2159 1898 2473 931
000303.jpg,2272 1416 1948 1496 2556 1051 2815 1316 1096 2721 64 1381 1569 1860 2352 562 1965 305 1658 2713 497 1586 48 439 2628 715 155 201 2309 2545 2433 51 2034 1362 2241 747 1636 1782 1796 1453 1218 1897 100 2650 1490 2376 1544 194 1757 2755 1640 2387 1901 2836 168 1054 1649 2439 1617 1993 2046 1840 1261 231 750 1045 1584 2011 123 2631 202 712 882 645 2121 1623 260 440 2350 1328 663 2023 1319 2130 992 1422 204 947 2686 137 889 169 334 563 2837 1663 611 2135 1862 1679
000304.jpg,582 546 244 2677 334 1221 2115 285 1603 594 281 750 1616 807 1541 2303 1456 2313 1502 2132 820 1702 396 1610 2643 2128 669 1696 1462 1637 922 2245 298 907 1973 1061 2791 2268 23 1591 6 980 1858 122 759 474 2168 2194 2118 1761 636 1697 1570 1556 1080 2179 1884 117 372 2150 1153 214 1763 531 1084 2622 586 275 2261 423 498 1227 1891 629 661 2666 510 2263 375 163 2359 2222 1754 1308 1083 265 2030 1184 2520 1199 475 2048 413 1605 300 1285 1260 1902 1802 2755
000305.jpg,2595 1258 147 1112 1270 30 1939 1621 932 2648 422 1516 1546 2481 665 320 345 1454 1321 2067 1324 477 2530 127 996 1719 516 1145 157 2508 2801 99 577 2318 1446 2071 632 1101 961 1859 2452 955 924 1349 1095 697 1242 391 2156 1872 1630 1694 1487 1415 2168 1411 2432 2260 897 1409 2584 388 2619 957 71 2450 975 174 2616 2253 2246 2002 1906 2781 499 1661 1098 1637 698 2661 2229 2473 1664 2212 1294 1327 2219 2515 426 2755 2710 1879 2222 1763 827 1419 400 1491 1800 1889
000306.jpg,2202 1914 2745 88 1447 44 1103 16 2190 1483 1469 1116 576 1476 2547 1713 1224 1996 1304 1672 596 1714 1620 1749 2317 2785 60 2111 2441 824 1999 2700 95 983 683 1856 1838 761 1057 1990 2827 2437 376 1482 132 1073 2180 777 832 689 1091 1836 2422 1451 366 465 1727 2129 2555 1176 2321 2016 2112 762 2327 1773 1178 603 1113 310 940 1693 291 614 1147 2523 2737 2442 2116 695 2281 47 1004 949 2249 1795 1535 1410 1318 1343 861 830 441 2374 1298 76 1353 2000 1722 1346
000307.jpg,1753 1125 2772 2478 2777 2077 2015 1834 1252 18 951 2818 1759 70 2757 1557 1842 2663 315 2 2622 601 1165 2561 2302 688 2510 1390 767 1391 1186 2315 2685 2314 431 1980 1035 191 1235 1839 277 2323 1443 126 2409 1323 1413 2624 646 2748 2161 1333 1767 1798 2644 1951 2686 426 727 578 990 1306 1928 293 1175 1869 1451 2320 2000 1073 1558 589 2702 2242 1166 2149 1361 2656 485 2072 395 2054 522 1334 658 2653 2016 1106 1559 1114 529 1959 614 803 1833 2276 1137 889 2759 714
000308.jpg,2649 179 1369 925 2050 712 2130 1190 1644 348 2515 2454 1405 550 2501 2648 169 1983 1663 2837 1092 1934 489 1328 260 2528 1870 26 312 943 2411 2714 1045 59 2574 735 2707 305 2817 2389 2742 2011 480 1135 1545 1617 1407 221 155 1146 524 2439 2088 900 1656 2832 2084 1090 562 2801 1202 4 2044 1486 556 1417 1544 674 2241 1082 1782 463 635 947 1437 2698 1649 391 1852 274 1624 1710 1308 1274 1473 645 2610 1381 1003 2826 51 1912 1763 503 1598 2769 2473 992 296 1503
000309.jpg,1514 2481 1112 638 1324 697 1270 665 30 557 2616 718 1694 2801 787 2662 1446 454 958 2002 143 71 1939 2517 2013 1445 1630 1258 1129 1295 810 2138 932 167 1294 2460 1411 969 1815 2271 2755 352 20 1811 1440 1360 2584 2529 375 2619 2635 1684 2473 2466 2595 473 795 1326 1520 879 403 2339 1863 1725 195 46 1101 1284 1456 2222 147 2363 1059 2351 1653 798 1698 2175 2185 2187 388 1556 2128 306 1095 425 608 234 2208 223 127 386 1807 2223 2213 892 2508 1355 2338 1061
000310.jpg,2649 663 1369 348 2538 704 550 179 2418 925 480 2155 2769 516 2454 1576 1758 689 2125 1665 1348 1859 2714 2004 1870 493 1538 210 26 2324 1453 1861 57 1551 1193 2581 1575 570 2206 712 421 2050 404 2174 1580 294 2493 280 1901 2699 884 2229 2130 2838 1792 2260 1377 1169 793 1092 746 2327 260 445 1930 228 2211 2376 1609 305 1601 1197 1490 184 2659 2019 1194 1045 1358 895 499 2080 2626 1716 2456 2330 1190 2123 2241 524 934 1482 1983 1724 1234 2186 2046 1664 2646 784
000311.jpg,2576 1925 1982 352 2269 1549 2094 1122 299 1078 2776 2797 2473 2139 2811 879 428 2833 641 1421 2403 2092 160 1539 2460 667 1735 1530 537 2677 264 557 594 891 1619 2266 1480 1242 1660 1863 2255 2455 2709 2175 1994 2844 991 223 687 226 1295 2168 2484 1814 1939 573 1267 1338 2371 924 2385 1807 2128 1294 867 2215 888 2661 400 127 2109 2503 837 1815 814 1862 2132 2607 2731 23 827 396 531 267 1 244 2278 317 2635 1661 1088 2036 1221 1816 1525 444 2481 2338 577 598
000312.jpg,2202 1914 88 2745 44 1447 1103 2190 16 576 1476 1483 1469 596 95 2547 1749 1996 2111 1224 1116 824 1999 1856 2441 2785 1713 1304 1672 2317 983 1620 1057 761 60 683 1727 832 1714 1838 1073 132 2827 2700 2422 1836 2555 2437 1990 777 465 376 1482 2180 1147 291 1091 1176 1178 1773 2016 2281 2129 1535 1410 762 1693 2523 441 2495 614 695 47 230 1795 1113 2112 76 310 603 2374 564 2116 830 83 861 689 940 1451 2442 1298 1004 1318 1353 2695 949 2737 1336 2518 2327
000313.jpg,2825 447 2766 137 1606 2558 2728 2135 2741 2207 1056 1212 2736 1944 2220 165 1055 1463 116 1931 899 494 725 2089 2526 2813 2435 1899 146 2719 2248 1134 2057 1126 2569 804 2319 1067 686 2051 1935 2041 1223 97 2708 442 2382 1433 1825 692 1897 246 2438 204 1547 2683 939 329 682 677 948 2291 574 2294 2292 2842 1185 1937 1592 2580 647 2511 2393 1874 2305 491 657 2704 1639 2183 1130 1076 1362 2286 722 79 2665 249 1777 1640 1441 1464 2598 2436 2639 255 1942 2445 1876 482
000314.jpg,2210 13 640 2520 828 1272 377 2083 323 1754 1038 2578 332 2828 933 2671 1686 2421 142 2743 1033 1393 1562 2047 289 1910 802 1049 21 672 1888 2078 1890 886 555 554 932 417 1374 1329 1949 1418 340 78 1431 176 1588 1430 536 429 2602 865 597 1041 1668 2451 1492 866 2668 432 2029 427 121 988 1553 1337 2428 2384 733 2108 2839 1065 2032 193 979 964 302 1132 2629 1429 2324 1256 1053 370 2415 569 361 292 56 878 868 2120 698 2227 1398 681 1793 220 2570 955
000315.jpg,832 1693 310 1786 2656 954 2149 1743 1257 1451 2441 1106 2129 182 1971 983 2016 1559 2700 2737 1773 2827 1298 2540 1116 2409 1836 1685 1900 1713 727 2112 1343 1224 1361 576 1535 2190 1434 2542 364 940 63 1137 1593 251 95 1513 1004 2202 1672 1558 1914 2072 803 2000 737 374 2040 132 1714 1103 824 1334 1333 2745 789 581 949 1346 2437 614 596 658 1856 436 1019 215 1990 1353 1357 1427 1176 1996 1306 1483 589 1230 617 695 291 44 2547 1795 328 1928 1091 1161 2787 407
000316.jpg,2386 2116 1726 2442 762 2678 181 2522 2263 644 2562 1064 1083 894 2720 732 1315 636 1880 1198 1336 1802 1318 2831 1251 1960 2761 620 2498 2554 2374 419 96 861 1632 1927 2197 2153 2056 1032 387 1364 1365 300 2401 1797 1458 1013 327 2807 2705 2476 45 2160 1702 106 856 171 1536 2079 1205 2608 592 2030 2612 1596 2111 1687 2572 1371 43 2141 333 689 133 1866 2571 1171 189 183 844 2457 2760 1661 2688 1217 1113 1856 1907 1400 1183 88 2278 2203 493 236 2503 596 1525 2591
000317.jpg,1369 2538 2714 348 2454 2769 2649 925 663 1870 26 712 179 518 480 550 445 1045 2050 2840 1422 2241 2130 524 305 1328 2501 2011 2626 1983 562 1644 1617 2721 2650 1172 1993 1453 260 463 259 1901 735 2004 2646 1092 977 168 155 1569 1441 1552 2044 970 2544 715 1934 1276 2574 2411 1190 1576 2084 1253 1796 489 2358 440 1624 2375 900 2826 645 59 1710 1486 2433 2088 312 188 516 1878 987 2676 294 2528 1758 2817 611 1627 563 1405 2287 1752 793 2148 2652 51 1414 674
000318.jpg,447 1944 1056 137 2207 2842 2813 2825 2766 1547 2435 1606 2728 2569 2558 1937 2057 146 948 2382 2248 2511 725 2294 899 2683 1899 116 2135 2741 1592 2438 682 165 804 1223 1076 1463 494 1055 2068 647 1212 2393 1935 1464 2580 1134 329 1874 204 1825 1067 2708 246 2665 2291 2736 2639 2286 1639 491 1841 2719 686 692 574 722 2305 79 939 2220 2526 1185 2319 2041 2292 1433 2089 2440 677 1452 1126 1130 271 1897 1931 442 2183 1942 2427 2704 1408 482 1757 2506 2258 97 2037 1771
000319.jpg,730 338 1511 1969 2516 1165 2302 1466 1442 1526 538 1390 1325 1670 1557 2763 709 2622 1005 336 1454 2746 2219 253 1498 191 1379 2290 1243 2151 1007 2102 1581 1779 248 855 843 186 1079 742 1455 1020 1992 870 1707 2730 2788 1142 598 881 1073 2549 1311 1424 593 1573 648 1516 800 544 717 112 2830 1309 1174 678 2742 1236 2680 2560 1385 2251 749 2364 1255 2145 2380 1110 568 882 2809 2267 1068 1323 1894 1555 1499 1010 1759 688 2243 2535 2757 2134 414 2492 2299 435 1869 2624
000320.jpg,2048 1768 1221 1744 690 2677 40 285 851 1570 1537 1397 1922 1232 2502 2203 865 629 2494 2324 1949 1605 244 1272 420 270 1616 1080 640 23 2761 1137 2162 2489 2699 2152 614 2768 2726 1754 1198 2210 375 1740 1960 1108 2520 2841 1115 13 2421 646 844 1953 1038 1333 2691 1144 2620 1661 1763 1603 510 423 2128 281 1326 1175 1916 1846 820 1477 2571 1139 2323 2666 2263 2363 2508 594 2561 2179 2460 1061 1696 1113 1519 1541 1685 2000 182 650 1426 214 2115 953 485 1502 1738 933
000321.jpg,1515 1602 844 244 1605 609 420 2457 1397 214 1139 1953 5 1696 820 2115 1603 509 1221 690 1426 1537 2768 2152 2502 22 2751 1766 807 426 498 629 1616 1949 2230 558 1858 650 1849 2566 375 1214 2725 1171 707 2408 1570 2464 1108 466 80 1597 2366 2413 1541 1726 1768 148 1296 1889 2666 2348 2572 2620 270 1265 2841 1113 2079 2048 757 739 424 2295 285 1916 2197 510 2354 1269 135 2591 119 2678 1326 163 1689 640 1723 2014 1529 2404 1448 388 213 2160 2109 2533 2448 300
000322.jpg,2552 2500 2181 175 523 2819 849 2370 505 587 2365 1896 152 2674 2283 705 2177 313 81 2527 238 2689 2119 2716 2822 847 2479 734 1885 458 1827 367 2279 1708 120 1991 1852 1182 2610 699 2173 633 999 28 1829 2681 2191 1741 2565 2592 726 1955 1314 1273 467 1650 235 1216 1746 220 1240 1010 2799 2531 1532 2765 261 2534 1376 711 507 53 1164 1111 2597 1774 192 504 2052 68 2789 561 1117 314 2396 1503 1823 602 2099 2322 92 216 968 159 2017 209 354 653 330 963
000323.jpg,2116 1083 762 689 2374 181 2386 1336 2442 2807 570 1315 1318 2522 644 636 2111 2678 2263 894 1013 620 2141 1726 2720 861 1702 2562 493 210 732 1365 1093 1856 1665 1064 2160 133 1632 1914 2831 2079 2056 2401 1758 1797 104 2554 2761 419 150 1251 106 1727 2278 1960 1536 2441 2153 294 1198 1525 88 856 96 1792 45 1113 310 2838 2197 2612 2705 596 1927 2737 746 1661 793 2125 300 2591 1217 1019 1880 43 1364 387 592 1032 57 333 1898 2498 1205 516 2572 2418 2623 949
000324.jpg,63 1898 1683 1785 545 1883 2114 1228 251 1353 617 1093 1019 2759 2546 1631 374 407 1743 1333 1161 1394 2542 581 1513 1801 1685 310 2277 101 576 1334 1693 499 1427 1300 658 1847 1087 1773 364 132 2504 483 2409 1230 1115 803 529 1166 737 2000 727 1106 695 341 1928 1971 2149 1558 465 2381 328 2113 2700 2579 1257 895 596 2827 182 1561 789 1176 95 1091 898 1213 436 1900 1559 1996 1590 824 34 2656 783 2422 2644 1137 983 2323 2547 1786 614 2129 1306 2242 215 1224
000325.jpg,1324 2616 795 1112 1892 271 2584 1677 1615 1771 195 892 2801 223 2212 30 1327 665 2481 1698 2635 2440 2223 1694 1942 1411 46 2037 391 1618 1445 2473 608 147 349 2158 2838 1540 1258 2002 638 2662 1524 1763 2625 307 274 1998 1630 2648 1129 2138 1408 1332 1101 2595 1811 932 1571 2727 810 2168 787 2427 1278 741 2340 2755 1088 2100 697 2372 600 2597 2004 2466 1060 203 1584 1433 1653 2573 1135 1270 2486 939 1904 1446 2255 220 2338 1 1201 994 573 1520 2208 2631 649 1514
000326.jpg,2755 2045 1584 2023 2622 258 1557 770 747 315 2150 414 2255 2757 1980 882 1759 1904 1479 1390 2315 1338 1088 1466 730 123 2507 2387 750 1199 939 714 990 2709 334 1433 2481 688 1101 1320 1450 70 1844 1073 2702 870 768 665 2302 338 709 1391 2685 2219 907 2543 502 997 903 1325 2138 2425 898 372 1969 349 186 1366 519 1221 1201 1165 2445 32 2158 2092 270 601 1834 2811 18 1511 1815 403 2476 1442 2624 961 378 2168 1992 2719 1114 1622 1294 1811 544 2717 1446 359
000327.jpg,2765 999 314 726 2059 2236 1475 209 2173 580 31 780 484 2715 52 2244 326 1050 159 2396 1378 467 786 838 356 296 478 390 2429 53 1787 1929 363 2301 1465 464 1039 2280 1967 1932 1912 1022 1568 2053 1008 1317 653 2698 2017 1730 456 806 1503 534 1282 2806 1024 1635 1262 1274 1273 1755 1662 1481 758 408 1140 295 1124 418 455 192 120 389 799 2407 268 1187 1011 2565 1143 1275 1706 495 207 27 805 241 331 2531 2025 2232 1715 139 2693 290 2794 216 1395 1293
000328.jpg,1076 2305 2286 79 2813 2382 1067 2294 1547 1935 1937 1055 137 1464 686 1639 2842 722 2393 1212 1452 948 2511 1463 2319 2665 2248 2766 2135 2068 2041 1223 1944 2741 2580 1868 1777 2292 116 2598 692 329 140 804 1134 246 1185 1126 677 2719 491 97 2736 899 2436 146 2728 2291 442 2683 1606 1056 2708 494 2825 12 2569 2057 1592 2445 447 2440 165 1408 1942 2438 657 271 790 2639 204 574 2558 1874 217 1962 2435 1130 725 1473 939 682 2037 1771 526 508 647 1721 1677 1876
000329.jpg,1557 2315 2622 1980 2685 2702 1759 1753 315 2757 1125 601 2772 2499 1165 2478 1390 137 1868 1055 1834 1185 2683 79 508 2302 1547 1212 1944 2015 2294 12 2077 2382 2319 140 18 1252 2777 2741 1942 526 2813 70 864 1067 688 994 1076 598 2665 1677 2766 1842 1721 686 1473 767 1126 496 1935 271 1134 2286 2041 2719 1998 1876 1408 2051 2440 2842 2580 2736 2506 531 769 2639 939 745 444 191 2663 1463 2511 1056 2037 2535 2 1186 1223 2305 2068 1452 494 2436 2598 1937 2291 1820
000330.jpg,1453 1496 2713 1636 1316 1901 1860 2433 2556 2272 201 2309 1490 2241 2545 155 1965 1381 1840 64 562 2721 1569 497 645 1586 715 48 1658 2034 100 439 2628 2376 2815 2352 1948 1796 2836 305 440 659 2046 2826 1544 992 1649 563 1054 1422 134 1782 1444 784 2011 2088 1148 900 168 486 2213 1051 194 51 1640 1623 2767 260 947 2337 1218 1663 712 2650 445 231 1752 747 1416 2439 1486 2050 2001 735 1046 59 1045 1679 1362 319 1123 518 2133 169 663 674 1897 1986 2076 2707
000331.jpg,817 2528 2817 2411 1926 1656 188 1644 1386 1624 611 547 1319 2300 1934 1545 221 2270 2790 2082 463 1405 635 1407 943 1102 4 987 556 2501 85 626 1710 1993 312 2832 59 712 1788 1752 2011 2044 2389 826 1489 1737 1552 197 900 2419 2840 1983 1146 2515 2367 860 445 2375 606 1417 613 2574 1617 1045 1701 1381 1658 2626 2454 1782 51 562 925 305 2084 2439 559 2544 134 1422 2477 1369 1486 283 659 1190 260 178 2646 1181 2631 155 2584 550 489 1328 1208 1029 2241 2069
000332.jpg,1453 1490 2713 201 1860 1901 2309 1569 1496 1636 562 64 2815 2721 1586 155 100 1840 1965 715 2376 2034 497 2241 1381 305 48 137 2272 2433 2545 168 439 1640 1948 1796 1316 51 1658 1986 2135 784 747 440 204 992 2352 2046 486 1212 2826 1944 1051 645 563 659 2337 79 2213 2556 1148 2007 2248 663 2836 1623 1067 231 1362 2001 1054 1782 2088 2708 116 165 134 725 319 1056 2813 260 1841 2036 1046 1897 2382 1123 1444 1601 2842 2628 2076 2732 1544 2305 1757 2068 2130 1464
000333.jpg,196 353 98 869 2081 2460 1625 2363 910 2361 69 2331 1819 1042 2256 701 776 2103 809 2264 1864 763 2067 2101 858 919 224 2677 1541 820 2778 1245 2048 2150 1963 781 252 646 2225 381 1598 879 2473 1354 1519 1769 1402 285 1480 2709 2132 1949 1851 752 1477 27 952 1546 594 276 413 1188 930 2718 301 1768 392 511 771 244 282 1170 1511 2420 2054 2311 2823 1221 1643 765 2017 567 982 2723 1140 2175 1063 1344 467 2318 1973 1746 2500 2228 153 2681 128 1667 1501 2065
000334.jpg,659 2501 2044 188 2011 547 155 611 1319 2241 134 1934 992 1386 1782 2046 556 987 1422 1993 1381 1617 2439 712 2411 2433 2836 645 85 562 1308 2528 1405 1658 1544 445 1983 2556 2545 900 2389 1649 260 1901 2419 1029 1045 64 1545 1878 51 1486 305 1552 312 2088 2574 1840 440 1190 2817 635 1082 1054 626 1636 201 624 4 2034 1644 1006 1428 463 1586 2082 1656 2270 111 1046 48 1752 274 2832 224 2001 1569 497 1484 586 943 2713 1796 2272 1423 439 2631 1501 2837 1496
000335.jpg,2171 2043 650 2666 2810 2643 2816 1702 1260 1227 1916 2346 759 1891 285 922 2841 1603 475 620 807 820 1723 6 1221 732 1605 468 181 2502 1858 582 1083 1541 1882 1797 375 1397 1610 1570 2152 510 420 1153 1456 546 690 2216 1188 2194 411 2261 2468 1015 2678 1502 1763 1059 980 2751 1807 1744 2179 1080 2313 669 2768 1524 148 991 2168 1697 2567 2167 2128 1884 636 844 661 1703 1326 1696 163 476 2230 1214 335 2726 459 1295 22 1637 1061 1515 2079 334 2425 2476 1139 829
000336.jpg,942 1331 2600 2085 1673 1495 1614 1017 1705 1739 2458 2660 1002 355 908 1554 1518 1681 1565 1384 1370 2664 660 813 54 243 2796 1031 984 542 487 966 2257 1105 1676 2259 1000 1978 1287 1290 631 1853 360 2782 1419 1396 2140 50 791 1695 1893 2696 2282 2803 2369 2543 710 1301 2262 1058 320 2596 1119 1508 852 1906 2093 607 451 392 921 519 2064 186 1516 1742 2392 1567 394 2420 2147 2341 1479 94 1879 2318 1455 1613 1200 937 301 235 1604 2219 253 1909 1237 2331 1991 709
000337.jpg,2494 1198 117 1184 1371 104 2132 2263 23 1502 1139 1922 1205 327 2359 2677 543 2179 1616 594 2203 1183 84 2303 1953 474 941 265 396 40 1979 1960 2841 1525 1973 1659 2109 658 423 1987 1113 1763 2048 244 1423 2791 851 815 2115 481 1170 589 2572 2348 907 1768 2761 2503 214 466 1696 281 298 1661 2141 2656 205 636 270 364 1687 106 1400 150 2291 2278 1175 586 614 727 1536 1333 796 1036 1866 1693 1519 572 2579 2691 1798 2535 413 2823 1343 485 1501 531 1144 1080
000338.jpg,4 1146 1545 1407 2389 221 1624 943 1752 2270 2817 59 2411 2790 312 2082 1405 2528 1934 1102 826 1644 1656 1737 188 2832 1926 556 283 613 635 626 2367 1386 266 2501 2477 817 2300 1202 2515 547 2069 987 611 2574 1319 1983 1190 2044 2011 85 1414 1552 1799 1181 2419 2675 900 463 260 651 2840 795 1486 2530 996 1369 2439 950 1993 1489 712 1710 559 1092 1988 2312 674 606 925 527 2626 1587 2084 2801 2133 1411 489 2433 2544 2676 1208 2584 860 2556 2424 237 994 345
000339.jpg,70 1834 1759 2757 1125 1753 2561 2077 18 2777 2772 2478 1557 1842 2622 2015 601 2510 1252 431 1390 315 2 1035 2663 951 2818 1839 2323 2302 1165 2644 1186 688 1391 395 1798 2409 1443 529 522 658 1166 767 374 898 2314 1333 990 2624 1427 2040 251 2242 2759 727 714 1928 364 589 485 2685 646 215 426 578 1306 1235 1558 1137 1394 1801 1938 2381 2315 436 2540 1334 1343 1207 2149 1230 1323 2686 2504 1951 962 126 2072 572 1900 101 502 1833 2667 1980 2016 2277 1175 1767
000340.jpg,1948 1416 1096 1496 2272 2815 1051 1316 2721 1860 201 1965 497 2556 1586 1381 64 1569 1658 2628 48 1782 2545 2309 2713 1636 155 1218 2352 2241 1362 51 2034 305 1796 562 715 1897 439 2836 100 2433 1054 1453 194 1544 1649 2135 747 1840 1640 137 1757 1490 1901 1617 1606 1623 2650 204 2439 2376 1679 645 1993 1212 1261 1422 1045 2011 2046 440 712 2387 231 1944 116 2741 168 1029 804 2842 2735 899 169 947 1663 79 1547 1328 2755 1444 992 1067 2686 319 2825 246 2248 2708
000341.jpg,1649 1444 1054 947 2836 2707 1381 1663 2011 1679 1623 1328 645 1782 169 1658 1544 2241 2837 1045 2767 712 1029 2628 440 2050 1422 445 1617 735 2130 2439 2352 2840 155 51 1993 2735 194 134 2826 1636 900 1552 201 674 463 1640 1860 2046 1840 1586 2133 992 59 260 1948 1218 319 769 1796 497 1307 965 563 1437 2713 1486 562 2815 1757 1208 305 1416 2545 1496 2650 2309 197 2076 1253 1710 168 1752 64 48 179 2272 550 1261 1775 2312 1569 489 2721 2088 1545 2287 123 611
000342.jpg,2649 26 1369 348 1870 550 2538 663 2454 925 480 2769 1576 1276 793 2418 2714 1859 1861 179 210 518 1716 57 445 2004 2155 1193 1092 1983 228 2461 1030 1377 1665 1758 704 895 712 689 168 1590 2581 516 1575 2206 421 1724 2050 524 2241 1234 305 1473 93 2501 1172 294 59 746 2198 570 2229 2809 1358 2327 1348 1034 934 2011 1072 1901 2574 1453 2456 2659 2130 1551 970 1045 1392 2205 2174 720 611 2721 801 977 2840 1664 1328 2125 404 1765 170 463 1776 1056 588 562
000343.jpg,1487 1763 1471 2261 2494 1616 1308 1006 1696 924 909 1596 115 1082 594 2115 953 2535 1949 1137 815 922 37 1186 2562 941 334 1953 586 2677 2194 244 614 1462 1227 2448 2720 2109 1880 1802 423 2772 1391 2498 325 84 745 1537 2841 1323 2503 2823 485 1502 2688 2569 466 300 931 2260 1166 1306 335 214 820 646 391 1591 1477 658 1560 676 43 971 186 750 727 2478 1080 690 2573 1090 1400 1995 957 2048 2648 443 1390 2624 1768 1987 2323 387 1199 23 2571 1073 1232 1889
000344.jpg,5 2662 1863 557 2635 879 2363 2198 1776 349 2460 1081 583 697 2659 1862 1196 2327 1432 1615 147 143 1575 2456 885 400 2184 931 1358 2671 306 1576 2123 1345 46 2444 1821 2321 2206 2595 1571 2703 1551 827 1609 669 798 2661 1724 2672 1807 2036 391 2175 2340 1350 2234 1509 1792 1276 2215 223 57 210 1720 2418 1107 469 642 514 1811 1192 1014 1748 1540 2801 1538 1242 1295 687 170 1877 2128 1698 2158 1684 842 1514 2332 2345 287 720 1630 2174 1030 1114 448 2212 1195 2605
000345.jpg,1944 2580 2135 1055 137 2741 2813 2294 2248 146 494 1212 2435 1223 899 116 2766 2708 1899 1463 1452 1777 2057 1185 2382 2728 2842 1056 165 1547 1076 686 1464 2558 1935 1937 2286 1606 2511 447 948 2305 1874 657 2825 574 722 1126 2068 1067 79 2506 2736 97 725 2291 2665 204 1639 2683 2393 692 1130 1868 491 2319 2438 140 2207 2292 2719 329 2041 682 647 1134 1771 677 442 1986 804 1757 2639 2569 2625 1942 2440 2037 1940 1897 271 1640 1408 246 1677 2598 1825 1841 1592 994
000346.jpg,143 2363 2460 1863 1807 2517 879 557 1129 1295 1373 2529 1549 2215 820 842 669 372 1982 1925 2298 1698 195 1514 1541 2139 2466 1122 711 505 2810 2223 2771 1884 991 386 980 2844 28 641 1824 1494 262 1652 1684 444 458 375 2187 2372 796 2185 2001 798 2524 334 2833 2541 1827 968 2749 2500 2635 2198 633 2273 1862 2654 1059 306 1440 1811 1432 1524 807 922 1619 790 2171 264 1071 697 602 2703 5 473 2717 705 2801 152 888 1227 1267 41 313 2385 1697 2043 1803 2484
000347.jpg,1694 2584 2185 30 2616 1411 1446 665 1294 1445 1129 1939 2481 787 122 1112 810 2801 638 1324 1514 2631 71 448 1258 454 298 1630 2468 1440 1684 51 372 2755 795 1360 2023 1270 2168 562 2271 1584 2138 1267 2529 1291 1238 2303 697 807 305 1863 2208 1610 2013 386 2595 718 214 2677 155 2030 629 267 932 1545 1284 2619 1456 2662 349 2246 223 396 2783 2011 879 1015 924 1640 2268 547 2567 2002 2213 1095 1661 1973 2338 922 669 1520 1260 1698 1619 770 1815 459 2791 59
000348.jpg,2515 900 1710 2084 489 1878 1983 1190 2544 2424 675 559 1414 1208 2419 1486 1737 4 259 2133 606 613 1752 906 1627 1319 674 817 1046 977 1437 2626 2477 188 611 2011 266 260 2817 1092 987 2574 1123 1545 1405 626 134 1428 2646 2826 547 1848 2358 1417 992 978 2200 2148 2312 630 1468 2046 2270 2840 463 2367 2088 2676 1386 2652 1307 2082 1146 635 2753 1701 562 826 1788 943 524 445 59 659 712 283 1489 2783 1552 221 2389 2241 1253 2069 970 645 1586 2707 950 556
000349.jpg,754 2756 1448 2320 757 135 119 1728 2413 2615 1231 1265 80 426 2295 2021 2533 1296 1149 558 2143 1383 24 1478 1804 1597 1689 2638 967 695 2408 213 1269 2354 739 2430 2024 293 2673 29 1533 2566 1984 634 132 2784 983 1394 2827 707 424 184 1883 1849 1945 286 2172 1176 251 1427 529 1743 2323 2759 1898 962 658 1166 646 2472 218 232 2277 1719 1312 520 1798 2644 2054 898 792 304 91 1889 1867 540 1353 545 789 1087 1333 240 1207 498 1213 310 1334 466 2381 1722
000350.jpg,364 803 215 436 2040 374 101 2381 989 2504 1900 395 572 1230 2579 2238 2759 1786 1971 766 1106 2644 737 251 1559 328 529 1257 1798 2656 1693 1883 962 341 1357 1213 1361 1427 789 2546 2066 2149 1394 2113 926 581 2323 545 2242 1115 1389 2540 1951 1451 1801 1306 2784 1353 304 1333 1161 1683 1137 63 2178 695 1818 1513 727 658 39 646 824 1091 2114 483 132 898 1334 1343 589 1166 564 2409 1175 310 1180 2000 240 2542 1785 714 485 1300 2787 293 1207 1019 1847 1773
000351.jpg,557 879 2363 2460 2517 1619 1863 1514 2529 143 1684 1129 2298 665 1816 30 669 1925 372 1446 1366 2139 2168 2481 1294 2318 1324 2524 414 638 448 2801 1479 787 1267 1440 298 796 1521 1982 718 1112 932 1 2619 1939 2791 969 2616 2709 1242 2138 2387 1520 2727 234 1456 1824 20 2185 1049 1480 2132 2268 46 1549 205 352 2635 1122 1445 1811 551 795 1630 2473 1360 454 1200 2541 2468 1698 275 2833 1295 922 2187 1284 2215 697 1258 2844 1807 396 2092 747 810 1862 2271 2104
000352.jpg,188 1319 4 611 547 85 1983 2574 943 556 221 1386 826 2755 987 1934 2045 1405 463 2419 2670 2528 1407 2411 1102 1993 2626 2501 2044 1146 2270 2790 606 2817 2011 2023 1545 817 626 2544 1788 1926 2307 2515 1552 1617 2300 1627 2082 2358 2646 1428 712 1181 900 2530 996 1644 2676 1092 1656 134 1190 2800 1486 622 1046 1737 178 59 635 345 2344 2389 260 1752 613 1584 2564 1710 1029 906 2397 674 1848 312 1414 2724 1208 2287 2133 1624 74 1422 527 266 977 2084 489 1151
000353.jpg,1518 631 1290 2282 1909 1567 1017 2796 607 1981 2596 2392 1237 908 921 2140 451 1613 530 446 2064 2543 1301 2093 1978 942 2049 1119 1058 1331 2085 2600 186 662 1879 1384 1614 1155 2458 1100 1002 984 1516 538 253 1404 124 1673 1495 660 1808 394 2262 1604 1554 1742 1688 2660 487 2559 1519 2618 1681 2274 1454 813 243 355 870 709 1491 1705 2636 1105 1745 871 2074 2722 1853 72 2577 336 966 2219 855 1165 1455 1089 1000 2782 172 791 1396 800 1020 2530 2843 996 843 1872
000354.jpg,712 1328 1623 900 1054 1489 1417 947 1782 1486 2050 1663 645 1437 2826 1444 260 1381 1679 1710 169 2707 2011 559 1045 1658 2836 1307 1544 1649 860 2837 2241 440 715 134 1208 155 2652 1796 1701 2076 1617 2545 2130 2767 2439 51 563 735 2419 1422 2034 2721 562 674 1386 445 1993 305 1029 1552 1261 925 1405 2713 100 1545 547 1218 1369 2515 1569 992 463 2628 2082 2084 2433 2046 2133 1878 2424 188 611 2817 489 1627 1586 64 48 2088 1319 906 59 2528 2270 497 817 1640
000355.jpg,1525 2263 2807 1536 1280 150 1083 1371 1318 636 2278 2761 2623 1170 2374 2386 1198 1205 181 1768 2572 1659 2141 1726 265 474 1702 582 42 327 1380 2678 1973 2048 905 1697 1084 2168 1184 1979 546 2247 1802 6 270 1960 1183 2203 592 2222 732 2132 2468 971 2359 2303 117 1113 2591 2030 1093 1661 1139 2348 2317 2324 1502 281 300 814 620 40 762 2734 2498 2503 1570 2841 2562 2473 851 1953 2705 2442 148 1090 294 490 1596 844 543 2514 907 1458 2179 1797 1696 1882 106 104
000356.jpg,610 1634 1573 1309 2830 605 1040 365 2560 717 435 1133 410 1424 811 1581 1110 1966 2151 1020 2746 2788 1379 1794 112 1243 210 855 2251 843 1783 2730 2196 1142 2005 2290 673 1072 821 2327 648 1311 434 535 2492 678 1068 1131 1005 94 881 2680 1279 870 257 1516 749 248 1276 774 1665 1575 1498 2549 2417 937 1007 1670 538 1377 742 2519 544 2087 1169 2456 1936 570 2125 2697 2299 1194 1576 1358 1138 1968 1800 793 1871 1731 1174 2418 2377 797 568 294 2243 800 934 1913
000357.jpg,1681 1705 2600 1695 487 1000 942 2664 1853 1739 2085 54 360 1893 1331 1614 542 1673 2369 50 2259 791 1287 1508 1031 2458 1384 710 1565 337 2803 966 2782 660 1742 2257 1370 2696 1770 1017 1518 355 2796 2543 1495 1290 243 607 2282 813 1554 2660 381 1396 1105 2618 2596 2064 1002 2093 921 908 631 2559 151 2262 1058 781 2140 2049 2341 1909 1301 1271 1991 1920 2711 1978 2460 1211 809 1823 235 1906 394 114 1613 1240 367 2132 852 2306 2549 1174 528 2363 2364 2420 1854 2527
000358.jpg,1274 1127 330 1532 296 772 2099 1961 356 1704 326 653 494 408 239 1282 238 721 1262 200 1376 383 580 1780 2057 1339 28 1335 503 2794 2396 711 2316 1647 1956 209 2028 1972 1899 1917 1011 31 1472 131 838 574 1874 532 2052 2017 2091 2248 290 159 657 2652 455 2438 2479 618 1506 2291 245 2813 152 1741 633 27 2592 49 2693 2402 2164 734 1692 1598 1555 2814 331 1486 1708 2639 972 978 2708 970 671 682 314 2435 146 771 1505 2148 1050 705 858 2062 533 799
000359.jpg,70 1125 2077 1753 2777 2561 1834 2772 2478 18 1842 1759 2757 2015 601 1557 2510 431 2622 1252 1390 1035 951 2663 2818 2 315 1186 688 1839 990 1165 2302 522 1235 1323 2323 1333 1391 502 578 297 2546 395 2314 2644 2624 529 103 1166 646 767 1798 2759 572 1443 1413 2471 2040 1115 215 364 1389 374 2022 2601 1821 1427 2161 1114 1801 2178 2409 962 658 2504 436 1928 426 2242 101 2686 1845 126 1213 2113 2315 1394 63 2324 304 1908 251 545 1230 250 898 359 2238 485
000360.jpg,352 2460 557 879 414 2648 127 1349 573 2363 2635 2481 511 665 1258 2709 969 1939 223 17 924 2094 2573 2168 2661 1816 1615 685 1200 2138 317 1502 594 2535 117 1446 1520 1 1480 400 827 1619 537 220 2468 2338 1338 1294 1698 205 2340 2223 147 2132 46 1025 1366 1763 2473 20 2222 265 2212 1327 2597 1979 2179 1815 2616 961 459 2175 1530 1421 1571 1078 396 23 1242 2486 846 2801 2820 1618 1863 1456 298 2791 1660 2203 745 2425 913 2303 167 2835 907 1540 325 1170
000361.jpg,1752 221 1102 943 2790 4 2817 2300 2367 817 1146 1656 613 2270 1545 1926 2411 2832 2389 1386 1405 312 635 2082 188 1934 611 547 1319 1624 626 556 826 987 59 2069 1407 2501 950 2528 1737 85 1644 2011 283 1316 900 2044 2515 2477 2433 266 1486 1983 134 260 1878 2375 433 2133 489 1552 1422 1993 2084 1788 559 1208 1627 712 1710 2652 2544 2419 2439 1414 1190 1437 2837 1489 2840 2556 1658 2574 463 1496 2836 155 1381 606 1663 2241 1636 2631 675 1796 674 2312 2454 2826
000362.jpg,1801 2644 529 2323 2277 1394 395 545 1839 962 1333 1898 658 1334 1230 2759 1798 1631 1683 572 2149 1087 2242 695 1558 2656 1207 63 251 1035 2072 2381 2022 853 132 1343 589 1306 426 898 374 2113 2317 2579 1298 614 803 1513 558 2784 1689 1847 907 727 1427 240 1213 2561 646 2508 2128 714 1137 1161 304 949 2510 1326 375 1353 22 1685 1093 739 1883 431 789 2178 198 1175 1451 473 1693 1176 1786 1561 2504 761 1971 1312 2737 1426 2295 1214 2000 485 1304 1125 1753 2751
000363.jpg,1779 1385 2763 1992 2145 2102 773 1007 1511 742 406 1969 1165 2302 1442 191 2516 519 1707 1526 1138 1800 1391 1670 730 709 578 1725 126 1645 315 1871 2622 2276 2624 1186 1894 811 1323 1473 1413 1557 2314 1767 1759 1325 1340 881 2388 531 2680 2757 1390 250 1499 338 2183 688 1821 2219 768 1311 601 1555 2809 538 1845 65 1079 1876 103 848 297 368 1731 931 2685 2667 59 1020 444 1980 598 112 248 434 1114 990 1581 1573 1608 1235 544 1747 855 1721 11 1309 1056 365
000364.jpg,802 142 868 176 1492 554 429 1431 555 1890 878 2078 417 36 2029 302 2668 2227 21 2743 866 432 62 979 1888 289 78 1562 1256 427 1418 1053 292 1686 361 597 886 2217 1699 1398 1393 733 1033 2384 1588 2451 1430 2333 332 2786 1553 2415 893 2108 1132 2423 681 199 2117 1065 640 340 1038 743 2640 2267 2629 1886 2421 2520 2578 2539 1236 193 571 536 933 2428 1429 964 1793 13 680 2671 2568 828 1374 988 901 672 500 1754 377 1266 121 2798 2380 2828 2031 2120
000365.jpg,1557 2045 1584 2622 2023 2150 2755 1390 2757 414 961 882 315 714 2624 1088 1759 898 2671 46 1928 747 1969 1073 990 426 933 730 688 123 1114 709 1616 768 1166 892 147 1980 1511 2219 853 2158 1087 2273 931 1391 186 2595 1521 665 1446 1294 502 270 334 289 2601 1095 1998 1904 750 244 1108 2255 848 2223 1587 1266 2717 2809 2183 2481 903 2471 1479 578 868 1757 1811 658 1323 21 2535 1442 1845 2808 2427 1325 1258 2709 1821 258 2037 870 2302 2409 1466 176 1366 2380
000366.jpg,1860 1496 2272 2556 1362 1948 1316 2433 2545 64 2713 497 1897 1490 1569 1757 2376 2309 1453 2034 155 1051 2721 1965 1416 2241 1381 2628 715 1586 305 1218 562 1606 439 201 1658 1636 1096 2135 2815 51 48 2741 2650 137 1901 2352 1782 1212 645 1623 100 1544 899 725 1796 123 2011 204 116 2686 1255 1054 2766 1993 1328 1261 1045 2825 440 1944 1840 882 712 1649 1679 1986 2836 1640 194 165 2708 494 2558 1422 547 447 986 2150 2046 742 889 2728 2258 1617 2842 2207 2439 1601
000367.jpg,1161 483 1513 240 2579 789 2784 1672 63 1847 1353 2504 658 1389 328 310 1300 614 596 2238 16 766 1178 1019 1773 2759 44 95 2113 1693 1683 2827 132 2441 727 1213 1883 1743 1996 251 2242 2190 1898 2000 695 1749 1230 1469 1333 803 364 589 2381 1087 1476 1091 304 529 1451 1228 1361 1447 374 1137 949 1971 2644 572 824 2540 1115 1427 576 898 2066 1394 2178 2546 2317 2277 2656 1804 2437 545 395 1176 1559 2054 2745 1106 1801 341 1558 1304 1951 1343 2072 2700 1786 2422
000368.jpg,1742 1331 1614 1237 1673 1105 1370 1384 530 908 2458 1290 966 1567 1604 1017 1518 1301 1396 1495 243 2600 2049 813 1554 2282 487 921 446 2660 2085 942 1981 355 607 451 2140 337 1705 1681 2696 1909 2796 2257 631 2093 1100 1058 1002 7 2064 54 1287 1613 1031 1271 2782 1565 660 2259 871 984 1893 975 1739 1155 1978 1546 2369 2147 186 542 1404 151 2793 2336 2803 2596 2361 1808 710 2392 1419 50 1676 248 392 360 2843 2664 2543 855 2274 253 825 1424 765 1853 1519 1695
000369.jpg,757 754 135 2413 558 2295 1728 1448 1689 1804 426 2756 2024 1597 213 2143 2615 1265 1231 967 24 2638 1533 2408 540 2430 1478 2277 80 2320 1394 2566 1296 695 1149 739 1898 1383 2472 1269 1631 119 2533 529 707 2784 2827 2759 499 2354 251 1312 1889 184 545 634 1984 1883 1945 132 2021 91 1427 520 1087 2323 1469 898 232 983 424 1847 1801 293 658 1176 304 1743 853 240 2366 1849 2235 1719 2644 2673 1333 1558 1513 1798 2054 646 1353 29 1161 792 962 1166 498 957
000370.jpg,1557 2622 1390 1073 2624 2150 414 538 2757 1980 1928 688 2809 1323 1166 1088 1473 315 2535 882 730 2045 1616 933 103 898 2255 1591 1759 2219 1998 709 2755 426 46 244 338 990 1186 598 531 1391 815 961 658 931 186 1845 589 745 646 714 248 270 2671 608 1987 2249 297 2427 2037 2601 2409 1618 2518 1904 2460 1969 768 594 502 1584 761 1007 1757 2151 2245 792 1462 1311 843 1114 2302 1450 2445 115 2323 2677 485 1511 2226 739 848 892 400 176 1992 65 274 2319
000371.jpg,338 730 1466 1511 1969 2763 2302 1992 2516 1526 1442 1454 336 1165 648 519 248 2102 1325 709 538 1133 2219 773 1079 2549 1498 1007 1379 843 1779 2151 1309 191 1020 855 1243 2290 678 1424 1131 717 1005 870 1385 544 2746 253 1670 392 2622 2145 1311 2830 1581 593 1142 742 1174 673 2788 1573 2560 1557 800 414 2251 2730 365 435 881 1634 1516 2680 406 1546 186 568 2243 1094 1966 410 2492 2364 610 1073 2519 1390 2245 1455 1682 434 749 1794 2709 1850 2518 774 2299 2460
000372.jpg,2743 2786 176 2227 979 554 1065 332 340 429 1418 1431 1033 1393 2029 2668 1686 142 2640 802 2539 2629 432 964 2384 555 1562 36 417 2333 597 1888 1266 1890 733 1337 21 2798 1132 1256 302 866 886 2578 1588 1429 868 2120 289 571 78 1492 2428 1070 2031 2078 427 361 1952 878 199 292 2451 1398 1430 2808 2795 1399 2520 2221 2839 2570 1910 988 1249 193 828 2083 2038 62 569 536 893 358 2335 1699 1553 729 1329 2117 2090 1053 2108 2415 640 500 121 1374 377 1038
000373.jpg,712 1045 2439 1617 260 1544 2050 1993 947 169 1679 2011 1623 1328 2826 2241 1782 2837 440 2130 1422 1054 900 1381 1663 925 735 645 563 1486 51 1444 1437 179 1658 2707 134 2836 550 1369 1307 305 1649 445 1796 155 2649 559 562 1405 1029 2088 674 2454 489 992 2076 1208 2515 1190 2652 2133 2046 1552 2419 2840 259 556 1983 2411 2084 1934 2501 2817 1878 463 943 2528 1840 1640 2544 221 2767 201 1148 1218 2312 987 1586 2721 659 2574 978 188 906 715 2735 1644 2832 312
000374.jpg,1803 472 1509 1811 223 1540 2635 2338 1615 2340 1059 551 2063 1 2444 573 17 1698 1618 1863 1571 2223 1355 2473 1167 1862 2781 195 2138 391 46 1101 1409 888 1520 349 1994 2212 2175 2253 147 1327 267 961 2801 2717 2834 127 1095 2776 2648 342 642 2158 2273 2100 2740 600 892 154 1291 1238 2616 2709 157 1060 2372 1421 2662 352 537 414 2486 2266 846 2710 557 1112 2466 1242 262 1295 1479 2215 2548 1572 1135 1338 1117 668 1630 1278 1925 2835 879 1539 2610 307 2749 2698
000375.jpg,580 326 1293 1097 1187 1648 159 2765 1140 390 2406 478 1730 1967 31 1635 430 655 2053 1715 1037 2017 1008 331 1124 1143 2301 200 2407 999 1010 1921 1929 1912 1568 2806 1141 2715 1787 1039 471 2173 2681 1262 27 389 1822 2557 1755 1506 455 1756 1317 2316 209 1050 2402 2396 192 1438 726 2565 261 314 1118 1024 618 1692 1216 758 2025 2236 2669 2280 1026 2687 1011 1274 1395 295 2531 721 653 2698 1972 53 2465 2505 1378 467 268 1275 346 1220 1022 838 1780 1356 2232 2070
000376.jpg,894 2554 1315 1632 1336 1013 2079 419 96 2153 1032 1927 2160 762 2571 106 2109 1171 1661 300 636 2401 22 1318 1019 2705 2841 189 2567 2807 1214 42 63 1763 2831 2030 1217 924 1907 411 335 1960 2263 2573 2751 2591 2278 2230 1198 592 1090 1205 2612 586 2060 104 1953 2678 861 149 2162 2726 333 1685 2222 596 1726 1188 181 1471 1536 1108 661 2216 856 1139 2386 148 1456 732 122 2643 2197 1702 327 443 117 2791 1797 953 761 1300 1625 2784 1744 1659 1502 1525 2168 1693
000377.jpg,1753 2777 1125 2772 2077 2478 1834 2015 1252 70 18 1842 951 2818 2561 1759 2757 2663 2 315 1557 1186 2510 601 1035 431 2622 1165 767 1323 2302 1390 1391 688 2314 1235 990 1443 2624 1839 126 578 103 522 2315 297 2685 277 369 2686 1980 1413 1938 1767 769 1833 191 2323 2276 2644 2702 502 1333 1845 889 2601 2161 1114 1747 2242 768 572 658 646 426 1340 684 745 2546 1821 2535 2409 2471 727 395 2113 1389 931 250 2496 2759 1175 1951 1801 1115 2000 529 1989 1798 1908
000378.jpg,1087 898 1558 714 2759 1333 2504 1928 1228 545 1166 63 789 2409 1394 658 240 251 1213 1207 1161 1847 589 2784 1513 2656 2149 1631 2022 2381 962 1801 2644 727 310 1230 1883 485 1693 395 572 529 695 374 2323 2066 1306 1427 1343 2113 1683 304 1334 364 2579 1137 614 101 1361 2072 1298 1353 1785 1798 1971 2277 803 132 483 1898 1019 1389 1743 2178 1451 1257 2016 596 2242 1951 182 646 2546 2737 895 2238 1175 2827 1773 328 436 2540 1093 1590 1176 949 2040 2054 1561 2547
000379.jpg,1217 2841 5 2468 2502 2168 924 1702 2128 2591 1525 1013 2662 2278 214 1661 1744 1108 1171 185 2141 22 1336 1315 1324 844 1939 669 1694 2457 335 2481 2567 2079 1953 2726 2160 2807 2473 1139 2595 375 1093 2616 96 150 1112 2572 1763 106 1697 454 2263 2230 2751 2820 2351 1267 2216 582 2404 1602 1889 2162 2229 586 1205 1659 2801 1214 244 2374 181 2584 1326 2030 1575 1283 2222 807 267 932 1227 798 1515 422 2648 1632 1446 294 391 147 2109 1294 1295 1090 636 1365 697 1411
000380.jpg,1149 29 2320 2533 426 293 2408 2024 1597 707 2143 286 213 2673 80 2172 1804 135 24 2354 1296 2021 1849 558 2756 754 2413 757 1478 2295 739 424 1265 2054 119 967 2430 2615 646 1448 1689 1231 1728 634 1984 1529 520 792 2566 898 2638 2323 1269 218 2787 658 1383 498 1394 1719 2072 1306 2366 1867 91 1951 695 529 184 251 1361 589 1166 1451 1137 853 232 1175 1798 727 2277 2409 1533 1333 132 485 2390 244 1334 395 1558 1559 1722 1106 1945 803 1298 1537 1312 1207
000381.jpg,989 2040 364 101 395 436 215 341 374 2381 1900 2504 1230 803 2644 737 572 2238 766 926 2759 1971 2579 529 328 1559 1357 581 1786 1106 1257 1361 1883 1818 564 1091 251 789 2546 1801 2242 2323 1451 962 1683 1213 39 1353 2114 1693 2066 1394 1951 2113 1306 1115 1798 2656 545 304 1427 1180 824 1334 727 2149 1137 2178 1161 2784 483 646 658 617 695 2288 1389 2540 1343 293 230 1785 407 132 63 1513 2000 2281 589 1166 1228 2561 1996 2787 1175 2409 1773 485 240 1333
000382.jpg,2168 1112 2468 879 1446 2801 1456 1863 669 810 1698 1291 1939 1619 2481 1694 1324 1294 267 1129 1630 932 2271 30 2517 2616 1238 147 2529 638 2223 143 665 1763 2648 2338 1284 195 1514 2595 1556 122 1095 787 2460 661 476 2363 1295 2273 2158 2212 1824 1327 958 1815 403 2709 2584 2619 557 448 699 1995 697 223 1925 2717 2266 1807 1520 2473 1216 2372 837 1684 1549 157 459 1521 1 1802 602 698 1409 1811 264 1090 342 234 955 687 1332 1360 1880 795 668 1267 1227 1411
000383.jpg,70 2510 18 1842 1753 2561 1834 1125 2777 2077 431 2757 2478 1759 2772 2818 951 1035 2015 2663 2 1252 315 1557 601 2622 1839 2644 2323 695 1390 132 2759 2242 1798 395 240 1391 1333 688 545 2504 990 1443 529 2314 962 767 1186 1176 2302 572 1394 63 2579 1165 2656 1343 2149 364 1230 898 2016 1938 1801 374 2685 1833 2238 1558 714 789 1847 658 1980 1413 824 2381 502 2315 1334 766 1513 251 1235 2784 1161 522 1928 277 1298 310 2827 1389 2547 2040 2409 1427 426 2277
000384.jpg,1274 1127 653 356 207 296 225 2396 1961 61 2794 1503 1262 455 1011 408 726 1039 290 2025 326 1506 580 192 2232 1282 200 2765 1378 268 239 33 331 1692 495 31 2316 1706 1024 2017 452 2669 2715 999 1787 2698 1472 1021 1612 655 390 2173 1875 1598 2681 464 209 806 1275 654 1568 1124 2059 721 418 53 159 1918 1635 1018 1967 2091 858 131 525 618 245 1022 52 1647 2280 2693 2236 1655 1972 2402 1730 1050 139 1376 113 1941 2061 1662 1475 471 430 838 1500 2053
000385.jpg,2705 2831 2216 2079 1671 2109 924 8 325 300 745 1333 335 2160 2197 658 2535 63 2230 1474 1661 2571 1315 2168 1336 1090 1703 1013 2706 614 1217 2572 661 1304 1288 762 1763 1019 2401 907 2816 1685 1487 1712 459 2562 1760 1891 690 621 761 2841 954 1389 182 1513 2317 2751 2022 1363 304 2178 2113 1471 2678 171 1953 205 1015 2313 586 1161 2612 448 1425 1632 1847 1605 1907 2083 2720 2497 149 2591 22 2175 1175 1137 333 834 2016 474 2448 1660 688 1697 1198 1391 104 1214
000386.jpg,1752 1146 221 4 312 943 2832 2411 2790 1102 1405 1624 188 1545 2817 2389 2528 1934 2501 2082 611 1644 1983 556 2270 613 283 1319 817 826 1386 1737 987 635 1407 1926 547 2300 2069 626 59 900 1656 1208 2419 2044 2477 2574 559 266 2133 1486 2367 1190 85 2011 2515 260 2084 1489 712 2652 2544 1414 489 1627 2397 1202 2424 606 1437 1552 134 2676 1878 463 1428 1422 1782 925 950 645 1710 977 2358 445 2439 1993 674 2840 1092 2375 947 1369 2837 2826 1181 259 675 1617
000387.jpg,509 2457 844 1889 1515 1702 1602 2572 2751 957 2725 2351 5 2128 2168 2464 2278 1032 1726 22 1953 2678 1659 1696 214 1525 244 106 2263 2468 752 498 1214 1766 1661 1171 189 2048 419 609 894 2115 1139 2153 1802 1637 2554 2404 2448 2807 1632 375 2503 1596 1616 669 690 2591 163 1205 2160 2079 171 2197 2705 1768 388 1927 1797 2841 2612 2643 582 1364 2567 1061 1280 1108 2124 762 473 42 2109 1880 2230 1326 181 1426 636 2014 466 2348 2476 270 2562 2060 2030 2508 23 335
000388.jpg,238 152 28 159 633 711 580 2500 326 2557 1912 31 458 587 1293 2715 505 2716 1097 2806 120 847 313 503 2365 2479 2181 2552 1741 2396 1730 2119 1281 2674 1143 2193 2250 456 1118 2819 1929 2062 2592 999 2370 734 1827 295 81 467 1111 1011 602 1704 772 1692 1955 705 314 2228 2470 1532 2765 1708 1896 2052 696 1010 1563 972 1339 2565 2322 1680 2283 2681 2017 125 175 261 655 523 1182 1378 726 1787 1755 1376 504 1062 1335 452 129 1822 1141 367 2689 1262 2244 356
000389.jpg,702 903 284 1107 1830 1512 2471 1254 835 1310 1608 1908 2601 848 1720 768 1821 1114 65 931 502 250 1340 1845 297 1235 1975 103 688 990 2388 2624 578 1323 126 1391 1413 1277 1767 1104 2754 2276 1669 1186 1523 2550 1372 2605 2630 357 240 684 2347 1507 1450 2395 2422 2080 575 2383 1014 2314 2254 693 2326 736 1691 1620 2058 2802 830 1013 2555 441 2297 1016 1832 1538 834 2019 2234 1178 2192 2571 483 2733 1192 2073 2579 2780 469 32 2360 1028 1907 1690 789 2641 309 2247
000390.jpg,52 1481 418 207 999 726 225 2396 61 192 1787 2429 2669 1692 1275 1378 2765 2059 295 31 2025 758 2806 534 2244 346 478 484 655 53 2070 1039 1141 363 1506 467 389 780 331 806 108 2715 464 786 1465 840 2053 1022 1662 2565 1929 452 2821 326 209 838 1024 2698 455 27 2407 1568 2236 268 390 2301 1967 580 1273 1220 2173 1475 936 139 471 1124 2280 625 2017 1438 1706 1635 159 1730 628 1140 314 2716 245 1780 1050 430 654 2531 1262 1282 1918 1008 1612 1435
000391.jpg,750 1462 334 2677 1603 582 820 2494 1541 594 1221 1763 546 2194 2359 115 2666 629 2261 1616 650 285 6 941 1080 1073 922 1995 1088 1591 1199 1696 84 2387 1922 815 1605 531 2810 2152 1537 807 2115 315 23 1949 690 2688 1227 300 244 372 281 2503 1502 2197 1557 2622 298 2755 420 2303 423 688 1285 732 956 2179 2620 939 931 396 1882 1090 2043 375 186 117 2473 2109 1183 1596 498 2671 2719 2683 1390 646 2128 466 1953 2678 1726 1702 1153 1761 510 1687 882 275
000392.jpg,2286 1076 1185 1067 2382 2305 1464 1055 2813 1944 1937 2294 1452 2248 1547 1463 1134 246 2511 1639 137 1935 1056 1777 2825 116 2393 2068 2766 2580 79 2842 2558 146 948 2135 165 2041 2736 2728 2708 491 722 1868 1223 140 686 1212 1130 1126 2665 97 677 804 1771 329 2440 2438 1899 494 2037 2741 725 271 2506 682 1408 2435 692 1825 1677 1942 1841 204 1940 2598 2625 274 526 1606 2292 899 2207 2569 447 1315 994 1998 1592 1336 1962 1892 2473 974 508 2258 657 350 1473 864
000393.jpg,1179 2491 2328 1977 2682 2252 1578 2778 1583 919 1579 639 952 887 1354 9 998 1651 2647 930 1769 945 1920 841 1791 1063 1531 2792 118 1470 1770 567 916 819 1667 2729 515 1367 227 2379 2097 928 763 1851 982 2225 2459 2575 1368 114 492 748 2349 1154 1585 2042 2723 2711 382 2081 1854 778 2488 517 2065 1657 1528 875 1970 1819 1239 579 1042 381 311 1864 923 808 1211 2304 2310 1344 2103 1210 566 910 809 25 276 1546 2334 781 2026 1209 2067 2536 2550 1507 98 512
000394.jpg,1625 869 196 2460 2081 910 1042 1819 701 1643 2783 2067 69 353 879 2103 1519 2473 809 2742 2228 2391 244 2610 2363 537 1864 843 2186 150 1531 2709 153 2677 1661 585 538 2001 841 114 776 763 1770 381 383 1754 1402 1511 1575 2101 1007 1949 1376 1963 2500 1546 1339 1585 2017 855 1555 2711 778 1454 98 1274 515 2256 567 765 2502 1142 2778 282 1480 261 2841 1216 2361 2592 587 629 1579 607 2157 1854 2027 1424 323 2803 330 2052 1924 2353 1741 264 2698 392 696 89
000395.jpg,936 2402 478 1039 625 2236 1024 2407 654 1378 2765 2531 2061 471 1662 1127 2465 2505 2301 402 1438 1756 1317 430 363 1921 89 2053 721 1140 1008 27 679 1274 1282 331 1022 805 108 1435 655 1787 452 1475 1972 2398 628 113 753 1647 1918 643 1143 1187 580 389 2406 1692 467 758 1011 2285 1124 268 1293 525 1395 1097 2611 999 1273 390 1730 1967 1822 49 2280 1026 484 2698 1929 326 1275 1356 2632 1843 356 2311 2794 2687 1248 1598 1635 786 1048 53 858 245 295 2806
000396.jpg,61 290 207 653 225 1127 2025 1024 2396 2765 296 408 1274 356 1787 2531 1503 2164 209 1506 2173 2794 1875 52 1780 1781 192 1262 2669 1282 726 1039 2565 1662 455 139 49 654 2091 838 131 268 471 53 239 418 390 999 245 1438 806 452 1967 525 2232 1635 1275 2053 1706 31 1124 331 2059 1918 1568 326 2285 2236 580 495 346 1715 1140 936 2280 1481 1929 1011 1472 1475 464 478 799 113 1941 1843 1050 2070 1220 2429 2821 2017 2693 216 33 402 430 1612 858 2698
000397.jpg,52 207 2059 2396 1378 61 225 1481 2025 192 806 2429 534 1022 726 2765 467 1787 418 2244 780 1275 346 484 2669 1024 840 108 268 363 2173 1662 999 2794 654 295 838 209 2698 455 1506 1039 478 389 464 1262 53 1274 1465 1475 1273 2070 452 1438 2565 131 758 471 2301 2806 314 1929 786 1124 1141 356 1692 1706 2236 495 296 2821 1282 2053 139 2715 1967 1140 402 408 31 1568 331 936 390 2280 245 2531 625 2407 2232 326 1612 290 1875 1008 1730 129 1356 1050
000398.jpg,1385 1779 2763 2145 1992 773 1007 2102 519 406 1511 1894 742 1969 1526 1442 730 2516 2680 1325 248 709 1670 1800 1707 338 811 2219 2377 648 1138 392 870 538 881 535 1419 1311 2302 253 855 1079 821 1068 1454 191 1498 365 544 434 1133 1020 2095 336 1165 1455 605 843 1424 1731 1871 112 1516 1466 2549 800 1573 610 1309 1645 410 1142 1634 1110 1850 2243 1581 186 2830 435 1040 1527 678 2460 315 717 1783 1966 1546 301 1258 2519 2290 593 1379 2331 1790 1913 2543 511
000399.jpg,2264 2691 2101 2331 549 2071 2783 422 1072 604 2593 1170 855 2168 771 1379 2147 618 1709 1200 632 1347 294 610 392 1973 1794 2355 2519 1287 2186 1376 2473 2420 2318 2492 1274 222 937 791 58 2204 1913 1454 1358 1247 1419 1670 2334 2256 1267 2006 2102 605 1279 774 94 1020 1573 200 533 1634 365 2432 874 879 511 1546 908 1000 1010 1142 2377 630 320 2132 1565 507 1498 2527 670 1633 1077 1966 1504 1581 1774 2830 1695 2087 809 687 2560 1455 2803 1424 2764 2681 435 2243
000400.jpg,1944 1056 2813 146 137 2382 1076 2294 447 2286 2766 948 2435 1937 2248 2728 1055 2842 1464 2825 2580 1899 2057 2207 2558 686 1223 2393 1639 1547 2135 804 2569 1212 2683 329 899 165 1067 2305 1606 2438 2511 1452 682 692 1592 494 725 2708 1463 1185 722 116 79 2068 2741 2719 1874 491 2292 1935 2291 1134 2736 574 2665 1825 2639 204 2319 1777 677 647 246 939 1868 2041 1841 1126 2427 2526 1130 482 2445 1433 442 2704 140 2220 97 657 2440 1721 217 2436 1876 2089 2598 2506
000401.jpg,1255 1757 986 645 123 882 440 2352 155 2815 1636 2241 1897 134 2150 2046 2130 2011 1496 674 51 2713 1670 2272 747 965 2309 439 1862 201 735 2050 168 1362 2767 1649 1860 1704 1381 64 1663 1045 2433 1840 562 2553 194 2735 2628 231 1544 992 2836 2213 116 2556 1552 1148 48 1658 1782 1509 2631 657 1453 1029 1965 1901 2376 1775 305 2580 2667 319 1444 1079 2133 947 137 1054 1796 906 1640 900 1516 2740 568 2363 204 932 2732 544 1586 1803 79 445 2387 2650 1477 2380
000402.jpg,251 63 2700 1847 1161 1166 1513 1019 291 576 1928 2547 1427 1300 1743 1353 1773 1394 1883 1990 2409 614 898 132 1176 1693 545 1333 1558 44 2277 2190 1785 1137 1749 695 658 1631 1087 95 483 596 376 240 2149 485 789 983 2381 824 1447 2656 1483 1224 1213 2827 374 1590 1795 310 1593 714 499 16 832 1451 2113 1228 182 1389 1801 1103 1334 1298 895 1306 1971 1838 2745 727 617 2546 2000 88 2784 364 1476 2202 2759 2072 2540 1343 1175 2323 1561 1672 1685 2112 93 589
000403.jpg,645 2011 440 1029 1649 2735 1045 735 155 2241 2836 1422 2050 1544 2130 169 1444 1782 445 1993 1617 1381 947 1840 319 51 2837 562 550 2628 2840 1663 134 2088 1623 2352 463 201 1658 1640 1552 1054 2439 2767 2707 1636 2631 59 1679 1860 1148 2133 965 305 1307 2826 674 1496 260 1328 950 2815 197 477 563 712 1757 1586 2713 2046 769 1796 1775 168 2076 1752 882 64 123 497 1255 179 1253 992 900 2595 1486 1123 489 518 2287 2375 2213 2272 906 1319 611 194 2721 2515
000404.jpg,67 1810 1406 2583 2509 1001 202 1012 249 627 2121 2350 1944 1075 899 2813 1212 1606 137 2294 2382 1055 2558 165 804 1937 2248 2135 404 2728 1609 1076 2207 378 1935 1056 725 1223 1869 2842 329 116 1195 1639 1464 1557 948 2435 2286 1874 1130 2825 2741 447 2020 1594 2393 1441 1897 1463 2569 2622 2598 2708 2809 1986 730 2736 2329 2033 686 2683 1757 2748 482 2068 2418 647 1156 1473 2436 1547 2766 1325 2057 1390 1410 1126 1841 2438 371 1079 491 321 204 1185 876 2511 1592 1362
000405.jpg,268 2765 495 290 207 1843 61 296 1024 653 452 1787 2794 1503 209 2173 2025 1127 2531 131 2669 2285 408 2232 1262 2396 356 49 2142 192 1568 1875 225 455 1039 1378 525 139 239 840 1282 467 1274 245 2301 806 1022 1662 2017 418 2407 346 2091 1781 1275 159 2236 326 52 580 2715 838 822 726 1475 1011 331 1317 241 478 1921 2565 1008 1140 1506 464 2053 2059 2687 2061 2137 1706 1395 390 654 1124 1967 1929 53 113 1635 31 1730 1822 936 2280 1048 1692 89 363
000406.jpg,2116 2807 181 1083 762 2374 2522 1318 2141 570 1336 2386 2263 636 861 2442 689 493 1365 1665 1315 1702 620 1013 2678 2056 1093 1251 1064 644 2111 45 1960 294 1726 1758 150 1525 133 2838 2401 210 1364 1797 2278 2720 2125 732 2761 2160 2612 104 746 2562 894 2831 2079 592 1536 106 2004 1198 793 1632 1358 2705 422 1108 2608 2476 171 1856 2572 1792 1280 43 2813 1217 366 1661 333 96 2623 1019 57 2737 2327 2591 2554 1113 2186 1927 1183 1542 1760 1279 1205 1880 856 419
000407.jpg,802 142 868 429 176 555 1431 1890 554 1492 36 417 2029 2668 1418 878 1686 1562 21 597 2227 979 1888 2743 427 886 1033 2078 1588 432 302 289 2384 292 2451 78 1393 1398 866 361 2786 733 1256 62 332 1132 1053 2108 2333 1430 2217 2415 1065 340 1699 893 199 2117 536 681 1553 2640 2423 640 1038 2629 964 571 2520 2578 933 2539 1374 2120 672 2421 1266 2671 743 121 1429 828 2428 2602 680 1236 2795 2031 193 2828 988 1952 2570 2267 901 377 1399 1793 1668 2798
000408.jpg,1944 2135 1463 137 1055 1212 2813 899 2741 2766 2248 1606 2294 2580 1935 1223 2842 2382 1076 1067 2825 2728 116 2435 1547 165 494 2558 1056 2708 686 948 2286 146 1777 1185 1464 2511 79 2041 2736 447 1937 1126 2305 204 692 97 2057 722 1639 2292 1899 1874 2319 2393 574 2665 1134 1452 2719 725 657 2068 2207 442 1130 246 491 677 2291 682 2683 2438 329 804 1825 1897 2506 2037 2089 2569 1330 1940 2704 1942 1408 217 2427 2625 2440 1771 2598 2445 2051 1986 1433 1868 255 1677
000409.jpg,1804 967 293 2756 2320 2413 1149 2295 1728 754 1719 739 135 1448 2615 426 2533 2021 646 792 29 1231 789 2054 2224 558 240 1091 2784 695 2354 1265 80 2024 1597 1451 2673 1207 1296 658 132 2787 1087 1478 803 2579 218 1361 2759 2409 2016 1984 24 1469 766 1383 2827 184 1394 1693 2143 707 2172 2644 119 2430 898 589 1427 1166 466 572 251 1900 2540 1898 213 76 1306 2040 2504 163 1269 2296 2408 436 286 727 483 2323 498 2190 1176 364 962 2242 529 1689 1616 2072
000410.jpg,135 757 558 2295 2413 80 1728 754 2533 1296 1533 213 2320 2756 1448 119 1383 218 1984 707 739 426 967 1478 29 2408 1804 2021 2143 2354 24 424 1265 1149 1898 1231 2673 184 1689 1945 2638 1849 2472 1269 2172 286 2615 520 2024 1889 2566 232 91 1867 1312 499 19 2323 1529 2235 1722 1719 293 2277 634 2430 1597 540 2508 646 2390 853 792 695 2366 1093 1394 1515 957 2464 1766 1334 498 2759 2124 1801 388 163 1733 865 962 2404 244 2644 609 529 2561 2224 1326 1631
000411.jpg,1801 2644 2277 529 395 2323 1394 1230 545 1839 1631 2242 1333 658 2759 1898 1558 1798 1035 962 1683 572 2317 1334 1087 589 63 695 2381 1207 2579 374 1451 251 727 1786 2149 2656 714 907 898 1306 2510 581 1971 761 2000 132 1561 2072 1161 1298 803 2504 2561 1176 824 240 789 431 2784 1257 2022 2113 1343 1353 1019 2547 1513 1753 1427 1213 1685 2478 646 2737 2114 949 2409 485 1928 1883 1125 1175 1137 2016 2700 1106 39 1361 1693 2128 1559 328 1389 1847 2535 364 198 1951
000412.jpg,1858 1260 468 2313 189 1227 957 807 1214 163 2567 1702 419 582 2554 1696 2810 1015 2823 1171 2751 2043 1637 388 375 22 2688 1032 1188 96 1199 1610 1560 669 2194 2643 1865 2222 244 2060 306 1456 1889 1616 1761 498 300 1632 2261 1603 2351 2109 396 1763 466 2115 894 1153 2508 411 2303 1326 1661 2171 1766 2153 844 650 2801 476 2648 620 815 744 1502 2666 1515 115 1217 922 2188 2346 2476 2841 1987 1916 1697 1596 636 2562 820 1953 752 334 2425 2128 2677 2791 1556 1059
000413.jpg,503 633 2592 711 2052 602 2479 2193 1111 238 2365 81 587 120 1376 2181 2681 1332 1164 2552 1532 2527 2500 216 2764 1472 772 2597 1896 344 152 2698 1117 261 2119 1273 1680 356 653 2822 68 1852 2610 1216 28 313 2177 740 2237 2370 314 2250 2674 1135 1274 330 2819 1708 505 1755 699 2144 1010 2212 296 1109 2322 1327 209 972 2017 968 705 2742 478 1011 849 1356 1746 2316 1774 1692 1141 1955 999 1756 734 139 649 2716 162 326 1050 354 721 1314 2173 1187 2283 1317
000414.jpg,2755 1584 2023 2045 747 2556 439 2545 258 770 2034 51 64 2272 1767 315 48 1320 2433 2650 2622 155 1391 2352 889 2388 750 1640 2302 1833 191 2757 768 1796 2276 305 334 562 2713 1557 1759 1548 2168 1051 194 1324 1413 684 2255 1569 1537 1499 2727 714 2496 1165 931 2387 1603 2685 1975 1195 1986 1757 1496 269 2663 2801 1080 907 2011 882 2314 201 2631 1594 2508 123 1255 1479 414 645 969 932 1270 1834 884 1291 601 1114 986 1763 1969 372 557 2815 1090 250 2628 2818
000415.jpg,41 2208 1652 2524 651 2675 2104 961 527 223 1988 1242 912 2460 237 616 2648 2801 2635 1698 2138 2517 1587 1862 157 2175 1181 879 932 2212 2158 1327 2231 1571 1564 1264 1618 2363 839 414 1812 1355 2781 17 1540 195 46 1615 1521 1101 1863 2205 716 2834 1129 1803 2223 573 697 1167 969 591 557 1049 892 1095 2338 2215 1202 2584 2541 698 1811 349 59 709 1349 2662 1411 1112 2515 273 1060 266 2844 955 742 143 2213 2466 798 2473 1816 1409 2253 1295 2198 2477 2001 1645
000416.jpg,935 2096 222 1305 1790 836 1504 1638 1933 850 2071 2512 2218 2446 2355 755 2362 1321 2342 1436 1145 599 2691 1736 2750 2201 1806 666 2452 1052 1098 2645 612 2450 2537 516 99 897 1023 1598 396 141 816 1763 586 177 1661 1976 1090 2156 981 72 2535 320 1006 460 156 793 2168 461 325 1474 2627 1387 858 2642 73 281 1599 2098 2083 2775 483 127 144 1300 1336 2260 2829 166 2432 1315 1163 1325 2648 164 2074 1682 1115 1717 1047 922 745 2055 1949 2655 356 2109 2122 1513
000417.jpg,305 2721 562 1569 64 48 715 1796 100 2034 51 439 155 2545 1453 1490 168 1640 2309 2433 1328 1045 2376 1051 1901 2556 645 2650 1860 201 906 712 1369 348 2241 1381 440 1663 2130 2248 1658 2046 2708 2813 260 2272 1782 563 1148 1948 657 2438 550 2050 1496 231 1840 2649 735 992 2076 2713 1617 925 445 1544 947 2454 1586 1046 674 169 518 2652 179 2088 1710 2815 1082 1763 900 2435 1090 1623 1486 134 647 1307 804 1316 1874 1308 1416 489 2826 319 2769 747 494 663
000418.jpg,6 1221 285 759 546 2643 582 732 650 1702 1083 181 1541 620 2666 1603 2194 148 820 594 1605 2043 1797 1882 2494 2386 420 807 1570 2810 2152 690 1397 1891 2816 2476 510 2425 922 398 2678 1488 1502 2705 1199 2761 2261 1922 2171 1227 647 1726 2278 1536 1458 636 42 1687 2179 1139 661 2620 2079 1763 973 2348 1738 1153 1866 1916 1400 2831 2203 2503 1462 2683 2359 2521 1318 1080 1285 1591 2168 669 750 1315 2197 270 1768 2263 23 1537 104 644 1979 244 762 1260 334 1602
000419.jpg,52 207 1378 1481 346 2059 61 225 363 2025 2669 1787 2396 2429 1662 2765 192 1022 389 418 1275 467 758 295 2301 108 534 484 654 1024 840 726 2070 806 2821 478 2407 2244 999 786 402 1506 2806 1929 1039 2698 471 838 53 1124 209 936 1273 1438 1568 2053 268 1475 780 464 1008 1141 455 2236 139 390 1967 2232 1140 2467 2173 331 2690 625 1262 1465 1048 2565 1692 2687 655 1706 628 452 1730 2794 1356 1282 31 2017 1635 2531 245 2465 2505 241 1715 1472 2634 216
000420.jpg,894 1336 96 1013 1315 1632 419 2153 2554 2079 2571 2567 2160 1171 300 1927 1032 2401 2109 1907 1661 2705 762 22 1214 1763 2831 1019 63 189 333 636 2751 2841 1217 861 2643 2591 2612 856 106 1318 2263 761 1471 2162 2726 2313 2573 2678 1960 335 924 1198 42 1797 2141 2386 1108 2230 2222 2807 2317 1749 953 411 2030 592 1744 732 596 1090 2216 1702 2197 2562 661 2784 586 310 181 1161 104 1502 644 1139 1703 2278 2579 148 1083 1726 1847 1365 1953 2791 1685 1898 117 759
000421.jpg,2263 1198 214 2348 2572 1139 106 1371 1113 23 1605 2502 1866 2030 2152 1205 1525 2841 1365 2203 1661 1602 1171 2153 2109 2623 1953 1184 117 509 2554 894 2197 1502 2677 1659 1632 327 244 844 1315 84 1084 1570 2705 182 2160 2678 2457 1802 2141 419 2751 690 22 2448 510 104 594 1960 2179 1712 954 1760 1726 1927 851 924 2168 1032 2562 183 2567 1685 941 2079 1702 474 1336 1744 1214 423 2374 2791 1217 2401 2048 149 661 586 150 1175 1616 2726 1004 2115 1280 96 2831 2503
000422.jpg,2210 828 13 377 1038 2520 640 1272 2083 2421 142 432 2671 332 802 1374 2828 429 2108 1754 340 176 2333 2078 932 427 2602 1686 555 1033 78 2578 886 2743 536 1588 1562 979 2117 554 1431 2428 1049 672 292 1418 1492 1393 2668 868 933 289 417 21 2227 121 1553 866 1668 1949 1329 1430 1890 1429 36 2029 1910 1256 597 901 733 2217 323 2415 2629 865 2384 698 1888 1053 302 964 1337 2570 2335 2786 2539 361 1041 1132 2267 878 681 2451 2795 199 220 2839 893 839
000423.jpg,848 1830 931 702 1908 2471 1114 2601 903 768 2624 1845 1107 1340 502 284 1512 578 1608 250 1821 1720 65 1310 1235 297 990 103 688 1323 126 1767 2276 835 1975 1254 2388 1413 1186 684 1391 2314 522 1922 2036 2620 767 1557 379 2503 1691 690 420 315 1397 2016 2768 1759 400 2667 1125 1014 2661 1753 1646 2622 1605 1570 2077 1601 398 2757 2345 2671 1016 2605 2478 1221 2080 2571 2347 2777 1748 601 70 2315 414 423 1372 2494 2386 1768 300 2324 2395 1458 335 1832 2409 18
000424.jpg,395 989 101 364 215 2040 436 1230 374 1900 2381 2644 341 2504 737 803 2759 572 529 1971 926 1257 766 1786 1559 2238 581 1106 1801 2579 1883 1357 328 251 1361 2323 1394 962 789 2546 1451 1818 1213 1683 1427 1091 1306 39 2114 1334 545 564 1693 1951 2113 2066 1353 1161 646 2242 304 1115 1137 1798 1785 2656 2178 824 2149 483 2540 617 727 2288 2784 658 2000 1228 63 1513 1166 1389 2277 2409 2561 1180 485 1175 1300 1035 1343 589 2542 293 695 1773 1333 614 2787 2281
000425.jpg,909 1616 2115 2677 1696 2494 2688 1596 941 244 2261 1763 115 594 1308 582 815 1949 84 2503 1953 2498 387 922 2150 971 186 1199 1537 396 2562 1487 1757 1221 335 1462 2194 1082 1006 1232 1987 1995 2720 300 2841 1139 2188 43 1768 1390 1591 1802 1186 270 1766 281 334 1227 1183 1922 214 629 1502 2278 423 1073 40 1726 1880 820 636 2740 882 2421 2048 2448 586 285 2219 2088 1570 2027 957 2535 750 1283 1108 1153 2272 37 546 1090 2622 6 2761 1170 1560 709 2823 1687
000426.jpg,2623 298 1884 546 2263 2468 2203 285 448 275 1697 2791 922 2179 1184 2572 2167 181 2268 980 1502 510 459 1285 23 1084 1205 1080 2118 1866 1911 6 2030 620 2494 732 1922 2643 2706 1221 759 117 1570 973 690 594 2521 2348 1763 1702 820 423 1318 1198 1537 265 1738 1973 398 1456 636 2168 582 1797 2043 543 1083 669 1882 1090 1541 2823 1610 474 20 2807 1284 796 2678 205 2132 661 37 2197 1144 1536 1188 1400 327 1744 104 1260 214 1458 907 1371 2504 1380 2691 2086
000427.jpg,46 349 879 1619 1291 223 2158 2460 2363 1238 969 2541 2213 892 1863 1514 1446 2635 267 2844 557 1294 264 1411 2677 2616 2175 2215 837 414 2473 1615 2138 1684 2481 787 1862 932 1366 2631 234 2584 2524 352 1 265 1324 372 1816 2484 1129 1480 2132 1630 1009 2833 665 810 1440 2246 2271 2139 685 2013 2801 244 891 2797 305 1122 1060 1694 2223 629 1698 2340 924 2266 1925 1095 562 214 2468 669 2783 2104 1520 1815 1982 147 2092 697 2595 2150 334 1973 2339 1939 1572 933
000428.jpg,2827 2785 983 2441 2190 2413 1728 2745 695 1996 1914 1448 1856 2615 1176 1743 2202 184 132 135 1535 754 16 2295 310 2111 540 558 1091 2547 777 2756 1898 1631 1346 832 1231 1476 88 1689 967 1804 291 1469 95 596 1265 766 1478 739 328 2129 2242 2430 1683 1093 1561 407 757 44 1999 2638 1383 2523 240 1298 1945 251 1593 789 1116 2472 34 2579 2759 1149 2016 230 1224 2566 2381 2784 24 2238 2143 2320 1451 376 576 426 1087 1713 293 341 1693 2281 2354 213 2823 1900
000429.jpg,28 503 238 711 772 2250 633 726 1704 1274 2396 326 152 2479 999 1376 580 159 1262 1708 2557 2193 653 331 1532 31 1127 532 313 655 587 1746 1472 2017 455 2119 225 52 2173 467 2806 1503 356 671 1787 2028 200 2244 2429 1692 458 296 1929 2500 1852 1275 734 2280 1563 534 61 1706 1335 2527 464 780 1021 2177 1011 131 2592 505 2552 1956 972 53 2681 2370 1465 1730 2316 2715 1118 2765 2764 705 1273 207 1022 2565 847 771 806 2025 2365 1124 27 2794 1140 330
000430.jpg,1938 1833 1443 2510 431 1842 18 601 767 2 70 2663 277 889 1747 2686 1035 1834 2757 1753 1759 1125 2772 2777 2478 2077 2561 1557 2015 315 2818 2622 951 1252 1767 2685 2315 2388 1980 1391 684 2496 1839 1390 769 1413 2314 853 688 578 2128 1186 250 2323 1207 2644 2532 2702 1976 931 1558 531 1340 1616 714 1821 768 1975 400 990 2302 658 898 126 1165 369 211 1087 1137 1333 2115 1235 522 161 2072 251 1845 244 903 2016 2624 1114 395 1394 1230 2671 2303 2409 1720 2288
000431.jpg,2374 2327 493 228 570 366 57 689 1575 150 210 797 1758 263 746 2184 1358 1861 2186 1724 1664 1279 2330 1792 801 1877 2418 1765 2321 1193 2206 2125 2694 1776 793 242 1457 1542 2174 133 2703 1034 1234 2581 1665 859 704 2838 2739 2456 1196 2039 976 2493 2229 880 1576 857 720 294 2672 934 588 2332 2155 1930 1377 548 1113 422 1887 2590 1276 516 756 2461 287 158 885 82 44 1030 280 1345 843 1432 2356 438 1043 1086 1525 1551 1859 656 1580 2123 1375 2659 1350 2004
000432.jpg,594 2494 2197 1462 2503 815 762 1616 690 1113 300 23 1073 2203 941 844 1949 2518 1537 2278 2079 2473 629 1199 2653 2386 1687 2678 1515 1726 750 1763 244 1088 2571 676 1198 688 84 398 2115 510 2677 214 1139 2572 2823 2506 5 2569 1802 2160 2194 509 2457 2683 334 420 1080 1541 2324 2535 6 391 956 2261 2348 1171 2152 609 1953 1591 1602 1605 644 2291 589 1557 1057 1168 647 1866 1299 1244 1137 1596 745 1696 1603 882 2748 582 636 820 2128 1240 2705 1502 466 270
000433.jpg,655 1506 192 2070 1141 2765 331 326 31 1274 2396 580 200 159 1140 1293 1787 430 2025 999 478 2017 1097 1692 1262 2316 2669 1780 1127 225 2565 61 1143 52 2806 1022 27 207 1730 2398 455 618 209 653 2557 108 390 296 1378 1972 1967 356 1026 2402 346 1921 2715 1715 1118 1648 2173 1024 1187 726 1039 721 936 1356 2794 1929 216 467 1220 471 1918 1755 2821 2698 314 753 1438 2470 2062 1124 1050 1021 1635 2177 2053 1010 295 625 858 1647 805 1598 1505 1912 81 1273
000434.jpg,1713 1178 1224 2202 596 95 1476 2745 1914 2129 88 1353 2422 824 2523 1996 1714 1116 2190 576 2441 1672 47 2437 2180 1180 2547 1773 132 683 2700 1304 581 789 1990 1856 2579 310 1346 1091 483 2317 777 60 1036 2827 2111 1838 2114 1300 1357 1749 34 1683 1176 374 230 949 2785 2000 39 63 529 16 1727 1513 695 2555 328 1561 465 926 2242 614 1103 1693 761 83 1106 240 2016 1786 2759 1999 1451 1971 983 1161 1559 2504 1836 1152 1394 44 1137 341 1847 1115 1447 2281
000435.jpg,2749 154 1524 476 1863 203 669 1227 2740 1811 2709 2548 1059 1 798 1421 2444 2266 2834 2468 2187 2473 2198 551 1803 2273 2363 1520 223 820 2776 1375 879 1862 2717 226 2168 2215 307 2460 391 1260 1541 2635 2194 1615 267 2223 1509 1291 934 2261 1295 2158 1238 1698 1925 1807 687 2576 1409 1619 837 1267 1675 1324 2210 342 2727 157 1629 1761 557 2175 1153 1650 956 2610 195 1462 1216 127 2083 1348 2648 668 1549 600 438 2340 1763 160 2801 220 582 2681 1702 349 17 1095
000436.jpg,2355 1933 1638 2691 850 2071 836 2512 1098 1790 755 222 1321 1504 2218 981 1387 1305 320 2318 2096 2446 1911 2342 396 2645 1145 935 2156 177 2750 2452 2201 1736 1090 1763 2587 2627 1717 459 437 2679 208 1436 281 599 2074 816 73 1599 72 612 2450 2122 922 2268 1085 1308 595 2362 99 380 1510 1682 1750 1806 897 724 2775 2432 2722 1052 1006 2829 2163 1233 1903 1163 460 1170 666 630 474 2420 1082 399 172 191 2167 1709 1144 477 2655 453 2636 2677 385 127 2535 174
000437.jpg,730 338 1511 2763 1969 1466 2516 1454 2219 1526 336 1779 519 2102 709 1992 742 1670 1442 248 1325 1079 1385 253 648 2302 773 2145 538 1498 1133 1007 1165 2549 1379 870 843 406 1516 1243 855 2788 544 1020 2290 186 1455 2151 1309 1894 2746 1005 593 1311 191 1131 2622 392 1581 414 678 365 717 763 881 1174 1573 2830 1142 800 1110 673 1557 1424 1485 1682 112 1546 1794 2680 1499 749 410 434 811 2560 2742 2364 1966 435 1094 2730 821 1068 1555 1850 1707 2243 2492 610
000438.jpg,70 2510 431 1842 18 1125 2 1753 1035 2077 2663 2777 2561 2772 1834 951 1759 2478 2818 2757 601 2015 315 1557 2622 1252 1391 2314 1390 1413 1186 1443 277 1839 2685 1767 2388 1833 2644 688 2323 1938 684 578 2302 1165 39 2315 250 395 545 1333 1980 767 2759 2242 63 962 1394 240 2161 529 1230 824 990 1357 1821 1427 769 132 658 191 2288 2504 1975 374 2016 1798 2579 889 2656 1512 768 1513 2149 1847 2546 251 126 1353 1340 1019 1114 369 695 1747 1334 269 572 2381
000439.jpg,2044 188 2501 547 1934 556 611 1386 1405 1319 987 85 2411 2528 1983 1308 635 2574 992 111 1203 624 2046 1501 1644 1190 1423 1082 224 2419 312 1666 586 2011 136 274 1484 110 659 1674 1656 413 1817 712 134 1545 2389 1782 658 854 488 2817 1102 994 1550 1006 2832 608 1993 155 943 2270 1090 1092 1700 2082 1881 265 1617 2325 1902 724 900 4 1582 271 128 2670 714 2515 1352 2195 2245 2599 1342 1381 2463 1322 2439 1942 2222 1150 727 626 260 562 915 1175 1878 1486
000440.jpg,887 2778 1354 2328 945 1470 930 1531 841 1579 1769 952 1578 919 639 819 2491 1791 118 1179 1667 567 2682 2647 998 2792 2252 916 1063 1585 1977 9 2723 748 982 114 1851 1583 579 311 2349 1770 2575 492 1920 2488 1368 1651 227 2065 1854 928 2459 875 2042 1210 1154 2711 1367 1209 763 2729 515 2225 1657 808 1211 778 1239 517 566 382 2379 25 2310 1970 512 2304 7 2026 1042 923 2081 528 2067 2416 2559 910 513 2618 975 381 809 1566 151 1625 2103 2097 1528 2658
000441.jpg,2185 1694 1129 2616 2584 1411 810 30 1446 787 2529 1294 2481 638 1445 2271 386 665 1440 1939 1863 718 1112 143 1514 1684 71 1630 2595 1698 2223 2468 1270 958 879 1295 1122 2139 1324 1258 697 195 2833 264 2517 1811 46 299 1807 1549 1360 267 2213 2338 448 1267 1291 2844 2801 223 147 375 602 1238 711 1892 557 888 991 2460 2168 1619 5 687 298 1332 1167 2567 924 1326 2363 1610 2635 2298 2484 932 1095 2677 2215 1297 1862 2710 669 59 2222 2193 1826 157 1814 2002
000442.jpg,1145 2775 1510 1415 156 72 612 164 2747 1717 2098 208 141 1163 1023 174 2009 2587 99 2655 177 666 2636 2055 1160 823 460 2679 760 599 595 2218 2122 2829 2163 816 401 1436 453 1085 1933 2577 1504 731 1047 2537 981 1903 1872 172 2750 694 1599 1321 2722 2126 2355 755 222 2071 1784 2469 380 1790 1628 850 1305 2452 1688 1808 2201 2446 399 437 1233 2274 1098 2074 1976 2342 1155 836 935 2096 2512 461 2645 73 320 1241 2156 897 2432 2642 1638 1806 632 1100 1736 1859
000443.jpg,2623 2678 2168 448 2572 2197 2468 1882 1318 2263 636 1170 956 1371 796 630 2030 1525 2494 1315 300 459 894 1267 661 2807 42 37 2823 2691 1336 1536 2573 1487 1880 1727 1995 690 2740 327 1198 879 2841 924 2079 2555 1726 2278 1108 2216 1763 2476 1090 1200 829 1400 2058 1632 2425 2160 2109 644 2554 1280 1661 1911 1802 669 2132 2473 2203 20 751 2571 23 117 1205 1625 1697 1744 2153 2705 1797 396 541 2726 1032 510 1184 1456 335 285 1221 419 2222 1044 2073 106 115 1502
000444.jpg,2761 1083 2263 2386 1198 1525 181 636 1205 270 2116 1960 2141 2807 1536 493 1108 1280 2623 689 1502 2562 1726 1318 1768 294 1758 43 620 2442 2203 6 150 2278 327 2348 1866 1880 1665 2678 1979 1113 2374 281 1371 971 1537 2498 2425 1139 214 2048 210 1702 762 2197 1315 1570 644 1365 851 1802 732 861 592 690 1251 396 1283 582 2004 2030 2572 1183 1043 2476 490 1064 96 844 1659 941 2522 2688 1596 510 1953 1458 894 23 2303 2831 1369 1336 2229 474 1170 1199 2554 570
000445.jpg,751 1713 1116 1224 2239 2202 88 1714 2745 1410 32 2441 1601 541 2033 187 310 469 1996 917 1914 2190 87 2129 1014 590 1476 2073 902 777 2827 1841 1943 95 2422 596 920 2111 83 1130 1178 1147 1950 576 1836 132 1091 2495 1856 1593 983 2733 362 2437 2518 1073 2106 2036 1353 824 404 1838 1672 789 1743 683 1382 47 832 1990 1176 1693 379 2525 2547 465 2016 2493 2506 2579 44 371 230 1244 1986 2752 2136 1773 1197 339 1482 2802 1459 1346 1620 1057 291 1748 63 2653
000446.jpg,1914 2441 1856 1093 2111 1996 2422 2785 596 777 2827 407 2202 949 88 2745 95 2190 310 2129 2242 1091 1773 783 1672 1631 1898 1476 2737 1513 540 2016 63 1346 1847 328 983 132 1683 1019 1161 1178 695 1224 2374 2523 2114 832 576 1176 16 1103 341 1447 44 1713 2733 1087 291 1535 1298 789 2547 1343 581 34 824 2317 1795 940 230 2700 1693 766 1482 240 1749 2437 1561 2238 1999 1228 2579 737 1410 1990 462 1469 1727 1483 1116 376 689 1838 1846 2000 483 1353 1451 926
000447.jpg,1791 1531 1579 887 2778 919 1354 952 2328 639 2792 1470 118 9 2491 567 2647 930 819 945 1179 841 748 1770 1769 1578 1977 1667 998 2682 515 1585 2575 923 1920 492 1854 1583 1063 2065 1154 2459 2711 114 2304 1368 2252 928 1851 2488 1651 382 579 778 916 2729 2379 2723 2349 1042 1211 975 311 1367 875 227 566 1864 1210 2042 381 1209 1239 808 1657 517 1970 1819 982 910 25 763 7 2559 809 2026 2097 2416 1528 1546 2618 2081 604 2225 512 513 98 1625 151 2334
000448.jpg,887 1579 1179 9 639 2647 2778 1470 945 1578 2682 2491 1531 998 2328 930 1583 952 841 1354 1920 1977 2252 919 819 1667 1791 1769 2459 1651 492 1063 1770 748 118 567 2792 2488 515 1154 2729 1368 916 579 1585 2575 1851 114 2379 1854 227 1367 1042 778 2349 928 2723 2711 982 311 382 2042 381 2081 910 1657 1239 2026 808 1819 517 566 1970 2225 2065 25 875 763 1864 1209 2462 923 809 2097 2334 2103 1210 1528 512 2304 781 2067 1625 1643 1211 1344 2310 1691 2416 522
000449.jpg,310 2827 1561 2441 983 1683 1693 1343 2737 617 2759 803 374 596 2190 1091 341 95 251 1856 328 1176 695 949 2242 1334 581 1900 1743 2381 364 132 1996 2745 2111 737 1898 2202 766 2238 1914 1971 2040 1346 407 2547 2656 436 63 2644 395 777 2129 940 1476 2149 1230 1116 576 1019 1451 2579 2000 529 1394 2542 2114 2504 1298 1713 1631 88 2112 1427 1593 824 1786 291 215 1161 658 1353 832 614 1093 1224 1883 789 727 2785 1773 1103 1300 1513 989 101 1999 1257 545 1004
000450.jpg,1754 2210 640 1038 13 2520 2828 2421 1041 1272 323 2671 332 865 289 1049 672 340 2047 1430 828 839 370 933 554 429 1553 1668 142 743 2032 2415 121 2578 2629 2795 1562 1374 1888 1329 2602 56 21 820 176 988 2078 1910 427 377 244 2423 1949 698 964 2839 2217 569 1521 2333 2428 1065 733 1793 932 866 432 2743 193 681 1541 2031 2380 2120 292 2808 2083 199 2798 2568 2640 1492 1952 2090 1429 2539 2570 1189 1890 1431 1070 302 1603 2267 2451 536 878 802 1686 901
000451.jpg,2011 1328 712 1617 1993 2241 1422 2840 169 645 445 1045 1381 947 1054 1658 1663 260 1623 1444 2837 2826 1782 900 1544 1552 2050 134 2707 2439 1649 2836 563 1486 1679 463 51 550 1752 1437 197 925 2133 489 1369 674 1640 1307 562 559 2515 201 1190 1796 2130 1208 155 2767 943 2817 826 4 613 1878 221 188 305 2649 2084 611 735 1029 2544 440 1319 817 1218 2454 556 1545 1983 2419 987 547 85 2312 179 259 1253 1146 1405 2652 1489 1386 1261 59 2433 769 439 992
000452.jpg,1510 1717 399 2163 2655 2587 208 453 731 2469 73 595 823 2122 72 177 2074 99 1145 1628 1163 2126 1872 760 380 1599 401 1085 2829 2679 1023 2775 460 2636 437 141 156 2009 612 1160 2098 2750 1415 1504 2355 1233 2747 174 1903 816 2577 222 172 981 2722 1321 599 164 2218 1436 2055 2201 1047 1784 461 694 477 1241 850 1098 935 1976 2452 2096 2537 666 1682 836 755 1387 2071 1933 1305 2512 2446 1052 2645 2318 2362 897 1790 1808 2432 2642 2342 2691 320 1155 2274 2156
000453.jpg,2171 2643 285 2043 6 820 1702 1221 759 1260 2810 650 582 1882 2666 2194 546 1541 732 1227 922 669 1603 2816 620 1153 181 1697 2261 1763 1797 807 1083 2841 510 1858 2468 448 956 2168 1059 1891 1188 476 468 1916 2476 1761 1696 1502 1768 148 2346 2179 636 690 1610 334 1570 2521 2425 1723 1537 2678 661 300 1605 1080 829 1744 1397 2348 594 2313 1090 1953 420 154 1015 2823 980 991 1738 475 1995 1139 2048 2203 2494 2079 2278 2801 1884 214 459 42 1524 2167 2791 1726
000454.jpg,2202 1914 88 44 2745 596 2190 1749 1103 16 1672 1476 824 2547 1447 95 1304 1999 1469 2441 60 2317 576 1996 1224 1483 2111 1178 1856 2700 132 761 2437 2785 2827 1713 2737 949 1990 983 1353 1176 2555 1116 310 1773 1836 1693 940 1343 614 1482 1727 2016 1795 2422 1073 2129 376 695 2112 1057 1004 832 1714 1298 1838 861 777 789 683 1620 1091 830 441 1535 2523 1451 2281 75 1513 291 198 230 954 328 1631 762 2180 2116 1318 1712 2000 465 2497 2579 2656 1760 2831 2249
000455.jpg,2515 489 463 900 2840 1190 1983 2084 2011 1405 221 1934 1486 712 260 1710 2817 2133 2574 1437 559 635 1369 1656 943 2424 1752 2270 2501 1307 2411 2649 1552 445 188 197 2050 2082 613 925 817 2419 1208 2454 1545 1386 606 2528 675 547 1489 2826 674 645 1092 556 2837 2397 4 611 563 1644 1319 169 826 59 134 1328 2707 1417 2241 2439 1381 1993 312 1146 992 1045 1627 2832 2652 1407 1624 1658 977 2044 1782 1878 626 1663 2389 2375 1617 1544 987 1422 2544 2676 179 2130
000456.jpg,2045 2755 611 1319 4 188 2419 1983 547 2530 996 1627 2646 463 2023 2670 1934 2044 2676 85 2501 2626 2574 1428 906 943 1190 1151 1584 2011 2515 987 2307 1308 2544 1386 1029 900 826 221 1491 1082 556 1181 2358 2084 414 606 2800 932 1617 1788 1486 1405 2287 2270 2411 134 345 2046 1046 1993 992 527 714 2564 489 651 2389 1848 2433 674 1710 2007 74 626 1391 2344 1092 1006 1489 712 260 305 1146 622 1414 178 2801 2480 2219 817 1090 59 224 1552 1102 1208 1763 2675
000457.jpg,1291 267 837 2139 2092 1238 2484 2063 264 2731 1982 1009 2833 891 1520 1814 2844 1735 1 1925 2455 234 1863 1807 1122 1373 641 226 888 2266 2635 1295 1619 1698 262 2797 2385 2834 428 1994 2371 1159 991 2616 342 1509 1815 17 1572 1589 1803 2338 879 349 1684 299 2771 2215 2339 573 352 223 2138 2727 687 1366 2529 1615 1129 1539 1816 1059 472 2524 2269 741 1060 2223 1862 90 2158 1267 1025 551 2486 969 1480 46 2776 1549 1242 842 1660 2576 2175 2273 1095 2717 2662 2541
000458.jpg,1583 998 2459 2252 2682 778 1791 2488 1970 382 567 1368 517 928 930 2778 1651 639 2792 1854 1657 1920 1579 1154 492 1531 118 1063 1367 1578 945 2729 2647 887 2711 579 2349 841 1470 916 1354 227 2379 1770 9 1667 919 1179 1239 25 875 515 2026 1977 819 566 952 2065 2081 1851 512 808 2723 1210 2550 2042 748 1769 311 2225 1819 1507 2067 2328 1209 2097 975 1211 114 1963 2793 982 2304 873 2434 923 7 2491 2361 1585 2018 2284 1546 1528 153 2575 763 1864 107 2414
000459.jpg,1557 2315 2622 1759 1055 1165 2499 1473 2757 12 1980 1753 1390 994 2478 1125 315 508 526 1942 2440 2772 864 1868 1408 601 1677 2685 1876 2051 494 1998 2728 1721 140 598 531 2702 1944 2302 271 1834 2037 2077 2683 70 2625 2319 769 2294 688 2741 2766 2057 2665 2777 1771 686 2719 1185 146 2813 2580 447 1056 2436 2561 2015 2183 2708 790 1452 2291 939 274 2382 79 1186 1076 18 444 1134 137 2598 1252 2639 1931 574 191 1223 1547 1067 496 2286 1463 2506 2809 1126 722 246
000460.jpg,2467 346 402 628 2821 108 2690 936 1220 2398 2669 2407 2070 52 758 363 1378 2301 1022 1506 1275 389 840 1048 478 2765 753 2465 2505 2611 471 467 295 625 2687 1692 1438 2632 1141 2565 654 113 1787 1662 138 2806 61 2025 1008 241 430 1039 1730 2137 192 2396 1024 331 655 1140 1356 822 1929 2232 207 1124 679 216 786 1273 1612 268 89 49 2311 2285 2698 452 2634 2531 1822 1435 525 2053 1143 1843 1568 2061 53 1918 495 1262 455 2794 643 290 2059 1481 225 209
000461.jpg,67 2583 627 1055 2294 1944 2382 2813 1810 1937 2509 2728 1639 804 1076 1212 2248 329 1874 1001 686 1223 137 2558 1406 2393 165 1557 948 1464 2291 2683 2598 2286 249 1869 1130 647 2748 1606 1012 2436 494 2622 1185 725 404 2135 2057 202 2506 2121 899 2639 1777 1986 491 1473 1935 1126 1390 2708 2569 2741 2207 598 1876 146 2350 2580 1452 2319 1075 574 1592 2809 1165 2736 1056 2315 2842 116 688 1899 1721 2435 882 1541 2068 1759 1463 1067 1757 145 2766 1547 1897 2719 2624 93
000462.jpg,2809 494 1473 146 682 2438 574 1598 2435 2057 2580 1899 1721 1876 274 1692 608 2708 491 994 858 2716 1961 1185 1452 2719 2569 999 686 2037 726 1592 27 1223 864 2625 2813 2181 2552 1892 677 526 2683 721 2406 587 1874 2291 1018 2382 1774 447 1677 1771 1868 633 2248 1941 1746 2698 53 561 120 1505 2500 2402 2639 523 2681 948 653 68 657 1472 444 2294 1944 1127 1503 2370 313 2119 12 1648 2396 1187 2393 2598 1056 1273 1998 679 655 1972 449 326 580 1274 625 2144
000463.jpg,44 1672 589 16 727 1743 789 310 2579 2540 2054 1483 658 2000 1300 1693 1451 2441 614 1469 2827 63 2238 328 1513 1361 251 2190 1333 766 596 1306 1091 95 483 132 2656 1535 1137 1447 364 803 1178 240 576 824 1798 374 983 291 1914 1161 1951 1230 1353 695 2547 1996 1558 2149 1019 2202 2242 1106 1298 1786 2040 1427 2381 1883 2072 2784 529 1389 376 2504 2409 646 1847 88 832 1561 1971 2785 1175 1176 2016 1343 1476 2745 1180 1087 949 293 1773 2759 1559 485 1900 2787
000464.jpg,1453 2713 1860 1490 1496 201 2309 1636 1901 2272 1586 2433 2815 497 2545 155 1316 64 715 2241 1840 2556 1965 562 1569 1381 2034 992 2376 100 486 2046 2826 2213 1986 2721 784 1948 1658 305 440 2007 48 2001 1148 563 1796 2337 659 2628 2352 900 1054 1046 2836 645 2076 134 439 137 2088 1486 168 1944 1782 1623 747 260 1362 1897 1544 978 1051 319 2036 1640 2708 1056 2133 204 1649 1938 1444 1123 559 674 1899 1307 657 165 1422 184 51 2248 1223 725 1663 79 2135 1601
000465.jpg,1856 2441 1914 310 2827 2111 1093 1996 407 596 777 2785 2129 1683 2202 1898 95 328 949 2737 2745 983 2190 88 1346 1713 2242 540 1224 1693 1476 132 2422 63 1561 341 1091 1631 766 1743 581 695 1176 1672 2016 1773 1343 576 2114 2238 1019 1513 689 2374 2759 1116 832 291 1535 1161 1353 737 783 789 617 1847 570 2547 2116 940 230 2700 1714 2000 44 1298 1087 658 1103 727 16 2579 2437 2656 1558 1836 2523 1999 364 1685 1900 824 483 1749 803 1300 2149 2504 1178 240
000466.jpg,430 1506 1692 478 390 27 2765 1967 1187 2669 655 331 2407 2301 580 1293 2406 1921 654 936 1097 1635 1039 1715 1140 326 1929 1787 1648 2806 1395 2531 1730 1274 2402 2053 625 1472 1378 2611 2465 2505 1317 1024 1143 295 1127 2070 1011 1026 2398 2236 1918 49 1756 643 2017 1141 1022 2396 1822 1124 758 1008 113 159 525 1780 1018 452 721 108 628 2025 1972 346 999 467 1662 1118 1275 389 1220 782 209 455 1037 31 653 1568 2632 268 2061 192 1262 679 89 1216 1503 471
000467.jpg,1630 1514 2517 1807 1295 143 1520 2801 2662 234 697 638 2339 1112 1509 958 1 1698 1291 1324 2635 795 30 71 1360 2529 1059 127 718 2619 969 1803 1618 557 2175 1129 267 1095 195 2246 1238 1540 1373 1242 2223 1270 1811 223 2271 1349 1572 1684 2298 810 352 961 2444 2524 1524 1629 888 2541 511 2002 1446 787 573 46 1267 1615 1571 2063 1215 2338 2468 879 2834 2771 1167 2616 203 669 2104 2466 1863 2013 551 147 349 2727 342 1539 1939 991 17 2340 1862 1409 2253 2266
000468.jpg,2813 2382 2558 165 2248 1076 1056 1464 1944 2286 1937 948 1130 2842 1639 146 2393 137 1223 1841 899 804 2135 1185 1547 2728 329 2506 116 725 246 1134 491 2294 1212 2736 2825 2511 1067 2683 1777 1874 1126 2569 1055 2580 2639 2258 1463 1899 362 79 2708 204 1592 2041 686 1825 2438 2207 2435 2665 1935 722 2305 1986 647 682 2766 2068 494 677 2741 97 692 1606 2291 1452 447 2057 1940 2292 974 574 2436 1868 2319 657 140 1757 482 442 2598 2719 2427 636 1473 1299 1168 2278
000469.jpg,2494 594 762 2197 2503 690 2386 1687 2571 1113 2278 2203 23 2079 2160 1198 956 1336 379 1013 2823 1960 2678 327 2473 1726 398 2572 1537 815 2036 6 1763 1318 636 2653 300 1080 270 1315 856 1221 844 2518 1502 1949 1616 285 2016 148 510 2506 629 1073 2194 2080 644 2324 2761 1205 214 2677 2442 1458 1137 42 420 584 1139 1108 614 1016 676 2152 1400 941 391 44 2168 1541 2521 2116 2348 1866 1462 1014 1450 104 469 2020 835 1536 1365 1183 1199 794 751 1922 1515 647
000470.jpg,135 757 2295 558 2413 213 1533 754 1728 80 1296 1448 1383 1478 1689 1984 2533 2143 2756 426 707 967 1804 24 2638 184 119 2320 739 1265 218 2354 2472 2408 2024 1898 424 1849 2615 1945 91 29 1312 520 1149 2021 634 499 1269 1231 2430 1719 1867 1889 2673 2566 2172 19 232 2235 286 1597 540 1722 2277 1529 853 2508 695 2390 1093 2323 163 2366 792 1394 293 957 2464 1766 983 1631 2640 34 388 1515 646 2124 132 498 1334 2169 1801 609 2827 1733 529 2759 545 1469
000471.jpg,639 887 1579 1179 841 1578 2647 952 2778 2682 1470 1354 945 2491 1531 1977 919 2328 9 930 1769 1583 1063 1791 819 2252 1920 998 1770 1667 1651 748 2459 118 567 1368 2729 114 2792 2488 928 1367 1154 515 916 2575 227 1585 1657 579 2379 2723 1854 2711 1851 778 492 382 517 311 1239 2042 1042 2349 1970 875 763 2225 982 2081 2065 910 2097 923 2310 566 1819 2304 1211 1210 808 2026 25 2067 1625 1528 512 1864 2103 381 809 1209 975 1643 2416 1546 69 2462 2559 2334
000472.jpg,879 352 2460 511 265 2168 2132 46 223 629 2648 2363 1324 557 1939 1480 2709 414 1816 2783 2473 1170 2013 1619 396 2340 1973 1615 2468 2318 1 913 2175 1366 2595 2691 594 932 1267 892 2677 969 1349 1811 2635 1200 1291 2104 147 1025 1238 349 2481 267 1502 2623 2820 1660 796 1863 2339 1539 924 1479 234 1421 23 1095 117 771 1572 1294 891 714 1815 2764 961 2619 422 334 2834 2535 2801 1258 2222 2030 214 2101 1763 1242 1240 127 1446 1520 2213 2138 220 630 2524 2781
000473.jpg,1518 2093 1909 631 1017 908 607 2796 1613 1290 2140 1981 1879 446 2049 1331 1567 2282 2543 1301 530 942 2392 1614 662 394 2085 1237 451 1058 186 2600 2596 1978 1384 921 1516 1673 243 2458 2064 1002 1906 1705 1119 2660 2559 355 1455 984 2618 1495 253 1174 813 1808 791 538 1604 1681 1454 1554 1155 660 487 2006 709 855 1142 2648 1240 345 966 1800 1100 2065 1739 2219 2357 2843 2087 1851 271 1853 763 528 1745 1892 1105 1404 2042 1850 2803 2274 434 336 1811 1913 2037 1271
000474.jpg,52 207 1481 225 418 806 2059 726 268 2173 1024 2396 534 2765 2429 61 780 131 2025 1378 467 192 999 464 471 2244 209 2715 1438 1475 1568 1039 2698 452 1875 484 290 838 1465 296 1706 1843 356 1787 2280 314 139 363 495 1275 53 1273 840 2565 1124 455 2232 1506 2285 1262 2070 1662 858 2053 408 1274 1503 1008 31 1022 1282 1220 2017 478 389 2669 245 27 1140 2236 1505 1929 786 241 108 2531 1356 1141 758 653 2301 390 1941 200 49 346 1932 1127 2690 654
000475.jpg,2528 2411 1644 1934 1656 2817 2790 2501 1102 221 1405 943 312 188 2832 1624 556 2044 817 987 1926 635 1386 611 547 1319 85 1983 712 2082 1407 2574 2300 2419 2270 4 463 1993 1545 900 1617 1146 2011 1417 1710 1752 925 826 1208 626 2389 1369 1782 1489 1737 1486 2439 260 1422 134 1190 559 2544 1552 1045 613 1092 2454 659 59 1381 2084 860 283 2397 1627 305 2515 2133 2358 197 1658 445 606 2375 2626 992 1046 2477 51 1788 2840 1328 2837 489 169 2836 2241 2424 1878
000476.jpg,441 1482 2080 2019 1523 2383 830 1169 2754 575 2733 1450 1691 603 2695 1620 1678 462 2275 1732 861 775 187 1147 2586 2550 1748 2176 2641 818 2780 2630 107 1805 2395 1517 2555 2684 1177 397 1104 1669 584 357 834 55 1459 2116 1016 279 845 32 2605 1410 88 1073 1507 2111 693 373 2202 457 83 379 2368 1626 2073 728 2447 920 1454 2414 2254 2604 1914 469 2518 1727 339 1014 1996 863 87 1120 1192 2802 1999 2106 1194 2125 2422 794 917 2525 736 1057 1943 1382 2239 2745
000477.jpg,155 2545 659 2241 2011 1319 2046 2433 562 992 2556 611 645 547 1381 134 188 1993 2044 2439 556 1636 2034 1658 2389 2213 1544 987 1782 1901 1796 305 51 2501 1649 932 2836 1545 1386 1586 2270 1617 2631 2713 1878 2272 260 1422 900 439 2411 1496 2088 64 445 1552 1045 712 1453 1029 497 85 1054 1860 440 2082 2650 1405 1840 1934 1897 1316 201 2352 4 2817 1623 1983 48 1308 715 2837 1049 1324 1490 626 635 2721 2419 2309 1569 1082 1486 630 1362 1752 59 674 2755 2707
000478.jpg,2823 2278 285 620 752 2791 1702 1697 2168 510 1221 669 2425 1318 42 2643 181 636 661 1502 2197 1797 1763 732 1260 270 1744 759 546 459 2807 690 2043 2141 2194 2476 829 1080 2222 2179 2503 650 2079 1610 1090 1188 466 468 1536 1214 1108 1768 214 2048 1456 1953 592 1059 2216 2751 2313 1326 2572 1916 1227 1858 2261 411 375 2030 2761 2666 1084 2554 1525 2678 820 1603 2268 150 894 2623 761 1205 1283 22 2521 1171 2160 807 922 1726 1426 1217 582 1304 1703 2841 1602 594
000479.jpg,580 326 478 1967 390 1293 1097 1635 159 2301 1715 455 2407 1730 1262 331 655 2765 31 2053 430 2715 1008 1140 1912 1921 1039 1929 1648 1187 999 2406 1822 200 1506 1706 389 1568 1050 1026 1124 471 1024 2017 2236 27 1143 464 363 89 1756 2062 1275 268 456 1503 2232 1274 1011 758 2806 2669 2465 2505 346 1692 1317 726 2611 1662 2467 1755 1932 1438 1787 108 2025 1220 1037 1378 314 1395 295 209 1127 643 2687 452 467 2693 2402 1843 484 936 2531 125 113 49 2398 1780
000480.jpg,1435 625 679 2531 654 1248 1024 471 245 1438 1039 356 1274 113 1127 653 2402 2173 2311 1282 2794 2396 296 2236 1505 139 27 2280 1781 2406 1011 721 753 525 408 108 1598 1787 936 1317 131 1008 1972 1921 49 402 1662 2398 452 478 430 1647 580 643 1187 1356 2164 1475 209 2765 268 2285 331 1395 858 326 1124 2053 1378 1503 1918 1140 2611 1143 1273 239 1967 2301 628 1293 1097 1648 1472 467 1141 89 2465 2505 2061 390 2429 363 1037 1756 1692 2091 159 655 314 2407
000481.jpg,702 1908 768 2624 931 848 1830 903 2471 2601 1845 1114 284 1107 1235 688 502 65 1512 1323 990 1767 1821 835 103 1340 578 1310 2276 1608 297 250 1720 126 1186 1254 1975 1391 684 2388 1413 2314 522 1450 1557 739 2667 2080 2016 1073 646 315 1691 2036 2395 1016 1928 538 1014 414 2409 2495 2622 767 792 2320 2518 2345 1390 1147 2324 2605 1759 1166 293 1192 2315 1113 2671 426 1523 2757 845 843 373 1149 2302 1980 1538 1646 863 10 379 544 1036 1834 400 465 895 485
000482.jpg,582 732 1702 546 620 6 2643 1083 1221 181 285 759 1603 2666 807 2810 650 1696 820 2043 1541 1139 2152 922 2841 2194 1882 2179 1502 2263 1227 594 1605 2261 2677 1260 636 2171 1953 2494 1188 2348 1768 1866 1536 2502 2761 244 1570 1591 1922 423 2278 148 40 2620 2048 2386 1199 1400 117 1458 2359 1726 510 2203 196 334 1697 2503 2807 1616 214 2303 281 104 1979 1183 1602 1763 420 941 1184 750 1462 2115 1797 270 1318 1198 1397 1205 1080 353 2688 1916 2816 411 690 1488
000483.jpg,1378 1274 1024 1039 2794 1022 2236 268 2531 331 2059 113 806 1127 484 2061 1303 1282 625 1662 654 1475 2765 356 2301 495 534 131 1275 467 643 1875 1503 1435 2429 1273 2402 27 2407 1918 1655 430 655 936 2091 1011 1692 239 2632 89 726 452 1843 2611 1612 296 999 628 2396 389 782 295 679 1831 653 363 525 408 1472 1647 1598 1505 1018 1787 1921 471 1506 858 53 1048 721 1438 758 1929 2698 2806 2232 108 402 2280 1026 2285 1789 245 209 1972 805 2687 2244 478
000484.jpg,290 225 207 61 1024 2396 653 1274 1127 131 296 408 2173 268 2025 356 2794 2059 209 806 52 1875 452 1282 2765 2531 1787 838 1503 726 1039 1262 1475 1506 1662 654 1780 467 455 1124 49 1706 1378 2232 2285 799 139 1781 2236 2429 1438 471 2053 1275 2280 239 245 464 418 1481 192 2669 2091 534 1568 1918 2164 390 53 1967 1612 495 2565 2698 314 113 780 484 383 1022 1011 1050 525 1140 1472 478 295 840 1635 326 999 936 346 1715 1021 2693 363 33 1465 2244
000485.jpg,1489 1417 860 1710 1701 769 1627 712 1788 2084 1486 2626 900 943 1782 221 1617 1328 59 2050 1993 260 2011 305 134 2419 2769 489 1045 1552 925 2480 169 1405 51 2650 1640 433 2424 2646 606 2837 992 1046 445 674 2358 2544 1437 1983 1381 197 188 2389 1569 1878 1208 2528 161 1428 463 178 1934 562 2439 4 1658 1544 1190 168 2289 2046 1319 559 675 1422 2817 547 2574 1752 1663 1386 2241 2790 659 1545 48 1029 1054 611 2840 2652 2515 2707 64 635 2133 348 1369 2082
000486.jpg,1127 1274 1961 1647 655 2402 2316 1692 331 721 1972 131 200 643 628 2794 326 653 1875 2531 1438 1941 1598 2398 356 1248 471 753 2061 1039 1503 430 113 2396 108 1011 1018 2311 1097 1506 268 2164 239 2062 525 296 1472 1293 625 478 33 1024 2632 1781 2611 782 1026 1843 679 1187 1262 580 654 858 1220 216 1787 999 1435 1282 452 2406 245 1376 2091 455 2765 771 225 408 1921 495 2025 31 467 89 726 1648 2774 1048 2285 139 1143 290 2173 49 618 1500 1356 1730
000487.jpg,2113 2178 304 1213 1115 2066 63 1785 2546 1333 2022 1389 1161 1175 1513 1019 485 1300 1883 1353 545 658 1951 251 1685 1693 1306 614 1394 1773 374 2759 1427 1847 364 2149 1166 962 310 727 529 1228 2656 898 2504 1798 1928 2644 2409 436 2381 101 1334 328 1559 2040 182 215 1137 572 1230 1106 395 1683 1971 1343 589 803 789 2072 617 1743 1801 2323 2000 132 695 2784 1786 1900 2238 1207 714 483 2277 2827 646 766 1361 2579 149 2540 1558 2542 1451 2430 954 2787 1898 581
000488.jpg,1545 4 2389 59 1407 2817 1624 1926 1146 2411 2528 2270 817 2082 1737 221 1386 2790 1752 547 1405 188 2300 312 1644 2832 1934 943 1656 556 1102 2515 611 826 626 987 283 1319 613 2367 2501 2477 2011 266 1190 900 2574 712 1983 85 1202 1489 635 463 1993 1414 1486 260 2419 1701 2044 2439 2530 2069 2692 795 996 1710 860 559 1617 1181 925 345 606 2050 1045 1878 645 2584 562 2205 1208 134 2088 1799 2133 2840 1544 1552 1369 2626 305 1782 2084 1092 932 2675 630 1422
000489.jpg,472 1803 1530 2710 127 223 1509 1078 160 573 537 1811 2340 2635 2776 888 226 267 1615 1540 2740 2094 1863 17 2266 2444 1238 2138 2063 2835 1291 1373 1338 2781 1421 1862 1194 2175 1487 1994 147 2399 1355 1 2473 1059 1925 1295 352 2709 879 2614 846 1101 2548 1520 2255 385 2731 1539 1763 1828 961 2771 2595 687 1025 551 1069 2468 2515 1167 2431 1524 991 892 405 46 827 1607 400 2168 642 2486 971 1044 2133 1807 1618 1267 154 157 1629 2616 1409 349 307 630 2811 262
000490.jpg,228 263 1575 797 1724 1664 801 366 1358 2327 746 210 2418 570 493 1877 1765 1542 793 1457 1861 1279 934 2590 2186 2206 2184 1193 2694 2703 2321 1377 242 57 1034 2581 2456 1345 2739 656 689 1776 720 438 1276 2332 885 1792 287 2374 82 2174 1196 2127 2838 1758 2330 1665 516 857 2461 2229 2125 1576 1432 150 2039 1030 842 704 859 1375 170 1234 1930 1859 1959 2004 706 880 548 1072 294 2653 1350 2187 1887 2198 2356 2659 588 1086 1675 843 422 1551 158 1191 2155 2672
000491.jpg,1518 1290 631 2282 813 1554 1384 2140 1742 530 1331 1017 908 1673 921 1614 1301 1370 2696 2064 1909 1058 2049 446 1237 1567 2660 2257 243 660 1105 2796 1981 966 2458 1396 451 355 1613 2782 2596 607 1681 1604 662 942 2085 337 487 2600 2259 1002 1495 1739 1705 984 542 2093 710 1978 2392 54 1853 394 1100 2157 360 869 2306 1404 1879 1142 2081 800 1419 1676 871 1031 1454 2005 2262 7 1893 2697 1155 2543 890 1625 124 2559 1287 1119 2803 2087 2067 855 2519 1991 2618 765
000492.jpg,1948 2272 1416 1496 1316 1096 2815 1051 1860 2721 201 2556 497 1965 1586 1381 64 1658 1569 48 2628 2309 1636 2713 2545 155 1782 1362 2241 1218 305 2352 1453 562 1796 51 1897 2034 715 439 2433 2836 1054 100 1544 1490 194 1840 1901 2135 137 1649 747 1757 645 1623 1606 1640 2046 1212 440 1679 2376 2650 2439 1617 1045 204 2011 1261 231 1944 116 1422 1993 2735 712 168 992 2741 947 1444 1029 899 2842 1547 2387 79 1663 1328 804 169 2755 2686 563 2708 134 1067 319 2248
000493.jpg,196 244 1625 2460 2081 869 2363 353 910 1541 1949 820 1042 609 2115 375 1477 69 1643 2152 2677 2103 879 2502 1696 2048 1531 1139 1515 1819 2109 98 776 701 1188 1555 2709 1519 1924 1216 476 1480 2742 1402 809 2291 334 425 629 2228 2473 594 5 646 1227 1744 1037 391 669 2430 1661 1754 807 2067 2610 2500 1299 1063 1168 1240 1963 1575 1827 1140 841 1354 89 763 2841 2256 163 919 153 458 2554 2175 1864 748 1605 1579 640 285 1171 952 1326 1214 1766 515 1603 150
000494.jpg,1527 535 257 2377 1871 2196 605 937 2613 1800 1498 434 2843 610 410 1913 2006 1131 2299 1731 749 1850 2492 94 1142 774 365 2549 673 1516 855 2095 1094 1966 593 1794 1040 800 1946 2087 2788 1311 336 2243 2290 1634 1455 2005 821 870 1068 1309 1424 2519 392 1936 253 1138 1645 2697 1020 1133 2417 2331 435 544 883 811 2609 2830 1079 717 1419 2341 1174 2251 742 678 1573 2560 1385 2680 1894 2730 1002 1670 1243 1005 2102 1581 1783 288 881 1779 2364 1379 648 773 1992 1007
000495.jpg,1127 1274 1039 2396 726 653 655 1506 999 1692 1262 1011 356 331 225 580 1378 61 455 1503 31 2794 207 326 1875 2765 452 2669 1472 408 268 2025 1024 1787 430 296 1612 1598 654 1275 192 1282 52 1961 2232 2070 131 239 2316 1022 1706 33 1124 108 418 290 2280 464 113 159 2236 53 643 2715 245 2053 858 2017 478 806 1929 495 2406 2531 1662 1438 209 2806 2173 471 2398 200 1018 2091 2402 721 89 1780 1941 1972 1730 1912 346 1475 525 2429 1568 2059 1141 1918
000496.jpg,1804 967 1728 754 2756 2413 2295 739 1719 2320 426 1448 1231 135 1149 293 2615 240 792 2021 2784 80 163 1265 1597 1984 2354 2533 658 757 2224 498 558 213 646 2472 2024 1898 1296 957 789 1269 1166 388 1889 1087 1383 2054 1426 2648 2408 1478 1312 1207 1394 695 119 466 1637 2508 2296 24 898 1904 707 1168 1299 2143 132 2579 1555 2430 29 483 1689 1427 2323 2409 2535 2673 1616 589 688 2644 2759 2638 1766 184 1326 251 2128 1928 244 1176 468 300 1137 714 1849 2366
000497.jpg,712 260 1045 1486 2050 900 2011 925 645 2241 305 1544 1369 2439 2130 2826 1437 2649 1617 563 440 489 155 2454 1307 169 2419 51 559 1658 2837 134 1993 1381 1796 1782 179 2652 562 1663 550 1328 1422 735 1054 1029 445 1623 1710 463 2084 2088 2046 674 1405 348 992 947 1983 1934 1878 2836 547 1649 1208 2076 1840 1679 2721 2817 1386 168 1417 2515 659 1586 1640 978 1148 2133 2545 1552 1453 2840 188 497 2501 1656 221 2082 611 2707 1489 2034 1319 1190 259 906 1444 817
000498.jpg,2152 2502 1139 1605 214 2348 1365 2263 1953 941 1198 1602 84 1113 2677 2841 1171 106 1525 2030 2203 1371 1866 244 2109 2572 1205 23 1570 844 323 1661 2141 2197 1184 1502 182 22 1712 510 1603 509 117 1659 1084 2567 594 2623 2160 2179 270 1760 150 2115 2153 2751 954 1315 2705 1217 629 148 1199 1949 1214 420 281 2457 2554 1397 1175 690 1685 1702 2048 2079 149 924 1004 423 1632 2401 851 1616 1802 2761 1515 894 2303 1726 2178 2768 646 183 2448 1768 2503 2128 2720 1696
000499.jpg,105 1778 2394 1442 1419 519 908 1946 301 1271 2102 2331 855 1325 11 253 773 1992 2147 144 881 1155 1020 1454 151 2660 869 1854 2711 730 1614 1511 1142 2763 355 1424 778 1105 1331 1526 1625 2519 538 392 1970 1404 1100 1581 2680 320 248 1634 7 2087 1850 2516 2648 382 1969 2452 1808 2341 1311 191 800 648 2095 632 816 1790 1894 1573 2274 2005 1006 516 1138 2243 2006 2071 678 2515 517 1906 916 1904 975 1963 227 1455 1779 1031 1688 1879 664 2420 2219 1956 633 1174
000500.jpg,2139 1982 1122 2092 299 2576 2844 2403 1549 428 2269 1925 2484 594 1421 352 891 2797 2833 264 598 1814 2094 667 1078 2215 1221 2473 879 2633 1242 2385 1462 1622 160 2683 2709 2371 2776 986 2639 1238 2677 1874 223 837 2460 267 226 1291 123 1660 2183 1619 582 814 2811 1223 882 1994 1735 2057 1480 1338 1757 1591 2412 90 1139 557 1944 2607 1390 1557 1088 2455 2719 1 2503 867 2266 546 531 214 2315 1863 2731 1366 423 1525 2255 1646 2359 1530 1541 1539 1602 1862 574 669
000501.jpg,2054 858 1712 1108 1760 614 1187 1598 2787 149 1299 1168 430 646 2178 270 1774 27 2278 658 954 679 2406 2698 1175 1685 2809 762 1090 182 252 443 2761 2500 304 625 1019 2017 1918 2141 1336 586 1555 2742 2430 2048 561 2765 1661 2831 1829 2311 2398 2280 1283 580 753 2317 1113 1763 1434 290 1293 1525 1217 1037 2823 525 1692 2109 727 1951 592 1024 1273 589 1612 244 1137 861 2565 1693 485 594 1220 636 1274 2316 2705 2819 1318 1768 2681 1127 2807 2228 325 1161 2535 1004
000502.jpg,769 1931 1942 1677 2220 2625 494 2526 1408 447 574 2057 994 2291 2037 2719 2440 271 1771 2708 2051 173 1876 1473 601 939 1892 2319 274 677 2728 1056 864 657 2499 444 2683 161 682 1721 526 2766 1753 315 1165 2622 1557 2741 2478 1223 1627 2435 1874 1439 2772 1125 1759 2569 12 692 608 146 2302 1390 531 2480 2685 2809 2580 2438 2367 1433 2813 2757 2606 2704 2736 598 2089 2315 1868 647 2077 1899 2665 1055 1339 2183 2825 2292 1998 70 2248 2639 2207 1010 1606 2068 633 2657
000503.jpg,2649 663 348 1369 2538 480 550 704 925 2155 2418 210 1861 689 1758 516 1870 2454 179 26 2769 1580 2004 2714 1576 1392 793 1665 280 570 1859 57 2125 1453 445 1716 294 712 1348 1377 421 1792 1930 518 1092 1193 1901 2581 2130 2461 2327 2050 2206 2241 1551 260 2260 1276 524 2659 2287 2330 1609 493 404 228 305 1034 168 1045 2229 1194 2174 884 1796 843 632 1538 184 1328 1172 2456 2324 1234 977 1169 1724 1575 934 2011 746 463 2838 2840 2699 1441 1713 1838 756 291
000504.jpg,44 16 1672 1749 1447 1483 1469 1914 2437 596 1103 576 2202 1304 2317 2700 1836 2745 1795 88 95 614 2190 1990 1773 60 2547 376 824 1999 1178 1513 1476 761 1847 2441 1353 983 1727 291 1693 1161 1300 2016 1224 2111 2555 2827 310 789 132 1996 861 2737 2785 832 954 240 63 949 483 1535 1856 2129 1685 1336 1713 2000 1760 1712 762 2571 940 1743 1176 1004 2784 1343 2112 149 2249 1137 83 1593 1057 695 1019 2831 1801 1013 1394 1183 2442 1073 1116 2562 1298 182 683 465
000505.jpg,2700 1836 1713 44 1714 2437 1116 1224 1672 1990 2202 832 2745 1914 1103 1483 2190 1593 824 16 576 88 1447 2000 1304 683 2547 2737 2441 39 1469 596 983 2016 1357 1535 940 2656 1476 60 2129 132 2149 1693 1106 954 1773 1838 1743 376 1343 2542 1334 95 1856 1178 1786 291 310 2112 2827 1176 1559 949 1091 182 2288 695 47 1685 1996 1999 1971 1298 198 1004 1300 1795 2785 1513 1353 1749 1451 926 789 751 1230 564 1561 63 2281 777 614 529 646 2497 465 1257 1434 75
000506.jpg,1038 2421 1754 2520 2210 1041 640 1272 865 13 2671 323 1553 1430 1910 244 2828 2090 569 2380 2578 988 839 2032 340 828 56 2047 289 1949 933 2795 193 429 2640 121 370 2115 1236 176 571 1793 1696 554 1049 427 2078 332 646 1668 733 743 866 1266 1521 672 2083 2333 1888 979 1431 1562 199 21 1065 2798 432 2428 302 2629 196 2335 1616 1477 878 2048 2654 2415 377 2384 1699 142 853 698 1249 2786 955 78 1890 807 2568 2808 802 1374 680 668 2570 2677 2602 536
000507.jpg,239 1274 2794 1127 2091 356 1024 131 2164 296 653 1039 2531 1875 1282 408 2173 1781 2765 2396 643 268 331 113 654 495 1011 1843 2611 1647 1598 49 525 2236 1378 1503 245 209 1124 2232 2285 1262 1022 471 1438 1475 467 2311 2280 858 1787 625 1692 1506 1612 452 430 721 655 2053 290 1140 1275 1220 455 1472 326 628 139 1273 679 1143 89 580 2059 2061 753 838 1972 108 2402 402 1435 1662 2565 1505 27 2398 1921 484 2025 1941 1037 2693 1929 61 1822 2406 936 1918
000508.jpg,1012 1810 249 1406 67 202 2509 1001 2583 627 1944 2121 1075 899 137 2350 1212 2842 1606 2813 116 2135 2558 165 1055 2728 2207 1609 2294 804 2382 404 2248 1223 1937 2825 725 1869 378 1195 1056 2741 329 1557 1076 2435 447 1935 1897 204 2569 2736 2683 2020 1874 1841 2057 1757 1594 2766 1464 1639 2329 1130 647 1547 948 2418 2622 2809 1986 686 882 2748 2291 1463 2393 730 2068 2286 1362 145 2511 1126 123 321 2805 1088 2258 371 574 876 2033 1390 1592 2427 97 359 2598 1156
000509.jpg,2327 689 1575 57 210 588 2330 1724 2418 2456 1576 2155 228 1861 1234 1758 1276 1279 1776 1665 1348 2198 1392 1377 493 2461 294 793 1034 801 1358 583 1030 2493 280 797 2004 1664 934 2174 570 1043 746 1609 1580 366 1765 2694 93 895 1792 1590 404 263 1859 2186 1877 857 1193 2324 516 720 663 704 2321 1345 2125 2206 2838 1928 1375 885 646 2229 1551 1350 2374 756 2184 1086 2260 976 2123 843 1113 185 1921 2703 150 548 480 133 880 1755 242 1369 82 1292 158 1432
000510.jpg,841 887 2328 2778 982 930 945 1578 916 227 1791 1063 1769 1579 2065 2252 1470 2491 1531 1354 1977 1583 998 952 118 2682 919 114 567 639 2723 2792 1651 517 819 748 1851 1179 9 2225 2042 2711 763 1667 1770 928 2349 2310 1854 382 778 1211 579 1585 808 875 2575 311 2379 1970 1920 492 2647 1154 1368 1210 1367 2459 1657 2729 1209 2081 2488 515 566 1042 1239 2097 7 512 2559 25 2067 528 2103 2618 2026 151 1271 975 910 2304 2416 1528 513 923 2658 2793 1625 809
000511.jpg,1141 2765 1140 580 2396 27 2070 31 430 326 331 192 1612 1274 1787 2017 625 655 159 1692 1143 1506 209 1918 390 999 1216 936 478 1967 1378 2402 1024 2565 1356 2053 2173 2398 1187 1273 2806 1124 2698 52 1127 2025 356 1293 1039 2669 1022 296 1780 2406 216 1648 314 1715 858 467 1050 653 679 53 721 383 1921 1972 2821 753 1635 61 1118 1505 1097 2311 1829 452 654 1472 49 200 1021 225 2280 1435 1598 805 1275 108 1730 2236 726 1755 295 2531 1662 2465 2505 471
000512.jpg,2545 2034 100 712 1569 64 51 48 715 1640 305 1796 2433 562 2011 1328 2721 155 1782 645 1369 1381 1658 439 2826 260 1218 925 1663 2241 169 1544 1617 1045 2050 1623 947 900 1056 1405 2707 2439 1486 1679 2309 1993 1545 1422 1417 2837 1261 2528 2088 1054 2130 2836 2650 1944 201 2649 2411 1878 943 59 2352 550 2713 348 1552 2248 1899 2419 2376 1934 563 1649 2389 1437 992 179 1444 1489 134 4 440 2580 559 2046 2501 146 1051 1092 221 674 735 659 188 2813 2766 1584
000513.jpg,529 2644 1801 395 1230 2759 2242 2323 1798 2579 2504 572 2277 962 1683 374 2238 789 1394 803 545 328 2381 1334 695 364 766 1161 1561 2149 1343 63 1513 1333 1306 989 2040 2656 240 1091 658 581 1213 2113 589 132 727 1353 1971 1847 1178 483 2784 1389 251 1451 2000 737 1883 949 310 1898 2561 1035 1951 341 101 898 1786 1361 2409 436 1839 1558 39 926 1257 215 824 1087 1693 304 485 1357 1175 2510 646 1900 1137 1559 1427 2066 1928 2016 2737 2542 1166 2546 1228 1106
000514.jpg,764 2018 2146 2008 2284 719 1289 190 303 2585 723 1772 1493 914 1359 1351 1121 247 1534 873 450 35 1577 2582 2551 615 539 1997 2487 2405 1128 1157 2453 1403 862 2824 1204 2485 2165 2734 652 1574 781 1347 1915 2718 2536 66 14 2209 1595 1246 1751 212 604 1762 2434 825 1136 2490 869 276 1247 2334 256 2426 2170 254 874 233 812 58 701 1985 1963 2647 2081 1402 639 1077 2459 1566 1642 896 1770 2264 1528 206 2157 2593 294 765 153 929 2778 2336 887 543 3 1625
000515.jpg,1132 1588 2029 417 1431 1418 536 36 1065 1686 597 332 2384 1393 680 988 1033 555 2743 2451 21 1337 2108 886 176 1562 571 429 361 2090 979 1910 1249 733 569 1268 2668 193 121 2227 2117 78 292 199 802 2333 2520 1398 289 1890 2083 2786 302 866 554 62 2578 640 828 1888 1038 340 865 432 377 2640 2795 893 2570 13 1266 2839 878 868 142 933 698 2421 2798 2828 2210 1668 1329 1053 1793 729 1049 672 1430 1952 1374 932 427 964 1272 2602 681 1754 2808 2120
000516.jpg,2778 1791 1531 930 887 1579 118 1354 919 567 952 1583 1769 841 2328 1667 748 819 2792 1470 2349 2065 1578 639 998 1585 1063 945 1179 916 2491 2252 9 2682 928 2647 492 1977 2575 1770 982 227 1851 1657 2067 579 311 688 1210 1854 2306 1154 778 2729 114 1209 2723 382 1042 808 515 2168 2042 1168 2304 1299 2473 1920 7 2459 2005 223 297 220 923 2081 1235 903 800 1651 2711 1211 1323 2310 103 875 1368 890 2550 1164 1466 2709 566 517 910 2243 1691 699 1367 1625
000517.jpg,2545 1453 2433 2034 2713 1569 100 1490 2556 64 715 2721 2309 1901 2272 155 1860 1496 2376 1316 562 1796 305 1948 645 1381 48 1636 1658 2213 900 204 1586 1965 51 497 201 2241 2001 1782 260 59 1486 2088 439 1056 659 2352 2826 1640 563 2708 134 440 2650 1416 559 712 992 2836 2082 547 1362 168 1046 1054 2046 2815 1944 2842 2036 2389 687 1840 1218 2270 1328 947 1623 2011 932 1082 486 1825 1544 1841 2027 79 2109 747 448 1051 1386 1096 1645 1308 1878 246 2707 2825
000518.jpg,472 551 1059 1509 1803 2444 154 223 2635 1 1811 1863 1615 342 2340 2338 1698 1540 2801 1520 2717 1925 1862 2063 2709 2740 2468 2473 391 2168 1421 2158 127 352 1338 307 1524 2749 2273 2223 267 195 2776 1060 888 1101 1572 147 2781 1291 668 160 46 2138 2616 557 1530 1409 1994 1025 1238 669 827 17 349 1618 879 573 1227 476 1324 1571 1295 2175 1619 262 2253 600 1861 414 1763 2266 913 2548 1479 1167 1373 2187 2727 741 2466 1824 1355 2486 2100 1242 2198 2710 1267 892
000519.jpg,836 935 2446 1638 1933 1790 2096 2071 897 1321 2355 2452 2156 2691 320 666 755 2645 2342 1145 599 144 2450 2201 2512 99 1621 1098 1170 222 1736 1305 1709 459 2750 908 850 2432 1419 2537 586 516 2318 1504 2147 1006 632 1090 1682 1082 2627 816 177 461 2362 1308 1387 1200 127 2648 1976 156 1044 2168 1911 2420 1763 981 519 1052 396 72 141 460 630 612 301 2738 2535 1676 957 1002 2642 1806 443 1404 1808 2722 1023 2098 1155 2679 477 252 325 164 1100 2763 2829 1454
000520.jpg,1447 44 1749 1483 1469 16 1103 1672 2317 596 1914 376 2745 2700 88 2202 576 2547 2190 1795 95 824 2111 861 2441 761 60 1773 1836 1847 1476 63 1304 132 614 2437 1712 1990 1999 1513 1019 2016 1004 2827 2112 1760 1727 1856 1013 1336 1161 2555 1176 983 2737 1318 182 149 954 1224 1178 1996 2129 2000 291 949 310 1315 695 2807 1093 1693 1353 2422 1434 1451 832 1631 1785 1137 465 940 2116 1343 793 1116 1685 483 1300 75 783 240 1298 1713 2785 762 328 2571 1361 683
000521.jpg,2252 2682 1920 1063 1583 2042 916 1651 841 1579 945 998 227 1578 1770 118 2723 639 1769 567 919 952 517 1977 2647 1368 2792 114 887 819 1367 2778 1419 1354 1970 1585 1531 1179 1211 2310 1791 2081 2711 492 2328 1667 9 2491 2103 1239 1625 930 928 1851 982 778 2065 2575 512 1209 515 1854 2349 2225 355 763 7 1906 748 1470 2729 1154 1042 809 2488 382 1657 1904 2331 2459 1031 2026 301 1168 1299 1528 2507 975 566 2097 2379 2067 908 579 2306 808 2450 1879 519 381
000522.jpg,2185 386 2529 1440 1694 1129 2616 143 1122 1863 2139 810 879 718 2844 1884 991 299 267 2468 1807 1549 980 1939 30 1238 2677 2271 2584 1411 1267 1335 1697 1684 1291 1814 2833 687 298 2118 2132 1973 787 1295 459 888 1925 1514 2517 1982 638 2222 2092 1196 1285 1570 669 264 1373 582 1698 697 2268 1610 2128 1366 842 375 117 711 1446 546 448 1619 265 1661 1221 306 2460 2567 1445 147 2175 752 2263 1421 2484 2228 2731 2797 23 1167 262 1294 1480 2167 1922 807 1911 2623
000523.jpg,2057 574 2719 447 494 2051 2291 1433 2089 2526 2220 1931 1439 2704 2728 2712 1408 2037 2435 2319 790 2766 2617 2427 2308 255 2440 1944 482 598 531 1223 1876 939 2683 146 2558 2207 692 1056 2294 1330 1771 2569 2445 1942 217 271 2625 1874 1899 1055 2292 444 1892 2736 1088 2183 2499 1721 677 2657 1473 2825 2639 137 682 1677 637 994 2813 274 2708 2580 619 165 1592 657 725 974 2438 521 2741 442 116 1555 647 2809 1725 948 2248 686 2506 2841 526 1547 1962 1825 864 59
000524.jpg,1295 2776 1807 879 2576 991 557 1373 352 2473 1549 2175 1925 2771 1421 1324 428 1059 551 2468 1509 888 226 1242 1982 1524 1539 2731 1291 17 573 2168 796 1122 267 2266 829 2820 2740 2797 2013 223 1814 969 2844 669 2269 2710 1803 1661 1 1238 891 127 1863 2403 2460 1646 1619 1520 1763 827 1338 2635 262 1698 834 1994 1487 2661 342 160 1267 1862 299 537 687 1660 1629 641 1078 2811 2197 924 2255 472 2094 2139 922 2363 1811 2486 2223 2517 2063 600 2524 2833 1014 661
000525.jpg,1619 1925 1338 879 1446 2614 1009 2486 2709 600 2100 1294 837 2481 352 2835 2266 1815 1828 2094 2455 1863 1622 573 1530 1660 1078 1982 1964 160 665 1698 1994 405 403 2338 127 2092 2473 867 267 223 1421 2607 2460 2710 667 2797 2139 2811 1939 385 264 1291 1238 1159 1480 2223 537 1539 166 2635 2484 17 2371 2844 1520 846 317 1295 642 2833 1267 2517 891 428 2633 1101 2168 2738 2215 2255 2576 299 669 1242 961 2063 2783 2269 1607 1258 2253 1349 1270 2138 687 1 1615 2776
000526.jpg,2149 63 2656 1333 251 545 1743 1693 1785 182 1928 374 2409 1166 1427 1394 2759 1334 1558 1257 2542 1883 1798 1306 898 2381 310 1971 962 485 1228 364 2540 1019 727 1951 1786 1137 1513 1298 2504 803 2546 1847 695 1230 1353 789 529 658 589 101 646 395 1343 614 1161 132 1685 2323 1087 1213 436 1300 1389 714 1175 1115 2113 2016 2072 1773 1176 215 617 1451 1106 2737 2000 2579 2644 1683 954 1361 2827 576 1561 1559 2022 483 2700 1434 1801 2066 895 1900 2040 596 1590 824
000527.jpg,228 1724 57 2418 797 210 1861 2327 1575 493 366 570 689 1758 1034 1234 2694 263 1279 1375 1664 1358 1377 934 2174 1877 2456 2330 2461 2703 704 1792 1930 2186 746 801 1665 1580 280 82 793 2206 2590 2125 2321 857 2374 720 516 1276 859 1542 1030 2039 2332 2739 1765 2184 976 1457 2672 242 2198 1345 150 1776 1576 2123 885 2838 548 1551 438 2004 1350 2229 1043 1859 1193 170 1196 422 2356 287 2493 1887 1670 656 1392 421 756 2127 2155 1348 2659 404 294 1191 1292 1086
000528.jpg,1139 2572 2263 214 2348 1953 1525 1198 2203 1602 1371 1866 2153 23 106 2278 2109 1205 509 1605 1199 2503 1659 2841 2030 2197 1632 2448 1502 1802 1171 690 2623 1570 183 957 2807 894 1927 1214 1726 1184 1768 732 844 181 941 2048 510 851 84 2457 2562 1318 2761 1113 2706 1702 1661 2678 22 2720 40 636 1280 117 594 2168 2179 1032 744 2554 2705 582 2498 1515 2141 1880 1365 2152 2751 1596 2494 419 2160 270 2677 1536 1738 2128 1889 244 466 2386 1616 300 1537 1217 1696 1960
000529.jpg,1583 2792 998 919 1791 1354 1531 639 1579 2778 567 1769 2682 887 952 945 118 930 1179 2252 2328 841 2647 1977 1578 1470 1063 2711 1854 517 1920 1770 2491 382 9 778 916 819 227 1667 748 1970 114 928 1368 1651 2459 2042 1851 2065 808 2723 1367 2575 2488 515 1585 2379 1657 2729 2081 975 982 492 1239 923 1211 1154 2097 7 579 2304 1528 2349 875 2793 566 2361 763 1819 1625 311 2225 2310 151 25 512 1209 2026 1042 381 1210 1864 2067 2334 2103 513 809 1271 1546
000530.jpg,2644 1451 529 395 1801 374 545 1091 1561 1394 2242 1230 1176 695 132 2190 1631 2381 2547 2759 1971 2277 1361 803 2317 1900 2072 2000 1683 328 2238 1786 1137 44 824 2323 251 1334 949 766 1306 2579 341 1207 2827 1298 1558 2040 576 789 1257 596 1898 1513 2540 658 581 1178 589 364 1476 727 1798 2441 614 1087 1333 1161 989 1343 1693 2422 1996 63 777 1353 2700 1224 95 983 646 737 2504 1928 436 1116 2745 761 1951 1559 1714 1773 88 407 1106 617 1847 2523 60 16
000531.jpg,894 1632 2153 1336 419 1315 2079 2567 2109 1171 2705 2554 22 1214 1032 2571 96 2160 1013 2401 2841 300 2751 2831 924 189 1927 1703 1907 1019 1661 1471 1763 106 63 1288 1363 762 1217 2612 2313 2678 1605 333 2643 2197 2216 2263 1198 1487 335 761 953 1139 2591 1702 661 149 1953 2666 2230 2060 957 586 856 2502 510 171 759 1090 2816 104 148 636 459 1570 2562 2178 2113 2030 690 1727 2168 2726 2768 304 1161 2094 509 1560 1802 1671 744 2720 214 1891 2152 2346 1916 1726
000532.jpg,1316 1752 1636 1496 1965 2241 1381 2556 1840 2433 1658 1586 900 2836 1901 1486 497 1782 1453 1948 2272 2826 1544 712 1878 312 1146 613 2713 2477 1422 260 1545 2439 2082 2011 188 2832 2389 4 155 1934 2501 611 59 221 559 659 2817 674 1405 1386 1796 2411 563 950 1552 2046 943 2309 1319 2545 445 201 1983 547 2270 947 134 2652 1102 1054 735 992 266 2352 1656 987 562 1737 645 1649 1208 2837 440 305 2424 1437 2419 1640 2050 2367 1663 169 978 2034 1218 1328 1624 2628
000533.jpg,285 546 6 1221 1541 1882 620 2643 181 582 732 2194 820 2043 759 956 1702 1603 669 650 1083 829 2171 398 2810 2727 1697 2666 1536 1502 2494 1797 236 594 922 2503 1318 2141 2425 1059 2468 2348 807 1227 750 2179 334 2608 1458 2261 2760 661 226 510 636 1260 2182 2197 2623 2263 551 1763 1084 150 1 270 1866 148 45 690 1525 1570 2706 1251 1153 275 154 2168 2761 2807 2521 2841 1184 2823 2548 1365 1122 2476 2740 475 307 2203 2816 1520 1080 2056 1524 476 1922 882
000534.jpg,1752 2069 613 1146 4 312 1316 2082 2270 2389 2832 2501 1102 635 1405 556 1319 1636 1386 547 1983 611 1545 943 221 2044 826 2556 1496 987 283 2411 1934 188 2133 950 2272 2367 2817 1737 1656 900 2477 59 1486 626 1649 1624 1552 518 1965 2241 155 735 2631 134 1381 559 2011 266 440 260 1644 1202 2836 1422 674 1901 2544 817 1878 85 1208 2538 2790 2419 1414 1092 2515 2574 2439 1453 2528 2676 1782 445 1190 2433 489 2652 1544 259 1658 645 2300 663 1617 2375 2050 2084
000535.jpg,2116 2263 2374 181 2386 2522 1083 133 861 762 1365 2807 2442 1702 1064 2141 1665 1336 1315 1251 493 1726 636 1013 2401 2678 620 570 1960 894 294 644 1093 1318 2562 96 1198 2056 1364 1525 210 2612 1758 689 1632 2831 2761 592 844 2160 1797 45 732 1661 419 2554 1205 793 2079 1032 2229 2720 2705 333 2572 2591 106 746 1898 2278 2498 2623 150 2111 43 1108 2726 1371 1217 171 1019 104 2125 1792 1880 1927 2457 2737 1171 2153 856 327 2048 1280 1358 1802 2203 2838 1113 474
000536.jpg,2765 1568 2232 1024 2236 1662 1378 1039 1475 1124 467 838 580 1730 2806 1929 2053 1008 356 2173 390 484 295 209 296 2301 1715 1275 2059 1262 1037 1022 1967 840 314 478 1912 2531 326 1274 786 389 455 363 1635 2396 1282 131 408 456 653 1011 89 799 1050 1187 2407 1140 2687 1503 2465 2505 464 2017 346 31 758 2698 1648 452 1921 268 1787 780 927 1143 1127 108 1472 1048 2406 2715 159 822 1706 2429 2565 2794 2821 1273 1932 2285 495 2025 1026 216 936 1395 471 1465
000537.jpg,1115 2113 1389 2546 2178 1951 1300 304 614 1213 1175 483 2066 658 727 1353 1161 1883 1137 1106 364 1559 1513 63 2000 485 1306 1019 374 2504 1333 215 328 646 2759 2409 436 1798 529 1361 2238 2022 803 2787 2040 293 2579 2784 2072 1685 572 789 2054 2540 1230 1773 2381 962 101 1394 545 251 1427 395 589 898 1785 1847 989 1786 1207 766 1166 1683 2644 1334 895 2323 1971 1693 240 1451 1900 1928 1228 2149 714 586 2430 93 310 2656 1801 2535 737 2242 2277 581 1087 1898
000538.jpg,2784 2579 1353 789 240 483 1161 1693 1304 1513 596 1883 1749 2504 1773 1847 63 824 1394 1178 95 1801 310 614 576 132 304 1672 328 1230 1300 2381 1106 529 2238 2759 1743 2190 2113 2547 2317 695 761 2178 766 1361 60 2656 1559 395 2827 1971 1798 1593 2700 545 572 803 374 1213 2644 1785 2149 364 2546 251 1685 1727 1476 1786 1228 658 1451 44 1795 962 983 1176 2242 2745 16 2441 436 1343 2737 1019 2066 1898 1137 949 2277 215 1683 1087 149 2000 2040 1115 989 2555
000539.jpg,1782 1054 947 1381 2836 1649 712 1328 1663 1623 1658 1444 169 1544 2241 1679 2837 1617 2011 1045 1422 445 2707 2439 645 1993 440 1029 155 2826 51 1552 2050 2767 900 2628 260 735 134 1796 1486 305 562 2840 1218 2130 463 1640 2735 674 48 2545 563 1369 1840 64 201 611 715 1307 2721 2076 2652 1586 1569 2352 925 497 1710 559 2817 1437 1319 1405 1860 1208 2454 992 188 2046 1636 2133 547 2713 2411 194 550 259 2272 319 2433 1934 2650 1416 2034 659 1261 817 1624 1983
000540.jpg,1672 44 2437 1749 1914 596 2202 16 95 576 1693 2190 1304 2745 1836 1483 1178 310 1353 88 1103 824 1476 1300 1469 2700 2441 1447 2317 614 1773 1996 2000 983 60 2547 1224 1990 789 1685 1999 1856 1743 2827 132 1795 2129 954 1727 1513 2579 376 2111 1713 63 761 949 2737 483 1176 2555 1394 2016 1451 1116 2656 2785 2784 1161 1593 1106 1847 695 1714 2054 762 2149 1559 1760 646 240 2281 1361 940 2571 1883 832 1683 291 1093 2787 328 149 182 1336 1535 2422 1019 1801 1137
000541.jpg,1643 776 353 1625 196 98 1864 910 869 585 2353 2474 1819 2081 809 381 2256 2264 2391 276 233 2334 1042 1600 1541 1402 2361 2734 1204 2462 2103 150 1963 781 820 701 2453 2067 1946 630 2783 2593 1519 69 1697 2582 2132 1170 2485 2001 1528 1854 2170 2165 971 301 543 1344 2012 2147 2027 2841 1949 2711 2718 2740 2210 2394 1577 1525 1531 1139 2405 1763 1751 909 323 1359 1585 2551 1708 1347 1121 2585 2515 1272 819 862 723 1770 2150 1077 1633 2677 639 841 1754 2186 1403 2460
000542.jpg,222 1305 850 1504 2342 2355 2512 755 1933 2096 2218 935 401 1638 281 816 2362 981 1599 836 2071 1436 2074 1736 1321 612 1023 461 177 2201 380 2627 1790 2750 73 2677 477 1806 2691 72 1145 99 2450 396 586 141 1949 1976 897 437 2452 2163 1098 1754 2122 2829 2577 1186 2775 164 2645 2055 1006 156 1085 2446 1115 453 1872 1682 1163 629 1628 2679 13 1233 323 599 1404 320 640 1308 1903 1953 2132 1415 1605 325 1041 443 1272 2098 244 1763 460 1052 1170 1038 2515 1387
000543.jpg,352 1815 879 1939 1520 127 1025 1660 2481 573 1816 2635 147 1338 1 1925 1982 1619 2138 1863 913 2266 17 665 223 226 511 267 557 1480 1009 2468 414 891 2460 396 1366 1295 1291 2727 2399 837 403 1509 1530 2648 2168 2607 2094 888 234 1238 669 2092 1258 2455 1446 2616 577 307 991 537 2710 1294 1615 1539 2801 2063 814 2486 2255 2811 1807 317 2755 1421 1078 1572 2820 2619 1049 1502 2573 96 1324 2246 924 264 1803 2633 1349 2740 1994 2139 932 1217 214 2338 1112 2595
000544.jpg,2113 658 1389 1333 2178 1213 63 2066 2022 304 1175 1161 898 727 1019 485 545 1513 2546 572 1300 589 1394 1558 1230 714 1306 1228 2759 251 1951 1115 1427 1883 1685 962 2409 1847 2784 2149 1683 1353 2644 1785 1166 614 2656 2072 215 2504 2277 1798 2579 436 1207 529 374 1087 2323 1693 395 364 1559 2000 803 1928 1106 101 2841 1334 1801 483 581 646 789 2381 2242 1786 182 240 1773 586 1125 2109 1361 2540 907 924 310 1137 1898 2040 2542 1900 2535 328 2816 853 954 2787
000545.jpg,2018 723 719 2146 247 190 764 2284 2008 1121 1534 1577 2585 2582 1289 1351 539 1359 1204 1493 1157 914 1403 615 2824 1915 303 153 35 781 1751 862 1772 2485 206 873 1997 2334 2551 343 450 604 2718 1347 1970 2434 212 14 1402 2361 2536 1128 2453 58 2487 1595 2170 998 2426 382 2459 2405 825 2336 2593 2462 2165 2734 2204 1574 778 874 1376 1247 1819 2067 1791 1246 276 2792 1077 1755 1770 233 567 812 254 2681 2647 2177 869 1650 1985 1963 1531 1344 1864 2157 1583 522
000546.jpg,1702 620 2643 6 582 732 181 1083 285 2810 759 1221 2043 546 807 1541 1603 820 650 2666 2152 1139 2841 2194 922 1696 2171 1605 594 1227 1188 2348 2179 244 1953 334 1260 2502 1882 1866 2261 214 1502 2278 196 750 2816 1602 2494 2263 1365 1697 636 148 353 1199 510 1768 1797 372 2048 647 2761 420 270 1397 2807 1922 2677 1763 1726 1591 2115 411 1616 2503 1171 2683 669 1536 2620 1949 1916 2291 1153 1891 2639 40 398 1462 1458 1084 117 2203 1525 1400 423 1318 2109 2079
000547.jpg,430 655 478 1293 1097 580 1967 390 326 331 1635 2765 2301 2407 2406 1730 159 1648 1143 1715 1008 2053 1692 31 1187 1140 1506 1929 2806 1921 27 1912 1039 999 1822 2669 1317 1756 1124 2062 1026 2402 1037 1141 1118 1050 2398 1755 2715 2465 2505 2070 455 389 2236 1378 2017 471 2611 1787 108 2531 1262 758 295 192 1024 1568 625 1011 346 1972 314 936 1472 1395 2396 467 805 643 2173 1022 2025 209 1273 363 721 200 628 1662 654 452 726 2467 125 1220 1438 129 2232 89
000548.jpg,574 2057 2291 2051 494 1439 2719 447 1408 2440 2683 2526 146 2499 1223 2728 1942 1876 482 1874 598 1931 2569 2220 271 1721 444 2639 2435 1592 2319 692 677 2294 2704 682 1056 1473 2712 790 1055 2089 2813 2292 939 948 1899 994 1555 1892 686 2393 2766 2207 1433 1771 2438 531 2037 647 2183 1944 2445 864 2382 1677 1937 2308 491 329 526 2617 274 2427 2558 1330 2248 255 1639 2625 2708 2580 217 804 12 2825 725 2736 657 2741 2809 2657 608 137 2286 1725 368 1076 2598 1692
000549.jpg,2227 979 2786 2384 1393 176 340 2668 1431 802 36 429 2743 1033 1418 332 1132 2451 1588 302 2029 1266 2640 554 78 21 417 597 1337 1686 432 2798 733 868 866 1398 2108 555 1065 292 1562 2333 2578 1890 571 2539 2570 2629 1268 142 199 878 729 2078 289 893 964 1952 2090 361 2120 1888 427 1053 2335 536 2428 1910 2839 2083 569 2795 1429 886 680 2808 1492 2117 1070 193 2031 1399 1249 865 2520 62 1256 1038 988 1430 1699 1553 1329 358 2038 828 2671 121 500 1374
000550.jpg,1588 536 1431 1132 36 2078 121 1033 802 193 142 176 988 555 1393 2384 21 417 866 1686 2451 289 2743 1562 569 1430 1890 554 1492 1053 429 1699 2029 432 597 332 2668 979 302 1553 1249 1418 733 1398 2117 1888 1886 78 2227 2520 868 1910 292 361 1038 2333 640 2578 886 2083 2640 1266 933 680 2090 2786 893 199 828 340 62 1374 2120 2795 1236 1065 964 672 878 1952 2031 865 2629 2421 2828 13 2570 2108 2808 427 377 1256 1668 2798 1754 2210 1268 1793 571 1337
000551.jpg,249 1012 67 1406 1810 2583 627 202 2509 1944 1001 899 2121 2813 1075 137 2842 116 2350 2558 2248 1212 2382 165 2294 804 1937 1606 2728 1055 1056 2207 1223 404 2135 1609 2825 1869 1076 329 2809 2435 378 725 2569 1557 2683 2741 1874 1195 2057 948 447 1464 1639 2393 2736 204 2291 647 1473 1935 1592 2622 1757 2286 1841 1897 686 2766 1088 2427 1594 1130 2438 482 2020 574 1547 2418 2068 730 1986 598 1390 882 2639 146 494 1590 2708 359 491 682 2748 1899 974 93 2220 123
000552.jpg,2705 2831 1671 2079 300 63 8 2571 1090 325 2216 1315 745 924 2160 1763 2197 1336 459 1703 1474 761 335 2535 2109 1333 2168 2816 586 658 907 1487 1019 1217 614 1013 2317 2706 2678 2313 1661 661 2230 1288 2562 2572 762 1891 1425 333 1685 2113 443 2178 2268 1513 1363 1907 2401 1389 182 304 894 1304 1760 690 37 1712 1471 2720 1749 2249 1847 1161 834 149 1391 1300 2522 596 1802 1880 2022 2066 1277 2841 205 393 1015 2263 1632 954 688 2083 474 448 2823 171 483 1318
000553.jpg,44 1469 16 1447 1672 614 1483 1749 596 2737 2317 1103 376 2202 63 949 1914 824 60 2441 2437 1343 2190 88 1476 2547 95 2111 2700 576 761 1178 2745 2000 1773 1304 132 1513 2016 1712 182 2827 310 1019 1795 1760 1353 1693 1004 1999 2112 1183 1685 954 940 1300 1836 1161 149 861 1856 1137 1990 1333 1298 2656 1176 1847 2149 328 2129 789 695 1996 75 1224 589 1451 291 1727 1785 198 658 545 2555 727 483 1631 1093 2571 983 1394 1087 393 907 1315 2249 1361 1801 1228
000554.jpg,2090 536 36 1588 429 1431 2117 2384 1132 1430 176 2795 1266 142 1686 1562 1418 121 733 289 417 1553 1888 569 2668 2570 1952 1890 554 2640 199 2078 555 865 979 866 361 868 802 21 1398 1033 2227 1268 1393 340 2786 893 2333 2108 302 432 2083 292 2520 193 1038 332 1249 597 78 988 2029 1910 640 1699 2671 1337 1764 1492 2828 2808 2839 672 1793 886 964 1329 2743 2451 1754 828 1374 62 2335 933 13 377 901 2421 681 2602 427 1668 1256 2120 1399 2210 878 1053
000555.jpg,2078 1553 1430 1793 1699 193 1492 866 142 1256 432 429 1890 733 988 332 2668 554 878 1562 1886 2217 569 427 289 21 2743 1888 302 199 1041 2415 2520 802 62 1398 2423 2629 323 743 1053 1429 176 640 1033 1431 2333 2428 500 417 2578 340 2539 555 979 1038 121 78 2210 361 681 1272 13 1588 868 2029 2421 377 2380 1393 1236 2227 2568 1754 1499 2047 2798 901 839 933 828 2640 1065 2786 1686 597 36 536 1418 2451 886 2032 2267 2090 1049 1268 680 1374 2384 1249
000556.jpg,177 2355 2829 1510 72 2775 477 156 2122 1717 1145 1163 164 461 2577 99 1415 208 2587 1976 141 1504 2679 1903 1599 174 2163 2722 222 2074 2469 2218 453 1872 399 460 73 1085 172 1023 816 2452 612 731 1628 380 981 2098 595 599 1436 850 1160 1321 1784 2126 401 2655 2636 1241 2750 2201 2055 694 755 935 1047 760 897 437 2747 666 2512 2009 2645 1682 1098 1305 836 2096 1808 1233 2446 2274 2537 1155 1933 2071 823 2432 2342 1688 1089 2362 2156 1638 2595 1100 1404 2318
000557.jpg,2705 690 300 1015 2706 2079 2678 2197 335 1570 2831 2109 1605 8 1537 1671 2425 1891 2230 448 325 2816 745 907 1315 2160 2168 973 1198 2572 2535 2562 1726 2571 1763 1661 1953 2591 420 1397 2620 2263 2313 1474 2476 2494 762 1723 1610 1687 1090 1333 2573 510 2348 1080 117 214 2386 1738 1659 1632 459 22 1214 2751 148 2203 658 1205 1139 2841 468 644 1797 1144 474 2118 1979 1285 2448 1171 1217 2768 1697 1389 1922 1596 23 594 2222 971 980 327 688 2216 1019 924 2022 229
000558.jpg,239 1274 1127 2794 2091 356 1024 296 2164 1282 1039 408 131 643 653 113 49 2173 2531 2396 2611 331 525 2765 1011 654 1781 1875 209 1598 1506 268 1647 2280 245 430 721 1503 1378 471 1787 2311 2236 1022 655 1438 1692 858 1612 467 1843 2232 1472 625 1262 2285 89 2053 27 1918 1124 452 838 1972 139 290 1140 326 2402 1921 1475 936 2061 455 1662 1275 679 2059 2398 495 1220 753 628 402 580 61 1505 484 108 2693 1780 2465 2505 2669 478 2406 2025 31 840 1435
000559.jpg,1603 2152 1605 1221 285 2502 2677 244 820 582 594 2666 420 1541 1696 148 2179 1570 1397 1953 6 1502 1139 650 941 546 2494 2348 2115 1922 1616 334 2620 690 510 1891 1602 1591 23 807 2768 2841 214 1702 1488 117 2048 40 1738 732 1768 423 2203 2263 1080 750 1537 2643 2761 922 1083 281 1198 270 1949 84 759 1723 646 629 1205 620 181 375 2303 1916 2261 466 844 1400 2359 1188 1227 1637 1113 1866 2043 2194 2132 1184 475 1802 327 1199 498 609 1515 2521 2278 1882
000560.jpg,1569 48 2721 64 100 562 715 155 1381 1658 1948 2034 201 1796 2545 305 1782 2309 2836 2241 51 2272 1860 1640 1586 2713 1840 497 2556 1636 439 1316 1051 2433 1416 1496 645 2815 1453 2628 1544 1965 1096 1054 1649 440 1901 168 2352 947 992 2826 1045 563 659 712 2011 1679 674 1623 1490 2046 1328 1663 2439 1444 1617 134 1422 1029 319 1218 194 2735 169 900 1148 657 1486 2376 735 260 445 231 2076 2708 978 1307 1993 2650 1046 2050 1552 2707 906 611 2837 2088 747 2130
000561.jpg,879 2363 2158 46 2215 1619 2460 2541 1291 349 1238 669 1 267 2340 414 892 837 223 2473 1863 234 2844 969 2635 2226 264 2548 1520 1108 372 2198 1862 557 1615 2727 1446 2677 1925 2484 891 551 2213 1009 244 2749 1572 750 2223 2339 1366 2273 352 2740 2168 1761 1480 1698 2709 334 2266 2150 2387 1010 391 342 538 1294 2092 1095 1540 1571 1816 1880 1575 511 2481 842 2616 1477 1521 2834 932 1283 2468 2338 798 2783 422 2513 1479 642 1267 2186 807 2175 1541 17 396 2588
000562.jpg,1453 1490 1496 201 2713 2309 1860 1636 1901 1569 1316 2815 1965 2272 1586 2433 497 2376 715 2241 64 1840 562 137 2545 100 2721 2034 155 2556 439 1948 305 1381 1986 2135 48 1362 1051 1796 1944 725 1212 2046 1658 1897 165 231 992 440 1623 1054 2628 784 51 1640 1148 486 2352 204 2258 563 168 2826 889 2036 2708 1544 1606 1679 2506 663 1841 2728 2836 1782 747 1601 1767 2276 645 1422 1218 2558 1757 2337 659 1056 2624 1938 1747 1055 2007 1444 1899 79 1130 899 319 493
000563.jpg,2682 2252 1063 1579 1583 1651 1920 887 841 1578 945 1179 2647 952 639 1769 1977 9 998 2778 919 1354 930 1770 2491 2328 916 1367 227 1531 1368 819 1470 118 2729 2042 515 567 2792 1667 2225 1791 2723 2349 982 1585 1851 2379 1154 114 748 1042 2081 928 763 492 2459 2103 2488 2575 517 1239 2310 579 2097 1657 778 1528 1970 1854 809 910 2711 1819 1625 382 512 381 2065 1209 875 2026 311 1211 1864 566 808 7 25 2067 1210 1168 1299 1566 975 923 69 2661 869 781
000564.jpg,2063 837 264 2455 2484 2092 1009 17 2371 1982 1925 1509 2255 891 1 428 2731 267 2486 2776 2833 2338 573 1295 1619 2403 888 262 2811 1159 1122 1994 1520 2139 1338 1238 2797 2844 1291 403 1815 1807 2266 90 2607 1589 1660 879 1571 1698 687 669 846 2576 2635 1816 1735 1373 2834 1862 1549 1863 2094 1539 2385 2633 1803 2412 2781 641 667 1060 2138 1814 706 2223 226 223 1242 600 2269 551 299 1025 1101 2175 1480 1530 642 472 827 1059 1615 2616 1078 2740 885 741 2771 234
000565.jpg,1619 1925 879 1863 1078 160 385 2709 2094 2266 1982 2835 867 2473 1530 1009 2710 1446 2455 1338 837 1421 1828 352 1294 127 2614 2139 2100 537 2460 403 1267 2486 573 2481 1660 600 1698 687 1815 267 223 2338 2797 1480 667 299 2092 2607 2371 405 709 1994 1539 1238 17 264 2833 1622 665 1939 1291 1549 1295 2576 1101 2844 226 2175 428 2168 538 2063 2677 2776 1159 2269 166 2223 2484 2811 888 2783 2253 1240 1964 1258 2648 1373 422 814 2255 891 1387 157 2635 2355 2093 2738
000566.jpg,1518 1017 1290 2282 530 631 2140 908 1301 1604 446 1981 451 2796 1058 1567 1237 921 2458 1909 1331 2064 1978 2596 1613 1614 1002 2049 662 1384 942 966 984 1495 2085 1673 1554 1100 2600 2392 355 2660 1155 813 1404 243 1676 2262 660 2093 1705 1808 607 1370 1119 320 1879 1739 918 487 1688 2782 2696 186 1105 1396 1906 2543 2274 2257 1419 124 1742 1271 1089 1681 1853 2559 2648 2219 253 1455 1516 394 2618 2259 1454 700 151 763 434 852 1621 709 1000 2722 791 7 869 871
000567.jpg,909 971 1596 1108 2498 669 43 1866 214 1487 2720 2688 2740 585 1911 2197 2150 1953 2442 2168 2448 2562 2048 1757 270 2749 2623 924 644 476 2823 956 1283 320 661 1227 1696 422 565 1602 1560 2188 2228 1090 1880 1471 2348 2109 2503 2468 1949 2261 387 1763 1139 1712 1768 1525 1477 1726 630 2278 1802 229 592 1308 2706 2572 2508 2260 2648 2710 2595 2725 1082 636 448 2160 1661 785 2761 1702 2194 1217 2450 1676 252 1170 586 1882 325 2067 829 1194 335 1474 1616 1761 1318 2425
000568.jpg,2054 646 2787 293 1951 2409 1306 727 1928 1166 589 1451 658 1175 1361 2540 1693 2430 789 1333 485 898 1798 2000 2656 695 2149 1161 426 1427 251 1137 240 2784 714 1558 614 1513 1394 1847 364 132 63 436 1883 2323 1300 1298 2759 483 1597 529 962 2504 1019 2320 101 2016 395 1230 182 803 1087 1559 1213 1176 244 2381 215 1743 1804 1149 1093 1900 1115 1334 310 1389 2143 2113 24 954 374 2827 1113 2644 304 1106 1353 1786 2040 2066 1773 2324 2546 44 29 2178 545 1257
000569.jpg,999 2765 1967 390 726 1635 209 31 2236 326 838 580 159 2053 2059 1050 464 1662 314 478 1024 1475 225 1706 1262 484 455 296 2025 2396 1787 1568 2715 408 363 2173 2301 1715 1317 1282 356 2429 52 1929 331 2806 786 207 1275 61 2017 1124 1140 1378 2232 1039 1465 1503 2280 1274 2244 467 295 2407 1008 1730 1932 192 2669 139 758 2698 780 653 389 268 655 1780 418 799 471 27 49 1022 53 1187 1127 534 806 1921 1481 1395 2794 456 1648 1143 1506 2531 1011 1438
000570.jpg,1583 998 2792 919 2682 1354 1769 1063 517 567 2778 952 1791 841 930 118 1579 2252 1531 9 1578 945 1977 1854 778 639 227 887 382 1970 1179 2328 1651 2711 916 2647 2491 1770 819 1470 928 1920 2042 1851 1368 748 2065 808 2723 114 1667 515 2081 982 1367 763 2225 2459 2379 2361 2575 2729 2097 1819 1585 2488 1528 975 7 1239 1657 2349 2103 1625 875 1864 1042 579 492 2310 923 2304 566 1209 2793 1154 701 98 1211 513 809 25 311 381 151 2334 2026 910 512 1546
000571.jpg,1649 645 1444 1054 947 440 1679 1029 2011 1045 445 1422 2836 1623 2241 1381 1544 155 1328 2707 2050 169 735 1663 712 1782 2735 1617 2628 1658 2837 2130 1993 319 1860 1636 201 134 2439 1840 2767 51 2840 562 965 2352 900 2826 463 1552 1796 550 305 1586 2721 674 992 194 2046 563 2133 1253 1148 1948 260 2088 497 64 2076 48 2545 1307 1496 2815 1640 2713 2287 2650 769 179 1486 1775 1123 2649 168 59 1757 715 518 1416 1208 611 1437 2309 2454 489 2272 2034 906 659
000572.jpg,2171 2810 2043 1702 2666 2643 650 759 2816 411 1603 1260 2346 1916 1188 2841 1227 285 820 468 2230 1221 620 1953 807 335 1541 1570 1891 475 922 181 2502 1397 2591 1858 582 1139 732 1697 6 1723 1083 1153 420 1605 1696 148 510 1524 2152 1326 375 980 2216 2768 2167 1763 2048 22 1797 1080 690 2168 1213 1515 752 2179 546 334 844 5 636 2079 2278 1502 244 1882 1602 2351 724 2751 2128 1922 1898 594 1090 1537 669 1768 42 924 1214 304 2066 2468 388 2203 2113 1807
000573.jpg,264 2484 837 2455 1009 2092 2139 2833 2844 1925 1122 1982 299 2797 2063 1619 1159 1698 706 1549 2269 403 1887 1815 656 1863 1294 1735 90 2371 891 2338 2412 667 2215 428 2223 195 2385 2332 1446 2486 1229 2731 438 1994 1571 2123 2356 1 2481 2616 1622 2576 2607 267 1112 1129 263 1238 1594 2273 1291 879 2619 573 2500 741 1609 1480 1814 885 223 1877 2100 1267 1862 17 2834 1660 262 867 1411 2266 2255 1816 349 1542 1939 600 404 1338 641 2633 2709 687 287 2659 2703 1195
000574.jpg,2674 734 2099 330 1896 587 1741 2500 1532 1339 1376 28 505 699 2479 705 458 972 354 2193 653 238 2764 356 602 2527 152 2181 313 2119 68 2177 2552 1827 633 711 1164 296 2017 2052 2592 1274 963 1598 1117 1991 2365 721 2610 503 799 2144 771 2402 2306 2370 2283 847 968 553 1127 1746 1708 316 2681 120 2597 523 1917 772 209 1135 162 2693 2698 1774 649 1332 1109 2028 1956 2316 1505 858 220 1680 27 1282 1335 1647 261 1961 1972 2822 1823 245 2819 326 561 2322
000575.jpg,257 1871 535 2613 2843 2196 1527 1498 605 410 2377 610 1800 434 774 2492 937 1142 1913 94 1094 1966 2006 336 2549 1731 1040 1131 855 1133 870 673 1311 1850 365 1424 1634 800 717 1516 2788 1794 1936 2005 2299 2519 1309 2697 2417 2290 821 749 2095 2243 253 392 1020 1174 593 1946 1645 1419 2087 1573 648 2830 1138 2560 2341 1455 2251 435 2609 1079 678 1581 2331 2680 1068 881 1243 544 1002 1992 2746 288 2730 1005 2364 1379 883 1670 301 519 2102 811 2151 248 416 1783
000576.jpg,2363 879 2460 1619 2709 1925 1242 557 1549 1982 2576 1480 2524 1816 1660 2844 1421 223 1122 2104 2797 882 573 1366 1539 2607 796 160 123 2175 1863 2226 2139 1862 2833 414 1295 1078 2633 352 891 2776 669 827 2731 428 267 299 961 17 2783 1291 2168 2269 2215 1238 2403 2661 969 2635 2273 2572 264 1462 594 2092 2455 820 1477 598 2094 2473 1814 400 1530 23 1184 2771 385 2653 2468 667 2834 1541 423 551 641 1014 1869 1646 2036 2811 837 1373 2132 2484 1320 469 1010 2203
000577.jpg,2389 1545 4 59 2367 547 1752 1407 1146 996 1181 2530 626 1386 2208 1319 271 1942 611 1677 826 943 2300 2011 188 1095 556 2515 345 2270 994 1411 2817 1892 608 221 1491 2440 950 2584 1202 1405 2648 1112 817 2801 2631 349 2755 1408 645 2595 274 41 2692 2037 2675 2837 2213 2411 1624 2130 1056 2082 892 2138 2212 709 961 1327 1564 2205 1587 1324 1771 795 1788 2588 503 1615 2419 1737 260 526 1555 179 1988 1552 1983 1190 85 312 2069 2013 1998 1934 2148 1812 613 1240
000578.jpg,523 505 2500 2181 175 587 2365 2552 705 2689 2370 2819 1896 28 2674 2527 458 2193 313 602 2283 2119 1117 1991 1827 1823 847 238 2681 152 734 849 354 711 1164 2479 2716 81 1563 120 1332 1111 1109 699 1314 2099 780 1741 561 1143 2285 2822 2534 1475 2764 367 633 968 1680 452 2177 1885 1273 2244 963 68 1852 314 2173 2610 2799 2698 2144 2597 330 1774 356 1339 1010 1465 1240 553 1955 53 1182 2191 2017 2237 2402 316 2236 220 2322 534 1974 2531 1378 274 1135 1011
000579.jpg,2365 2370 81 2689 2819 705 2534 152 2500 2479 2119 2181 1111 587 313 2527 847 2552 505 175 458 120 238 2681 849 2283 2674 523 580 602 2193 1741 31 2557 1730 28 504 1827 1896 1141 52 2716 2396 2177 1563 159 192 2765 2052 1532 326 1472 452 1011 2173 1929 711 209 1332 1787 734 467 1293 2806 2715 653 1692 1378 2017 1097 633 53 2237 2821 418 1143 699 999 1481 2025 561 1275 1912 1465 780 92 2250 356 2592 2565 1376 1917 2244 1314 1955 726 1010 225 786 1885
000580.jpg,2109 150 2567 1171 2249 1214 396 2554 300 1139 1525 419 422 894 2153 2317 537 2841 22 2473 957 2751 2823 2688 2222 941 96 244 1953 1697 1661 924 189 2141 1560 1632 481 2094 1217 2677 1546 1280 1995 2313 761 459 2263 115 1170 1032 1987 1763 1927 1304 1570 594 814 214 1015 1502 1605 2261 669 2079 687 2168 815 1696 127 1555 1858 2030 1199 2303 2152 2627 582 375 43 183 1910 1610 2797 2203 636 1084 2081 2503 1425 879 592 1949 2156 586 1090 84 1371 1315 1602 971
000581.jpg,2510 431 70 2561 1035 1125 1753 1839 1834 18 2077 1842 2777 2478 2663 2772 601 1759 2644 2 2015 2757 2818 315 1557 951 529 1252 395 2323 1798 2622 962 1443 1390 2686 2242 1801 2759 1394 1230 374 572 1186 1938 1333 1207 767 889 1391 1833 688 2072 545 2149 2504 646 1137 2040 803 1427 1767 2314 658 251 2656 1306 990 277 1683 1558 1334 1786 2277 1357 2000 695 364 714 2409 2381 1559 1257 989 2579 578 789 1971 485 1747 2302 1389 132 1928 522 2113 1166 1106 426 1343
000582.jpg,1779 2145 2102 2763 773 1992 1385 1511 519 406 1969 1526 742 1007 1670 730 2516 1894 338 1442 2680 248 1311 11 1325 648 881 821 855 811 1020 1454 253 1800 365 1466 1309 1165 870 2377 2302 1138 843 2095 538 2830 1424 709 535 1110 2809 2219 1498 191 1133 1707 2243 1573 1473 2087 2560 678 1850 800 336 435 392 1581 112 1142 610 605 1068 1966 434 1040 1379 544 1634 717 1419 1079 1645 1731 1516 1871 2519 763 673 1131 2151 1243 2549 2251 664 1913 2788 1455 410 2110
000583.jpg,70 1125 1753 2777 1834 2077 18 2561 1842 2772 2478 1759 2757 2015 2510 1252 431 951 2663 2818 1557 601 2622 315 1035 2 1390 1839 1186 2323 2302 1165 990 2644 688 395 529 767 522 1798 1391 1443 2759 2314 1333 646 962 572 1235 426 2242 502 1427 374 1394 2409 2504 578 1166 215 2040 2624 1230 364 251 1389 1928 1323 1801 2315 2546 714 2685 898 436 1413 297 545 1115 1833 101 1980 240 2054 1306 2686 1938 359 2471 277 191 803 2149 1951 658 1767 2238 2277 2113 1558
000584.jpg,1545 4 2389 1624 817 59 2817 1146 2270 1926 2411 2082 2528 2300 1752 1407 547 188 611 221 1386 1319 1644 1737 2790 1405 1934 626 312 826 556 1656 2011 943 712 2501 2367 1102 987 2832 283 85 613 2515 463 1993 900 1983 635 1190 1202 2044 1045 1181 2530 1414 996 1617 795 2574 2477 2419 266 2584 1489 925 2069 645 1486 260 1710 606 2692 1701 1029 445 860 1552 345 1369 2840 2675 1988 2439 2130 559 1782 1328 2050 1411 1208 134 179 2205 2801 2084 305 2133 51 2454
000585.jpg,1146 4 221 2790 2411 943 1752 312 1545 1405 2817 1102 2832 1624 188 1934 2528 1407 2389 2501 2082 1644 817 1926 2270 556 826 2300 283 613 59 1656 1737 1983 635 1386 611 626 987 1319 2069 266 547 2574 2477 85 1414 2515 1190 900 2011 2367 2419 2044 1486 712 1208 1369 260 559 925 2133 2084 606 489 2397 463 2424 1202 2544 2454 2530 996 1489 1181 1552 445 1437 1627 2840 1092 345 977 2676 1878 2675 1710 1993 2652 1422 2358 2439 2626 674 675 1988 2312 2148 2375 2714
000586.jpg,1944 137 2813 2558 1056 2135 2382 2248 165 1212 2728 2842 1076 2825 2207 1937 2286 146 899 725 948 804 1055 1464 2766 2294 1067 2435 1606 447 116 1899 329 1223 2393 1639 1547 686 2305 2741 2580 2683 204 2511 1825 2736 2057 1185 1463 1841 2068 1134 1874 1130 494 246 2708 692 79 722 647 2569 1935 2665 1126 2438 2292 491 2639 2719 2291 682 1777 1592 1452 2258 2506 1940 574 2041 2319 97 1868 362 2436 677 442 657 1897 1986 482 2598 140 2704 2526 2427 2440 939 2183 1433
000587.jpg,1179 2682 887 639 1578 2252 1579 1977 1583 1651 2491 841 2778 2647 2328 998 1063 945 9 1470 952 1920 919 1354 1531 930 1769 1791 819 118 1667 1770 567 916 2459 748 2792 2729 227 1368 2575 1367 1154 492 928 2379 2488 515 982 2723 114 1854 2042 1585 778 2711 517 579 1851 382 2349 2225 1657 1970 763 2097 1042 875 311 2310 1239 2081 2065 808 566 1211 1528 2103 2026 25 512 1209 1819 1210 910 809 2550 2067 923 381 1864 1507 2304 1625 1691 1566 1168 1299 27 2416
000588.jpg,1681 1000 1853 1695 1705 487 2600 1739 942 2664 2085 791 360 1384 2259 1673 1331 542 1508 54 2458 2782 966 1614 1742 2257 660 337 710 1370 1518 1893 50 1287 2696 2369 1554 1290 1565 2803 1017 631 355 2064 921 813 1396 2796 1031 243 1909 2618 2596 1770 607 2282 1002 2559 1495 1105 1301 1613 151 381 2341 2543 451 1058 2140 908 1455 1271 1978 2460 937 530 2262 662 528 114 2093 2660 809 1546 227 945 1920 1851 2711 2364 2549 1676 916 2042 1854 253 434 2074 781 1946
000589.jpg,1663 1054 1444 1649 947 2767 2836 1328 1623 1381 169 2241 1679 2837 2707 1782 1544 2628 1658 2352 645 1045 201 1860 1422 440 735 445 194 2050 2011 2713 712 1617 1636 1029 2130 2815 319 2439 674 900 992 2826 769 2133 965 1840 134 1437 1496 2046 155 1993 1586 1796 2735 1775 2309 1486 497 1148 563 2312 1218 489 1757 2287 168 59 2272 1640 51 1965 1552 1208 1307 2433 562 260 2084 1752 2840 1123 123 1948 1468 978 48 1051 986 1253 1316 2076 2652 1261 2556 904 305 1255
000590.jpg,2777 1125 1753 2772 2077 2478 1834 2015 70 1252 18 1842 951 2561 2818 1759 1186 1557 2757 2663 2 601 431 1035 2510 315 1323 2622 688 1391 1165 1235 1390 990 767 2314 2624 2302 103 126 578 1443 297 1839 2315 1413 522 1333 1845 2323 2276 502 1980 2686 2601 1767 369 2685 1114 1938 277 2546 2471 1821 1340 658 2113 769 646 191 2644 2409 250 768 1908 1833 889 2022 931 2178 727 2702 1608 1115 395 1175 684 426 1161 1389 63 1166 1801 2161 1951 1720 2277 572 1019 65
000591.jpg,374 2546 1785 545 1883 1228 2759 1115 529 1353 1773 1513 63 395 328 1161 1230 581 2381 1847 2238 2504 1394 1683 1801 803 101 341 483 251 2644 1213 364 2277 2113 576 2579 737 2040 989 436 304 1900 617 215 766 1106 1533 132 1334 2178 1019 1389 1559 1971 1898 2323 1333 1300 2700 95 2114 1427 695 789 2542 1786 2547 824 1561 1257 1137 1357 2242 596 1178 2180 2066 2022 1176 658 1087 2784 926 1361 1224 2000 407 1685 1693 2190 2827 310 572 1091 2441 1451 2523 757 646
000592.jpg,2053 1140 2236 1124 1037 430 1024 654 27 2765 1274 1282 390 1822 1143 1475 1921 2406 2402 356 1967 2465 2505 296 49 1118 1635 1187 1273 580 1216 721 331 1317 1715 1648 1472 1039 1756 1972 625 643 478 326 1692 209 408 1008 2396 2611 2531 1050 1141 1297 2301 1127 655 1787 805 1011 2173 1662 2794 1293 2698 1378 1755 2280 838 653 936 1395 471 314 1097 1506 159 1647 2407 1612 131 1435 2017 245 1356 1021 31 1918 2232 452 1022 484 1568 268 1781 2806 2070 1262 467 1438
000593.jpg,1752 221 1146 943 4 312 2832 1102 2389 1545 2817 1405 1934 2411 2790 188 2501 59 611 1656 1319 613 1386 2082 2270 547 1624 2367 2528 2069 635 556 1983 817 1644 987 1486 826 2300 1407 626 900 2652 1316 260 559 283 2419 2011 489 2044 950 1437 712 1926 2433 1422 1737 2515 1208 1552 925 2544 1092 2084 2477 1369 2050 2826 2133 155 1190 1489 2439 2574 735 2837 992 1663 266 85 1202 2241 977 463 1627 134 2836 1381 1782 1658 2454 2556 1496 674 1453 1710 1414 1328 1636
000594.jpg,967 1804 2320 293 2756 739 792 1149 1728 2295 426 2413 2533 1719 754 2224 2021 1166 29 646 135 1448 1207 2615 2409 1928 24 1597 1265 2673 2143 658 2054 789 80 558 898 2354 1306 218 2024 1087 2296 1451 2430 240 714 707 2172 2787 2784 213 589 1478 119 286 688 1427 498 76 1137 2408 1361 1898 1296 163 1984 388 1558 695 1231 2648 2323 485 91 727 2072 1557 1616 2016 184 2540 1091 1383 244 895 466 1175 634 1590 2638 132 2759 1555 93 2508 251 962 1394 2644
000595.jpg,2354 2320 1149 29 1849 2533 2615 707 967 558 135 426 1448 286 2172 2413 2756 2295 2408 2143 1804 213 2673 1597 24 293 2024 739 1269 80 1265 1296 1478 1867 2021 1689 91 1728 520 2430 634 1719 2566 2390 1383 119 1529 695 792 754 184 232 1722 1945 853 2054 424 2235 2638 218 2224 1469 1298 540 2827 132 646 1984 498 2323 1334 1231 1535 757 2016 1091 2366 1176 2072 1798 1236 425 244 983 76 1207 1361 466 529 19 2149 2078 2015 1137 1093 1533 2787 1733 1631 898
000596.jpg,1860 2545 2272 1496 2433 1316 2713 2556 1965 1636 1948 2034 497 1453 1381 2309 2241 1416 1362 64 201 155 1658 1586 2628 1897 2721 2352 2815 1096 1757 305 1569 1782 2376 1796 1901 715 1051 645 562 1218 1490 439 1544 2011 48 51 100 1606 547 2836 1054 1649 440 1623 1840 137 712 611 1319 204 1045 1328 2135 116 194 2825 2650 260 947 2439 2767 1993 1029 747 899 1444 1422 1944 1255 123 2046 2270 1617 900 2741 2686 2082 1386 563 134 1261 1663 1640 2766 1486 447 882 2213
000597.jpg,1115 2054 2787 646 1951 2113 304 2178 2546 2430 1175 1389 293 1037 359 1300 1137 2066 858 1213 614 2540 658 1513 364 1883 1161 1306 1124 485 1427 483 2280 215 436 1847 2409 92 2500 1166 727 2279 2173 152 1798 1773 101 24 1010 1829 2143 1273 28 1869 1928 968 2053 1140 1019 1353 2784 374 2228 244 1612 847 63 2479 2765 1333 2040 679 1168 252 1299 1685 2000 529 443 898 587 2504 251 1924 1501 2177 1216 1886 1827 2017 895 328 313 138 2238 1024 2022 1113 2681 2759
000598.jpg,2601 2471 2624 103 1235 1845 502 1323 297 990 578 688 1908 848 1830 1340 126 1114 1608 931 768 65 903 702 2276 1413 1186 250 1107 1821 284 1720 1512 1391 1310 1975 1767 835 2314 2388 684 1254 522 2478 1125 1753 2077 1922 1557 2036 2777 1605 400 2772 2661 2620 767 2768 1014 2667 300 1397 420 1601 1834 70 2302 820 865 2622 1165 2567 315 379 2571 827 601 244 335 2757 1723 1390 690 2183 1832 2109 1759 2671 1916 10 2230 1986 2345 1905 2346 102 2841 1333 1372 646
000599.jpg,640 865 2520 1038 1754 828 176 2795 377 2828 672 2640 13 2671 2602 1266 536 2384 142 2210 1374 979 289 1952 121 1668 340 1888 1431 733 2421 933 1562 1910 2570 932 292 2808 866 2629 429 2786 21 1329 1430 2227 2108 2083 2539 2078 1249 332 432 1049 2798 729 554 2839 893 36 1686 1429 1272 868 2578 1588 78 1337 698 1553 1418 2451 555 964 1492 302 2120 199 417 2117 2668 361 2031 1890 2743 2029 1033 802 2333 2335 839 988 1132 2428 1764 323 1393 886 2090 597
000600.jpg,147 2473 2820 892 1421 1615 46 577 349 5 2215 2635 223 1 1591 2641 891 352 538 1291 1767 1539 1114 2080 2648 2326 931 1575 1095 2595 1016 2234 1540 1454 2128 2624 2422 1618 339 1238 1186 688 2520 2340 267 969 307 2616 843 2158 2671 1167 2183 414 1450 1646 34 1358 814 1324 465 2324 1323 2395 2273 1013 2247 848 2213 2653 2506 126 1299 391 1168 1391 598 1355 1242 2036 1821 2844 1669 2314 2094 1852 342 2168 133 2838 2486 2019 2136 55 1520 924 551 933 670 1014
000601.jpg,2682 2252 1920 1651 1063 1579 945 1578 841 1583 639 2647 887 1179 952 998 1977 916 1770 919 1769 2778 9 1368 2491 2328 1367 1354 227 819 118 567 930 2792 2042 1531 1470 2723 114 1667 2729 1585 1791 2575 515 517 2225 1239 928 982 763 748 2081 1528 2488 1851 1154 1854 492 2349 2103 2097 2711 1970 2459 2379 1042 778 2310 1657 2065 809 512 579 381 1625 1209 382 1819 1211 910 808 1566 2026 7 1168 1299 1864 566 311 875 513 1546 975 1210 858 25 27 1904 69
000602.jpg,2818 2077 1125 2015 2777 1252 2478 951 2561 1834 1443 2772 1753 70 1391 767 2314 990 2671 1186 2335 889 414 223 688 1557 2795 2624 18 1291 933 2510 2757 1910 211 578 1323 2571 1095 932 1235 1238 668 1446 2083 1842 2273 2520 1035 1938 502 2276 1989 1764 1413 1833 267 277 5 2755 1767 768 432 2302 1294 1272 400 358 745 176 297 1759 1418 1883 103 698 733 1049 879 2654 289 1161 2535 78 893 1333 714 1266 2808 1556 1329 2168 1114 1521 2663 1686 1353 1474 63 1087
000603.jpg,1624 2411 1146 1644 2389 1752 2528 2817 4 312 1545 2790 2832 1102 1405 221 2501 59 817 1934 943 188 1407 1656 2270 2082 1926 556 987 635 611 1983 2044 1319 826 1386 1737 2300 2011 547 613 2367 1202 283 2477 1190 712 85 2069 900 2574 266 626 445 1486 1208 2419 260 1552 559 925 2515 606 2840 1369 463 1993 1627 489 1782 2084 1799 2626 645 2544 1181 674 1045 2397 2133 1414 1422 1617 2714 1489 2439 2050 2676 1878 1381 2241 1437 1710 2358 1092 134 2375 2675 2454 2652
000604.jpg,2468 2678 636 894 2197 2823 1032 1880 1315 2554 419 1318 2573 1797 2263 1502 96 300 1726 2216 2425 1536 2623 2060 2153 1632 2476 2494 396 181 1702 2079 189 2168 2807 117 879 459 1995 147 2572 1108 2571 20 1744 2791 2030 333 1336 690 42 1080 307 2503 2203 2313 2726 669 2160 546 327 1198 1802 1927 620 1907 1260 1763 856 2128 2278 2784 1205 23 732 2727 2761 2643 1025 924 115 2705 1882 661 510 1083 762 1520 1221 1013 2162 2740 309 1059 1090 171 448 335 285 814
000605.jpg,711 503 633 587 2592 2052 2365 120 2181 81 2479 238 2552 2500 2193 1111 1376 602 2681 313 1896 1680 261 28 1532 772 2119 505 152 1164 2742 2370 653 344 2597 2527 356 1472 1332 2819 2674 2698 314 1852 216 2322 2017 1555 734 458 2716 1755 999 2212 1327 849 296 1774 1827 2283 1109 1135 2822 721 580 2237 2250 523 705 1746 2764 699 2177 1216 2191 1912 2610 159 326 1708 330 972 1730 1273 1117 27 671 354 53 799 2173 209 2689 726 1010 290 1991 649 220 847
000606.jpg,2600 1705 1681 942 2085 1695 2664 487 1000 1739 1853 1331 1673 2458 1614 54 1287 791 542 360 2369 1565 1893 966 1031 50 1508 2259 2803 1384 710 660 2257 1495 355 1370 2782 1742 337 1017 2543 2696 1002 1396 1770 2796 243 1518 1105 2660 908 381 1554 813 1290 2282 2618 2341 607 2064 2262 2596 2559 2093 1479 2147 151 2140 1301 1978 631 921 2460 1920 781 809 1271 1058 852 2711 2420 1211 1909 2549 2364 984 1419 1676 2363 709 1455 1546 1613 2132 2219 186 2049 2306 320 235
000607.jpg,2320 2533 1149 29 426 135 80 2354 2408 213 2143 1597 293 707 119 1296 558 1265 24 2756 2021 2295 2615 1448 1231 2413 286 2172 757 2024 1849 1804 2673 754 967 1478 2430 1728 1383 424 739 634 2054 1984 2566 2366 520 1269 646 2638 1529 1451 658 1306 498 1689 2323 1945 232 695 1951 1719 2072 1867 898 1361 1326 184 19 2390 589 251 1175 1312 91 2644 1394 244 529 375 1166 485 2787 1137 132 853 1333 1798 792 2508 218 1559 466 1533 2784 1558 1427 727 1207 395
000608.jpg,392 301 1077 2264 69 809 2331 1419 248 648 1546 519 1992 1454 2081 2103 1973 1424 538 355 717 7 2132 94 1133 879 843 2186 937 781 2334 1625 908 2460 2101 1331 1170 2102 773 1309 1634 434 2763 2843 365 2027 543 605 568 1200 1519 1566 253 2005 1142 1040 1966 1946 1442 2256 1819 2473 2519 1042 105 1311 2549 2363 2318 869 2394 1402 2792 752 1105 610 975 1423 1565 435 114 1367 916 1794 1769 855 2341 800 1287 1778 2535 410 2560 630 1913 1770 256 511 2067 1614
000609.jpg,127 2138 879 1863 2266 2175 2246 2710 1411 2473 2584 2616 1939 557 147 1862 1446 2595 1630 1294 2139 2677 349 687 2648 1242 2833 1811 1129 2662 2481 1549 2460 2515 1360 1355 2092 573 264 2132 2189 1539 2635 1445 2104 1036 1982 1122 2801 2524 2213 1167 1519 1514 741 1619 1828 685 2797 577 2484 537 30 1201 837 352 932 2212 299 1327 1060 2631 697 273 787 2709 1694 2269 1803 1973 1278 444 1078 2844 1170 2094 1480 638 810 71 924 1520 1295 396 1615 17 870 1807 1270 798
000610.jpg,348 2649 1369 925 1870 2769 26 2454 179 550 712 1045 305 2050 463 2714 51 2538 445 480 2011 1710 2241 2130 1029 1328 155 1983 663 260 1934 1644 1617 59 2501 518 1381 1993 562 645 1658 64 2721 611 1782 817 2375 2574 2439 1544 1569 547 48 168 1417 1796 1319 2528 2840 2817 1545 1640 1489 1624 524 2044 1190 1486 197 2411 1656 188 1649 489 1552 900 169 860 1663 440 1092 2515 1752 2837 735 2389 1146 970 2418 2650 1701 1576 704 1405 2735 2545 2084 2046 674 2004
000611.jpg,1944 1056 146 137 2766 447 2435 2813 2294 2728 1055 1899 2286 2825 2382 1076 2842 2580 2057 2248 1937 948 2207 2558 1547 2683 1464 2305 686 1223 1067 2135 1212 2569 165 2393 899 2511 2438 494 1639 116 1592 725 1463 2708 804 2741 682 329 79 2291 722 692 1606 1185 2068 1452 2719 491 1874 1134 2639 2736 2292 1935 574 204 1825 2665 647 677 2427 939 2319 246 1777 1841 2526 1868 482 1126 2041 1433 1130 217 442 2445 2704 2220 657 97 2183 2089 140 1299 2440 1168 1931 1721
000612.jpg,941 84 2503 2677 582 396 1953 1199 2494 1596 1221 2562 594 2261 546 387 1616 815 115 2498 2761 1139 2688 1696 1768 1949 281 1462 1802 2720 244 270 2115 214 2194 1866 971 2150 300 6 732 423 909 1880 636 1073 1987 1536 43 1757 1183 1995 1541 820 2048 2386 1283 2359 2278 2348 2188 1502 1560 2197 1602 2823 1591 1726 334 882 1198 1153 1763 750 40 285 2740 2203 2841 1603 104 1400 957 1308 23 644 922 851 2448 1570 2639 1537 1227 1318 629 646 761 2473 669 2109
000613.jpg,1631 2277 1801 576 1513 2759 1561 529 1683 1558 1847 251 2149 1334 803 2542 2656 2644 1343 1300 1743 1161 374 2323 898 596 789 1883 63 1333 1773 2000 310 1693 2242 2072 545 2737 2540 1394 95 962 2579 2409 1087 2381 1353 1798 658 2700 2504 1230 1224 695 2547 1928 1427 949 617 395 581 291 1447 1306 614 1535 1137 589 132 1672 44 1990 465 646 1298 1483 1166 2827 714 1971 1689 2016 727 1898 1106 1178 483 824 1019 16 1176 1091 328 1785 485 2238 364 1786 1469 983
000614.jpg,1325 1442 1526 2516 1779 1511 1670 742 1969 2763 1007 191 2102 1707 2145 1385 1454 1079 730 792 2302 773 1165 1992 406 1020 811 544 1894 538 1581 881 843 248 739 11 1573 1309 1311 2680 855 2560 338 1110 112 568 91 392 519 800 2260 1138 253 2110 1783 2235 435 821 870 1968 664 1068 410 516 1243 2290 499 1986 1197 678 853 1040 365 1516 2095 1966 2151 184 1186 1379 2449 2087 717 2251 1424 648 1645 1745 1498 1800 2243 1804 66 2667 1601 2788 1634 2519 1142 336
000615.jpg,296 1262 455 1274 1662 356 838 2765 209 2396 1024 2232 2794 2059 1706 225 2025 1282 408 1568 61 464 2173 1503 653 1127 207 726 799 806 314 268 1506 1275 1039 2236 2531 2429 239 52 1378 1967 390 131 1787 326 331 999 2017 2698 1472 484 2301 2053 363 478 1715 2669 471 2091 192 1475 580 49 1438 1124 290 346 31 1635 1050 113 245 295 840 467 2470 1929 1140 1781 139 2715 1011 534 654 1008 495 1921 1875 786 1273 2280 2806 1612 108 418 2407 159 2061 1780
000616.jpg,932 1049 536 1910 13 2210 2520 1588 839 121 1272 865 640 1266 733 1249 1038 1754 933 866 828 2795 1132 289 323 78 21 2640 2808 1431 2083 377 176 698 432 988 332 893 1888 680 672 1952 302 569 36 2384 361 2078 2828 979 1398 1521 955 292 193 1430 2451 964 1562 199 1053 2578 1553 2570 1033 2629 2117 340 1686 1668 2428 1374 555 1268 1329 417 2333 2421 142 2602 2120 220 1041 1949 1763 2671 2743 2031 2032 2839 2227 554 2090 429 1337 2668 2038 500 597 2798
000617.jpg,120 587 653 2500 2681 356 2191 2597 2365 2552 296 1974 2119 1896 2527 2181 505 849 1011 523 705 602 2819 2716 175 2479 1317 2674 2052 721 1472 220 458 238 1332 1756 2236 81 1111 2193 633 2370 1282 290 711 2099 1240 1475 1972 580 1274 2017 209 2402 1568 2592 780 1376 2689 326 734 2396 1755 2283 504 1991 408 139 1127 847 1823 1647 699 2173 503 2232 1037 1050 1143 2322 2244 2053 367 2406 313 314 2812 330 152 1187 159 1921 1503 1655 2237 1692 1827 2764 1787 1395
000618.jpg,712 1328 1486 2050 2011 900 925 260 1369 1663 1489 947 1782 169 1045 1417 1544 1437 1054 2241 645 1658 1710 2837 2419 2826 2439 1552 559 1545 1623 1405 2836 1381 51 2652 1307 1617 1444 1422 674 1934 1208 2649 563 2454 188 445 2707 221 2130 2840 943 440 155 2817 134 1993 2767 860 1679 1649 735 1796 179 2424 305 1218 2528 1983 463 489 2574 1752 1656 26 59 348 611 4 2411 613 1640 2084 2501 1627 2545 659 562 1190 1701 1046 817 2515 992 197 1319 2046 1092 1386
000619.jpg,2281 2073 2239 751 2036 230 920 187 469 1601 1014 32 1538 1476 379 2605 1482 1459 2080 1748 541 917 2699 2422 1353 362 1713 132 1841 2288 88 564 1152 39 1176 1818 1950 1180 1846 1224 2247 1304 2493 1192 2033 818 2202 1036 1996 1693 926 1116 2745 55 397 2114 902 2111 441 636 590 695 83 789 2784 1178 1919 75 2296 1318 2190 1357 1093 2258 1013 47 2656 861 1450 310 2489 1714 824 2345 2827 1743 1999 2641 2579 2495 736 2523 2383 198 2054 2176 87 60 2603 1467
000620.jpg,1624 2411 2790 312 1146 4 2832 1405 2528 221 1102 943 2817 2389 1752 1934 1545 188 1644 2501 556 2082 1926 987 2270 826 817 1407 59 1737 283 1386 635 1656 613 1983 611 2300 547 266 626 1319 2477 2044 85 2069 900 2574 1190 2419 2367 1208 2515 2011 1202 1486 559 1627 2084 1414 260 2133 606 1489 489 712 2544 2424 1552 2397 2626 2676 463 1878 1181 2358 1710 1993 2675 2652 674 925 2439 1369 645 1988 134 977 1437 2840 1417 675 950 445 1422 2753 1428 2724 2837 1046
000621.jpg,1588 536 1132 121 1431 193 988 36 1033 2078 1393 866 569 555 2743 1430 1699 1686 1249 142 2384 802 176 1553 597 21 2029 417 1418 289 332 733 1492 2117 2451 1053 432 429 979 1890 1562 302 554 1398 2668 1886 680 2090 78 886 1888 2333 361 2227 1268 292 2520 2640 1266 868 1038 1910 1952 340 893 2083 1065 640 1236 2786 2808 62 13 828 964 199 932 901 1374 1256 2795 427 1793 2210 2108 377 1337 865 2428 2629 933 672 1668 1272 2578 1429 878 2120 2539 2031
000622.jpg,2269 2797 2473 891 2484 687 264 2844 2403 2092 2455 1122 90 2255 2576 573 867 2175 1982 2266 1480 837 1925 667 2094 2811 2833 214 2139 879 17 299 352 2385 1539 537 2063 428 1660 1712 1242 1 814 1735 1421 594 2607 2677 1602 1816 1009 1291 986 267 226 1238 669 2123 2731 2339 2820 894 2554 1609 704 2371 551 592 1197 1619 1760 1571 1078 2327 2223 1366 147 1525 1551 1520 642 404 2348 127 2150 2030 924 888 1336 2486 1930 2234 1815 2710 1365 1549 1863 403 1159 1939
000623.jpg,1139 214 2109 1953 2841 2153 1661 2572 1602 2348 894 1371 1171 1525 1632 106 22 2263 1214 2203 1605 1198 2751 954 1659 2623 2554 851 2048 2567 419 844 2030 1866 957 23 1712 924 40 1685 1205 2706 1333 1184 509 182 1927 2197 1768 244 2448 2562 510 96 1471 1315 2317 1889 84 658 1960 1744 304 1570 149 2768 1760 1515 300 2404 117 2502 953 1032 2178 1280 2278 420 1397 1019 1502 2677 1113 2222 423 690 2494 2079 2168 2160 1199 2678 594 104 2152 2457 586 2464 2162 1616
000624.jpg,2601 2471 502 768 990 297 103 1845 848 1323 903 1235 2624 1830 1608 688 702 65 1114 931 578 284 1512 1107 1908 250 1186 1720 1340 1821 1975 126 1391 1767 1310 684 2276 835 1413 2388 1254 2314 2571 2080 522 1013 414 1669 1450 300 400 1646 2036 2661 538 2395 2136 1147 2079 1277 1016 1130 1753 1125 767 1104 1834 379 1336 1315 2077 762 1691 1014 1523 2777 240 2802 2160 2772 2326 827 205 2641 1601 1620 2340 843 584 1557 2150 2176 2130 309 1757 1763 246 2535 951 1980
000625.jpg,1909 1518 607 631 2796 1613 908 1290 2093 1879 1017 1981 2282 446 2140 662 1567 394 186 1331 1614 1237 1516 2596 921 2392 2049 2064 1384 1301 2543 530 942 660 1455 2458 1058 451 1002 1495 2085 253 1978 791 1673 1100 2660 2600 1906 243 1119 355 709 2559 1174 2618 1808 1404 1155 1800 984 1604 855 1454 2803 538 2843 2219 1142 2648 1508 1742 1000 124 1949 434 2782 763 487 320 813 1554 1811 1681 1853 2065 1311 2087 336 1695 1705 1271 1645 966 1850 2274 1739 1851 1287 1688
000626.jpg,2315 1980 2685 2702 277 2 2663 767 315 18 1413 1391 2314 2510 1833 1753 601 431 688 1073 2478 1842 2818 2388 2772 951 1125 70 1165 2302 1186 211 1759 1767 1340 126 369 2161 2757 1557 1834 2622 2015 191 1938 2077 2532 684 1252 2777 1443 578 2624 269 768 1512 1147 1114 65 903 250 2518 1904 161 1323 889 2255 541 1821 1117 1608 1747 2755 1975 931 352 1720 990 60 1254 531 2276 1235 1845 1390 2764 881 297 1314 584 2507 1244 1107 848 2686 1450 2496 2680 1338 1943
000627.jpg,222 2342 850 2512 755 1504 935 2355 2218 2362 1305 816 2096 1933 2201 1638 981 1599 1436 836 2750 2074 1736 1085 1145 380 401 1806 1321 177 141 437 2163 1163 1023 477 1510 72 99 2071 73 612 461 2679 453 1098 2122 2691 2452 1006 281 2450 1233 2055 2829 1903 1790 2775 2446 2645 897 1763 144 1976 1949 1308 599 208 1052 2587 1628 2577 586 1090 1160 325 2627 1872 2432 127 1404 399 1144 632 460 220 1415 156 1186 323 745 1723 924 1474 2710 396 1082 1391 2722 164
000628.jpg,1085 816 1688 177 2274 1808 1903 2122 1155 2829 2679 1404 72 2074 172 2722 73 453 1415 2577 1089 2636 1100 401 1163 2163 164 460 1599 2537 2452 208 599 1023 1305 156 380 437 2469 1233 981 1241 174 2009 666 99 694 2587 1682 2775 1628 1784 1145 2747 1160 1872 2126 141 1510 612 2446 222 2642 1047 1006 477 908 2055 1717 399 731 2648 2355 1308 253 2380 2219 823 2691 632 1790 1082 1621 2098 7 2432 2134 1474 2065 2071 839 320 1504 935 2318 2449 144 608 1454 1090
000629.jpg,1741 152 209 2557 2173 81 696 245 671 1339 2365 314 847 139 726 1532 838 1956 1704 2396 734 999 2017 2479 2674 532 2819 2119 2370 2500 356 580 2280 587 52 225 296 2244 1481 1465 458 2429 1787 1472 61 120 313 1050 1708 390 2028 711 653 28 1635 238 2552 780 2765 2052 418 31 53 1563 2025 2283 705 27 1827 326 1715 2053 1555 2059 207 1967 159 1282 2236 2742 2681 2531 2716 2806 2193 1141 192 408 1275 1475 1917 2698 849 1011 534 1929 1187 452 786 268
000630.jpg,129 501 1568 1062 1039 89 1730 2765 467 389 2053 758 2232 840 125 1715 1932 1124 1912 1026 1378 1037 580 1024 452 478 295 2806 456 2301 2236 390 2465 2505 1140 1662 363 1929 2687 2407 1262 1008 1921 1281 786 314 2017 326 1275 1475 1022 2173 455 1503 2634 2285 2531 2396 484 1635 822 1395 2698 159 1293 1967 1787 1143 346 927 1755 2821 1648 2565 1048 788 1273 1789 2406 324 1097 1187 838 1050 2715 120 2059 2137 402 1831 799 268 1317 936 131 1011 430 780 1297 1655
000631.jpg,101 364 2504 215 436 1230 374 251 1106 2759 1559 1883 2546 803 572 2381 1900 1361 2040 395 962 989 1786 1257 1951 789 2579 1306 1427 1971 1213 1451 1389 2644 2113 2656 2409 1693 658 1115 2238 1353 1394 766 898 727 737 545 529 485 1175 1161 328 1166 589 2323 483 2066 63 714 1333 2149 304 2784 1798 1683 646 1928 1558 2178 581 341 1513 2000 1300 1137 2114 1334 240 2540 926 2242 1357 617 1785 1801 1207 1898 310 2542 614 1773 1228 1847 824 1019 2072 1743 1091 1087
000632.jpg,1944 1055 2813 2135 137 2580 494 2294 2248 2766 1463 146 2435 1606 2741 1223 1056 2708 2728 2558 1212 899 1899 1185 2382 2057 948 1076 165 1874 1777 1464 447 1935 1937 2825 686 116 2842 2286 1452 657 1547 574 1067 2393 2207 1126 2511 2683 2506 2736 1639 725 491 692 79 2305 1130 722 2068 2438 2041 682 2291 204 2292 2569 329 2719 2319 2665 2037 1677 804 2440 994 1134 2625 1408 1771 647 1942 97 2639 526 1868 442 1592 1640 1825 2089 1986 140 864 271 677 2499 246 2704
000633.jpg,887 2328 2778 2491 952 919 930 1354 1583 1579 1578 945 998 1769 1791 1179 118 841 2349 2792 1470 1977 2252 819 1531 1667 639 311 2682 567 9 1063 982 492 2647 1920 875 916 748 579 1585 1210 2575 2065 1770 1851 1368 227 1154 1651 2459 1367 515 2723 2729 928 1209 2488 114 1854 1239 1657 923 566 2042 2416 2711 1211 763 2304 1042 778 2379 2225 25 7 910 382 517 2081 2067 512 2026 808 2310 1970 2658 1819 809 975 2559 513 2103 1864 1566 69 528 381 2097 2618
000634.jpg,879 2484 837 1238 2473 1291 352 1 267 2844 1619 573 891 1925 264 2266 1539 1520 1982 2175 969 1660 2797 2139 687 2092 1009 223 1480 46 2710 1366 2635 1816 234 2833 1863 342 2677 2460 349 814 669 1615 17 1122 2094 2063 226 2215 1862 1421 2339 557 892 147 299 2455 551 2541 127 115 2213 2269 2727 2138 2340 2834 214 2616 2385 2607 537 867 396 991 1995 1572 2633 2363 1078 888 1159 244 2223 1242 1880 1025 1540 2709 1698 1059 1803 667 2158 414 2576 1294 1267 1939
000635.jpg,837 264 2092 2139 2833 2484 2455 1009 2844 1291 267 1735 1122 1982 1159 1238 1520 1863 2215 1814 1684 2063 1 2797 2266 1129 2727 2731 2616 891 234 1925 1619 1698 2834 2158 299 226 2529 342 2635 687 2371 1360 428 1815 1589 2385 2298 1366 1862 349 90 1294 1816 403 1446 1411 2138 2223 1630 1295 2584 641 1887 2273 741 879 1060 969 2717 195 1807 2662 2338 1572 669 2339 1622 2269 1549 750 573 1480 2123 372 2541 1509 46 2412 807 1095 223 1373 1824 1615 888 262 1059 17
000636.jpg,922 1703 1288 2043 285 1363 1763 2816 2168 2216 2171 1221 1059 2167 1456 2468 2727 6 546 1797 2425 1524 829 2268 2643 1882 2704 1153 2466 1487 1227 2013 309 650 307 820 223 1 1324 2810 459 1502 2239 1315 2194 1260 795 2197 1090 448 690 1044 1421 2503 732 956 856 2666 1603 157 181 1267 1803 1698 1284 2313 1520 661 1541 468 510 1433 759 600 551 2476 2631 1200 2079 335 1811 573 1904 2801 2755 1188 475 1615 220 669 1702 2717 1572 1697 636 2399 2340 1025 1540 1409
000637.jpg,2113 1389 658 2178 1213 304 2022 63 1333 2066 727 1019 1161 1175 898 2546 1115 1513 485 589 572 1300 1230 545 1306 1951 2759 714 1394 1883 1228 1558 2784 1353 529 2644 1685 1847 962 2277 2409 251 1427 1798 2579 2504 1683 2323 1785 395 1207 1125 803 614 2072 374 1166 215 436 364 483 2841 2149 924 2242 2656 1559 1087 1801 240 1693 1753 581 1106 101 2535 586 2816 2000 789 1361 2109 1898 328 1334 1773 1928 1471 745 1763 310 2777 2040 2381 2238 646 325 737 426 1137
000638.jpg,653 1532 1127 1274 296 356 2099 152 503 326 1704 580 408 721 2479 2396 330 28 711 290 239 1472 2164 734 1262 159 2674 1376 2173 238 331 1503 587 1647 1011 532 2500 772 671 1972 726 458 2091 2316 225 2794 999 2025 455 209 1282 31 1956 245 2017 2402 1706 33 313 131 2028 1961 1787 1741 2119 2052 1781 1896 2280 847 314 2592 2228 1692 1339 1941 1780 1648 1708 525 799 464 1506 61 2236 849 633 1715 49 1335 390 1917 2406 1875 200 838 494 2765 655 1050
000639.jpg,723 2081 2405 247 1359 2585 190 2170 1042 2487 910 869 2582 2225 196 776 98 764 2103 1402 1204 2008 2067 701 763 1864 1121 2778 719 1577 353 2018 1819 1625 873 276 2334 2146 2682 930 2453 809 2536 1493 982 69 2310 841 781 1578 153 1791 2462 862 2328 1344 1403 1651 916 2165 1157 539 1136 1128 887 1770 2097 522 919 1211 1367 604 2792 2485 1534 2361 1354 2734 1179 819 914 567 639 2264 1531 1289 1667 1751 1643 2459 1977 998 2379 212 945 1583 2647 1351 652 1368
000640.jpg,304 1161 2178 2113 1513 1773 2066 1353 1213 1847 63 483 2784 1115 2546 789 1883 1801 1785 240 1685 1228 1795 2022 1693 614 1019 1300 2504 1106 1394 395 149 1389 545 1559 1971 364 646 374 1333 2277 1361 529 658 2759 962 2579 101 2644 436 803 2381 1951 1786 1137 2700 824 2787 1230 2656 1087 572 954 1175 761 251 1306 1451 328 1166 596 215 182 1427 2149 576 341 1672 485 2317 2409 1900 2040 2323 2238 727 2114 766 310 2000 581 1898 1257 95 1712 1928 2437 1760 1798
000641.jpg,1255 1757 986 123 882 1704 2011 932 1763 134 2150 1544 1617 645 1862 1993 2439 1029 2735 1045 1090 2130 2628 1782 1649 2046 1422 1640 440 2241 51 1496 169 1911 477 1381 1623 1775 223 2050 2837 1899 1391 2352 2553 201 494 533 155 769 562 2836 826 772 2133 2767 992 1944 1390 2515 168 2449 2057 965 574 1897 598 1474 1054 179 1238 2709 516 1840 2363 1056 59 305 674 1658 2309 2783 2276 1586 231 2665 1863 613 2435 1010 2168 64 267 1767 1339 437 632 1049 796 448
000642.jpg,2819 2500 2552 313 587 152 849 81 2370 2181 2283 139 209 2365 2479 120 1896 523 2674 2681 734 2119 1827 458 2173 1741 354 847 245 1708 1532 2052 1339 2742 356 2244 780 314 705 296 238 1317 1465 505 175 2429 1050 1917 2396 2698 999 696 52 2716 2592 653 27 1481 53 2765 1273 711 838 330 1356 534 799 2280 2099 1010 726 2689 2017 61 1141 1435 633 2527 1111 418 1187 625 786 1164 192 207 1505 2193 1282 1117 602 2531 1755 1885 805 1774 2534 216 2764 390
000643.jpg,88 1914 2202 1476 2745 1057 761 830 1620 44 596 762 603 1147 2317 2190 1073 16 2111 1732 1410 2547 2275 576 1450 95 83 1749 1713 2555 1304 1678 1727 1318 1336 1449 1116 2116 2422 1856 824 2136 834 2166 2525 2831 2441 2106 60 2239 1482 1178 1224 2518 1103 1999 2802 861 1672 132 1244 1315 1013 1447 441 1382 32 1483 636 2129 393 1996 1469 2684 2079 2073 2733 2442 845 983 2785 1943 1838 2080 1176 1523 300 2827 310 87 339 2705 1714 2807 2249 590 2523 2562 917 2058
000644.jpg,2500 849 2552 2819 587 2479 2365 238 1896 2674 1532 296 313 356 209 2592 2181 653 2681 120 152 458 1708 81 330 2052 2099 2173 2370 2283 139 159 734 1111 2177 2119 175 705 326 580 523 2396 1376 602 2527 2017 290 505 314 192 2191 2765 711 1274 847 1827 61 245 31 633 2716 220 799 207 261 2193 1503 1741 1852 2689 2025 1917 408 1011 354 726 1127 28 2715 1282 780 1787 383 68 1099 2597 1050 2794 838 2610 999 1472 1332 2144 53 2698 1010 367 1755 1317
000645.jpg,1306 589 1175 485 658 1951 727 2540 898 2409 2072 714 1427 251 1333 1558 1137 1798 2149 1166 2656 1207 1361 2323 803 374 614 293 2644 1928 2113 395 1213 529 962 215 2759 1230 1451 364 436 1334 1513 2022 789 572 1883 2178 1389 646 1900 1693 2381 1786 1161 101 1257 426 1559 304 1971 2504 1087 1394 1298 1847 1106 1343 2040 2784 1597 2143 2542 2066 954 2430 1683 63 182 2054 310 1300 1743 2579 895 634 2242 93 2000 2787 545 1115 2546 1434 1801 1019 24 2277 853 737
000646.jpg,2765 2053 2669 346 1787 1662 1024 295 52 2806 2025 61 1124 225 1568 1378 2821 2236 363 207 2687 2232 2301 2396 1275 464 2407 1282 1475 2467 654 49 1008 758 2465 2505 478 1780 838 408 1039 2059 1022 455 786 209 389 484 467 402 268 2794 1506 1140 936 2070 1262 192 2173 296 1481 2690 2429 1037 1781 1706 418 89 840 2531 390 1929 356 1822 2611 1715 290 31 1967 331 1843 430 580 131 822 1143 1127 241 2091 1635 495 806 2017 452 1048 2698 1730 1612 326 653
000647.jpg,2520 1910 865 1038 640 2210 2795 1132 2839 2421 2570 2671 2090 2083 1754 571 2640 1337 1431 1588 1249 2578 988 2335 1329 176 13 680 36 429 1418 1764 536 1686 729 554 569 733 2384 417 1065 866 1272 1430 432 1888 289 828 193 1562 1266 2798 121 597 332 802 21 698 979 340 2743 2227 1553 886 2333 292 1033 2108 2451 1949 142 1890 2029 1393 555 199 2668 2078 933 361 302 1041 2117 2786 1053 1668 2828 1398 839 1268 323 78 878 1049 377 955 2120 868 2808 1952
000648.jpg,594 2677 1591 423 2494 281 546 1502 214 1866 23 2348 1973 582 2132 2639 2203 275 104 1184 396 1198 2359 941 84 2179 244 1616 1696 1205 646 1183 2115 1602 2030 2683 2263 2503 1139 1199 334 1501 2791 270 2141 1541 1953 2448 117 1462 531 2761 1536 589 40 543 2150 2823 1166 732 1874 1928 1221 636 485 1365 1318 2291 1306 1361 6 2409 285 2245 474 1113 1700 1137 1768 2048 510 278 1582 750 1605 413 815 1951 907 1175 851 2278 1603 2473 1702 598 1525 2303 2054 443
000649.jpg,1557 2622 2045 1390 1584 2150 2023 2755 2757 1088 414 1073 315 2624 688 1980 730 961 1759 990 882 1904 898 2255 1928 2427 714 426 46 1114 2809 2601 502 1998 768 1969 903 2073 933 892 1511 1391 853 709 920 1616 538 1166 1087 2471 32 870 147 217 1450 400 931 2671 1845 827 665 848 186 123 1844 2037 2507 2219 1323 578 747 997 132 338 244 240 658 2535 270 1821 1466 1108 2273 1442 2302 1480 1266 65 1325 1499 1333 815 2481 1512 1007 2709 1556 1479 745 879
000650.jpg,853 1346 2129 2072 1558 1683 1207 540 1631 907 2242 2759 1087 1714 1898 1093 1713 676 1267 714 2000 2409 739 1137 1561 1116 1427 2016 2540 614 803 2175 251 581 658 2644 2015 750 2387 2579 2323 1224 962 1144 1197 1539 334 1334 1324 465 1230 1252 2818 374 310 2542 1394 898 1306 1979 1928 2149 2245 1689 426 2430 2483 1091 1300 477 646 949 1834 485 1175 1559 1513 895 529 634 2277 1522 951 1291 1333 2656 1238 1538 1593 745 242 2514 789 1075 47 2535 2463 1883 1603 2109
000651.jpg,1331 1614 1370 1673 1105 1742 1396 243 1384 2458 1290 966 1518 813 1554 2600 2660 1017 355 908 1301 487 1495 2696 2282 54 1705 2085 942 2257 1237 1739 530 1604 2782 1681 2259 1893 542 607 1567 2049 631 921 2140 660 1287 50 2796 1031 446 451 360 2369 710 2664 1565 1002 1419 2093 1981 337 1058 1853 1909 2803 2064 2147 1695 1676 1978 1000 984 2596 791 392 1100 2543 186 1613 2392 1155 1879 7 320 1508 301 2394 1424 94 248 1546 975 1906 394 1271 1404 855 2793 871
000652.jpg,2152 2502 1139 214 1605 2348 1602 106 2841 1171 2263 1953 1365 1198 941 1371 2030 2109 1866 2203 84 1525 2677 1113 117 1205 2572 1084 2179 1502 1184 244 1661 2153 1603 510 22 509 594 2554 2751 2623 2567 844 1570 1214 23 1659 323 2197 148 1632 419 150 894 924 2705 2160 954 182 1949 2115 420 2768 270 1175 1397 423 1280 1760 2141 2791 1927 2303 1738 2079 1712 609 1726 327 96 690 1591 1616 2726 1685 2457 2178 1541 149 1696 614 1217 2448 1199 2473 1315 815 1802 2494
000653.jpg,2691 1973 2132 1911 396 1170 543 2677 2278 629 1200 320 2318 1090 422 281 1750 1939 2168 490 2807 2245 1308 636 1502 1082 1267 2823 265 1519 1318 2443 796 2623 2460 1536 69 1697 1525 1537 594 2203 879 1763 1144 2627 1550 2048 23 2761 747 1423 1006 474 2030 294 1979 2150 1682 2503 851 2468 2514 2101 205 1768 298 270 1280 2147 2535 224 2179 1953 690 1570 1205 2222 624 632 2631 724 150 2363 1036 2515 42 40 630 2071 2791 413 2508 1326 2086 1960 411 2303 459 2473
000654.jpg,429 1562 554 427 2668 176 340 802 199 21 417 302 2227 2786 733 332 78 1890 2415 2333 292 1431 1065 555 571 36 2578 2108 1521 868 1686 289 1070 1888 839 979 2451 1038 597 2029 2384 878 432 1418 500 2335 361 1910 1329 2031 2743 2421 142 2629 569 2640 2795 62 964 1398 2423 866 2428 1256 886 698 1793 2090 2539 1430 1553 2798 743 1754 1499 640 1049 865 1266 2217 2117 681 2120 893 2671 2083 1132 988 323 2380 2078 1393 933 2568 2267 955 1588 193 2570 1033
000655.jpg,1456 1502 20 167 454 117 2554 2179 1032 2263 1205 1284 419 1702 2791 894 1184 1632 636 181 396 2268 620 2222 2030 2807 2303 411 189 96 2153 1318 23 2572 759 1661 2643 2216 2162 2351 327 2726 459 510 2132 214 1659 1525 1797 1171 122 1744 1084 732 2168 2623 879 2141 1371 1188 1939 2203 1198 2468 1315 2060 1260 375 1927 1556 1979 298 106 2567 1217 546 2823 2841 22 2425 2476 1637 1610 2573 922 2313 333 474 1080 2348 2678 1536 1880 2278 669 924 1738 1214 586 1815
000656.jpg,67 1810 202 1406 249 1012 2509 2583 1944 899 1001 627 137 1212 2121 1075 165 2558 1606 2842 2135 116 2813 2350 2728 1055 2207 2294 2741 725 2382 1056 804 2248 2825 1223 1937 2736 404 1935 447 1869 2435 378 1076 1841 1897 1609 204 1130 329 1874 2766 1126 2057 1195 1547 1986 2569 2809 2683 1639 948 1557 1464 1757 1463 97 2511 2258 2020 2291 1362 2393 686 574 1594 647 2068 362 2286 1825 2719 2292 692 2748 2418 2665 482 2041 1592 2708 2598 2319 1899 494 882 1156 2427 146
000657.jpg,585 2067 1625 1042 353 2103 196 1819 98 910 869 2081 1227 776 285 1864 2256 2361 1643 2261 69 841 1578 701 1221 1579 476 975 945 1963 752 567 820 2682 1583 1770 2778 2306 2225 1667 2349 1763 118 1531 1723 1063 887 916 2168 227 763 1791 2194 809 2252 1651 2792 1541 669 819 1354 1769 2592 381 1977 2052 1188 1916 1164 2648 1 952 2793 1702 922 2674 1585 2065 734 639 2749 930 1211 998 582 25 1970 1260 2500 220 2729 633 1409 587 382 2723 2460 1896 661 2328
000658.jpg,2227 979 2786 176 340 1393 2743 429 332 2384 2668 802 554 1431 1418 1033 2029 1065 142 21 432 2640 302 555 1686 417 2451 1266 78 1588 1132 2333 36 868 1398 2629 1562 866 292 597 733 2798 571 1890 2078 2578 1888 2539 878 289 199 427 1492 1337 2108 2120 964 361 1952 2031 1256 2795 1070 1268 893 2570 1053 1249 1429 2808 2090 2428 2520 536 1430 886 865 2335 2839 1399 569 1553 62 2117 988 680 1910 193 729 1699 2415 121 828 1038 1793 1329 2083 640 2038 358
000659.jpg,2538 663 550 2454 1576 1369 2649 480 793 1859 1193 2581 445 925 26 179 1870 518 516 348 2714 2769 57 2011 210 2461 1092 294 1861 2004 712 2155 1983 1716 2574 1276 2418 588 2840 2260 2229 1724 2501 704 1575 2241 2130 1590 1072 1758 1765 895 1377 2699 611 2050 1034 1358 1045 93 1030 499 1665 1664 59 1538 632 188 463 2456 645 742 689 934 570 1348 884 2206 2375 2330 1319 1029 2287 2324 1190 547 1422 1453 1552 421 345 2044 2198 1522 1511 2838 274 404 1345 1934
000660.jpg,2455 837 264 1009 1982 2092 1925 2063 2484 1520 1 2266 2371 2269 1619 1815 2139 2797 1863 1122 1159 267 1291 1025 879 1238 2833 687 403 1539 891 299 667 307 2607 814 1509 1660 1735 226 1816 573 352 2727 428 17 1480 2468 2633 1939 669 2844 1446 1366 2431 2486 2635 1294 2094 2168 342 1549 1698 2255 2138 2338 90 223 2473 706 2481 1994 1338 2616 2834 234 2776 641 2403 2576 1615 2823 127 867 2731 846 2278 888 2811 1530 2385 147 2399 1572 2619 400 1421 1078 2677 1295
000661.jpg,294 57 210 1575 1758 2461 1576 1276 2229 1034 2004 1358 1861 1234 2155 1792 1664 2327 228 793 1724 704 1859 588 2418 756 493 2174 1348 2330 1930 1392 2186 1776 1072 2198 689 570 2456 885 1538 746 1765 1193 1196 663 1377 1716 1665 516 2125 583 82 2538 158 1375 801 1877 263 934 1457 2321 2332 1580 2662 797 2659 77 422 438 2581 720 1043 2374 2473 185 2206 1030 857 2739 2672 1279 2493 2820 1229 1169 280 1551 1345 884 1542 480 2838 490 2187 287 421 1609 242 656
000662.jpg,557 2175 879 1863 2468 1238 267 2363 223 1267 2460 1803 1291 2517 1509 1619 1294 2013 1095 143 1446 2168 1811 1324 2213 2473 1807 2631 1295 2635 448 2001 2444 352 1862 1925 969 2266 2138 1409 59 2801 2616 2844 2208 2466 1939 1129 922 2835 2338 2710 2614 46 2372 932 790 1421 2783 1539 677 1112 405 127 1373 1355 2389 1242 2524 122 1615 2740 991 372 1069 687 697 1059 30 2691 2253 1828 2132 827 2215 1763 2738 795 796 157 685 2661 1 1698 1167 2677 961 1549 2068 2198
000663.jpg,1992 1385 773 519 2763 1779 2102 2145 1007 1511 1969 2680 1442 730 1526 406 881 648 2516 1894 1138 338 1325 1670 742 248 821 1419 1424 1707 392 870 811 365 535 1731 1466 855 1800 709 1311 800 1079 1133 1020 2377 610 191 2095 1573 435 2219 2302 1068 2830 605 1498 717 538 1309 1581 544 1850 1634 301 1871 1165 1142 2243 843 410 1040 11 1966 678 1913 253 112 336 2331 664 1379 1110 1454 2560 2087 2549 434 1131 2613 1527 2006 1645 1174 2290 2492 593 1391 673 1783
000664.jpg,1856 2441 1914 1093 310 407 1996 777 2785 2827 1683 2111 949 2202 2745 328 1898 596 2242 2129 2190 2737 95 1091 1713 88 2422 983 341 581 1346 766 783 1476 1224 2238 1773 132 540 2114 737 1161 1693 1561 695 63 1343 576 1513 1116 1672 1176 1743 2759 2374 940 1019 230 1714 2000 789 1353 617 1535 689 2016 2700 570 1847 1631 2579 2547 832 1178 364 2504 2523 483 34 1298 2437 926 1087 1900 1685 824 240 16 2040 727 803 658 683 1300 2656 2116 44 1230 291 1836
000665.jpg,70 1834 1125 1753 18 2777 2077 1842 2561 2757 1759 2478 2772 2510 2015 431 1252 2622 601 2663 315 1557 951 2818 2 1035 1390 1839 2323 1165 2302 2644 1186 688 522 1798 767 529 395 990 1443 1391 426 1333 2759 962 2314 2242 1235 1166 2315 2409 572 1938 1427 646 2685 374 1928 898 1394 2686 2040 251 578 1306 1833 658 215 714 364 2624 1980 1558 1230 502 2149 1801 191 803 2504 1207 277 436 1413 485 1747 727 1323 2161 2656 2320 1767 1951 2054 240 545 695 1137 1389
000666.jpg,2037 1998 274 1771 2625 994 2027 1677 1390 2809 608 186 1892 1521 1557 709 591 932 1256 1627 531 444 2535 1088 1038 2419 2622 2646 933 2219 1473 2648 2380 1774 1165 2795 526 244 1949 2757 2661 2183 1763 538 1049 2132 289 1474 1886 2676 1553 2150 2011 594 839 2421 46 1942 1029 2640 2480 1757 2001 1909 1430 2515 1006 1433 586 906 865 400 1511 2267 864 616 224 2735 882 598 1311 1587 745 2766 1240 271 253 1904 1308 2249 527 1272 2440 305 2626 21 1616 199 1754 323
000667.jpg,853 304 1228 1093 1847 783 2178 1785 540 558 63 213 1394 1945 1898 1513 520 1019 2566 1631 2113 757 232 1161 545 2112 949 1087 1434 135 1889 182 614 19 2143 132 251 1213 426 695 2546 1427 707 634 2024 2413 2430 1773 658 2066 149 1004 2827 1137 1900 1269 424 1693 2408 2759 1712 499 1265 436 1760 2381 2022 1683 1804 1333 2277 1343 328 2737 364 215 898 101 80 1801 341 2464 24 1728 2354 954 761 1685 596 2725 739 983 1115 2295 2654 2048 576 2111 967 1515
000668.jpg,2224 739 792 2428 1236 2413 2320 2031 2640 1149 2267 1557 2295 426 853 540 2629 2539 1804 1070 293 2380 24 1774 2143 2756 135 1477 2533 707 967 213 1597 2354 2430 91 964 1265 1555 2226 1266 558 1166 1390 2221 1728 1928 358 1429 2583 2622 76 2408 754 2809 1886 2078 2335 2615 2120 1448 763 1849 2280 184 29 2235 646 1553 2472 2795 974 538 730 1137 634 1546 2648 163 2814 1852 895 2671 1590 1473 176 868 2798 432 1952 2038 2673 2742 745 688 743 1631 1904 1529 465
000669.jpg,2541 1862 223 1238 1 1291 267 2635 2215 879 2834 46 234 969 573 551 1095 414 2844 1698 1540 17 1619 1059 2340 1572 2158 2717 961 1349 2338 2175 2273 1571 1863 2223 1520 2138 2226 1807 1521 892 2524 2063 2339 1652 1295 668 1803 342 600 1242 669 349 2709 2460 1446 195 642 557 1509 2363 1294 932 511 2517 913 1824 2212 352 1327 2213 1267 2412 2710 1615 1479 1618 1660 127 846 1409 2727 372 2783 837 1925 685 2749 891 1539 568 1774 2253 2298 1994 264 711 41 1684
000670.jpg,1844 1456 2313 1556 2425 807 1286 372 396 122 285 1221 2476 1637 1502 815 2554 1858 2194 163 1610 922 1260 419 454 546 2303 1761 669 1032 2677 1199 506 1061 388 2268 1227 582 1284 414 894 1816 750 1108 879 1603 2261 2115 2755 2791 2216 6 264 189 1660 96 594 1763 342 1480 244 2573 759 820 1283 2197 565 1616 300 2643 2351 510 281 115 334 2179 1987 2168 1366 1446 1797 636 551 20 214 629 1315 2222 2162 2567 1880 932 856 1462 2150 270 2823 1541 1153 668
000671.jpg,1083 1702 181 620 636 2643 1260 732 582 2807 6 2278 807 1318 644 762 759 689 2194 493 366 1536 2374 42 2111 2386 1898 546 285 2141 2442 2678 2116 1227 150 592 2261 2418 2425 1093 2004 746 210 1797 894 1758 2688 2441 2476 1761 2313 294 2562 1763 1410 669 1057 2761 133 661 1603 1880 861 2554 1013 1502 57 2327 2720 96 310 115 1858 2168 2838 419 1108 934 88 1697 43 777 1336 1914 2321 2468 570 1315 1375 476 1856 1765 2823 1221 1541 2827 1792 1632 2171 1696
000672.jpg,377 828 933 2520 672 2578 640 2227 1374 2602 979 176 13 2210 1686 78 964 432 2629 2828 2384 1266 1429 1418 1668 2786 2539 1033 1038 292 2083 2451 1888 1910 1952 932 2640 536 1053 2798 1337 893 865 2120 1562 2108 2038 302 1393 340 868 2808 886 21 554 417 729 1754 142 2671 597 2428 289 1249 36 1399 2668 1588 733 1890 1431 1132 1049 2795 2031 2570 332 2743 555 361 802 1272 698 2839 1070 2421 1398 866 681 2029 1329 2047 2078 121 199 429 680 358 1430 2117
000673.jpg,207 61 2025 2669 225 52 1787 2765 192 2396 346 2794 1378 1275 2806 2053 1481 2173 295 418 1662 209 1024 408 838 1262 1506 2821 1282 1022 455 296 1124 2059 2429 464 2236 1568 31 356 2232 1475 1967 478 2070 363 390 331 786 495 467 484 2301 726 999 758 268 654 2467 1706 806 1635 580 108 1039 1929 326 1274 290 1127 139 1780 389 655 840 245 402 2407 1715 2531 131 1050 49 534 780 2244 653 452 1037 2690 2565 1692 1781 2091 53 1140 159 936 2280 1875
000674.jpg,1879 394 2392 1119 2093 1017 1906 1567 1518 451 2140 908 2543 1058 2357 1002 2796 1978 607 1516 1301 631 1613 1909 1290 1331 2262 1455 984 186 2085 1614 942 1981 1237 2660 253 446 1495 2600 662 2282 1419 2341 961 320 2596 1904 530 157 1271 151 709 355 1604 1100 2460 2507 1554 2618 1673 2219 1155 2559 1705 1454 813 852 124 243 1546 1485 1384 2049 2648 538 2420 2065 1174 528 345 2458 336 791 537 1479 855 1739 1370 975 1621 997 2064 918 1676 2318 1808 1404 2530 996
000675.jpg,712 1328 900 2011 1054 2050 947 1663 1486 1782 1623 1381 260 2241 1658 1045 169 1444 2707 1437 2837 1544 2826 1489 1679 925 2836 645 1649 2439 445 1710 2130 1307 1422 1617 2767 1369 1552 2840 1417 559 134 674 735 1208 563 51 1993 463 179 440 2454 2133 1796 2649 2419 2652 1218 1640 1405 348 860 489 305 155 59 1934 2515 2084 2076 1878 1029 2424 1627 992 1261 2433 2411 1701 188 2545 2628 562 2817 1545 1983 1190 2574 2769 2544 2312 978 769 1046 4 2501 2046 2713 817
000676.jpg,807 2115 244 163 1696 2303 1061 1702 2643 2351 1260 669 1556 388 1616 375 1637 2677 5 454 2162 1227 2726 1515 582 844 372 2567 2751 1603 2194 759 820 1456 1766 2791 1744 196 20 2457 2222 498 425 1171 22 334 2666 1214 23 879 1541 281 1295 1858 466 2132 414 1807 285 1188 650 1326 2043 2128 750 1084 2810 1591 629 510 1502 1080 476 167 214 2179 1602 509 1221 815 1610 2169 922 1761 1754 1088 2554 473 2261 594 189 2508 2502 609 2841 2313 752 1844 117 1032
000677.jpg,2454 26 1369 2649 925 2769 348 1870 179 712 550 2050 480 2130 2538 2714 1045 445 518 663 2241 2501 1934 1328 305 735 2011 2840 1710 463 1617 440 1422 1644 168 1983 1993 1029 1656 2411 260 860 188 2528 2721 1796 562 59 312 2817 1092 1405 1417 943 51 155 2574 1489 1840 1552 1663 2650 1544 1752 524 197 2439 611 817 645 1658 1569 1640 169 1172 48 2375 1624 947 1545 1473 900 1486 1381 1701 1146 2626 1782 547 2084 64 489 2044 1190 1054 221 977 1319 2832 1576
000678.jpg,1146 1752 4 312 2411 1545 221 943 1624 1405 2817 1102 2389 2832 2790 1934 188 2501 1644 2528 817 2270 2082 1983 611 1319 613 1656 59 556 826 547 1407 1737 987 2069 635 1386 283 2300 2367 626 1926 2011 900 2574 2044 2477 1202 1190 1486 2419 85 2515 1552 260 712 266 1208 2544 559 489 463 1092 950 445 2133 2084 1414 2652 1316 2050 925 1369 1422 645 2840 977 674 2397 2676 606 2439 1437 1993 2375 134 1878 735 2424 1627 259 2241 2433 947 2148 2454 2556 2358 2826
000679.jpg,2823 1763 1090 483 2216 2168 2079 2313 1703 661 2197 1671 1336 1315 63 2425 1288 2720 2831 1353 325 1013 2705 1300 761 1773 1513 614 300 762 2083 42 1847 468 1907 2450 2784 240 8 2700 565 229 1161 2562 1593 2261 2571 2194 2073 861 1672 1391 1019 1217 1304 1318 1883 894 1990 658 586 1727 2401 335 1560 745 2437 596 2535 856 285 459 307 2314 2113 959 1797 1844 576 304 1685 2678 1389 1178 2160 83 115 834 2476 171 1363 2317 1115 2503 309 644 1228 333 2816 2555
000680.jpg,712 1328 1054 1663 900 1381 1782 2011 947 1658 2241 1422 1623 2836 445 169 1486 1045 1444 2050 1649 260 2840 2837 1679 2767 2826 1617 2707 1544 645 2130 925 1552 1437 1369 463 1307 1489 2439 1710 1208 559 51 1993 563 735 2454 674 134 1796 2133 155 440 1417 179 1640 348 305 2652 562 2649 188 2515 2076 2433 489 1405 1983 2419 1029 1878 1218 1627 2545 2424 611 992 2084 2352 2544 2769 2501 1934 197 2574 1569 1190 1860 2721 715 2034 201 1261 2713 1046 2411 978 2397 2650
000681.jpg,730 338 1442 2516 1511 1466 1526 1325 855 1969 2302 1142 1165 253 2519 1311 2364 519 709 2219 2763 1992 2549 1455 1850 2102 593 186 1079 1020 1498 1424 336 2243 248 1174 800 1670 2006 773 191 1005 1779 392 881 1094 678 538 1581 2290 870 1385 2341 1966 1379 2151 717 648 774 1454 2005 1243 1879 2251 544 1516 1968 749 1007 662 2746 1419 2492 2730 1634 568 2145 2087 2660 1271 434 1913 2788 1557 2299 394 821 1573 1946 908 2830 610 112 2622 2680 2560 843 2065 1390 1309
000682.jpg,1178 751 2546 483 1513 63 1773 1161 1115 1353 1019 2579 328 2422 95 1389 596 2114 1795 789 581 2238 1727 2700 1106 1672 1847 576 374 364 2437 2555 240 1357 1685 824 1300 87 1785 2563 924 393 132 1996 2113 2190 215 1014 1476 2234 1228 469 32 590 2504 761 2360 149 1763 1410 1990 766 2752 1749 917 310 2802 777 2805 1942 2159 1382 83 1091 1090 2441 88 2166 1176 771 902 2684 2033 2106 2784 2495 39 834 2525 1883 359 1559 2040 1056 1336 1213 1224 2202 881 1690
000683.jpg,70 1834 1759 2757 18 1842 1753 2561 1125 2077 2777 431 2510 601 2772 2478 2622 2015 1557 1035 315 2663 1252 1390 2 1839 2818 951 522 2323 426 1186 2302 1798 2644 688 1165 529 990 395 1391 1443 658 2314 2040 578 1333 1235 24 2143 2242 1166 2624 502 2759 646 898 2320 962 1938 1323 1427 853 2409 374 572 767 364 1928 695 2686 714 1597 1207 1306 215 293 1801 251 1394 739 436 2295 2413 727 2667 2471 1413 1833 2324 485 1767 1845 2504 2149 1114 2072 1137 2756 101
000684.jpg,2057 574 494 1876 2291 682 2435 1223 444 2809 1874 1721 2708 1473 2719 2438 994 447 274 608 146 2657 2500 686 2569 2625 1692 2683 2598 1892 2526 523 1771 1677 2499 2716 482 313 864 2294 2507 1931 2037 2813 1823 1439 804 1592 1899 526 2051 1555 2580 598 2728 2181 2552 2220 1942 939 1056 2436 677 633 1904 2440 2617 2248 2319 329 587 2736 1991 1165 2119 657 1433 2382 354 368 12 1339 1998 2766 692 1944 790 1961 2712 997 1408 1725 2427 458 1055 721 1827 505 2639 968
000685.jpg,2045 2755 1584 2023 1557 2622 2150 258 414 770 747 2757 882 2255 315 1390 1088 1980 1759 1844 714 1904 2158 123 1433 990 2481 665 688 1466 46 730 903 1366 961 939 892 898 750 502 32 2425 1479 870 768 2427 334 2709 372 147 1073 1969 1201 1114 1101 709 1450 2624 1391 1294 2507 2387 1998 2315 1446 2223 1286 2273 2216 403 1928 2601 1511 2073 1816 827 2717 1199 270 2445 2680 359 1087 1442 2138 186 2219 70 1325 338 1338 969 920 933 1616 264 2471 1108 1587 240
000686.jpg,1946 535 1527 2196 253 257 1142 937 2095 2341 855 2417 1455 2377 1516 1966 2697 434 1094 605 1894 2519 774 883 1936 1850 2006 2087 336 1498 94 1913 2331 1133 1020 1634 2492 1311 2549 416 1002 320 365 1800 673 593 410 1419 2613 1731 1424 610 1271 1174 1040 717 392 1871 2243 301 821 773 105 288 248 2005 490 632 749 648 678 1309 870 2843 881 800 1138 1454 2560 2147 1005 1581 435 1670 2299 544 2251 144 1573 2394 2219 1676 2830 1794 975 355 1495 2102 151 1068
000687.jpg,2540 251 1427 2381 1306 1798 1166 485 803 2409 1137 646 1928 374 1175 1558 1334 962 2644 93 2072 1951 2149 2656 1590 895 1394 293 436 1361 589 898 395 2000 2323 714 1900 364 1559 1230 529 1451 1106 215 1207 1786 2759 2040 1693 658 1971 727 1883 101 1257 792 789 572 2504 1087 76 2054 2787 695 1149 1561 2320 2579 989 1300 739 614 1743 2542 545 1298 737 1683 1176 2242 132 2238 1091 1353 1213 1801 853 2430 2143 766 617 1513 1333 1557 1357 1161 581 2324 2277 1180
000688.jpg,1495 1331 2085 2458 2660 2600 942 1705 1614 1002 1673 1031 1017 966 908 355 1739 1105 1565 1287 243 1384 1419 1396 2369 54 487 2664 1290 1518 791 1370 2543 2803 50 2147 1676 392 1681 813 2796 1695 1978 320 542 660 1853 2140 984 1000 1301 1554 519 1893 2259 2782 360 631 2262 607 1508 2093 1906 710 2257 2596 1058 2282 186 852 2341 1119 1455 253 394 301 2696 1742 1516 1604 1879 1479 94 451 1237 2392 248 114 1567 1271 855 530 1200 2618 1546 2219 1424 1770 937 1613
000689.jpg,2529 1440 2468 1694 386 143 810 1129 2595 1684 1514 2271 687 718 147 1995 1863 669 2185 342 1295 879 2616 30 2222 1807 638 1630 697 1697 267 1661 71 1446 2726 787 1324 1744 1939 448 1291 1456 888 2517 991 932 2298 1520 1294 2662 2168 1267 127 2710 1238 1763 2801 829 2030 1619 2584 2175 38 2727 958 375 1539 924 557 1122 2567 661 1811 459 20 306 2844 115 2266 1196 2109 1059 2481 2623 1112 285 2473 582 476 2619 1167 2554 307 1610 334 1698 1360 1084 1366 1411
000690.jpg,1696 609 1953 2464 1602 1139 2725 244 214 1766 1515 2115 909 2448 2109 971 22 1397 1477 956 1214 466 1171 2404 2751 1596 43 1866 820 509 1265 1889 420 2457 1616 585 2348 1949 2841 1227 1426 1108 2768 375 498 2498 844 669 1537 941 2048 2566 119 1296 2413 80 476 2442 1541 558 1768 1726 2688 2188 135 2194 424 2572 1605 2430 426 954 629 690 1326 2615 2720 2749 634 2366 2823 1400 1922 2197 1231 1802 739 957 2295 2494 644 2261 163 2740 2787 1643 2169 1383 1555 2706
000691.jpg,750 334 1541 582 2194 820 2261 1603 2677 594 1462 115 285 941 1221 546 922 1995 2387 1949 629 1227 1616 6 2494 244 2115 2810 1696 1763 1153 372 2666 815 1591 84 1537 1073 650 186 807 1761 1137 2043 1088 2671 281 1390 2622 1502 1557 315 1596 646 669 2823 2688 476 1702 2503 1456 2210 2409 2359 614 1199 882 1166 732 2757 714 2152 1306 1080 1759 531 2421 1922 2520 2313 2319 1858 2291 23 1882 1188 2249 1928 466 2057 1802 396 300 939 1223 498 661 2128 1605 589
000692.jpg,1931 447 494 2057 2220 2526 1721 2728 769 2683 146 2719 574 1677 1899 994 2291 1056 1692 1876 864 2766 1961 2625 2708 1055 2565 2825 686 526 1942 682 449 2435 1473 1771 1127 1892 1097 2438 1293 2639 2051 1941 677 2319 2440 2037 2569 274 1185 1187 692 2183 1274 2316 2580 1974 1223 1874 200 647 2736 1408 1944 601 2813 1917 216 1759 2207 2716 561 271 2396 1011 1868 1472 657 655 721 2499 508 1592 1010 608 1461 2292 326 968 580 137 173 1627 329 2764 939 1134 2809 2089
000693.jpg,234 1520 1 1291 2635 1572 1698 195 969 2215 1095 913 1238 223 1509 143 2541 2339 1059 267 958 1295 1807 46 2223 573 1615 1630 2517 891 2063 2834 2338 349 2801 1514 1803 1618 846 2844 342 154 2662 600 1373 642 1324 551 1540 1112 2466 2158 697 2771 795 1349 1571 17 1524 638 961 2175 2253 2486 2727 1862 1360 1446 352 557 2524 1270 2619 2138 2616 1994 2298 750 2749 665 2340 888 127 2399 1409 1811 334 1267 2246 837 1009 262 511 2460 842 1619 2731 1101 1294 2100
000694.jpg,247 153 2018 1403 719 1121 2336 764 2146 1577 2008 2582 723 869 1963 1204 825 2485 2284 873 190 2434 1157 1751 1534 2551 765 1289 1915 1351 781 14 2426 862 1493 1359 2585 1347 233 539 615 1854 2718 567 212 2334 1402 914 206 7 1997 604 303 2361 1128 1625 701 382 1985 2824 282 2487 808 2165 1772 2157 2353 58 2204 2792 1136 35 2067 1970 778 254 652 549 874 343 2462 2711 2081 1819 2405 1574 517 2453 1791 1246 2593 2734 450 2793 975 2765 1344 1864 2778 1376
000695.jpg,1232 1221 1744 285 2048 614 851 2841 1137 1763 182 1315 690 40 1768 2699 2160 2324 953 594 2761 1712 2706 2494 2691 1605 270 2162 1570 954 2677 2666 1537 1760 23 2726 510 2572 1922 922 1960 1661 2502 333 2197 475 1757 924 1333 2203 1471 1487 485 2768 2468 882 2168 2112 1685 335 2571 214 1336 650 2141 1080 37 1115 1916 1184 1175 1198 1683 1108 1397 63 2079 2072 1004 400 1013 646 586 117 1090 2175 205 1144 2489 2128 2623 1603 2493 2030 411 1502 1217 448 669 2000
000696.jpg,645 2011 2836 1649 1029 440 2735 1045 1782 1422 155 1381 1993 2241 1658 1617 1544 947 445 1444 319 51 1679 1552 169 735 1054 134 1623 712 1840 2837 2439 1328 2088 2050 2076 1663 2840 562 2826 260 2767 2130 1636 1640 463 550 305 201 1860 1307 2628 1796 2707 900 674 1486 563 2650 2352 1208 48 2046 2631 965 1253 1948 2815 197 64 2545 547 2721 992 715 1586 1965 2133 194 769 1218 2652 2287 1983 1569 2375 1148 2419 906 1757 259 497 2034 611 1096 659 168 1416 2309
000697.jpg,2152 1726 2263 1605 2502 1570 844 2197 2056 2348 1365 1953 1458 270 1139 2203 2608 2678 2760 1768 690 1198 171 2503 2705 2572 214 1251 2048 1397 398 2386 1797 1364 2761 236 621 1064 2182 1113 2522 181 45 2030 2457 1602 420 509 510 2160 2620 1525 150 2498 2612 183 1866 148 1515 620 2677 1205 1221 2141 2079 1371 2401 182 1171 1502 1922 2768 75 2751 732 1702 300 2831 644 2442 2688 1217 1400 2562 1318 2179 1744 941 1596 2720 2841 1802 546 1084 2278 117 1738 23 333 1184
000698.jpg,1051 2272 1948 2628 2815 1496 201 194 64 1316 2556 48 1381 2352 2713 1416 1096 1965 1658 1054 2836 1586 1636 1569 1860 1218 155 1782 497 2721 2309 2241 1261 2545 1649 439 1544 715 645 1840 100 1640 1897 2011 2433 1663 947 2034 1444 1453 169 1796 1623 562 1362 1422 440 51 2826 2708 1679 747 2046 2439 1328 659 657 204 992 674 2755 305 2707 1901 1617 137 2767 563 1757 1486 2837 1148 1775 2068 735 889 231 1056 900 712 79 168 1944 1606 260 319 1067 1552 1045 445
000699.jpg,2389 1545 4 2367 59 1319 1146 547 1752 611 2270 188 817 1407 2011 2817 1386 826 2082 1202 1181 1552 950 626 2692 2515 2300 260 2213 1624 645 2755 613 996 2138 1993 2530 1892 271 1983 1737 892 1942 2433 2411 556 155 943 2631 2148 1584 2837 1056 2130 345 2205 221 900 1677 2023 2419 349 1405 2208 1486 2584 987 2801 2158 2069 2037 1414 1095 2088 932 2781 795 134 2556 2440 1411 712 1656 2675 1029 2045 709 2272 169 179 1934 312 1615 562 1102 2439 1988 1491 463 977
000700.jpg,647 1223 1874 137 2683 165 2813 2207 2842 2728 1841 2135 1056 2558 725 899 2057 1212 2435 447 2248 2382 2766 2741 204 2569 2291 1606 1944 2294 1937 1130 2736 146 2639 2825 2708 2319 804 2438 1547 1126 116 1463 1055 948 329 362 1592 494 574 442 692 1076 1899 2292 2305 1986 1935 682 2511 2393 1940 1464 2506 686 491 2580 657 1825 1185 2220 1134 2719 722 939 2286 677 2526 1777 2665 1639 482 246 79 2258 1931 2068 2436 2041 1433 1067 2598 2089 97 1452 820 1757 6 285
000701.jpg,254 3 1642 2490 2405 1958 1577 1136 282 66 1347 14 1247 1157 1519 765 2209 2264 2170 652 2551 1915 1745 2147 874 1574 2157 450 2487 1985 1534 318 1351 632 812 1670 2593 1493 929 1454 2485 1344 1762 2165 1869 779 2198 1152 1633 869 2667 1010 781 1030 1020 604 1036 1575 1581 1289 2730 190 2204 1997 58 435 914 1403 2336 2008 723 615 516 764 212 1246 1379 2560 771 2734 2391 825 1511 719 2001 242 1121 35 233 1376 1267 2101 1650 549 1005 2247 2585 112 1573 2228
000702.jpg,1255 986 1757 882 123 2150 440 134 1670 1704 645 2241 155 674 2046 1496 2011 932 157 2130 1079 735 2050 1636 611 1319 1552 906 992 1782 533 2553 1897 2713 630 1045 2815 477 2735 2433 1381 978 544 1148 1840 231 1663 59 1649 2449 2133 900 2631 2836 2376 568 613 1544 1054 1617 826 51 2352 1658 747 2380 2767 1911 2667 562 947 2272 965 1860 1775 320 2783 2309 771 1993 64 2556 1969 1339 2628 1519 1901 1362 1090 2788 201 2213 516 1029 2219 434 319 1779 1862 659
000703.jpg,1146 1752 4 221 943 312 1102 2832 1405 2411 1545 2817 2389 1934 2790 188 2501 2270 2082 1624 556 613 2528 611 1319 817 826 283 1656 1644 1737 635 1983 1386 547 2300 1407 2069 987 626 59 1926 2477 2044 2367 85 2011 2515 900 2574 1190 266 1552 2419 1202 712 260 1486 1208 2544 1092 1414 463 559 925 1369 2397 2133 977 489 2840 1422 2424 2676 2375 2084 1316 2652 445 996 950 2530 2050 606 947 1437 1878 345 1993 2439 2454 1489 134 645 2631 795 2826 2433 2148 1710
000704.jpg,844 2263 2152 327 1198 2502 1726 2303 1205 2203 1659 2386 2457 1515 181 1702 2620 1605 1083 510 732 117 2678 1371 2726 2351 148 2751 1696 1139 1502 509 1616 2162 1171 1397 2572 23 2115 1687 1184 1960 1768 1802 2179 2048 1400 620 466 214 244 1488 2768 420 2348 1979 2841 636 22 2761 1214 690 2643 1953 1738 6 2567 1866 2498 1365 2030 2521 106 1744 1602 474 40 1591 1113 1661 1797 1637 851 2791 1632 2705 1880 498 759 270 1525 2374 1061 2562 1570 1458 807 2197 2109 2554
000705.jpg,925 712 1369 221 1710 1405 1545 1489 1934 1486 900 2817 1417 489 260 2528 943 2649 1656 1983 188 1437 2419 2515 2050 2411 2084 2454 1328 2011 559 2501 2574 4 2082 817 2270 59 1386 463 860 1190 1752 2424 312 348 1407 1624 2837 26 556 1644 2832 2840 2652 2389 169 1552 1208 2826 547 1092 1102 635 1307 1146 2439 611 1701 613 1319 1663 1627 1782 674 179 626 2790 1045 2707 1870 1544 1926 606 563 987 197 2397 2130 947 977 1658 1381 445 2133 826 1623 2300 2241 645
000706.jpg,177 2122 2679 2829 2587 1163 2355 1717 1510 208 1903 1145 72 99 156 595 2775 2163 141 453 2655 1504 1415 164 612 1023 2452 174 399 1872 1599 1085 816 2074 1628 73 460 2722 222 2469 599 2098 477 172 401 380 981 2577 2218 760 2055 731 2636 461 1682 2126 2747 897 1976 1160 823 850 1047 2446 1436 2750 694 1321 666 1784 2009 1233 437 755 2071 1241 1790 935 836 2096 2537 2201 1098 1305 1933 2512 2645 1808 1155 2318 1387 2274 1638 2691 320 1479 2432 1688 2156 2342
000707.jpg,757 2413 135 558 2295 754 1728 426 1448 1689 1533 213 2756 2024 1804 2143 24 1478 1296 80 1383 2408 2320 2638 1265 520 739 967 2354 424 1269 707 119 184 1945 2615 540 2566 1149 2533 1231 1597 1849 218 232 1898 1984 2277 2430 634 499 2472 853 2323 2021 1867 29 695 1312 1719 1394 19 1722 1889 2673 293 529 286 2172 91 1093 2759 983 2827 1469 1847 545 132 1631 1334 2366 1801 2235 1087 1529 792 1137 251 898 1513 304 395 1427 1798 2072 646 2464 76 2180 1766
000708.jpg,1624 2528 817 1644 2411 2817 1656 1934 547 1386 1926 2011 188 1545 611 1319 1993 1405 2501 556 987 712 2082 1407 1381 2790 59 2270 463 1782 900 1045 1658 635 312 2439 2044 1552 2389 221 645 2832 1710 51 2419 85 1489 4 562 305 1617 134 1752 1486 2241 2300 445 1102 1983 2836 260 943 1422 155 1544 1328 2840 2515 826 1417 1146 1796 559 1029 2574 1208 1788 860 2837 440 169 674 1181 659 613 2675 1640 197 626 550 2545 2454 925 947 1369 2034 2826 2050 2088 1701
000709.jpg,1378 331 1022 2301 655 2061 268 1024 625 2407 2402 1039 2531 1756 430 1662 2765 2236 1303 1274 2794 782 1026 936 113 2632 363 654 1011 1730 1127 452 999 89 108 467 484 1929 1018 628 1275 679 295 27 1647 1972 478 471 1692 2806 1293 389 806 1097 1921 1435 402 1475 2398 2611 721 1048 1438 1787 726 2429 1143 643 1918 1282 525 1789 1843 2465 2505 2059 534 1008 1472 495 758 1831 1503 131 1506 1875 1655 1317 1967 1118 1755 1273 53 1822 2687 753 580 1395 346 840
000710.jpg,70 18 1834 1842 951 2077 2818 2663 2510 1125 1759 2777 2757 1753 2478 2 2561 2015 601 431 1035 2772 1252 2622 1557 315 1767 1390 1391 1114 1186 578 1839 2314 2323 931 1443 250 2302 1821 688 1165 1413 646 2276 2624 684 767 1938 1833 126 522 1340 990 1720 768 2686 2644 2315 2388 962 529 65 2320 395 1166 2409 889 2685 2471 1975 2601 1928 1323 2759 848 1845 1608 1235 277 2667 1107 702 1394 1512 2702 739 1801 502 695 1357 2016 1908 1980 1427 2242 1310 926 240 426
000711.jpg,2037 1998 1557 1677 2625 994 2622 1088 1892 274 1390 2757 1771 271 1591 1942 531 608 1165 2440 2183 1616 2809 591 1073 709 1408 1759 2478 598 46 104 526 1473 315 186 1627 1928 714 334 2535 864 2302 244 658 750 1462 1186 1433 1811 2755 2077 1897 594 2772 1166 1774 907 2573 444 688 2150 1308 224 147 2132 1753 2671 2409 1511 745 191 1969 2419 2506 633 2648 1746 508 1333 414 1584 1125 423 413 2766 898 2595 2245 933 2661 1207 892 1391 2045 646 1980 790 1362 1521
000712.jpg,1473 2809 1852 2813 1452 2037 140 1185 2625 1868 12 2382 2393 1677 491 587 686 1721 2500 1774 274 1746 2479 1876 2248 444 1771 994 79 1639 948 726 1937 2580 2552 1076 1464 2286 1592 1892 608 1598 53 2716 633 1223 2569 2181 2440 523 2598 2370 313 329 1991 146 1692 2438 449 2294 1998 2068 1240 858 2535 2527 2279 2674 2683 864 653 162 682 711 120 1408 2365 734 526 804 494 574 1547 1904 849 2507 999 705 771 1168 1164 2639 1896 1299 699 1823 508 2499 2681 968
000713.jpg,1453 2713 2433 1496 1901 2272 1490 1586 2309 1860 562 497 1569 2556 715 1316 305 155 1636 2721 2545 1381 201 100 992 2046 2034 64 2241 1840 2815 1658 1965 440 2376 784 486 1782 1948 645 1623 2007 2036 134 1054 2826 2836 1986 1046 265 51 2213 48 2088 2001 168 1148 1796 2337 2352 1544 1679 659 563 319 260 1640 1056 1767 2076 1362 1051 2708 1601 712 439 1649 1938 137 900 2707 1897 2628 1486 165 1082 735 1944 978 931 231 1663 725 559 1422 2558 1444 1848 1328 1218
000714.jpg,1198 1205 327 1659 2203 2152 2263 1184 117 2502 1502 1687 466 1371 1139 2348 1397 2620 420 23 510 244 1400 1693 844 1726 2115 2179 1171 2303 1979 148 2656 1605 1738 214 1616 1113 2768 1696 690 2572 2787 2494 2521 2109 106 1953 2841 1802 941 2048 1768 1515 1525 498 949 2761 22 589 2149 1083 1922 1591 1602 658 1661 1333 436 2737 2726 2554 1702 300 104 1637 727 1488 182 1685 2030 2571 636 2751 1361 954 2162 75 215 1570 1214 474 2678 1866 572 2705 1343 2132 2409 1603
000715.jpg,887 1791 2792 1531 2328 1579 639 919 1470 1354 1179 998 2778 952 1583 945 2647 1578 2491 118 567 841 9 1977 819 930 2682 1769 1667 1770 2252 748 2459 1920 1854 114 1063 2711 1368 382 778 579 2488 1651 916 227 923 517 2349 515 2304 1585 875 492 1154 2065 1367 2723 2575 1851 2729 25 1970 1042 311 982 2379 928 1209 2042 1819 975 2416 1239 808 566 2081 1657 1864 763 2026 2225 1210 7 2462 1211 2334 2097 2793 381 910 512 151 2559 513 1528 2618 2361 2310 1344
000716.jpg,213 2024 426 2143 558 135 1804 967 2413 2408 2295 24 1448 707 1597 2756 2615 2533 1265 2354 2430 2320 80 634 1728 29 119 1945 754 1296 757 1269 1149 304 2113 232 293 1478 2178 520 1719 1847 2172 853 2366 1889 91 1849 286 2566 1383 1533 2022 1213 2638 1513 739 424 1161 19 2673 2021 1689 244 498 2546 184 63 1333 1115 658 1019 1228 1898 2235 2124 1231 2066 218 1515 898 2014 792 540 2054 695 1093 1389 425 2784 466 1326 1631 646 2827 609 1394 1616 2277 163
000717.jpg,1972 1647 2402 1127 721 1692 1274 655 2794 331 2061 643 2632 628 2396 326 1097 1787 2398 108 753 1438 1293 430 356 1039 2062 782 1961 471 113 478 1018 2611 1506 1781 653 625 1472 1503 2311 679 1921 1248 296 654 1011 2531 2316 200 936 580 131 239 1282 2765 452 2070 1143 1024 1875 1048 1026 1262 268 2465 2505 2164 402 525 31 999 1141 1356 1378 49 1941 1187 1435 408 1822 2025 1317 1756 225 1598 159 1022 1918 1220 192 2091 1118 1395 455 245 467 726 27 89
000718.jpg,1602 244 1515 214 844 609 2725 1953 2457 1605 1766 2348 2566 2464 509 5 2115 1139 690 1949 1849 1537 1397 2366 426 2150 707 2572 820 1477 232 558 420 2751 1221 2706 1889 1113 2354 2502 1597 1269 520 2390 1696 2408 1265 1108 2197 1768 2048 375 1616 270 698 1541 22 2448 1296 739 1529 1754 2143 669 1426 2230 1945 2024 2014 2152 19 1434 1858 424 1570 1603 1916 80 2768 2160 498 1171 2533 466 2404 2124 24 425 213 2413 2083 882 2168 1214 119 634 2503 629 2430 2615
000719.jpg,1115 2546 2113 1389 1951 2178 614 1300 1175 304 658 1306 485 1213 1106 727 364 374 1883 251 215 1333 1137 436 2066 1559 63 483 2759 2040 1353 1427 1394 2504 589 101 1161 2409 2000 1230 1513 803 2579 529 1798 1361 2072 328 2381 1166 395 646 898 1900 572 962 989 545 2540 2238 1019 1207 2644 1785 1685 1928 1683 1693 1786 2323 1451 766 714 789 2784 737 1334 895 293 581 1971 2149 93 2022 1847 2656 2787 1228 1801 2054 1773 240 1257 2242 617 2277 310 2114 1558 1590
000720.jpg,2386 2263 1083 1726 181 2678 762 2442 636 2116 894 2562 844 1198 644 1632 96 1802 732 2554 1880 419 1702 2761 1315 2498 1960 620 300 2457 2153 592 327 2522 1032 1927 2720 1064 1205 1171 2374 133 2203 2162 1251 2831 1365 1336 2726 2705 1013 1696 387 2807 2572 1371 1797 1318 189 861 106 1661 2197 2401 1596 2476 509 2048 2160 2079 1364 2030 2688 1515 22 1458 1768 1659 2152 1139 171 2571 2109 2278 1744 2643 2612 43 2751 1525 1687 2567 856 2141 1214 1502 1536 1866 333 2841
000721.jpg,2092 2576 2371 837 2269 264 2455 2484 1122 428 2139 2844 2833 1421 2797 299 1698 1009 1982 1549 1925 667 891 2063 1814 1 2215 1622 2266 2473 2223 2273 2776 2486 1338 352 1815 160 2635 846 1826 1615 1159 1863 17 317 1078 195 2100 642 1824 573 2094 2717 223 2709 1530 1291 1520 879 226 1619 2834 349 600 1071 267 2731 2385 2338 1238 2811 2158 2607 669 414 1409 1201 888 1299 1480 1994 1168 2738 2253 403 2403 166 1735 90 867 2727 1242 814 2460 1366 2212 1327 1060 1295
000722.jpg,196 353 69 1042 1625 2081 98 2103 910 869 776 1819 2256 701 820 1541 1643 809 1188 1864 2460 244 763 2101 2363 1963 285 2067 1402 2225 2361 841 919 752 2778 381 1769 2264 585 1851 1063 2823 224 2677 1696 952 1221 879 930 1667 1354 2331 858 2261 1949 2048 1598 1531 413 2150 1770 2723 1578 1579 1585 567 1768 982 922 392 594 1546 819 945 2500 2278 2473 334 1227 153 2194 301 476 1480 233 2228 2115 1204 1746 1697 252 1477 2065 2328 27 582 2311 887 2682 781
000723.jpg,2185 1694 2616 2584 1129 1411 30 1445 1446 2529 1939 2481 665 386 2468 787 810 1112 143 1440 638 1294 1514 697 718 1863 298 1684 267 2271 71 2139 1630 448 1549 1267 1238 1291 1122 1324 2677 46 879 2595 2844 562 2631 924 2801 2168 375 1360 1270 1295 1973 459 305 1258 1698 958 1811 991 888 2246 711 1807 265 1814 2213 2567 2118 299 223 2833 669 147 2223 557 214 1167 2268 980 1884 2662 2132 1520 2222 2092 1610 2635 1661 264 1619 2167 1456 602 51 1697 1355 1332
000724.jpg,1024 2531 1274 1127 1273 1438 653 1503 2794 471 268 2698 1282 2285 1039 131 356 452 625 296 1875 1662 1248 806 2765 68 1435 2061 2396 1598 1021 654 1317 1843 1378 2311 2429 2236 113 108 1164 2402 1356 2144 467 2764 799 1941 525 408 1475 1918 643 1220 139 561 290 53 628 2091 162 216 753 534 805 726 1647 495 553 1472 2173 2177 33 1692 2527 858 2693 1746 252 679 1781 2017 1505 936 239 27 241 209 1216 699 1022 49 89 771 1011 1787 2398 2565 721 245
000725.jpg,1132 1588 536 1418 1686 2029 2384 1393 597 417 1033 332 1562 1431 988 36 555 2090 1065 2108 2451 121 569 21 2743 680 886 429 193 2668 1910 176 1249 1268 1337 361 2227 2520 1038 979 1398 2786 78 292 865 1890 289 199 802 733 2083 828 571 302 2117 13 554 640 340 2333 377 62 1266 866 2640 893 1888 432 2210 2570 2839 2795 2578 142 698 1793 933 1430 1272 2421 868 1952 1329 2828 1754 2671 427 672 1553 878 2798 1053 2078 681 2808 729 1374 932 1668 964
000726.jpg,1603 1605 2152 285 1221 820 6 2666 1541 650 2502 148 594 420 1891 582 2179 2348 1570 1397 2677 690 546 1502 2494 244 2643 334 1488 510 759 1537 807 1922 1738 2768 1139 1080 2203 2043 2841 750 1723 23 1702 922 2816 1696 2620 1953 732 214 1602 1916 117 1205 2263 1616 181 1866 1198 2115 620 2194 2521 475 423 1949 941 1591 1768 1882 327 629 1227 1400 2303 2048 2810 40 1763 1113 1184 281 1083 13 2761 2359 298 973 1744 1661 84 646 844 2261 2346 1979 372 375
000727.jpg,1703 924 1288 149 1363 2401 2216 2841 1605 2178 335 1471 2705 1891 304 1487 2160 1760 2079 2230 1315 63 1019 1712 2113 1671 1232 325 1217 1763 586 2591 2612 1228 1013 1953 953 1723 1336 2066 1785 2831 1090 333 2502 2546 37 2346 171 182 2048 690 745 621 1213 1161 957 2109 2197 1889 1768 1570 1513 1333 1847 2816 761 2571 526 443 1916 614 594 1685 658 214 1139 1904 2706 922 2535 2567 1171 994 1602 1474 104 2448 1632 2751 2351 1115 475 468 300 1214 1198 2168 2562 864
000728.jpg,2515 1710 489 1190 1545 900 2084 559 1983 2389 1417 2419 1489 2817 817 626 59 2424 4 260 1701 1486 2343 1090 1437 2367 2801 1763 1878 1627 674 2411 2783 1405 2473 1095 2648 221 1319 1737 1752 932 2133 2528 653 503 2088 2270 1208 943 1092 2652 906 2574 860 188 1414 1656 585 2082 1386 1240 1307 556 2011 2826 635 547 611 562 356 2212 987 2707 1327 580 1216 155 169 2046 2595 2052 224 2631 2837 1274 712 1617 992 606 305 1624 391 290 296 2001 613 1644 2677 134
000729.jpg,1336 1315 1013 894 2079 2160 2401 419 96 2567 1632 2571 2554 2705 2153 2831 1763 2612 2841 2751 1171 2109 22 924 1661 1907 2726 335 1471 1032 2216 1019 333 2643 1703 2678 63 1744 300 2591 1214 1217 2162 1927 2230 762 189 2263 1797 1090 1363 2573 953 1487 42 1288 586 106 2666 861 1318 2197 2313 510 661 2425 2502 1365 1108 1702 2222 2168 761 1605 171 636 309 1960 506 459 1570 1891 759 1198 1685 2346 1916 149 448 856 2476 1847 20 1232 2816 2030 1671 1771 2535 1723
000730.jpg,374 2381 803 395 2644 251 2149 2656 364 1230 1334 1900 215 436 737 529 2759 1798 2542 2040 1971 1427 2323 101 1561 1693 1257 1786 2409 545 617 1801 2242 581 1306 989 962 2540 341 1166 1951 485 1361 1394 1451 2579 1357 1928 2504 1106 1343 2238 1559 1683 1883 1137 824 589 727 2277 1175 572 2000 695 1558 1333 898 1300 576 132 2547 1176 1743 766 2737 93 63 1213 39 328 789 1091 1353 310 2072 1590 646 2546 658 926 1513 1161 1298 895 2113 714 1115 1785 1004 614
000731.jpg,2510 70 431 1753 1125 2772 2077 1834 18 2777 2478 1842 1035 2561 2 1759 951 2818 2757 2663 2015 1557 1252 601 315 2622 1839 2644 1390 2323 395 1391 1443 529 2314 2242 1186 1798 767 1333 688 132 545 1343 277 2759 2149 2016 1938 2656 39 374 1801 695 2685 2302 2315 1427 1298 1394 1357 1334 962 1165 1767 1176 1833 2040 1230 578 824 1413 2547 2686 889 2381 940 364 251 240 2504 2112 1980 1513 1558 2409 803 990 63 2579 2238 1971 1178 1257 1434 1207 572 2277 2540 658
000732.jpg,1453 2713 1860 1496 1636 2309 201 1490 1901 2433 2272 155 1569 64 1316 2556 2545 562 1840 1586 2241 100 2721 1965 2815 715 497 48 2034 2376 1381 305 439 1948 1796 1658 2046 992 440 1640 645 784 2352 1986 2628 2213 2836 51 168 659 486 2826 1148 1051 2007 1782 747 137 1544 2337 2001 134 1623 231 1054 1897 1046 1422 1362 563 204 319 900 1944 2088 1649 657 2135 79 1444 2076 1045 260 2708 978 194 1938 1416 1056 1679 1757 947 1218 2735 712 2036 663 735 1486 1601
000733.jpg,2272 1860 1496 1316 2713 2556 1362 64 1757 2433 2545 2034 497 439 1490 1965 1636 155 2721 1897 1569 1948 2309 1416 2241 201 1381 1453 48 2815 2352 1586 2376 305 562 2628 1051 1658 1606 882 715 51 137 1096 747 2135 1901 100 123 116 1782 204 1255 1218 1623 2387 1796 1544 1212 725 645 246 1054 1328 2741 447 1986 899 1640 2650 1541 2825 1840 2842 2011 448 986 1649 1944 1319 2150 194 547 2766 1547 611 947 2836 440 750 202 712 1134 2068 1679 2046 1646 1045 2511 1067
000734.jpg,238 152 2479 2552 313 1532 28 1896 2500 2674 734 587 711 2283 2819 633 1708 2592 2119 2181 2177 1376 2365 505 847 2370 849 458 1827 2527 503 159 705 81 326 2017 1741 1852 1274 602 2557 1503 2681 2173 2193 467 330 726 580 999 2765 1563 523 175 120 2052 261 1111 972 1746 772 2396 2610 2099 1216 653 2716 2689 31 1140 2250 1010 2565 968 1472 532 1127 1339 671 2470 209 2316 314 1692 1143 1273 1787 2280 478 1730 1011 268 92 1956 655 2698 53 331 354 1473
000735.jpg,1063 2252 1583 2682 1920 841 1579 1770 2042 945 1367 916 1368 1651 1769 227 2723 998 952 2349 512 515 492 2081 2103 1578 2647 1239 919 1154 887 1211 1977 2026 2379 639 2310 2778 114 1851 930 1354 2225 1585 517 566 118 9 1531 1625 982 928 2792 1042 1970 2488 1667 1209 819 567 2097 763 2459 1791 875 1179 809 579 2711 7 748 778 1419 2328 382 2491 2575 2065 1819 1031 1470 975 513 2729 25 1906 311 1854 1528 1210 1963 869 1657 1864 2803 1287 1566 1546 2067 355
000736.jpg,2034 2545 2433 1796 715 100 562 439 48 1569 64 2309 2721 305 155 1453 1901 2376 1490 201 2713 51 1860 2556 260 2826 712 134 1051 900 645 1381 2241 563 1640 1948 1658 1636 2272 1328 1316 2088 1782 2650 1496 2011 1663 659 1486 1319 1045 947 611 992 1422 674 1993 1416 168 440 1617 1878 547 2817 1308 1586 2631 2815 2352 1046 497 2836 188 1096 2046 657 1054 1544 1148 1082 445 1623 978 2213 1552 1584 231 747 559 194 2337 2050 2248 2419 486 1218 1444 750 987 1965
000737.jpg,1638 897 1933 1321 2071 2750 836 755 1145 1790 2156 2627 1736 2450 2201 2096 2342 1098 935 1305 1052 2446 99 396 2452 1510 666 957 599 1621 1436 141 612 222 2098 2648 1858 177 460 1023 981 72 1717 2645 2432 208 816 2775 1504 2587 2355 1976 1808 468 908 1806 156 2218 477 2318 147 1047 2595 281 320 850 164 127 2829 1939 2636 2747 2722 2537 461 96 2313 172 1872 2512 401 2577 1355 2122 1100 1415 2710 1085 1155 2274 1910 189 453 2515 2163 1387 1682 2642 1167 744
000738.jpg,922 2043 2816 2171 1603 1702 650 2810 1763 6 2666 807 2643 1456 759 732 1227 181 1260 546 1502 620 582 285 1605 2168 1083 510 1891 820 2179 1541 334 2194 594 2502 1221 1188 1059 2841 234 1284 372 2425 1524 1153 1090 750 1324 1797 2152 1291 2268 267 2801 1882 991 1761 2261 2486 2616 223 459 665 411 1238 2141 913 2468 2705 2466 829 2079 669 1315 891 122 2167 1570 2216 690 2476 148 1979 2481 335 1703 924 969 636 2567 661 117 1487 46 214 1095 468 2399 939
000739.jpg,63 2542 182 2149 1785 2700 1334 617 576 374 545 2112 499 1333 251 1801 2547 1019 2656 2323 824 1847 1631 1137 1166 1928 2277 2016 1883 1343 132 1743 2759 1513 1228 529 1298 1773 1004 2409 1558 695 803 1434 1990 614 2381 1561 1300 485 1394 1087 2546 1693 1161 1257 1176 1353 898 2737 596 465 1590 1427 1103 2072 95 954 1685 1971 1306 395 1224 2644 1683 364 895 2022 658 310 727 2000 1115 1798 1175 93 1116 1230 101 1713 1106 1213 940 2113 1593 2827 962 1786 714 1838
000740.jpg,1489 860 1788 1417 1701 1710 769 712 2650 1993 433 2769 1617 2289 463 169 2011 2837 1627 2626 2050 606 1045 1422 51 1328 197 943 221 1782 2454 305 2840 1405 1552 2753 2084 59 1895 445 826 1752 2375 900 2439 2130 675 1663 547 1386 2646 161 1102 562 987 2241 1649 4 1190 2389 1640 2515 260 440 2790 1381 1544 1934 2419 178 188 1926 1029 2707 645 1486 2724 947 1983 635 134 1658 2424 925 2574 1623 817 489 179 2411 735 992 2480 611 1369 2649 622 155 2676 1208
000741.jpg,2501 2044 556 1934 2011 1405 1422 188 547 85 2411 1386 987 155 611 1993 2832 645 312 2528 712 134 1656 1045 440 1617 1649 1319 2836 2046 1102 2241 1983 1029 1782 1006 2574 992 943 2817 445 1644 463 1092 2439 635 1552 1190 659 1308 586 2840 562 900 1381 2419 274 2088 1486 1544 221 2631 1054 51 2449 735 1624 260 550 2389 2375 271 1082 305 2050 2515 2837 1796 2545 1663 994 169 817 2213 996 2034 2530 2790 2130 608 1090 1545 1208 1550 1752 2648 2270 1942 224 1658
000742.jpg,2754 2383 2019 441 2550 1523 575 2080 1691 1482 2586 1507 775 2630 1104 1805 2695 1177 107 2733 1669 357 2780 2176 830 1678 2395 1450 2641 187 2254 2604 462 2684 2414 1169 794 1748 397 1611 2368 1147 2447 1517 2297 279 2347 1014 693 55 457 1846 1626 32 373 834 1372 1016 584 379 2326 2555 818 1459 469 2605 736 2802 2637 1732 1277 2275 728 1192 920 2058 845 1832 603 1467 1382 2489 2036 2159 2651 2106 2073 2422 1538 917 102 339 1620 2247 2192 1410 2345 1259 702 1646
000743.jpg,837 2063 1009 1520 1 264 2455 2484 2371 267 1982 1291 1925 2092 2266 1159 573 17 1238 891 1619 1122 226 2486 1815 1539 2139 2727 2635 1509 342 2255 2834 879 846 2797 307 403 2731 2844 1735 1615 2399 1025 2776 888 223 234 1660 1698 1863 2833 687 1059 1816 2607 2094 428 1060 1295 1338 814 1994 2338 669 1572 1530 2468 667 2616 2431 1814 600 1803 2385 2403 2811 2215 551 2576 2138 642 127 1549 2223 2633 2269 1480 1807 1571 1589 2175 2412 299 2710 1862 2548 1373 147 913
000744.jpg,957 1889 1802 2457 2168 509 1515 1637 1880 1032 2278 163 1702 1766 609 2404 2351 1596 2725 498 744 2115 669 1696 419 844 2562 2751 894 2473 752 1726 1214 2261 636 1632 2464 22 1927 189 2720 2153 388 2128 1171 2678 244 2807 5 2823 2188 300 2554 1661 42 1659 96 2572 2648 476 2109 1556 1904 1953 1616 1061 2448 2060 661 1227 466 2083 1602 2508 1525 924 2591 2841 2571 2476 2194 2567 2468 2124 1797 582 761 2503 2222 2643 815 391 1449 1560 214 2230 106 2079 375 1318
000745.jpg,1489 860 2769 1710 712 1417 2454 1788 1701 2050 2650 2840 463 197 2011 1045 179 1405 1934 445 925 2714 2649 1617 1369 943 2130 1993 1870 51 305 2375 635 2411 433 1640 1328 769 188 348 1656 2241 1552 221 2289 169 2626 2501 26 2837 1782 826 1422 900 562 817 2528 547 1381 987 59 1386 2817 1658 1253 606 735 1752 1029 1569 1624 2439 260 611 155 312 1796 1102 2044 1627 1644 2538 2082 2270 550 518 440 1544 48 1663 2721 947 1983 2084 168 645 1895 1486 1407 2832
000746.jpg,1451 1361 789 2000 293 1786 2242 2040 1230 364 1900 2409 2656 2504 2054 727 1693 803 1257 2238 1971 1091 2579 1559 2540 1207 766 2759 1106 572 374 589 436 240 581 2381 2016 328 395 1558 310 989 2644 1306 2072 2149 1087 1928 1137 1178 646 1996 1298 1951 737 215 483 1561 529 2787 341 1798 1343 695 1161 1672 926 1513 1353 949 714 658 132 1333 1683 898 2827 2114 1166 1176 44 1180 251 2190 2784 407 614 1801 2737 2323 824 2441 1334 1346 39 2247 1357 1427 1818 596
000747.jpg,1693 832 1786 954 310 1106 1559 2441 1451 2656 1836 2737 1773 2000 1685 2437 2149 2700 1672 1361 1116 2129 182 727 1914 940 1343 1224 1257 1713 2016 1743 2542 2112 1971 1856 983 2202 2827 1004 737 576 2190 1103 1900 2540 1483 1535 44 1357 1714 2409 1513 95 581 1593 949 1990 364 1434 658 63 1298 1137 614 1334 2745 803 824 2040 436 2787 291 596 1795 1996 2072 589 1019 251 215 1230 617 1346 374 1683 1091 1300 1353 1447 328 407 293 132 1161 1333 1561 1558 39 1306
000748.jpg,545 1087 1207 2579 374 2504 1394 1230 395 572 2759 2381 1213 1971 803 1786 364 2066 2242 2644 2238 529 2040 789 2113 328 436 2784 766 1900 1693 1333 1353 1801 304 1257 1683 63 2072 1161 658 1558 240 1137 695 1451 714 2656 132 251 1883 1228 1389 1513 1361 101 989 1798 310 962 727 2022 215 2178 1019 898 581 1898 2149 949 341 614 1427 1559 483 2000 1106 407 2277 1847 1176 1178 824 589 1561 2323 1298 2540 926 1951 1785 596 1306 737 1343 2409 1115 1091 1743 1773
000749.jpg,924 2567 2216 2841 1171 2751 1763 1365 2109 1214 22 1217 1090 894 761 1336 1771 1677 1632 2079 2043 1703 1315 104 2153 2037 96 1019 577 1471 2554 419 1661 1702 2810 2160 991 2222 2573 1288 2666 106 2502 1605 1295 2726 922 63 214 594 1139 2401 411 1712 127 1904 167 1892 2141 1502 2807 2179 2625 2507 1760 189 2263 2595 2162 274 1525 1333 117 147 1318 423 1032 997 891 1487 1013 2648 1161 23 2811 150 650 1363 608 1744 2705 20 2255 586 1807 907 2317 335 2278 333
000750.jpg,214 1605 2348 2502 1139 1602 2152 1171 1953 106 2109 2263 22 2203 1198 2841 2751 1866 1214 2572 2153 1632 1570 2030 510 244 2705 2554 509 690 2178 844 924 954 1205 1502 182 2567 419 117 2457 1661 2197 894 2448 2623 300 1184 1525 420 2768 1927 1371 1032 1397 1738 84 609 1659 304 1685 2179 1726 1802 23 1113 941 423 149 2079 594 2160 1696 1616 1801 1515 2677 395 2678 2128 1712 2791 1333 2149 658 614 189 1084 2113 744 2048 2115 957 96 2521 148 1760 2620 1175 1365
000751.jpg,1024 1274 484 2059 2091 1282 2531 356 1039 1503 239 1127 1011 27 525 2693 2236 1662 209 408 245 331 2794 296 1505 1273 2698 805 653 495 139 89 1435 838 799 2765 2232 1378 2301 625 1598 1475 113 467 2061 268 643 131 2285 2407 2280 858 1164 1655 1275 1395 654 1921 1843 1918 49 471 726 806 1568 53 1050 2173 1875 1317 1692 2611 1755 999 314 936 1472 628 1438 1140 241 1022 162 1756 1124 758 452 679 390 1008 464 430 456 2311 1220 1967 1789 2402 1303 1248
000752.jpg,1221 285 650 1603 2666 1605 2643 759 2152 1541 820 298 546 117 2179 582 1080 2502 594 6 1570 1702 1502 2677 1922 1744 690 2494 334 1285 807 181 2263 420 2303 750 1397 2043 2726 510 2348 620 23 1738 475 1184 973 1537 922 148 1882 2791 1084 1205 214 1488 732 2162 2030 1456 244 2841 1891 20 40 2816 924 2572 167 1916 1227 2768 1979 2132 1797 1139 423 1661 1697 1884 2203 1284 1763 1866 629 1198 2468 2171 1083 851 980 2194 375 669 2678 2810 327 454 2197 2118
000753.jpg,2015 1252 2077 2478 1834 2772 2777 1125 1753 951 2818 70 18 1557 1186 688 2663 2561 1842 646 2622 1390 2757 1391 601 1759 426 1839 707 1035 2314 315 767 2624 2320 2302 1149 1323 2 2510 24 2143 2054 1767 2161 431 1597 1235 1165 126 286 2323 29 578 2533 1849 990 2430 739 1114 931 634 1443 293 1413 2673 1113 2172 2315 2653 2276 2409 522 889 1801 1928 1334 191 768 2408 2685 465 2324 1908 2016 1905 2295 277 2078 10 2000 1166 65 1959 2671 485 2413 2787 1306 954
000754.jpg,767 1938 1443 277 1753 1125 2478 2510 1833 2777 2772 18 70 2077 1842 431 1834 889 2015 2818 2757 951 1759 2663 2 1252 601 2561 1557 1035 2686 1980 1747 315 1391 2315 2685 2622 211 2532 2302 2702 688 2496 369 1413 578 2314 1390 1165 1767 1186 990 684 400 2388 1989 126 1558 2624 1333 1323 1839 1235 1340 1087 250 658 240 714 769 2161 865 2128 63 2016 2335 2671 2661 1394 191 1845 931 745 65 132 898 1114 768 44 2795 502 2276 1975 903 1207 1847 1608 1343 827
000755.jpg,1625 1042 2103 196 2067 869 2081 353 910 585 1819 1963 701 2361 2682 1188 2306 2225 1227 1063 752 567 69 763 98 1643 841 776 153 975 1977 2803 1864 2256 2252 1583 1770 285 945 1578 227 2674 820 1164 1651 2500 1546 919 1031 952 1667 1970 1579 2648 916 1419 2723 2778 1565 998 1402 1696 1531 476 1769 1354 1287 118 633 809 517 734 2592 2261 2048 1791 2065 2042 2328 2610 2792 1367 587 699 887 2793 1541 1763 330 1216 2228 1827 238 1896 1851 2479 819 1221 2181 1811
000756.jpg,1946 1419 2417 937 908 1142 2394 2087 301 855 2697 2341 2519 1271 1331 320 1002 2331 1966 519 2006 1020 355 105 1495 94 253 2196 673 1614 678 1634 1424 2147 1913 610 7 151 2005 1516 774 1105 1174 1581 1936 593 1094 2243 2251 1778 717 1311 2711 2830 2492 2549 1031 392 2560 2420 975 1200 1676 2613 605 1850 1854 365 2843 2660 416 881 2716 243 1573 435 800 1794 749 813 1309 2071 2793 1673 1040 567 257 568 773 336 1455 2065 1133 1498 2318 1454 2095 1992 434 1479
000757.jpg,1908 702 1830 848 931 284 768 2624 903 2471 2601 1114 1107 1845 835 502 1512 1235 1310 65 688 990 1821 1323 1340 103 1608 1767 1720 297 1254 2276 578 250 126 1186 1975 1391 1413 2388 684 522 2314 1450 1691 2080 2395 1016 2036 2016 1014 646 315 767 739 2667 1646 1557 1073 373 1928 1523 2409 2345 2605 398 538 1192 1538 2324 2518 1113 1147 379 845 2054 575 339 792 1922 863 1748 469 2383 2622 1601 10 426 414 1620 2302 2503 2136 1120 2320 2757 1759 2695 2495 1166
000758.jpg,269 1548 2 2315 2663 907 2518 2685 1244 1757 2314 379 191 531 2755 541 951 889 1073 2486 1767 2403 2818 1088 116 211 1125 1869 1391 601 2136 1753 2772 368 277 2161 2109 1959 431 2702 2302 2506 1609 2510 2653 2478 1459 1186 83 1413 1980 1195 1943 2015 1748 801 1255 882 1120 315 688 2255 1171 1834 1252 2359 44 2777 378 1594 1509 1183 720 2077 2387 1950 1833 70 2622 18 684 750 1314 1725 1502 1165 1300 1007 2708 1747 2532 2063 767 594 857 1905 1537 1557 1573 404
000759.jpg,546 6 582 1702 1221 2643 732 285 759 1882 1570 1083 820 181 2468 1260 1541 1603 2666 2263 650 922 620 2503 1763 1797 2677 2810 980 1697 2171 1285 1884 807 2168 690 1458 1973 1536 2194 1768 2043 298 2816 956 2261 1421 2118 2678 594 265 459 2841 1605 1227 2386 1726 2152 2620 398 281 2179 973 1537 636 1267 1696 669 2705 1922 510 2079 2128 423 2132 300 335 1059 117 1502 2048 1995 1802 1090 1153 629 2359 2197 2591 2268 2476 2013 2494 448 1238 2278 334 1949 1380 2210
000760.jpg,659 992 2046 134 2241 155 2011 2501 2044 1422 2439 1782 611 547 1617 188 1381 1319 2836 1544 645 1993 712 1840 987 1045 1901 1934 900 1386 440 260 556 1486 1658 2088 1649 1636 1586 1029 562 1878 2545 2433 2419 305 201 1405 51 497 2411 64 1308 2389 1054 1006 626 1983 2713 2213 2528 1453 2556 445 1496 2034 1428 1752 2309 2817 563 224 2826 1190 48 1796 1545 586 1644 2082 259 559 85 2050 2007 1082 674 624 2832 2628 2133 59 111 2001 312 1569 413 2837 943 1046
000761.jpg,1504 222 2355 1933 1321 2218 2342 935 755 2096 850 836 1436 2201 897 2071 2750 1305 1098 1145 2156 2645 156 99 477 1510 2775 2512 141 1638 2452 164 461 1790 72 1736 1415 127 1939 2432 666 2450 816 177 2577 599 1976 174 208 2710 1023 612 2587 460 1682 1717 2595 2446 632 1661 2229 981 2679 1160 2627 2109 2098 401 2829 2567 2163 1859 281 2636 453 2074 2691 1599 144 1241 422 2055 2362 1903 396 932 1163 2648 2122 1709 1258 516 1806 2222 2722 694 172 1784 1090 30
000762.jpg,2579 789 483 1178 1672 1513 1693 1451 240 1161 364 2504 824 63 1230 310 1847 2784 1361 576 2656 1786 95 2238 596 374 2040 1353 328 1900 1300 766 436 132 1333 1106 215 251 803 1883 1019 2000 1996 1743 2016 1971 727 2409 2381 1559 2054 1091 2759 2190 658 2149 2242 1773 1180 581 2441 2827 2540 44 1176 1257 695 1137 926 1990 1427 614 529 1213 737 589 2700 1558 1389 646 1087 2547 395 1801 293 572 564 1306 1394 2644 1928 2546 1357 949 989 1951 2787 2113 39 2114
000763.jpg,2810 820 2043 2666 2494 650 334 1541 1603 594 285 1221 475 750 922 2261 1763 2841 2346 1462 1696 582 1616 1916 924 1922 1605 423 1080 2194 420 375 1227 2115 244 1949 1953 2677 2171 115 1537 1188 2768 1891 2291 1502 546 939 1471 1723 1137 1139 2179 1308 690 2620 953 1426 1570 2823 980 466 614 1397 956 646 6 1591 1995 1326 2109 23 1487 510 411 529 1153 1394 1858 2152 1433 2704 395 2175 1166 1702 1306 531 2644 2569 2438 2502 37 941 214 498 2128 2643 629 1515
000764.jpg,1939 810 30 2481 2619 2529 1294 2517 638 1446 1694 787 1258 2616 718 71 1129 1863 665 879 1267 1270 1445 1440 2271 1514 1619 386 1112 2168 299 1122 1925 1411 2185 264 2584 557 1630 1982 1744 1324 2139 2222 20 2833 2460 2726 214 167 1480 448 2363 2572 1661 2623 2030 127 1549 5 2677 697 2595 1525 1684 23 352 1242 2709 2013 454 223 2468 2246 2104 1360 1697 143 2524 1659 2132 298 1479 2820 2455 669 1698 2612 687 629 1061 2269 924 577 2844 1807 2092 375 459 117
000765.jpg,1730 2773 633 326 2265 1332 120 772 238 1955 1912 580 2715 602 1974 200 1097 1929 1314 2681 2105 2062 2237 711 1293 456 2316 877 740 699 1111 125 31 1755 1011 159 1003 2322 2199 890 2052 507 261 2594 2789 1692 503 1543 1704 1281 220 1655 1240 2592 2597 1831 1472 2812 1026 2191 1941 356 2306 1500 1135 618 1376 2017 1461 872 1164 367 2193 2610 1187 1274 2765 495 2687 2806 2527 653 2406 2500 1010 1262 1109 296 1680 1650 467 2250 1961 2552 235 1143 1273 552 209 1756
000766.jpg,1938 1443 1833 767 2510 277 1753 431 1125 18 1842 2777 2478 2772 70 2077 601 2 1834 2663 2757 889 1759 1747 1035 2686 2015 951 2818 2561 1252 1557 315 1980 2532 1391 2315 1767 2496 1413 2622 2702 211 578 2685 684 769 688 2388 369 1186 250 1340 2314 126 400 990 1390 2624 1839 2302 2128 1165 2276 1235 1975 1323 2661 931 1845 1821 1207 65 1333 1608 1558 1989 768 1114 658 161 903 2323 714 502 1087 2644 1720 2601 1512 2471 2671 2768 898 1394 745 827 865 848 240
000767.jpg,2725 2464 1953 1602 1889 509 1766 2457 2404 2448 909 585 609 1139 971 1696 214 1108 844 1596 2508 1515 2115 43 1866 2751 1397 957 244 2841 22 1477 2749 2109 2048 953 785 1214 2169 669 2498 2197 1616 2562 2188 1426 1171 1227 466 1949 2706 558 498 388 2566 2442 476 2720 2160 375 2366 2768 1487 644 1471 19 1265 5 135 1217 1768 163 1661 306 690 2413 1858 232 1744 2348 2351 80 565 1326 420 2591 2572 1383 1605 424 119 924 2230 2083 2740 1296 1283 661 1555 1726
000768.jpg,900 712 1489 1417 1486 1710 260 1328 2011 559 2050 1437 1054 1045 1782 860 1623 645 947 1701 1663 2826 2419 169 2837 1658 1381 925 1208 155 2707 1796 2130 2241 2545 1544 134 1307 2652 2034 1444 1369 1617 305 2439 1649 51 1679 2836 1405 563 715 674 2721 440 2076 1993 463 2515 817 348 2649 445 562 188 2767 179 2817 1545 1422 1386 735 1934 611 1624 1878 2433 2454 1627 489 1029 2411 2528 2084 1319 547 59 1552 2082 1569 1983 100 2501 2088 1640 992 1261 2424 987 221
000769.jpg,377 828 640 13 672 1754 2828 1038 2210 2520 2083 1888 933 142 1562 1337 1374 1033 886 2421 865 289 2384 1041 2602 1668 2578 176 554 698 2451 2078 1890 432 1429 979 1393 2743 555 332 1686 2539 1418 2108 2029 21 1049 1910 1949 536 868 802 964 417 2047 1272 1053 932 2227 429 1588 2786 1492 2629 340 597 1430 2671 2428 78 1132 1461 839 2839 1249 370 220 292 121 323 628 733 2795 1431 681 2038 758 2333 2117 2565 866 2668 1952 1275 893 361 389 1187 1329 1266
000770.jpg,2113 658 1389 2178 1175 727 1213 2022 1333 304 63 1019 2546 2066 1161 1115 589 1951 1300 485 1685 572 898 1230 1513 1883 586 1306 2784 1353 2841 364 2644 215 545 1558 714 436 2759 1559 1106 2535 2579 2504 2409 1394 443 483 1798 529 1427 1763 251 395 962 1683 1228 2000 614 2656 2277 149 1693 325 803 924 2149 374 2109 581 1847 1125 1308 1090 2072 2323 1082 745 101 2238 907 328 1785 1801 240 2040 646 1953 1753 2242 2816 1207 789 1671 1361 1166 1171 766 1334 737
000771.jpg,57 1861 2327 2418 2206 228 210 1724 797 689 2184 570 493 1193 2330 1664 1792 366 2672 1877 1575 801 2703 1758 263 2039 2374 1765 2174 1358 1234 1580 1377 746 1034 133 1551 2581 280 704 1576 2694 2123 1776 242 588 1887 2838 2461 2321 720 859 170 2332 516 1665 1930 1542 2659 2198 158 2356 756 2739 857 82 548 1276 2125 1350 2493 1196 885 287 2155 1030 1457 438 1345 1279 2456 793 2186 2229 294 1432 1375 1859 404 1348 2590 583 842 1609 2004 880 1043 656 422 1086
000772.jpg,1860 1496 2272 1948 2545 1212 2376 1362 1490 2135 2433 64 497 137 1606 2309 1757 2034 1316 2556 1965 1897 1569 2713 1453 204 2741 201 1586 2721 1051 1381 2628 155 1636 1416 1218 116 439 48 1096 715 725 562 2766 1901 305 2241 899 2815 123 2825 1782 1255 1658 2352 2650 100 2686 51 246 1944 1796 2842 645 1986 882 1993 1841 1134 447 1646 1623 165 2207 202 1261 889 2258 1541 1544 1747 1640 1054 2011 1601 2728 1547 1067 2836 1840 2665 722 1649 2558 1422 134 1075 547 747
000773.jpg,310 1786 1693 2441 2656 1257 2149 2129 1743 1971 832 2827 2737 1298 1343 1451 1559 182 1106 1856 1224 2016 1900 737 2409 983 1535 364 2542 949 1346 1116 1713 1773 954 1361 2000 2190 95 803 596 2700 1683 132 940 1561 581 2540 63 2040 251 1353 789 436 1334 1685 1230 374 1672 1914 1513 1434 576 328 1714 1558 407 1357 1176 2112 215 695 2759 617 1836 824 1996 1091 1137 727 2381 2072 1004 2242 2202 1928 1333 2745 341 1593 2437 926 766 1161 1785 1207 1427 1019 2238 2504
000774.jpg,1724 1575 228 2418 746 2327 493 57 1792 2493 242 2174 1664 2456 797 1861 2125 1234 1758 704 263 1358 2374 210 1665 1930 2703 570 2206 2184 1877 2324 2838 1609 438 516 1776 280 2039 1377 2186 2123 2330 366 1869 82 150 801 1030 548 720 2198 1887 2229 1279 1542 934 2332 2581 404 1538 1576 2321 689 1580 1594 1959 1113 145 793 885 842 960 2694 656 857 170 1375 2659 133 1196 2653 2356 1551 1034 2621 287 158 2739 2672 378 2155 294 1193 1348 359 2590 93 2187 1859
000775.jpg,64 1569 155 1496 2713 2272 1948 1453 562 100 2556 1586 1316 1381 2241 1840 305 48 1636 2721 1640 2309 1658 201 497 1860 2352 2836 715 2433 2034 51 2046 2545 1782 439 2815 992 2213 1901 440 645 1490 1965 2628 1544 2376 657 1796 1416 1649 1051 168 319 1897 1362 1054 2001 1623 2826 204 1045 2708 947 134 659 2076 2007 1148 1046 900 2011 1218 674 260 1096 712 563 2088 169 1444 1422 1679 1486 735 2439 1056 747 1617 978 906 1328 1663 677 486 231 2735 2767 2707 79
000776.jpg,659 155 2241 1901 2545 712 188 2501 305 562 1796 2034 2433 1381 611 1934 1405 134 992 1782 2556 1319 1636 2411 900 1658 2309 439 48 987 1878 2011 260 1422 1569 1453 2817 64 1316 2044 1544 556 2528 2046 51 2826 547 1486 2439 1586 497 312 445 1840 2836 1386 201 100 1046 2082 645 1644 2832 1656 2713 943 1496 563 1552 1054 715 635 1993 2721 1617 2419 1983 2272 1965 2270 947 925 259 674 1045 1102 1092 2376 2088 1640 1490 2574 1545 1428 2538 4 2050 1860 85 1328
000777.jpg,887 1579 1791 1769 2778 1470 841 930 567 118 1531 819 998 945 1667 1063 952 1354 2328 919 2252 916 1578 639 2575 1583 748 2792 2723 2682 492 982 1977 579 1179 1585 2349 1851 1770 227 2491 2459 2647 875 2042 9 566 2488 1920 1368 1651 114 1154 1209 311 2065 1854 1210 928 808 1367 2711 512 517 2225 2026 382 778 515 25 2379 2310 7 1211 1239 1970 763 2081 1657 2729 513 2416 2658 923 2304 528 1042 975 2067 2097 1963 2793 2103 1625 809 2559 1528 2618 910 381
000778.jpg,1161 483 789 1353 2784 240 1513 1847 2504 1883 63 2579 1773 1228 304 2546 2113 1785 1213 2178 1801 545 1300 1115 2759 1230 1394 1693 1178 2066 1971 1106 1361 596 2381 101 374 395 328 529 824 1559 1389 2238 1685 1087 2700 251 2644 1019 1451 572 364 1898 962 614 1672 2317 761 1683 2277 766 1749 658 646 1786 576 803 2656 310 1333 95 1795 2022 436 695 132 1427 2149 1743 2437 215 2323 2000 1951 1257 149 989 1798 341 1137 1304 1306 581 2114 2054 1900 2242 1593 2422
000779.jpg,247 2018 723 719 2146 1121 190 1577 2582 764 1204 1403 2008 2284 2585 1534 1157 1359 1289 153 781 539 1351 1493 914 2485 1751 1915 615 2334 303 862 2824 206 1347 1997 35 604 212 2487 1772 2361 2551 873 2165 2453 58 2170 2718 1402 2405 343 1128 1595 2434 2336 2734 874 2593 825 2204 2792 2462 2067 276 1247 1970 567 1077 14 2536 522 1791 1376 1819 1344 1246 2459 1864 450 998 869 2353 771 1010 382 2426 2081 1650 1963 1755 2681 871 2648 2490 1985 233 778 2778 2177
000780.jpg,117 2179 1502 1184 2494 2573 1659 20 1198 327 2222 953 2841 2303 1080 1471 1488 2768 1333 1661 1979 1371 2263 1738 167 23 375 2572 1205 2203 420 2726 1537 2109 510 851 148 1397 1456 423 2620 907 1326 690 1922 1891 1605 466 298 2535 1423 2162 1685 205 2791 924 1570 1019 2567 1687 2351 1061 2132 1744 2623 1082 2816 104 1284 63 1763 265 1525 2751 2502 2348 2521 2022 1139 2043 1740 2571 594 1400 275 214 796 1171 658 1637 1308 1641 2128 474 586 2508 40 22 1723 448
000781.jpg,29 2354 707 1849 2320 967 1149 2533 426 2615 558 213 2172 2143 286 135 2408 1804 293 2024 2295 2413 1597 24 1448 2673 2756 91 1689 1719 739 1867 1478 2566 634 2430 1269 1728 2054 1469 1265 792 695 80 2021 2235 520 853 1529 218 540 2827 2390 1722 754 1298 1296 184 232 646 1334 2638 2323 1535 424 2366 1945 2000 2072 2016 132 1631 498 1346 1383 1451 1091 119 1558 898 1176 1798 1137 425 1361 757 1984 1306 2224 529 466 1207 1093 376 2149 2409 2787 983 2324 1533
000782.jpg,346 2821 1022 1378 108 363 52 467 402 2465 2505 758 2301 2407 1662 936 840 2467 2765 628 2687 1787 1275 295 389 478 2669 2690 2806 786 1048 241 1024 2070 2396 2634 1008 2398 654 1039 1220 2611 2025 61 89 1140 1730 1929 2794 471 484 207 625 192 753 2059 1506 1124 1273 49 2053 2565 1438 2429 1356 53 1692 331 268 1568 2236 430 1481 2232 2698 2285 452 822 1843 655 2632 209 1143 501 1282 1475 1141 225 1789 464 326 2531 2137 999 138 495 1317 390 838 1967
000783.jpg,401 2163 453 1628 2122 1085 177 1023 380 73 1599 437 72 2829 2074 141 1510 2055 1233 2009 816 399 1163 2679 2469 981 823 1145 1903 760 1160 1872 2577 208 612 2587 2636 731 2747 1415 2126 2098 172 2775 1047 99 1717 1688 694 2655 164 174 222 156 2218 2274 1808 1784 461 1305 1241 460 2722 599 2750 1436 2201 1155 1404 1504 1321 2355 2512 1976 2362 477 850 595 2452 666 1387 2537 935 1100 1052 1933 755 281 836 1682 1089 2096 2071 629 2446 1165 632 2627 396 868
000784.jpg,131 1275 1730 495 1929 643 2715 1274 455 295 1039 268 33 1941 2687 1875 464 2059 1655 1831 2611 1262 1843 2396 2232 200 1692 1378 1500 2806 1706 2301 326 31 580 2765 1127 484 1505 1612 1506 408 1024 346 113 125 1503 452 1220 858 1568 1282 296 1011 331 1026 356 838 456 840 1912 2407 239 2565 467 1048 2285 1787 1022 389 2091 2693 471 1598 1273 655 525 2690 209 806 653 1124 2173 618 2794 2467 2632 1008 1140 927 49 363 1813 52 2531 2053 2017 225 1438 2236
000785.jpg,702 1830 848 931 1908 1107 903 2471 1114 2601 835 768 1310 1845 1340 284 2624 1512 1720 1821 65 250 1608 502 578 1254 1235 1767 688 126 990 103 297 1323 2276 1975 2388 1186 1391 1413 684 2314 1922 2036 1557 522 2620 1014 1397 379 2347 2605 1372 420 2345 1832 2768 2080 1450 1646 690 398 423 1691 2503 767 1601 1192 2016 2622 1125 1458 1570 2386 10 400 1753 1687 2315 315 2297 2494 1611 1748 2661 469 1605 70 1759 2395 1221 1113 2630 2777 1016 2571 2077 2020 2754 693
000786.jpg,18 1842 1834 2077 1125 70 1753 2663 2777 601 1759 2478 2015 2 951 2757 1252 2772 2561 2818 2510 1035 1557 431 2622 315 1390 1186 1839 1391 1767 2302 578 1165 1443 2314 1114 2323 767 2624 688 1938 2686 126 522 1413 2685 1833 931 250 2315 990 646 1166 684 1845 2409 2276 1323 889 2667 1747 1235 768 277 1821 2644 529 962 2320 1340 1980 1928 769 2702 395 1798 2388 2471 426 714 2601 848 502 65 191 1801 1720 1333 2759 1608 1427 1908 2016 1975 2324 739 898 297 2671
000787.jpg,1334 2149 2542 1801 2323 1928 576 1166 374 2700 2656 2409 2277 2112 465 617 1513 1847 529 1343 251 2759 1785 1590 182 1798 1773 1333 1883 63 545 485 1300 499 1161 1137 2540 1306 1990 1427 646 1558 395 789 895 803 962 1004 93 2016 1434 898 1631 2381 2644 954 2072 1743 1298 2546 1087 1353 1257 824 2737 1113 2547 1693 483 1971 714 1115 1175 1951 1394 1685 695 1230 364 1561 1019 1106 2504 1103 1795 2022 101 132 614 2430 1228 727 1224 596 1689 1786 658 2180 1483 2040
000788.jpg,2423 2428 743 2629 2221 2539 1070 2031 2267 429 1499 2568 1429 427 554 1236 2224 2380 500 1888 432 2415 868 1477 2120 2078 681 1890 2798 878 358 1256 1886 289 964 2217 199 2668 1553 302 142 176 1793 1492 21 733 698 961 2038 2333 792 62 839 1521 253 78 1562 2640 1053 1430 361 802 2335 292 2795 866 955 1398 323 538 1049 2559 739 1516 36 2451 2648 865 1479 1038 1387 2788 1197 882 555 568 2083 901 1329 2227 2384 893 1431 933 157 932 1399 1754 2219 417
000789.jpg,1752 221 1102 943 1146 2817 2790 2389 1545 2367 4 817 312 2832 2411 1624 2300 2270 1926 613 2082 1405 1316 611 1656 59 1407 547 1386 2501 188 1319 1644 950 1934 2528 635 556 2011 2515 1496 2069 987 2241 2433 1983 2556 712 2439 2454 1422 826 900 260 1993 1636 1381 1190 626 992 2837 1737 1658 2477 518 2044 1486 85 1552 266 2836 2375 1544 1796 2046 1369 1663 155 1782 440 489 134 2133 1627 1414 735 2084 645 2574 1878 2050 1202 2631 1649 1901 445 283 1045 1092 2272
000790.jpg,2070 326 1506 1692 1141 1780 580 31 192 1274 2396 655 1262 1140 200 1648 2406 1787 618 2316 455 331 2690 2025 2669 1127 159 1124 654 2765 653 1187 2565 1356 2053 49 245 290 858 1598 1118 1143 1941 2017 430 356 1822 61 216 225 296 139 1097 1929 1781 1021 2698 295 209 1715 1039 1273 1472 1293 471 625 52 346 402 2173 2467 2806 2715 721 1730 207 239 478 1438 27 408 1647 2402 643 1500 1961 2794 999 390 2681 1967 1037 2611 1220 1008 525 2301 2091 2236 1972
000791.jpg,2529 2298 1684 2844 1129 1480 1816 1446 1366 1294 879 143 1630 787 1360 2524 810 687 2797 2271 1863 669 2833 2517 1440 2175 1242 557 638 1122 386 414 1520 2616 958 1291 1238 1619 1807 30 2139 267 1514 1697 1 1539 264 2460 2185 1698 2104 697 2246 718 2481 2092 932 273 1295 1660 1549 71 837 2584 2363 829 1862 2215 1445 2635 1411 969 2473 685 2662 2266 2338 1267 1939 2677 2223 2801 2168 2541 750 358 1982 2213 2268 1196 1059 2727 334 2484 223 2269 2158 1521 425 1610
000792.jpg,2011 645 1029 1045 2050 445 440 2241 1422 735 2130 2735 712 1993 1552 155 1054 550 1649 947 2840 463 1544 1617 134 1623 1328 1444 1840 562 1381 2088 51 1679 2836 1782 169 2707 1663 1796 2826 260 1658 1636 2046 305 2650 563 197 319 2439 179 2649 1253 2837 992 2375 518 201 2628 168 2721 1148 1983 674 2076 2454 48 1307 1640 1586 900 1757 1319 259 547 2289 659 1255 1860 611 715 1486 2631 769 497 1496 2515 59 2287 2545 965 2538 663 1901 1190 2034 64 231 2574
000793.jpg,1093 1856 2111 2441 2827 310 949 1898 1914 1631 596 2422 983 132 1683 2190 1476 407 2129 95 1773 695 88 2745 1996 2317 783 2202 1224 1116 2242 2737 1999 2523 1176 1343 1513 2785 1713 1847 1693 2547 34 1535 1304 540 328 1714 1743 2180 576 1161 683 777 1103 789 230 1298 1091 1087 1749 1795 2112 614 940 60 1561 853 47 182 1353 1846 1685 1394 520 2759 1727 1004 832 1672 63 824 1178 766 2281 2579 2238 558 1838 341 2784 2149 2016 2413 251 2656 1945 1228 1434 658
000794.jpg,1649 2836 1782 1054 1381 1444 1658 2011 1663 1623 169 947 645 1328 2767 2837 1617 1544 2628 1045 1679 2241 440 2707 155 2439 1422 51 712 2352 2050 1218 735 1029 1993 134 445 1640 2826 194 1307 1437 674 1486 2735 201 900 769 1261 1208 1552 2076 992 260 2130 1840 1860 2840 1948 2046 1586 2133 64 2713 562 2652 319 59 2815 1636 563 2272 1416 497 305 48 1796 1051 2545 2433 1569 197 965 2309 559 1752 978 1496 168 715 1710 463 489 1757 2556 2650 1096 1417 2721 1316
000795.jpg,1636 1496 1316 1965 1752 2241 1840 1878 1586 497 1901 900 1453 1948 1381 1486 2556 2826 2433 260 1658 1544 2272 2713 2836 1123 1782 563 674 2046 134 155 613 1422 2439 659 2477 992 168 2309 611 2352 712 559 2424 1983 950 978 2133 1146 2082 2011 266 1362 201 1208 2628 1545 445 1319 2515 645 1054 4 2213 2652 59 1552 305 1190 562 1148 1218 1092 188 2088 1414 1897 2545 231 947 259 1649 2419 2574 1046 1437 2817 1737 2544 2389 735 1796 2050 1386 2270 489 440 221 1405
000796.jpg,2785 2827 2441 983 2190 1996 1743 1856 1914 2745 310 777 2202 695 1535 16 1091 132 1176 95 2111 1728 1593 596 1476 1469 2413 2547 766 328 2615 1448 832 1631 1898 1231 88 291 754 2579 1804 44 2756 540 967 2242 184 376 1561 2295 1483 1693 240 789 230 2281 1999 2784 2238 1683 1265 135 1346 1672 1224 1353 739 1689 576 1304 2381 2129 251 1447 341 1900 2823 2430 558 1451 824 1093 1883 1178 926 1478 2759 483 2000 658 2472 1298 737 2016 2737 949 407 1116 1343 1103
000797.jpg,2389 1545 59 4 2270 1146 2367 547 1752 1386 2082 2817 1737 1624 1319 817 611 188 312 826 2411 2300 1407 626 2692 283 987 613 1405 2477 2832 2011 556 2528 1202 2069 1656 635 1934 1926 900 221 1102 2501 1181 1710 266 345 996 2530 943 1486 1701 950 1414 712 2205 1644 2515 271 2840 977 645 1552 85 2626 2312 1489 1799 445 2790 795 1942 1892 260 2148 2343 463 489 1983 2433 675 2208 559 606 2652 2044 2213 1417 1878 2544 2241 1993 2440 2556 1645 1253 2801 1437 860
000798.jpg,2788 593 749 2290 434 2364 2730 257 1946 365 1005 1068 2299 1311 1379 1243 1138 2549 1670 1966 1794 2087 435 544 673 2746 605 410 1110 1040 811 253 1020 1871 1634 1731 1783 1573 2196 610 1968 2251 2151 855 112 1645 2095 1581 1800 248 1516 1498 1142 1936 2697 2830 742 774 1913 800 2492 2516 743 2423 1519 1511 2377 2417 535 1526 2243 1309 2560 2005 1707 2219 1131 568 1969 1424 821 2006 717 3 1888 1850 2490 1455 1079 1094 142 1779 554 2078 1133 2102 1958 2519 681 1642
000799.jpg,1254 835 1523 2080 309 903 830 575 702 1277 1669 2555 1512 1450 1620 1104 441 861 834 1482 1107 1732 1013 284 603 2275 2754 1691 2571 768 2641 1310 2058 1147 1975 2395 931 2136 1114 398 1720 65 1830 848 2176 1908 2019 1244 2383 1608 863 1458 1821 2695 55 1678 2550 584 856 2073 1907 1016 333 2601 187 2422 2388 2802 1767 397 2471 240 2239 339 502 2503 1340 728 1057 688 379 1538 1646 775 1178 2630 1748 32 1073 2079 205 250 920 845 2326 1336 990 2036 2523 83
000800.jpg,900 712 1381 1328 2439 1782 2826 1544 1658 2433 260 2837 1663 1054 1437 947 2011 1486 2545 2241 169 2767 1623 1796 2836 1444 2050 563 925 1878 645 1218 2707 1649 4 559 1045 1405 1679 2082 674 1417 1617 221 1422 1545 2270 134 155 51 943 2713 1552 59 562 1369 715 2528 2652 1261 1307 1489 556 1208 2419 1752 2515 188 305 2309 2389 2817 1640 1993 2088 64 1386 2034 992 2411 48 1627 1934 194 826 613 2272 1146 2133 2046 1569 547 1901 489 1983 440 860 659 1046 201
000801.jpg,2685 1980 2315 2702 277 767 1186 2314 688 2478 1391 1073 1413 1753 191 2772 1443 1125 1833 1252 1767 2161 2077 2015 2818 1147 2 907 2518 2510 2686 211 315 2663 1557 889 1120 684 951 1462 1244 126 1090 2302 863 18 2748 1380 1763 2535 369 2777 1165 2506 1989 1235 2276 1938 339 1340 601 431 761 1834 1183 578 325 1323 70 269 594 1747 2624 104 2496 745 1975 1842 1410 2245 2136 2755 931 2622 300 2473 2359 845 769 2532 161 373 2494 474 44 1979 65 1821 83 2740
000802.jpg,2080 2019 1691 2550 575 863 1450 1669 1482 2754 1646 1507 1104 1620 830 339 834 1523 147 1147 2395 2383 284 1016 107 2641 441 1454 1277 187 2555 414 2820 1177 2326 903 1748 2176 702 1244 1114 2414 2136 34 1324 2422 848 1073 2058 1608 1732 603 240 1459 1512 2595 584 2630 2275 538 55 2503 2778 768 688 2586 1821 1908 2247 861 2471 502 32 1299 1235 1898 1168 1631 775 898 931 1254 2601 297 2016 398 1169 2695 1720 1242 1323 990 736 1611 393 2254 1678 1845 1120 1107
000803.jpg,167 117 20 2179 1502 2494 1184 327 2303 2573 1205 1080 1659 1979 23 1198 1488 454 2222 851 2572 1456 298 2791 1284 275 1661 205 2726 907 2263 1738 1371 2535 1687 2162 2203 375 1960 1740 2348 2132 510 122 2623 1537 690 953 466 1333 1525 214 1412 1763 1400 1423 2030 1471 111 423 1171 2109 2351 325 1326 2483 1744 1922 1641 745 104 2620 474 594 40 1082 411 1061 1591 1637 796 1954 2751 2768 2841 322 1558 1019 22 1074 1616 2567 420 924 1225 2661 2154 265 827 1632
000804.jpg,20 1456 1502 454 167 2263 1032 2791 1205 117 2179 2554 1284 2303 2222 2572 1184 2030 419 2351 2162 189 181 620 1702 1632 2726 2268 23 894 1556 1659 1744 327 1661 1371 122 411 2623 636 96 2060 396 510 2153 759 1797 2807 459 1084 1171 879 214 2643 1939 298 1198 2168 1525 2216 2567 2203 2132 1927 1637 22 1610 2823 1260 1880 1080 375 732 106 1318 2678 2468 592 2128 1188 1214 2476 2313 1315 2751 2425 2141 333 1217 1738 466 2573 1802 2841 275 2348 1726 924 851 586
000805.jpg,531 1725 167 375 2128 2499 454 1326 1986 1502 2303 269 368 594 1979 275 1591 2179 117 298 473 907 205 2506 315 214 23 557 1324 1130 1954 2245 1548 2036 20 1088 1225 2653 1940 444 2677 1007 306 277 2154 334 2791 1767 379 2483 725 1833 423 1061 2 1537 601 2169 2663 1080 1205 1035 2494 1423 933 1962 1998 2622 2460 1654 2573 2728 1817 2013 1616 2561 1602 2203 1960 1171 2535 2359 1413 2030 2132 510 2348 851 1184 165 598 425 2037 1646 2314 1049 2302 1839 244 2351
000806.jpg,2813 2382 165 2248 2558 1944 1937 137 1464 1076 2286 1056 948 2842 1223 1212 146 1841 2393 2135 1639 2294 725 2728 1130 804 2207 329 2683 116 2305 899 2435 1874 1055 647 2825 2736 1547 1899 1185 2639 2580 204 1825 686 1067 491 1126 2569 2506 2511 2741 2292 362 2766 692 2438 1606 2057 447 1134 722 2291 1592 2708 494 2258 1940 79 246 1777 1986 682 1463 2068 2041 2665 1452 574 677 2319 1935 97 2719 482 442 1868 2436 2598 2427 974 657 140 636 1962 1757 2183 1601 2445
000807.jpg,192 2070 326 580 31 159 2669 1787 2025 2396 2806 295 331 61 655 1692 52 1929 207 1262 1118 653 2765 1275 1141 430 2173 1730 455 2053 1097 1293 1124 1022 346 2301 1143 478 2794 1506 53 1274 999 245 2715 1378 2406 209 2236 1967 1039 225 1648 654 2407 467 390 1822 1187 108 139 290 1008 356 2565 1140 2467 1050 1356 1317 726 1635 296 2690 402 1475 2611 418 625 49 504 363 464 1912 1472 1715 643 2398 1037 495 1756 1435 1127 2402 2017 314 2280 408 1273 268
000808.jpg,364 2040 215 436 989 101 803 374 2504 1900 2381 2238 395 1230 2579 572 766 328 2759 1786 737 1971 2644 1883 1106 1357 1559 341 529 1257 926 251 1693 789 1361 1213 2656 1798 2546 581 962 1818 1427 2066 2113 1451 1394 2242 2149 2784 1091 824 545 1353 1180 1115 2323 1951 1306 2114 1389 1801 695 1161 39 564 1333 304 2540 658 727 132 1683 483 63 646 1513 1137 2178 589 1343 310 898 2409 1166 293 240 1334 1176 2787 2000 714 1175 1300 2288 1207 1743 1785 576 485
000809.jpg,6 2810 1260 2643 2043 759 2171 582 620 1702 285 2194 732 546 1227 181 922 1221 2261 820 807 1153 650 1083 1603 1541 1763 1882 1697 669 2666 1188 1761 1858 2476 1797 2179 2468 1059 1502 510 956 2816 2841 636 2425 468 1696 1456 2313 1866 594 334 2348 2494 298 2168 829 1080 411 2688 1524 2268 1139 2791 2823 2167 1199 476 2678 1953 1726 991 2801 750 1537 1610 690 1738 2521 1090 214 459 372 2740 2303 2263 1536 148 375 300 1605 448 342 2677 1488 1570 2726 2203 1922
000810.jpg,2414 1177 107 2641 2326 2176 1104 55 397 2604 728 2019 187 2550 1748 1669 920 1459 2036 736 379 2630 1507 2073 2605 469 1277 1014 2754 834 2080 2360 2159 1467 32 1691 2239 1194 2234 818 575 441 1523 2555 1192 1821 861 2383 309 1608 2058 1169 1720 2345 506 1482 250 1450 1286 541 1950 2695 2586 1646 1975 1919 357 2503 2160 1841 2401 362 1114 1601 1288 171 2661 2297 1028 775 565 1727 1372 83 680 1299 205 1712 903 1168 2347 959 1690 1844 856 2522 621 1340 584 382
000811.jpg,869 1625 196 701 2361 353 1963 2081 1819 98 2103 2067 153 1042 233 1864 776 1970 567 517 2256 910 1667 1402 809 2682 2723 778 765 1770 382 381 763 752 1531 2225 227 2778 282 916 1063 2803 841 808 2042 2792 781 2048 2711 919 819 998 1578 2331 69 1851 301 2311 585 1354 1854 2363 118 2460 513 2575 1287 1924 771 734 1188 1583 1585 1651 114 2264 252 858 1791 2336 1579 2353 467 2228 930 1769 2648 285 2017 952 2065 975 1956 748 607 1920 2527 2177 2647 1209
000812.jpg,1487 1763 2494 1471 2197 586 614 37 115 1502 924 658 594 1315 922 2109 23 953 325 2261 214 1308 2823 335 1108 2562 1137 2720 300 856 727 690 2535 1685 2841 1953 1712 1198 443 1090 1082 63 1006 2573 84 2546 2194 745 2153 1400 149 636 2160 815 1175 1080 1306 1217 1880 1687 1333 1995 275 894 1661 270 2503 510 1726 589 1537 2203 1922 941 1232 485 1139 1013 104 1616 2677 2571 411 1283 2216 1802 2498 2178 1300 2678 1596 1883 396 2448 1171 824 909 122 1353 2079
000813.jpg,70 2510 1753 1125 431 1834 2478 2561 18 1842 2077 2777 1759 2772 2757 1035 1557 2015 601 2663 315 1252 2 2818 951 1839 2622 2323 1798 2644 529 395 767 1390 1443 1333 1938 695 962 1394 2242 688 2759 132 277 2149 374 2656 1558 1230 803 1391 251 545 1427 1298 658 1833 1801 1186 1334 1343 646 426 572 898 2302 1207 2040 714 1176 2381 1165 364 240 2409 2314 2686 2016 1306 522 1166 1928 2072 889 2540 1137 2277 2054 727 2504 990 2685 2315 589 1980 1087 2413 1257 2784
000814.jpg,1791 2792 1354 1531 919 118 639 567 887 952 1579 2778 2328 945 998 1470 1179 1578 2647 1977 819 1854 930 9 2491 2711 1770 1583 841 2682 1769 1667 382 778 748 2252 1920 114 1063 1651 227 2459 916 1585 517 2065 1368 923 2723 2575 1970 2488 1154 2729 2304 579 928 808 2349 975 1851 515 492 25 2042 1367 1042 982 2225 875 2379 1657 763 381 1819 1864 566 151 1209 2097 311 2081 1528 7 1239 2793 1211 1210 2462 2618 910 2416 2559 2026 2334 2361 512 1402 1625 513
000815.jpg,4 1319 611 188 1983 2045 85 547 2755 826 2574 943 2626 1407 556 463 2670 221 1386 2419 1146 1934 2023 2411 1993 987 1405 606 1788 626 2528 1545 2501 2044 2530 996 2011 2270 2515 1181 1102 817 2544 2307 2817 1428 2646 2358 1617 345 1552 900 1737 1627 2344 2082 1584 2790 1092 2300 178 2676 2800 59 712 622 1926 1046 1190 1644 613 2397 527 2564 1486 1414 266 1848 134 1752 1491 2389 635 1422 1656 260 1710 1208 2007 1564 977 2724 2069 2287 1151 2675 2477 74 651 906
000816.jpg,2396 655 1039 1127 654 726 999 1506 1274 1692 225 1024 430 1787 452 356 331 61 580 806 2531 1011 2765 1438 2794 268 534 471 2070 1248 625 192 326 2236 643 1378 653 2402 2173 108 2280 1124 31 245 207 2429 478 1875 1662 2053 1435 1503 131 2025 1598 1282 721 52 1475 2406 1972 1141 402 139 53 1472 936 113 2669 296 1781 1262 1356 1317 2398 2232 1140 1022 1293 1037 858 1008 2611 408 455 1647 753 1097 209 1929 628 27 1273 2059 1275 2806 1961 1187 2061 1780
000817.jpg,1290 1518 530 631 2282 2049 1301 1017 2140 908 1058 1331 1384 1614 1554 1567 813 1673 921 2064 451 1742 1909 1237 2796 942 2596 1370 446 1981 2458 2696 2660 243 1002 2085 984 1604 1978 1613 2257 355 1681 2600 1396 966 1105 487 2392 660 1705 662 607 1739 2093 1495 2782 1119 2262 542 337 1853 1419 1100 2259 1879 2543 54 394 710 1155 800 1404 1174 360 1808 1454 855 1142 320 1893 186 336 2519 1271 1516 1000 1676 124 2697 2005 1906 852 253 2618 392 2006 678 1424 2664
000818.jpg,1931 447 769 2220 2526 494 2057 1721 2728 2719 2683 1677 2625 146 574 1876 1771 2291 2766 2825 677 1056 601 682 994 1055 2438 1942 1961 1899 2708 1097 2037 2319 2569 449 1293 2051 1974 864 2440 1868 2639 1759 1892 2183 1473 274 686 2435 1592 1941 526 1692 2207 692 721 1874 1223 2580 1408 561 1185 1187 271 2736 939 137 657 1627 968 1944 2565 2757 608 1472 2813 1972 647 2622 2316 1010 1127 1753 2089 70 1439 18 1461 1125 1998 216 2478 491 140 1917 2704 173 1390 2772
000819.jpg,2171 2043 2810 650 1702 2666 2643 2841 759 2816 1603 820 285 1541 1221 1570 1916 1139 1953 2346 582 1605 6 732 620 1397 2502 807 420 2152 148 546 510 475 1083 1260 1891 1697 1696 922 181 1153 1188 2179 2768 2230 2048 1227 1882 1723 1502 1768 411 335 2263 690 468 1080 2620 1602 375 244 2521 1738 2203 2494 1214 334 1515 980 1922 22 2678 844 214 2348 594 2109 1537 2751 2591 1171 423 1858 1726 2278 1763 1326 636 1797 2128 466 1744 117 2079 2567 2572 2677 956 1015
000820.jpg,1710 2515 1417 2084 1489 900 1545 1701 1190 489 2419 559 1983 2817 260 2389 817 59 2424 860 1486 1627 1437 1878 2088 2367 1405 626 2528 221 4 1737 2270 712 2011 674 2411 606 2082 943 2783 1319 1752 2826 1307 1386 2574 1208 2133 188 2652 463 547 169 1414 2707 562 1656 2648 645 2837 2343 925 611 1624 2050 906 1045 1046 2649 1092 1369 305 1763 2473 2544 2646 2439 134 1934 675 992 556 613 179 1095 2046 2801 1788 2130 1090 1617 563 51 987 1644 2721 2300 1428 892
000821.jpg,1944 67 165 2728 899 137 2813 1212 2558 1055 1406 249 2382 1810 1012 725 2135 1937 2842 2294 627 116 202 2207 2583 1606 1223 1076 2509 2248 804 1075 2741 1056 1130 1464 1874 1986 329 948 1841 2435 1639 404 2393 1001 2286 2736 2683 447 2057 692 2825 2569 1547 2292 204 1126 1825 482 2809 647 146 2766 2121 2319 2291 2719 686 2708 1869 2506 1592 2511 1935 491 1609 2258 598 378 1899 2580 362 2068 2639 2438 722 2427 2305 1473 1757 494 574 2598 1557 1897 2665 97 2350 1940
000822.jpg,1083 1702 181 620 636 2643 732 689 6 582 2807 762 2116 2111 644 1318 2278 2374 493 1536 2442 2386 366 2194 1093 592 1758 285 2441 1898 150 2678 546 2327 310 894 210 2418 746 2141 88 1260 1856 2562 759 1914 42 2720 1336 807 1315 2761 2261 1696 133 570 148 2827 1797 1726 2321 647 1880 1227 1502 2554 2248 2813 661 1841 1365 1013 1697 2330 2823 1410 1057 777 1603 1375 1525 669 419 1792 2838 861 2425 2263 407 43 1763 1761 2688 57 2004 1979 1221 1541 2153 510
000823.jpg,879 2139 1684 352 1520 1539 557 1366 1360 1630 969 1619 147 2298 1816 2460 2473 1446 2138 2226 1480 2529 414 2092 1 1556 1939 2616 1698 638 1294 1925 234 2213 2481 2801 2104 2524 2246 2273 1824 787 273 1863 2576 1982 2635 2223 2797 1122 958 2844 307 2791 2132 46 1815 573 2833 1286 264 810 1291 891 117 1025 1242 2371 2727 388 1549 163 1129 837 2175 665 454 1514 143 2303 2484 267 2271 30 1349 2269 1766 1637 2455 1258 1061 2661 2541 2648 396 1270 96 2268 214 933
000824.jpg,655 1141 2765 1506 2070 2396 326 192 331 1140 200 1787 580 1274 225 2025 478 31 1127 1262 1780 999 2017 1024 52 471 430 1293 1438 1692 61 2316 2053 1143 2565 1715 455 1124 653 27 1039 2402 159 390 2806 1356 618 1097 1967 2669 207 1648 1273 209 296 216 2698 356 1187 108 2173 346 1730 726 1317 1929 1972 2236 2398 1378 625 654 1472 245 2406 721 1635 1921 1026 1118 1662 2557 1598 139 2301 1008 1220 314 1568 936 2531 402 1050 2429 363 858 295 1912 1503 1022
000825.jpg,1557 2045 2622 1390 2150 2755 1584 2023 1088 2757 1073 414 2427 1391 658 688 2037 315 1980 2624 1771 1998 2216 990 1759 1480 730 882 217 1114 2625 714 898 1892 2183 1323 2573 1904 1616 2073 1333 2255 1969 920 903 1511 2535 46 1677 589 147 1844 1591 578 931 502 1433 538 961 1466 1928 745 892 768 1087 400 2089 815 255 1821 240 2302 32 2445 1462 1763 1186 1165 2409 2809 870 1108 2680 2314 848 1166 594 2481 65 747 426 2601 338 1512 1757 827 1556 1660 709 1286
000826.jpg,2669 2025 61 1787 52 207 192 295 346 2806 2765 1275 2053 2301 2396 464 1662 1022 580 2821 1378 2407 159 1929 455 225 209 390 2794 1262 478 1124 363 2173 31 326 2142 2236 758 467 331 1715 1635 1706 430 1967 1730 418 408 1481 786 2467 53 1568 999 1008 2070 290 139 484 2232 495 1039 1282 1506 653 2429 1024 49 2059 654 241 296 1475 245 268 1503 389 2687 2565 838 2715 1140 840 1912 936 1317 356 726 108 1822 452 1143 2690 1187 2280 1037 89 1932 655
000827.jpg,1051 1948 1496 1316 2556 2272 1381 201 2628 2815 2352 48 64 2721 1096 1658 1569 1636 1416 155 2713 2836 1965 2241 194 1782 1840 1218 439 2309 562 100 1586 2545 1860 1649 1054 645 1640 305 715 1544 1796 2433 2034 440 947 51 497 1453 1328 1444 2011 663 1901 1261 231 735 747 1679 1623 1663 563 2707 2439 169 2050 1422 2650 712 2046 168 674 889 1148 518 134 1897 319 445 2826 992 2755 2496 659 2130 1617 79 204 1045 2735 1362 1067 2686 1775 1029 2837 1552 2538 2376
000828.jpg,1834 2077 2478 1753 2015 1125 2772 1252 2777 951 18 2818 1759 70 2663 2757 1557 601 1842 2561 2 2622 315 1035 2510 688 1186 1390 767 1391 1839 431 2323 1165 2302 2624 1443 2644 1767 2314 2409 426 2320 1235 646 1928 485 1798 126 1166 2686 1306 1323 889 578 529 962 1175 1334 990 727 2149 1558 293 2143 739 2000 1361 2276 1413 1801 589 1451 931 1559 395 24 1938 1106 2533 1951 658 522 1149 1597 1114 191 2667 29 2673 2656 1137 2315 1333 2242 2685 1833 803 2054 251
000829.jpg,999 2765 726 159 2715 209 2059 838 31 326 580 314 2236 363 464 390 1967 484 786 1662 2301 2244 1378 1475 1635 1050 1932 1317 478 1568 1008 780 52 2017 2429 2053 1465 1706 1730 1262 534 456 455 268 296 2396 1929 418 1503 1024 2407 331 467 2806 2173 806 1140 1282 1787 1756 1275 1912 2232 207 356 1481 1022 1755 758 2698 53 2025 389 1039 927 1395 1143 408 1789 1715 225 295 1921 1822 192 1187 1281 655 1124 61 27 139 1293 1011 799 2280 471 840 1274 2531
000830.jpg,1860 2272 1496 2713 2556 1316 2433 2309 1636 64 1965 201 2545 497 1381 1453 155 439 2241 1569 2034 2352 1490 1586 1757 1362 1658 2815 1948 562 2628 48 715 305 2376 1901 1782 1897 2721 1416 1623 1544 100 645 1051 1218 1606 1054 1796 51 2836 747 137 1255 204 1328 440 1840 1649 2011 547 1096 116 947 1444 123 2135 611 1422 1640 194 447 882 986 1679 1319 2767 2650 246 2825 1993 1663 712 134 2741 2082 2270 1617 725 2439 1045 1944 2001 2046 900 2213 2766 889 1067 169
000831.jpg,2609 2843 1913 2006 257 1498 2196 535 937 1850 2492 1871 2341 1174 1800 800 774 1455 1936 1094 1142 2299 253 2087 1527 336 1516 434 2243 2377 288 2095 2613 593 1731 2519 1946 749 2697 2549 1794 673 855 1966 1546 410 2788 1670 610 821 1002 2065 1645 1419 2559 511 2219 157 2417 870 519 605 908 664 1311 1621 2005 2364 1068 2618 1851 717 1133 2680 2357 2331 1634 1894 2067 2290 528 1138 2251 881 1479 7 1424 1956 975 118 808 365 1909 2730 320 151 2792 1040 648 709
000832.jpg,640 1049 13 932 1754 2210 2520 536 1038 839 121 1272 2828 866 733 672 21 828 332 289 432 698 933 1910 2078 1588 1041 1562 377 78 1374 865 176 979 1888 142 2421 2384 1430 2640 1249 1431 323 1266 1668 302 429 340 2808 2602 2795 2451 2333 893 2578 2671 199 1132 1398 1952 292 2629 555 1053 569 2743 1033 36 361 2083 988 1553 955 417 2032 2786 1521 2120 2668 1686 554 193 2047 2227 964 1418 681 1492 2031 2029 743 2117 2108 1949 1429 680 500 2539 1393 370
000833.jpg,1515 244 844 5 609 1889 1602 1766 558 757 2464 2457 80 426 707 1296 2115 2024 213 2566 2014 2725 1269 1265 509 214 2366 1849 1953 520 2413 1949 2408 424 1139 2354 698 119 19 934 2502 2124 1597 1945 1768 1477 232 498 375 1696 2048 1383 807 1108 1689 163 2638 2404 1702 1722 466 22 135 2841 1478 2143 1529 391 739 1605 473 1214 1426 2128 746 1858 2295 2751 270 2533 2152 1113 1898 1867 1171 2390 1093 1537 1603 820 955 1754 2278 1326 2430 1397 29 24 1231 1216
000834.jpg,1083 1702 181 620 2643 636 732 2807 582 6 689 762 1318 2386 2278 1536 2374 759 366 2194 2141 546 2111 2116 894 1336 1260 644 1315 493 1797 2442 1227 2261 1013 1057 285 1365 2761 2678 2554 1093 1763 1914 42 807 922 661 2418 2813 1898 1758 2468 647 1632 2248 2441 88 57 2720 150 592 1603 1502 1697 669 310 2562 2263 2321 2476 210 2004 2327 2153 419 1856 1221 570 2168 2838 2079 1726 1525 133 1874 861 1880 1841 2688 2422 2160 1223 746 1696 1410 2425 2522 294 1979
000835.jpg,244 807 2115 1696 163 2303 2677 1260 1616 375 1061 1702 388 2351 1637 669 196 5 2643 1766 1515 582 1227 844 629 1744 498 1556 425 1603 820 281 2132 2457 1295 1858 334 2460 1541 2162 1754 1326 372 2666 1807 2810 2726 2567 466 2791 1188 879 650 2502 2222 759 285 2128 609 468 1602 1446 454 2043 1221 750 2508 1610 2751 1916 414 2169 2841 1456 2194 1088 23 20 2648 1761 1214 1697 2363 2124 734 22 476 1294 1171 594 752 1080 69 2261 1953 306 214 665 2014 922
000836.jpg,1588 1132 1431 536 193 988 36 569 1033 1393 121 2743 2029 680 555 1249 1686 802 417 597 176 2384 866 1418 2078 2451 21 2090 1890 733 1430 332 1562 554 429 886 142 289 432 302 1910 2333 979 1398 2117 1053 1065 2520 1699 361 2668 1337 1888 78 292 2083 1492 2227 1553 2578 2640 62 1038 1268 828 199 868 2786 640 1266 878 571 1886 2108 893 2795 377 340 13 2210 1374 1952 964 2570 2798 1793 2808 865 698 2839 933 1668 1256 1272 672 2120 2421 2629 427 2539
000837.jpg,2510 431 1839 1035 2561 70 1125 1753 2777 2772 2077 2478 2644 1834 1842 18 1557 395 601 2323 529 1443 2818 1394 2015 1759 2757 2663 315 2 1252 1801 2686 951 1333 962 1230 1938 2622 889 2242 1390 545 1207 2759 658 1833 1798 572 646 1558 767 1391 1186 2277 853 2149 2072 1137 1685 1786 277 2656 1683 2113 2000 2128 907 688 1427 1334 304 1304 374 63 1343 2314 1257 132 251 39 695 865 2016 714 2178 1087 949 1513 1306 2535 1298 182 1312 2784 1213 2504 531 2381 2040
000838.jpg,2252 2682 1063 916 1583 227 2042 841 945 1920 2723 1579 517 998 1651 1770 1578 1368 114 512 1367 492 982 1769 1585 1209 1239 118 2225 1667 567 819 2026 1970 2310 2349 639 763 2647 919 1211 2081 2711 2792 887 2103 952 2488 2778 778 1354 1854 1977 1154 1531 566 2065 1791 9 1625 1528 930 2575 579 515 7 1906 2097 1851 382 2328 513 928 2459 1179 1419 748 25 1042 1879 1470 1904 2491 808 975 2729 2658 151 2357 528 1657 2379 1566 311 875 355 2507 1168 1299 2067
000839.jpg,2141 2263 1198 1866 2761 2197 106 2348 84 2705 1365 214 1139 2030 96 183 1632 1927 894 1371 1113 2203 1205 1525 1199 1315 2386 333 181 1171 1605 1960 117 2153 2554 1502 1217 732 1458 189 2572 2612 396 2831 1032 2562 851 1570 941 1064 1336 620 171 2401 2623 2442 23 2608 2160 2498 2522 2109 419 1184 2152 2720 1318 2503 236 1283 1953 621 636 509 1183 281 856 2807 1726 150 690 474 1661 785 2677 270 387 1602 1979 2678 1560 2688 510 2502 104 2056 2079 2760 1364 43
000840.jpg,2011 1993 1752 2840 260 712 645 2439 1617 445 2515 826 613 943 1190 134 1544 463 2241 1552 900 2817 550 4 2389 2050 1878 547 489 1328 1545 169 1045 305 51 221 1486 1386 987 2837 817 606 2676 2367 556 1146 562 977 1405 1422 1369 197 2375 2454 188 1319 2544 85 1253 1658 635 259 1381 2084 2419 2270 1983 611 2724 2826 925 2649 2631 2312 2650 626 155 1414 1640 2574 1102 2082 1788 950 2707 563 59 1782 674 1656 1172 2046 2626 659 2424 1934 2133 2088 1623 1407
000841.jpg,1017 1518 1290 1567 631 1301 1237 451 908 530 2140 1058 446 1978 2796 1981 1604 2282 1002 1879 1119 2392 1495 2596 607 2660 394 2262 984 2085 2093 942 1613 662 1331 1909 2600 1906 1614 1516 320 2458 1100 1271 1554 2543 1676 2049 1404 151 918 921 2357 2064 1705 355 253 1419 813 966 1645 186 1155 124 2559 243 2618 1673 1384 1800 2219 763 1370 700 852 1455 2460 2065 1566 2147 7 709 1808 1089 871 2658 2318 937 2274 2420 528 1894 694 2648 487 1688 660 1681 1546 1105
000842.jpg,2615 1448 2756 2413 967 135 2354 558 2295 1804 754 1149 1728 1269 2320 2827 695 983 2533 2566 2021 213 426 739 1383 1478 2408 80 1849 1689 1265 1296 707 1231 1597 29 1176 1945 2024 1867 132 2190 184 310 1535 2143 520 24 1743 2673 2172 2441 1722 293 119 286 792 91 1091 232 1469 2638 1719 2785 1298 424 2430 218 1996 1984 1693 757 2745 789 540 1631 2242 634 2235 1346 2016 240 803 466 1898 2579 2054 19 2656 1533 251 2784 2129 2149 376 1334 832 2472 2759 766
000843.jpg,2741 79 2813 1452 2305 686 1868 137 722 1055 2382 1076 2580 1944 2665 2135 2248 140 1463 2294 1547 2286 1606 1212 1067 2068 1937 494 2511 2842 2393 116 1223 1935 2435 329 948 899 1639 1464 2057 804 1056 2728 508 1899 2037 2766 1185 657 204 146 1998 2598 1874 994 2639 2683 2291 1134 246 574 2708 2436 1757 1771 2499 2319 165 526 2438 1777 1677 491 864 274 2625 647 442 97 608 2825 2569 1473 2041 2736 682 2440 1126 447 1986 2558 1942 1130 2292 444 1592 677 1408 305
000844.jpg,547 987 556 1146 1752 1386 1319 611 4 1545 2817 1405 188 2270 2411 85 2082 312 2389 2832 1624 1102 817 826 635 2501 1656 613 1934 1737 221 626 2011 2300 900 943 2069 2044 2367 2790 2528 59 1644 1983 283 1552 2631 1926 1407 2544 260 2419 2477 1486 463 1993 1202 1878 134 445 950 645 1208 155 1422 2840 1316 559 266 2241 1414 2515 674 1617 259 712 1181 977 1988 489 2692 1029 1190 2133 2676 1381 271 1942 2312 2574 2439 1045 1328 1782 2084 2652 606 996 2556 2826
000845.jpg,835 702 1908 931 1107 1830 284 1310 1254 1340 848 1512 2471 2601 1114 903 2624 1821 65 1720 1845 502 768 990 688 250 1767 1235 1608 578 1975 126 1323 297 103 1186 2276 1391 684 1922 2388 1413 2620 423 2036 2494 2314 1458 1687 1570 1397 398 690 1014 420 1557 1601 2605 2768 2409 1113 1400 2203 1591 2016 1646 379 2386 646 1450 2359 2345 1738 2503 1537 2179 1080 1928 851 2080 1768 205 1801 1488 2020 1221 2247 510 2622 1036 1960 1605 1390 2324 1192 2347 1198 1980 469 2323
000846.jpg,1710 2515 900 2084 489 2424 675 559 1545 1983 1701 1878 4 1486 1208 1190 1737 606 674 817 2419 1752 59 2133 1414 1627 1319 2817 906 613 1437 2707 2270 2477 1405 2544 2082 611 266 260 2783 626 2626 1417 2011 188 1489 2312 1468 547 1386 2367 1046 169 1788 2046 2837 1146 2389 635 1307 977 1381 2652 2646 712 2826 221 987 1848 2001 1123 562 2753 463 2574 259 2241 1428 2213 2648 992 2148 630 1092 1544 2391 2439 2352 943 978 134 1782 2840 524 2088 1586 826 2200 2411
000847.jpg,332 569 2578 1065 193 571 554 988 1431 1398 302 2743 340 199 733 323 2333 36 429 432 2090 21 1256 427 878 2032 78 62 2047 2668 2520 1041 1910 1132 1793 361 1418 1393 289 417 866 176 1588 839 2380 2640 1430 1686 1553 1049 2415 933 1038 2078 1562 597 2227 2421 743 1890 2786 680 500 979 2029 640 1236 370 2423 121 698 2117 56 1033 2798 893 1888 1053 802 886 2210 13 1499 2795 1272 828 555 1521 2629 2451 1754 681 2568 2083 1699 1668 536 2428 2335 1268
000848.jpg,1948 2272 1051 1381 64 1640 1569 48 51 1782 1416 2352 562 2034 305 2815 2755 1658 1496 2721 2545 1316 1796 1584 201 2628 1096 1586 155 2836 1218 100 747 715 1544 2241 1965 497 2556 439 2309 1636 1054 1649 2713 947 169 2708 1362 1897 194 231 2023 2135 1840 2665 137 2376 1547 2068 2439 1623 1328 2011 2842 1679 79 1453 1261 1944 804 2248 1617 204 674 2433 2707 657 1777 2650 645 123 722 1223 1757 2837 1422 1444 2511 2046 1606 2813 1056 882 677 2130 1045 1463 1029 329
000849.jpg,489 2515 463 2084 900 1190 2840 2817 260 1486 1405 613 1983 1934 2270 559 2419 2011 1752 817 221 1710 943 635 1386 2082 188 1437 712 1656 925 2501 1369 4 1319 606 2528 1489 547 2424 977 2133 611 2411 826 1208 675 445 1737 1545 2649 2574 626 556 1417 1624 1146 197 987 524 2676 1307 1878 563 312 2397 1644 1627 2389 1993 2832 2050 2826 2454 970 674 645 134 1045 2652 2626 1092 1407 2477 550 2646 1788 1102 59 2375 2044 2439 1552 1328 2241 2544 2358 2837 1414 348
000850.jpg,2484 2139 264 2371 2797 2092 837 2269 1698 2833 299 2223 2844 1982 352 879 2576 1925 2455 1520 1571 891 1009 573 2266 1122 1 2063 195 1549 428 17 234 667 2635 2473 867 2486 1863 1615 846 1619 46 226 2385 1366 1421 2100 888 2175 1622 2215 2255 1618 969 1735 687 642 1349 1572 403 1539 472 600 1071 307 2460 2607 2158 127 1815 2338 1540 1480 1291 317 1101 2727 1824 1338 1242 685 1159 444 147 2710 2273 2094 267 223 1826 551 2776 2213 1994 2616 814 1807 1816 1446
000851.jpg,919 1354 1579 1531 952 1791 2792 887 1583 945 998 2778 639 841 567 118 2328 1769 1063 1470 930 1770 1179 9 748 2682 2491 2647 1578 2252 1977 2711 114 1920 819 1667 517 1854 778 382 2065 227 2459 923 916 579 1970 1368 2304 515 1851 928 2723 975 1585 2729 2575 2349 492 2042 1651 1367 2081 1154 875 1042 2488 1819 1657 2379 566 1209 1211 311 25 982 1864 2793 1625 7 808 381 2361 1239 2026 2225 2103 1210 151 2097 763 910 2416 512 2067 2334 513 2462 809 2559
000852.jpg,1724 228 801 1575 1664 1358 797 1765 1030 1776 2327 934 2456 263 2694 1193 57 1196 366 1034 2184 1279 1377 1276 1345 493 2418 1877 2186 2206 2461 1576 210 1861 2321 2174 720 2703 588 1432 2127 2581 570 583 1758 2198 82 2374 242 2590 976 689 1457 746 516 93 895 1542 793 885 880 2330 2739 514 1234 2229 130 1522 842 1043 170 1086 1859 1670 287 1081 438 1665 422 150 2332 1375 1590 859 2000 756 2187 2541 185 1137 1869 2493 2072 1513 2659 1551 294 2838 843 145
000853.jpg,1510 99 1717 174 177 156 208 2587 72 1145 1415 2775 164 2163 612 2829 2355 1872 2122 1163 595 2747 2098 731 141 453 2655 460 2679 1023 399 2469 477 2577 2722 1047 73 1903 1436 2452 2126 172 1321 1784 2636 760 401 599 1160 461 1628 2074 2055 1976 816 1504 2750 694 1599 2218 1682 380 666 981 1085 222 2009 897 1098 1241 2537 2446 850 823 2096 2071 935 2156 1305 836 2201 437 2645 755 1233 1933 320 2512 1387 1808 1790 2642 1155 2318 2432 2274 1688 1089 1052 1621
000854.jpg,1059 551 956 2740 154 2548 1375 342 150 546 1083 1995 669 2327 2194 582 307 1541 2823 1763 2727 1057 2473 1 285 2080 115 422 1421 2503 1536 820 203 1025 1260 1947 620 2261 976 1221 879 829 2468 1520 181 6 1502 1482 1697 2174 226 1449 2340 1603 339 867 636 1702 732 493 2036 334 2387 1318 690 1618 1882 2203 750 2678 2749 2801 2374 1073 537 1183 2198 2494 2623 1807 2643 1014 1034 1084 1280 1537 275 469 2431 2541 127 1646 2321 414 1043 922 1880 594 1462 2239
000855.jpg,2755 1584 2045 2023 770 747 2622 258 2272 1199 315 1557 1980 2150 2425 305 51 907 2168 882 1391 1338 2034 2757 2255 2503 2302 1858 414 2573 1413 1221 64 2387 2801 2556 733 1499 1815 750 48 334 396 1603 714 1095 1640 1456 1390 1537 827 2650 1073 688 211 562 1928 932 2685 2138 893 1311 1763 2315 281 1569 1844 933 2727 690 1252 1387 1759 2338 1165 665 1610 990 155 2624 1108 2545 2481 292 1616 2494 768 439 468 2721 2476 546 1502 2409 191 2100 2015 1112 815 767
000856.jpg,207 61 2025 225 2396 2669 192 52 1787 2765 1262 455 1506 1024 2173 296 2794 346 408 209 1275 356 464 418 838 1282 1274 1127 1481 2053 1706 2059 1780 1124 1967 31 295 654 1039 726 268 2070 131 2232 1378 2236 1662 1568 331 239 290 390 2429 1475 2091 1022 1875 999 2806 326 1635 806 495 653 478 1929 245 363 49 2531 1781 1715 471 1438 2301 389 139 108 758 655 1140 840 580 2821 467 484 2565 2280 786 1692 402 1050 2715 534 2467 2690 2407 314 452 2244
000857.jpg,594 2494 1616 23 1462 2203 690 1113 1198 815 2197 762 2503 2653 1687 1199 2571 2572 1763 1073 2535 2473 844 1080 244 2386 1960 1949 2569 676 214 1365 2079 1139 2506 2160 1661 1205 745 2109 2677 1171 2518 482 1088 1537 327 2152 300 2678 104 1605 6 1502 1013 941 629 939 2115 1336 1866 1591 84 44 391 2427 379 509 1315 2278 2359 856 325 2683 2036 2324 1632 614 2291 582 1696 688 148 1137 2348 1987 598 5 1183 510 1726 1592 1603 2445 1244 1421 2751 750 2016 1659
000858.jpg,1671 2706 8 1090 1474 325 2109 614 63 1333 459 745 586 1661 2535 658 443 1137 646 907 1685 1712 2216 182 1394 2705 661 1391 1763 2168 954 2831 483 1697 1015 1175 1144 2245 1760 2317 690 924 2572 2197 1170 2546 2648 2016 865 1304 1353 688 1019 1087 2079 2314 1106 2787 1300 132 1513 300 485 2841 2409 1217 1161 2449 2700 2178 2054 2072 2175 824 2113 474 1389 1315 304 727 1425 448 1186 529 2623 2083 2571 2448 2562 1115 2149 1559 1207 1928 1082 1951 2561 2160 2249 1570
000859.jpg,2152 2502 244 1659 1139 1605 1198 1205 2115 2263 2348 214 844 327 117 2203 1602 1113 941 2303 2620 1515 1616 1184 1371 2841 1696 1502 2572 106 1171 420 1525 2179 1953 1397 23 1979 22 1661 2048 807 148 1768 2677 1866 2109 1603 270 690 2761 84 1687 2768 466 40 1726 1400 510 1702 1637 6 2030 2457 609 1084 1591 509 1570 2751 582 1922 954 2726 1214 1365 2162 375 1738 1541 1949 594 2554 1061 851 2494 1221 2351 2656 182 1019 1175 1488 498 1083 1537 820 1632 1712 1760
000860.jpg,519 1495 392 1002 1419 1479 2341 2219 320 2085 1682 908 253 2763 2600 709 1676 942 1565 1331 2460 984 1546 1739 1906 2543 186 1516 855 2262 1455 1017 1385 2318 1287 434 2093 1705 2331 1442 937 355 852 2420 2664 394 791 773 1614 99 1779 1454 2519 2549 1325 2803 1992 1511 660 1879 1005 301 2660 1311 2140 538 177 1142 1031 1946 1695 511 2102 336 2147 94 2364 1200 1969 2363 1424 2796 1673 1020 157 2458 730 568 629 544 1105 248 1966 1894 1670 1000 1498 2071 1243 893
000861.jpg,2045 2755 1584 2023 2622 1557 2150 414 258 747 315 2757 2481 1390 2255 1088 770 665 882 1759 2158 961 1904 1466 1980 1446 714 1844 1294 46 730 1433 1479 990 939 898 372 870 1969 147 1101 32 123 688 892 1201 2709 403 1450 1998 1630 1511 1073 1366 502 2223 903 709 2507 1114 334 750 2427 2273 1258 933 768 2216 2219 2425 2315 1928 879 1816 2624 2073 1112 1391 359 186 338 1442 2680 187 1325 2183 2387 1324 1698 2717 1616 997 1095 1286 2168 969 2445 1199 70 2601
000862.jpg,1801 529 2644 395 2323 2759 2277 1798 1230 962 572 2242 1683 2579 2504 1334 1394 1898 545 789 695 803 1839 374 1035 2561 240 1561 1333 2149 2238 581 658 2381 328 364 646 2656 1306 2784 589 989 1161 1971 1353 132 766 1558 898 714 1087 1786 251 1883 1343 483 2040 101 1257 727 1451 1389 1743 2113 310 2510 1176 1213 1513 2000 2409 757 1928 1207 485 1091 1689 63 2114 2546 2072 1951 1106 1361 1427 2016 1175 304 1166 1137 1559 407 737 436 341 1115 1093 1847 2827 2054
000863.jpg,377 828 2578 2629 2520 933 2602 1429 1374 1910 1668 2539 176 979 2798 2227 672 1038 640 2428 78 2120 1686 2083 2786 964 432 1249 1888 1337 1033 2640 2384 13 1266 2451 2210 340 2828 1053 1418 554 2031 1562 2668 302 417 536 21 332 1431 1393 1890 2421 289 597 1070 142 292 893 2038 36 733 865 1754 1588 1952 2047 868 2839 729 2808 1049 361 2108 802 1398 2671 2795 1132 2743 1399 932 199 429 2570 555 121 323 886 2335 1329 358 866 698 1272 988 2078 2029 681
000864.jpg,1763 1487 37 924 922 2494 594 1090 586 2197 214 2261 614 1308 334 275 1502 1471 953 2841 2194 23 115 1315 1082 1400 285 820 1137 1995 2677 690 750 335 1866 1603 1108 2109 510 646 1080 658 1232 423 1661 2203 661 459 1006 2348 2216 443 1541 448 104 1696 1300 727 636 1802 2160 1306 1591 1953 2473 2823 1616 1166 1198 2448 1221 2503 2678 300 2706 1712 2168 1605 2562 2409 63 1537 751 1570 1227 2720 182 2179 1596 325 1462 1883 2567 84 1171 2755 939 582 1949 1217
000865.jpg,312 2832 1405 2501 1752 2270 1102 556 2411 188 2082 1146 1934 1319 547 611 987 635 943 1386 4 1983 2044 221 2817 2389 1545 1624 613 1656 826 85 1552 2790 2069 2528 900 1644 817 283 1737 626 2011 2419 2544 155 260 1486 1422 2574 59 1407 2133 1878 2631 463 2367 2300 445 559 2477 1092 259 1993 1029 1208 518 1316 2676 2241 2556 1190 134 1617 712 645 735 2397 606 2652 2084 2840 1649 440 2050 2375 2424 2515 977 1636 266 1926 489 2088 950 2439 1202 2837 1414 674
000866.jpg,835 702 1107 931 1908 1830 1310 284 1254 1512 848 903 1340 2601 2471 65 1821 1114 502 2624 1720 768 1845 990 250 1608 1235 578 1767 688 1975 103 1323 1186 297 2276 126 684 1391 2388 1413 1922 423 2036 2620 1570 2314 2494 1397 1458 2503 1014 2605 2768 420 1036 1450 690 2386 1687 1601 398 1768 1113 2345 2016 379 1557 2080 851 2347 646 1960 1221 2020 1080 1801 1400 1372 1537 1591 2203 1192 1646 1198 2359 205 1738 335 1390 1832 2324 2561 1605 1748 2671 2409 1152 469 2118
000867.jpg,2113 2178 304 63 1213 1785 1115 2546 2066 1019 2022 1353 1333 1883 1685 1389 1175 485 1161 1300 658 545 1513 251 1773 1951 1394 1306 1228 614 1693 1847 962 2149 1427 1166 310 2759 727 374 182 898 364 2656 529 2409 1928 2504 617 1683 1334 2644 1559 1106 1971 1343 101 1743 2381 2072 1230 589 328 1137 572 789 1798 483 2000 436 395 1898 714 1207 2277 1801 2323 2040 2784 215 695 149 132 2542 803 1786 1558 2430 2827 646 1361 581 1257 2238 1093 1087 1900 895 2700 954
000868.jpg,935 1638 2096 836 1305 222 2342 1736 755 586 443 1052 1790 1933 396 2452 2362 1806 2535 2201 2450 2071 1504 1308 1006 2446 2083 2500 2691 1321 325 2512 2355 2627 599 1404 816 1115 850 1082 281 981 1300 1474 1763 745 2260 2218 2645 2750 1090 1671 523 477 1186 193 1098 587 1976 1599 1355 313 380 511 459 483 458 152 666 72 1910 2432 2074 988 2335 1757 2437 734 2150 323 1037 847 177 2648 897 1688 1145 1709 1089 127 2537 220 711 73 1023 1808 907 2449 28 444
000869.jpg,767 1753 277 1125 2478 1443 1938 2772 2777 2077 18 70 2510 1833 1842 1834 431 2015 889 2757 1759 1252 951 601 2818 1557 2663 2 1980 2561 2315 315 1391 1035 2686 2622 1747 2702 688 2302 2685 1413 2532 578 1390 1165 211 400 2314 369 1186 126 2661 990 1767 1323 1333 2624 1340 1235 2388 827 1845 1558 2496 865 1839 684 250 658 745 903 2128 1989 714 2016 2571 240 769 1608 1087 768 1137 2620 44 898 931 502 65 2276 2323 1114 2335 63 325 2601 761 1343 2768 1394
000870.jpg,1742 1614 1331 1237 2049 1290 1384 337 2660 1370 530 1673 966 921 1567 908 1518 1105 1017 1981 487 1301 2458 446 1604 243 1554 1100 2140 813 451 2085 2282 2600 1495 1681 942 1396 1705 2064 607 2696 1404 1909 1058 631 1155 1031 2093 2259 355 871 2796 54 2361 1287 2257 2782 662 1613 710 2336 1879 1002 1739 360 2369 394 542 660 7 1271 1676 1808 1893 2793 2596 186 1565 2274 50 2392 151 984 2803 2648 765 975 1991 2543 2157 320 235 1853 1823 2460 825 852 1419 2664
000871.jpg,1518 1290 631 2282 2140 1017 2796 1301 1058 908 921 1331 2596 2064 1384 451 1909 1614 1673 2458 530 942 1567 2085 1554 2660 984 1002 660 1978 1237 2600 2392 446 1613 1981 2543 2262 2049 1604 966 1495 1742 1155 487 813 243 2257 2696 1676 1705 662 1370 1100 1739 2782 355 1681 1119 186 320 1853 2259 542 607 1105 1808 1404 852 1396 2093 2274 2722 1688 710 1454 392 1419 394 124 2618 54 172 2577 2636 360 1000 1879 2219 709 918 1906 1516 2559 191 1089 700 791 2460 1621
000872.jpg,1576 1859 663 2538 480 516 2649 793 1369 210 2454 445 550 57 2581 925 2461 704 1193 1377 1861 2155 348 26 1716 179 294 1092 2011 2418 2260 632 518 1276 2229 1870 712 2241 2574 2130 2769 2714 2287 421 884 2004 1580 1072 499 1045 2840 1983 689 1665 2501 1758 1590 2050 1348 1551 645 895 570 1029 170 1453 1034 2456 588 1538 547 168 1054 2699 611 463 1392 93 2330 1194 1292 82 2206 1575 1328 59 1030 1552 280 345 524 1901 260 1253 1522 1724 1190 1765 1422 1381
000873.jpg,594 2494 2150 84 882 941 2677 1757 214 1949 582 1541 334 2503 270 2348 23 1139 1953 909 1137 546 1221 2203 2057 2278 750 1866 1390 244 1199 1255 1616 2291 285 629 1502 485 1591 1973 2823 2132 6 1602 614 2639 1175 1763 2683 2101 1768 589 123 2048 104 275 1198 2179 1184 820 98 1570 1525 1166 986 1605 1170 2841 1874 1536 1712 574 2572 2197 658 727 398 2688 669 1318 1365 2261 2115 510 690 396 1090 186 2168 647 1223 1004 1477 2030 2622 1183 636 924 2809 2245
000874.jpg,1083 2442 2263 762 2678 2374 181 2116 1726 644 2386 1315 2562 894 2720 1336 2807 2522 636 1198 1702 106 1318 1632 732 1013 2554 419 620 1032 2111 2153 861 1880 96 1927 133 1064 1960 592 1365 2572 2141 2498 1802 1525 493 2831 2160 2401 1371 1661 1093 387 1251 2079 2056 1205 1171 2197 300 1797 2278 2688 2705 689 1364 327 1856 2761 1019 1596 104 171 333 310 2476 2109 43 844 1113 2623 2030 1217 150 570 2457 2737 2441 856 949 2612 2591 2162 183 189 1108 2567 1536 22
000875.jpg,1178 789 596 1672 132 1176 2190 576 2441 240 2422 2579 95 1513 2827 1476 695 1749 1847 88 1743 1161 824 310 63 2547 1996 483 777 1087 2202 1353 1298 1773 1914 2745 2700 2504 44 2129 1990 1535 328 1483 1693 2238 2016 1447 2523 983 1019 1091 1631 1971 766 1451 16 1346 2656 2784 2242 1333 376 832 1224 374 2759 251 2785 1558 803 1856 291 407 34 545 364 2317 1469 2381 1795 1230 2149 1561 1883 1343 1361 1898 1300 1683 2737 2540 2000 1257 1786 2409 1838 949 1801 2111
000876.jpg,1948 1416 2272 1096 1051 2721 2815 64 2556 1316 1496 1381 2628 305 562 51 497 1586 155 1569 48 1658 2352 1860 1782 439 1965 1362 715 2241 2545 201 1218 1897 2034 1796 1544 2309 1640 1617 2650 1045 2713 1649 1636 100 747 2755 194 2439 1261 1757 2836 1993 1054 2433 1840 2387 2011 168 1453 2046 169 2376 1584 1623 2837 712 123 882 645 440 2130 231 1490 750 260 1422 1679 137 1328 1029 947 2023 2735 202 1901 674 1663 1444 116 2707 2135 2631 992 2050 735 1862 2686 663
000877.jpg,1290 1518 1017 908 530 2282 1331 2140 1614 631 2458 1301 1604 921 1673 2049 446 1002 1981 2596 1058 984 1554 1384 243 966 2064 1909 1978 355 451 1237 2660 813 2796 1100 1567 942 1155 2392 1613 662 1495 2600 2085 1370 1404 2696 1676 1105 1808 2257 2262 2093 1396 487 1742 1688 1419 1271 1119 320 2274 1705 660 852 2782 1879 124 1739 918 1621 7 1906 2543 1089 2648 2259 151 700 394 1853 2722 186 1681 1454 392 869 607 337 2219 2618 2559 1174 763 253 2306 1020 434 172
000878.jpg,536 1588 1132 1686 1033 1418 176 2384 36 1393 597 979 1431 1266 2786 555 2743 2029 417 332 2227 429 886 2668 340 361 569 121 1562 2333 1952 21 2640 432 2108 1890 733 802 866 1398 2808 193 142 78 554 2451 302 292 988 2090 289 893 1249 1888 2795 199 1910 1065 1430 964 2520 1337 2570 2117 2671 865 2083 828 2078 1256 1329 868 1038 680 2839 62 933 1268 1374 2120 1553 1699 1492 672 2335 1053 2828 878 377 640 2038 2602 571 2210 13 1668 1399 1764 729 2798
000879.jpg,2423 743 2267 1236 2078 2428 2380 1492 1888 1499 1886 681 142 2568 554 289 1553 868 429 432 878 1429 1053 2539 427 1256 2629 2217 2031 1890 1430 1070 62 2415 2224 866 500 199 21 176 1477 733 302 2221 1699 361 964 358 2038 2788 2333 253 2648 555 2117 2640 78 893 292 698 882 1398 1110 839 1387 1041 2120 1431 932 802 2795 749 1562 1379 36 1038 2421 593 1521 2219 739 792 2451 2083 2668 2290 1670 2559 901 1049 1390 961 2798 538 157 1399 1243 1311 1005 1020
000880.jpg,165 137 2558 2135 1944 2728 2813 1130 2741 1212 1055 1223 725 1056 899 1606 1463 2766 2382 2207 2842 948 1874 116 1126 1547 1076 2294 2506 1937 2292 692 447 1940 146 2248 2736 2511 2435 2683 1825 1464 722 2319 1935 2393 2825 1986 2286 2057 2708 2580 647 494 2665 1134 1185 1841 329 79 204 1899 1639 442 804 2041 2639 2305 686 2569 491 2719 1452 1067 246 2068 1868 1592 482 2438 1777 657 2291 574 677 97 682 1408 140 2440 1942 362 2037 2445 1962 2258 790 271 2598 1771
000881.jpg,887 1579 1179 639 2778 1583 9 2682 2647 1470 1578 998 1531 841 2491 945 2328 2252 930 1977 952 919 819 1354 1920 1667 1791 1063 1769 2459 1651 1770 492 748 1154 515 2729 2792 567 2575 118 2488 1585 916 1368 579 114 227 1854 928 2349 2723 1851 1367 2379 778 1657 2711 382 2026 2042 311 566 1042 517 982 1970 875 1239 1819 910 512 381 1209 2065 2225 2081 25 763 1864 2097 2550 2462 808 1210 1528 1507 923 1211 2334 1691 2304 2067 2310 1625 809 781 2103 1187 1344
000882.jpg,1038 2210 1754 2520 2421 640 865 13 1272 1910 1553 1430 1041 1949 2671 828 323 2828 2078 2090 121 2578 2083 289 569 988 536 2795 866 429 2640 1431 244 698 193 432 1249 1588 1562 733 839 932 176 377 2384 1049 672 142 21 2333 933 332 1888 56 1699 1329 2839 2798 2032 2380 1132 2570 340 1668 979 1793 2047 1266 2629 1236 199 1890 2808 2428 1268 646 955 1374 802 36 2335 554 2451 1492 820 196 417 1477 2602 1886 1065 302 571 427 680 878 1053 1398 2048 1521
000883.jpg,2721 1569 715 562 48 64 100 155 2034 305 1796 201 2545 1381 1948 1658 2309 2241 1860 439 51 1782 2272 1840 1640 1453 2713 2836 1586 1636 1316 2556 2433 497 1496 645 2815 1051 2826 1901 563 1965 1416 1544 1096 168 992 440 1490 1045 659 2628 1054 674 2352 2046 712 260 947 134 900 1649 1148 2011 1422 1328 2376 1617 1623 2076 657 1486 2439 1307 978 1993 1444 1663 1679 735 1218 2088 169 319 2735 1046 2650 445 194 231 906 1552 1029 1878 1123 2708 2652 2007 2050 559
000884.jpg,1451 1361 789 2579 2000 2656 2504 1786 364 1230 1106 727 2238 1559 2540 2242 1178 2409 1900 1693 2040 328 589 1672 436 766 1513 803 240 483 310 1161 1971 215 2149 2381 374 581 658 1257 572 1951 1558 293 2054 251 2784 2016 1333 1306 1091 1180 2759 1300 1996 1207 2072 1353 1137 1883 2114 63 989 737 824 1087 2644 949 1683 898 1427 395 1847 44 926 714 132 596 614 1798 1019 646 1928 1343 1357 2827 1298 529 39 695 576 2441 2247 341 1213 2787 2737 1743 95 101
000885.jpg,2113 1115 2178 63 1019 2066 1213 2022 2546 1333 1389 304 1951 1300 1175 1685 1353 1161 658 1513 727 2656 2149 614 1306 545 485 1785 1883 1693 2409 374 2000 1798 1559 2759 1106 589 1230 310 1773 962 572 483 898 364 2784 803 1847 1971 1786 1683 1558 251 1334 789 2579 954 2504 1228 529 2542 1743 2072 2644 1361 1427 149 1343 1928 328 1451 1166 2323 395 1394 1137 646 436 2242 2381 1207 182 240 215 581 949 1801 2737 2787 2054 714 2238 2540 132 695 1672 2277 1561 2040
000886.jpg,1139 1605 214 2502 2152 1171 1953 22 1602 2348 2109 244 106 1214 1632 2751 1198 844 2263 2203 2841 2153 2457 1570 509 2572 609 1113 2178 1659 1866 300 2705 1616 2115 690 594 851 2567 954 420 2448 744 1515 1661 304 1397 924 2128 2554 957 117 2079 1525 2620 1712 23 1205 2197 2160 941 894 2048 182 84 149 1696 510 1927 2677 658 1801 419 1685 1199 1726 1032 1371 1217 1768 2113 2404 2768 1175 1889 2230 423 1502 1333 189 1760 614 1019 395 1637 1591 2149 335 1802 2351
000887.jpg,213 2024 426 1804 2408 967 558 135 2143 2413 24 2295 1597 707 1448 2354 2615 1265 2756 80 2320 2430 2533 634 29 1728 1945 1269 1719 754 1149 757 119 520 1478 1849 293 2366 1296 232 2566 2172 424 286 91 1689 184 739 1847 1889 19 1383 498 2638 1161 2054 853 1513 2673 2022 2021 244 2113 218 1231 304 1533 1469 658 2124 1333 898 1019 2178 425 2014 695 466 792 1515 1326 1631 63 1213 540 2277 646 1093 2235 2535 1898 1252 240 609 1389 1616 2784 2015 1867 375
000888.jpg,1730 1929 1275 2715 1831 1655 326 131 295 31 1274 495 2687 455 580 464 1706 1692 1262 2806 200 2396 2059 1378 356 1941 296 2301 643 1011 2765 268 1026 1282 1039 209 125 1912 927 838 408 456 331 1787 33 2611 653 484 1127 2232 467 2316 1500 1875 1612 2693 1048 1843 1022 1505 2173 159 1503 363 346 2407 2773 1472 1281 239 2794 290 2017 1568 999 1273 655 1789 2025 49 1506 2091 2698 858 52 2236 1008 471 314 2062 806 1822 238 1143 2285 1813 1024 418 2565 1018
000889.jpg,1752 2389 1624 2367 1545 1146 4 2790 817 1386 547 2817 59 2556 2270 221 611 1926 1407 950 1102 1319 2082 2528 2011 2411 613 1381 1644 1782 2837 188 2439 556 1658 2515 1486 2836 943 2069 2300 826 1316 1496 1544 900 2419 1656 1649 2213 2781 987 266 645 1202 312 769 2477 2433 2352 1405 1710 2272 169 1993 260 1552 1208 2046 559 2832 1934 1788 134 1737 1983 2241 635 433 2767 1586 1627 674 626 1190 992 2652 2289 2501 1663 1701 1045 712 2084 1617 283 155 2375 1489 497
000890.jpg,1295 234 352 1807 1520 969 1025 1059 573 879 888 557 17 1571 2635 127 697 2138 2175 2063 2338 2801 551 1803 1 991 454 846 2339 2268 20 273 1373 913 2524 642 262 1540 891 30 1101 2486 1698 1514 267 1291 1509 1456 2223 1238 1227 537 1338 2255 1994 342 2481 1815 167 472 403 147 2567 687 2781 2662 1242 1629 46 223 600 2811 638 1539 1446 2616 2104 1355 2002 2726 414 1630 2385 1619 1811 922 1524 685 71 1270 1939 1284 1816 665 1572 1360 1324 1349 1366 1863
000891.jpg,1710 1545 712 1486 900 1489 1417 2817 1369 489 925 2515 2419 1405 2084 260 1437 221 1983 2050 1934 2011 1328 1656 188 817 59 559 943 463 2837 169 2528 4 2389 2424 1552 860 2649 2840 2652 1386 1208 1701 1752 1307 2454 2574 1319 2270 2411 611 2082 547 674 1627 1092 1190 445 1663 2439 645 1407 197 1644 1624 179 1782 1146 2826 606 1544 2707 1045 348 1381 977 1658 2130 2501 26 1623 613 2133 2300 1046 2367 1054 556 1102 635 2767 675 626 826 1926 947 2241 312 2397
000892.jpg,423 2661 400 205 2508 2641 827 2169 1922 953 1471 1080 2326 2036 1821 2573 104 1277 2494 2768 2203 1591 306 2571 1198 2351 2791 2579 1180 2281 1720 2179 1683 1841 1391 1687 2303 1975 397 2176 510 300 2759 690 2016 1898 578 2648 2535 907 2414 2359 2109 931 362 646 55 2620 1184 1608 1488 1400 903 789 2073 1397 2128 1107 240 250 2504 1061 702 739 1340 1502 325 1601 1205 592 2222 163 1230 2247 924 1326 1144 265 1036 2114 1555 2784 1413 1254 1177 834 2314 1960 1661 2323
000893.jpg,722 1547 79 246 1134 2511 1067 2305 2068 2665 2842 2741 1056 137 2813 2766 2382 1463 329 804 204 1076 1868 140 2728 2135 1935 442 1212 2393 1606 165 725 2825 1055 1937 1130 948 2598 2248 686 2041 2294 1940 116 899 1944 2207 447 2736 97 2286 2558 2436 1464 1452 2319 1825 1126 1223 677 692 1986 1639 494 2292 2580 2057 2683 146 1841 2639 1874 2569 2291 2438 2440 682 491 790 1876 2708 1185 1899 647 1592 657 1942 12 574 271 1408 1962 2435 2506 2719 362 1777 2546 2037
000894.jpg,2083 1337 2520 2798 1910 729 2578 2570 2335 36 1431 2795 571 2839 2640 2629 2786 2539 865 2120 733 828 2428 340 1418 979 1266 640 1329 2227 2671 1132 377 417 1588 1686 1429 1070 2031 661 2090 176 680 476 1065 964 669 13 1764 2668 1272 1888 2210 429 1562 2384 802 988 332 866 2333 569 2117 536 554 1393 933 2029 2108 1907 432 597 2168 2513 142 2260 868 2808 2451 2079 1890 1952 1449 2317 1033 1797 2823 878 2571 2743 21 78 1093 2160 1374 1049 132 302 1249 1880
000895.jpg,348 2649 1870 1369 26 925 2769 2454 2714 712 445 550 179 1710 480 305 1045 48 2721 2538 64 1328 1569 463 1983 59 611 168 1417 2011 2050 524 51 1859 817 1029 1644 1319 155 2501 2241 260 1545 970 1934 188 2528 663 645 2610 1576 1381 518 1758 489 2817 1658 2375 562 1624 746 547 1665 2130 1473 2411 1092 592 793 704 1552 674 2155 1135 1441 2574 274 1701 1489 1486 1405 2205 2840 2084 2034 900 1716 860 1782 391 197 1640 100 1030 210 2515 2004 1861 2809 1617
000896.jpg,2084 1417 1710 900 2419 2515 1489 489 559 2424 1545 1190 1627 2389 1983 260 1486 2817 1701 1878 860 2367 817 1405 221 1737 1437 606 1208 4 2528 59 1386 943 674 2652 188 2088 1307 1319 2411 1414 626 2082 2270 712 547 2826 906 613 1428 2011 134 2783 2133 2574 611 1752 1046 1624 2646 2544 675 2343 556 987 1092 1656 2626 2300 977 978 645 1617 1045 563 1848 463 524 2358 635 169 1934 2050 2837 1788 1926 970 1102 1552 2480 925 1369 562 2046 1993 992 2148 2397 1644
000897.jpg,2441 1786 1224 1996 1106 1559 310 1971 1693 2190 2000 2129 2202 581 1773 2437 1713 1672 1257 824 1914 95 2827 1451 1353 1357 1361 737 132 328 596 2745 1116 1856 1091 2381 374 1743 1561 341 576 2700 983 803 2656 2114 1178 1683 2737 949 1176 1476 1714 926 989 2547 2238 777 2579 1137 2149 1900 789 695 832 364 614 39 1836 2242 230 766 60 2040 16 1990 44 1230 1343 1535 1513 88 940 1818 2759 63 1593 1346 529 2016 2542 1447 2504 2540 436 1334 564 215 1300 1394
000898.jpg,531 1725 2128 2499 368 1326 375 1591 205 2179 1986 2506 1502 594 167 2303 23 117 2036 444 1130 2494 275 298 423 473 315 277 1080 907 1767 306 725 1940 601 1998 454 2728 598 1088 1833 2622 269 2359 1324 379 2561 1962 214 557 2535 2677 2 2207 2791 1035 1413 165 1979 2663 510 1616 420 1646 2314 2203 1825 1570 1753 2037 767 933 148 2169 20 1537 1443 1462 851 1205 1557 1061 1007 2573 1821 690 1603 104 334 1605 1602 924 5 1198 1340 2653 1922 1125 1014 244
000899.jpg,63 2113 1019 1213 2066 2178 1389 1161 304 1333 1228 658 545 1513 1394 2022 1300 614 2579 1693 727 1847 2759 572 2784 1230 2277 1087 949 1785 2546 2504 1683 328 2242 310 1353 2737 589 898 240 2656 2000 251 1115 1558 2644 596 395 1883 1685 364 581 789 2238 1801 374 529 1898 1175 1207 761 803 2381 483 1343 766 95 436 2149 1773 1451 1427 1786 2317 714 2072 1361 1971 1951 149 2114 2571 962 1798 1093 485 1306 2409 1631 1137 1743 2040 215 132 1559 2827 1178 1727 16
000900.jpg,1145 2098 2775 612 141 2747 1415 1510 666 1163 599 1023 72 208 156 177 2009 99 1717 2587 2679 460 2055 2636 164 1047 174 2829 981 595 2750 2122 2452 1903 1976 1085 2537 1321 2218 1933 2655 401 2446 2201 453 816 2163 1808 1872 755 731 172 935 461 760 2722 1160 1305 897 836 1436 1504 2071 1638 2096 2274 1790 2577 2469 1098 2126 1688 2342 2355 1784 222 477 850 823 1806 2642 694 1628 1736 2432 2645 1155 2156 2512 2515 2074 1621 1599 399 2450 1241 345 1089 2530 320
000901.jpg,192 2025 2669 61 207 31 2173 225 52 2396 1787 455 209 1262 2765 1275 1929 295 580 2715 326 418 1706 464 159 2806 1039 2053 2059 1024 2301 390 2280 268 356 1124 245 346 139 1635 999 296 290 2236 331 653 1378 1967 2407 1506 2232 2070 2794 1481 726 53 1730 1274 1022 1715 1875 430 408 1475 838 467 654 1568 1050 478 2531 314 1141 1662 655 495 389 1282 1140 239 484 1008 131 1127 49 1503 2565 452 1648 2091 1037 1822 363 1780 2406 2017 525 1143 1692 2467
000902.jpg,1710 2515 489 2084 900 1190 674 559 1701 2424 1983 2707 675 1486 2133 59 2011 1437 2419 1752 906 1627 1545 169 1307 817 1208 2837 1878 260 645 463 1468 1319 1489 2817 2046 4 1381 2652 626 712 606 1737 1417 611 1544 2241 2270 2648 1405 2544 2439 445 1123 613 2082 2826 1414 992 2389 2312 1617 562 1253 2367 1045 1623 1328 1782 134 1586 947 1663 547 1046 1788 1054 585 188 1552 2574 769 2076 1763 2001 635 2646 259 978 1658 1146 1848 221 2050 2477 2676 2343 1092 2840
000903.jpg,1946 2711 1271 1970 1419 2394 778 151 517 975 1142 1854 2519 7 855 382 2147 908 392 2793 1331 2660 1031 1020 1454 105 519 253 301 1614 320 1002 916 1778 94 937 567 227 869 1105 1495 2065 2087 1424 2331 355 2341 1625 2792 1966 1676 1906 2006 1546 1174 1581 2723 1155 1516 2361 1442 1404 1100 2005 881 114 678 2310 1368 800 2716 1913 1770 2697 1211 1455 538 1287 717 2243 1936 813 774 2560 2042 765 632 1239 2251 2417 1094 1634 1573 2613 2658 1879 2492 2551 1585 1850
000904.jpg,1834 18 1842 2077 70 2777 1125 2015 1753 1759 1252 2478 601 2663 2757 951 2772 2818 2561 2 2622 1557 315 2510 1035 431 1390 1186 2302 1391 1165 2314 2624 1767 1443 578 1839 688 1166 2323 522 646 1928 2667 2685 1114 2409 767 2320 126 990 1413 1833 931 2315 1938 2686 426 684 1323 250 2276 889 768 714 24 2143 529 1235 1980 1845 1427 962 1590 2644 898 277 895 739 1798 1821 1597 792 1747 93 2702 191 2388 485 1149 502 1306 251 2471 2601 1394 2759 395 2671 293
000905.jpg,1752 2389 312 1624 2411 1146 1545 2832 2817 221 1102 943 2501 1644 1934 817 2528 2790 4 1316 2011 59 1656 1405 611 547 188 2270 1386 2082 712 2241 1407 1319 635 518 1636 2836 1381 735 2367 556 1422 445 1926 155 1649 440 1782 1658 1552 2300 987 2044 2556 613 1983 2439 1045 1486 2837 645 260 1496 2050 900 2433 1369 2840 2454 559 1586 2069 1993 2272 1544 2538 1617 1328 2130 169 2375 826 134 950 947 1202 925 1796 2826 1663 2419 992 626 85 1054 1190 463 1208 497
000906.jpg,2272 2815 1948 1416 1051 1096 1496 1316 2721 1860 1381 201 1965 2556 1586 1658 497 64 2628 2309 1569 1782 1218 48 2352 562 51 1362 1636 305 2713 2241 155 2545 1796 715 1897 2433 2836 2034 1544 1453 439 194 1649 747 1757 1054 1640 1261 100 2650 2376 1840 2439 1490 1617 231 2046 1045 1901 168 2135 1623 1422 137 440 1993 2387 2755 169 2011 645 260 1606 204 712 2121 2837 1679 2130 2686 1663 202 882 947 1212 1328 123 2350 116 2735 1944 1029 1444 563 992 1584 319 750
000907.jpg,1672 2437 44 1836 1447 1749 16 1914 576 2700 2202 1483 1990 1469 1773 95 2745 1103 596 1795 2190 88 2441 1513 1304 1224 1847 1713 1300 1476 1178 983 2317 2547 614 824 1353 2129 1693 376 1996 1161 310 60 2827 2000 132 683 1116 1856 1714 832 291 1743 47 63 2111 483 789 2016 1727 1176 2785 1685 1838 1535 1999 1593 954 2180 1883 949 2737 1106 1394 761 2555 695 2112 1091 328 1785 2523 1137 2784 1760 940 2540 2374 1019 1004 465 2579 2422 1631 646 2141 1346 182 240
000908.jpg,2389 1545 59 4 2367 1319 1752 1146 611 2011 1407 1181 547 626 826 950 1202 2270 1737 188 2817 996 817 2530 1386 2692 613 2433 1942 645 2148 271 2082 2300 1624 1993 2515 345 1056 943 900 2213 2312 1253 977 2411 445 1552 1491 1799 712 2069 795 2440 1584 1486 1029 1405 1414 2675 260 2840 221 1408 1983 2088 2130 155 2837 489 2343 2528 2650 2205 2477 2676 675 709 556 169 2200 134 1892 1255 2631 1788 2208 1878 987 2419 2652 932 463 1422 283 1677 312 1617 41 2556
000909.jpg,712 1328 900 1663 1054 1381 1658 1782 2011 2241 947 1045 445 1486 1623 2050 2836 260 169 1444 2130 1422 1649 645 2837 2767 1710 925 1679 2707 2826 1544 1369 2840 1552 1489 1437 1617 463 559 2439 51 2454 1307 1208 1796 134 563 735 2133 674 1993 179 1417 155 440 1640 348 305 2419 2652 562 188 2545 2649 2515 1029 611 2076 2034 1627 1701 1569 1983 2501 1218 1934 1046 2433 817 2424 2352 2721 2411 1878 1405 489 2084 2574 59 2714 2769 168 978 992 2817 715 1319 2082 1545
000910.jpg,1588 536 121 193 1430 1553 1132 289 1699 2078 988 142 1431 1492 1890 554 429 21 555 1033 1562 176 866 1888 569 1886 302 2668 36 432 2384 199 361 332 802 2743 1053 417 868 1793 733 2117 1686 1398 78 62 2520 1266 901 1256 893 1393 933 597 2640 427 1038 1268 2451 1249 292 2029 681 878 979 2227 2090 640 1952 2795 1236 2808 1910 1418 2423 964 340 932 680 2217 2083 1374 828 1272 2828 886 2333 2267 2629 2031 672 13 2380 377 2210 1429 2786 2578 865 743
000911.jpg,2765 478 1262 455 2396 1662 1787 1024 31 2025 363 1568 326 580 331 209 1140 1274 2232 2806 999 52 346 1715 1378 296 2236 1143 786 2465 2505 295 1967 390 192 2301 356 1141 1506 2053 159 655 2669 108 1008 2070 2017 1730 2429 1282 2794 726 1929 838 61 1503 1039 1127 225 200 1475 2821 1022 2173 1317 471 408 467 314 1921 1635 2565 758 1438 207 653 484 1465 1273 2407 2698 1822 464 1124 2244 1118 936 2531 1706 430 2059 139 1780 1275 780 1472 49 402 216 1050
000912.jpg,2092 1684 234 2139 1520 837 1129 1366 1122 1159 1816 879 1982 2727 1925 264 1619 2138 2844 2298 1291 1807 557 2484 267 2385 372 2635 1295 2524 2266 1815 2529 273 1238 969 2833 1373 2063 1 1863 913 1698 2616 1446 1009 1360 891 1294 665 1814 403 2215 1572 991 2339 414 1060 1514 2371 807 1025 226 2481 1735 1059 2104 454 1571 1440 2662 1112 352 143 1480 750 888 2460 349 262 2185 641 669 2455 2797 2223 342 46 1630 258 1242 2677 2731 1660 2771 2541 2584 90 386 428
000913.jpg,429 1562 142 176 554 802 340 427 2668 1431 733 2415 2333 1890 2786 36 1888 1038 21 868 2629 199 1430 417 555 289 979 2108 2227 332 1553 2421 1754 292 2078 121 2117 2428 2539 2029 2671 866 2267 2217 432 1492 865 743 2380 2743 78 2031 1418 2090 302 2578 878 500 2798 640 2520 1686 1070 2384 569 964 1429 2423 2640 2451 681 597 2795 1910 2120 1793 1065 2828 839 1236 1329 933 988 1521 1668 1266 2568 1499 2335 886 361 1588 571 1374 1049 62 2083 828 193 1033
000914.jpg,802 868 554 142 176 555 1431 1890 878 429 417 1492 21 2743 2029 302 36 1888 361 78 289 1562 886 1686 292 62 1418 2668 2227 733 1398 597 432 979 866 427 1053 2078 1256 2451 893 1588 332 2786 199 1065 2217 2384 1033 681 1132 1430 2333 2423 1393 2421 2117 640 2108 2415 340 1038 1553 743 571 2520 1699 2640 933 2267 680 2629 2578 964 1236 193 2539 500 988 2380 1754 2428 672 2828 536 13 2671 2798 1374 1266 121 1429 2795 828 1668 377 2602 2568 2570 2120
000915.jpg,2567 924 2841 2751 1171 2216 22 1214 1487 2109 1471 2079 1703 1019 2726 1632 1763 1315 2502 894 335 1288 577 1217 1336 2160 1363 223 1661 991 2162 2153 2401 2094 1295 1365 1605 419 2705 2820 1078 1744 189 2816 96 2591 1702 63 2666 2554 147 1161 1032 106 1677 149 127 2230 214 2572 2263 1771 1258 117 1525 2128 2595 1090 1513 2635 2351 1685 2678 2612 1939 2573 1892 2468 1013 1355 2571 1530 2178 888 1277 2152 1847 333 1807 5 20 1371 1139 846 167 2222 2643 2037 2113 2043
000916.jpg,340 1038 1266 865 979 2421 332 2640 176 1910 2629 121 2808 1431 2795 2520 964 429 2227 289 2786 733 554 2578 2671 866 1754 1952 2798 78 2120 1553 1430 536 2428 302 1668 1049 988 839 828 1374 1041 21 2117 358 569 323 2570 2032 2047 2031 432 2539 1429 640 1329 893 1588 36 2602 2090 292 56 2210 1888 199 1070 1249 2083 2384 1399 2839 2335 932 2333 1272 1398 933 142 868 2038 193 370 2828 802 13 2668 1521 2380 2078 1562 2451 377 743 427 361 878 698 2743
000917.jpg,620 956 181 1882 732 285 1702 1083 2263 2643 2623 546 2678 2468 6 1726 2194 510 2494 1318 636 1536 2203 150 1502 1221 1227 2521 2823 2179 1260 1738 2503 1400 669 1541 2261 690 1080 1084 1797 1603 582 2572 2807 820 759 1183 2278 1205 2043 1488 2197 644 650 1763 2348 1696 23 1866 661 1458 2841 1570 2810 2141 1802 829 2666 1525 2171 1280 1184 2761 104 2030 476 275 1198 2740 1687 2386 1880 1487 2791 300 1744 2726 1371 327 398 1059 154 1139 423 148 594 1697 724 2442
000918.jpg,2185 386 1694 2529 1440 1129 2616 143 30 810 718 1514 2584 2271 787 638 1863 1411 1445 1684 991 1446 1122 1884 1939 879 2517 1294 2468 298 2118 2481 1807 2139 980 1295 888 1373 557 1925 1610 267 1698 697 1267 375 71 665 1291 1238 2833 2844 1982 2298 2726 299 2677 1549 448 1324 2268 1744 1285 5 1630 1570 1814 147 2567 1167 2167 958 669 46 2801 2635 1297 262 2460 2223 2791 459 2222 641 842 264 1366 807 2595 2128 20 1360 1270 2662 306 1520 1811 687 2727 1112
000919.jpg,2011 712 1993 260 2840 1617 1328 2241 900 645 169 1544 2439 445 1381 1658 1486 2826 1045 1422 2837 1878 134 1552 463 51 1782 563 1623 2050 2707 489 1054 550 1752 305 562 947 197 1369 1190 674 925 2544 155 1649 1444 2817 943 1640 2454 259 613 987 826 221 1218 559 2515 2419 188 4 2084 611 2836 556 1679 2133 1319 1545 1663 201 1796 2312 439 547 1437 2649 1208 1405 2650 85 2389 1386 606 1146 1307 817 1983 2433 977 992 2652 2676 2046 1102 1414 2375 2270 635
000920.jpg,1752 4 2389 1146 1545 2832 613 312 2082 2270 1319 59 2817 611 188 2069 1624 1386 1102 2367 221 547 987 1737 283 1405 817 556 2411 900 635 826 943 1486 2790 1934 1656 2501 559 1983 2477 626 266 2419 2528 2652 1208 1644 2300 1414 2544 1878 489 1437 260 950 977 1202 1926 2084 2133 2148 674 2358 2044 2424 85 2312 2397 134 1552 2011 259 1092 606 1407 1428 1046 1627 712 2515 2200 2826 2676 1316 1710 2574 978 1468 1307 1453 1422 2626 2241 1181 1381 1190 2433 2439 524
000921.jpg,2600 1705 2085 942 1681 487 1331 1695 2664 1739 1000 2458 1614 1673 1853 54 1287 1495 791 1565 542 360 1893 2369 1031 1002 50 966 2259 1384 2543 710 2803 1508 660 2782 355 2796 908 2257 1770 1017 2660 2262 243 1105 1370 984 1676 1978 2618 1518 1742 2093 1290 1479 1396 2596 2696 2140 2282 2341 2559 337 813 607 320 151 21 852 1554 1920 1271 2147 631 1906 2460 1301 114 519 381 1909 1211 2264 2519 186 809 2711 1419 2006 855 1240 392 2364 1005 1119 2420 2363 781 361
000922.jpg,165 2135 137 2558 2728 1056 1944 2813 2741 1606 2766 1223 1463 899 1212 1055 2207 1130 2842 2382 948 146 447 1874 725 1547 2825 2683 1076 2248 1937 1935 692 722 2435 116 2580 1126 2708 2736 2511 2294 2506 2393 204 2292 2057 494 2319 1185 329 1134 1899 647 2286 1825 1464 1940 2569 804 79 2665 2639 2041 1841 442 677 1986 2438 1777 686 491 1452 657 1639 1592 2305 1067 1868 682 246 2291 2719 140 574 2068 97 362 482 1677 2445 2440 1942 1771 2037 1408 2598 790 271 2258
000923.jpg,1083 1702 181 2643 620 732 582 636 2807 6 759 2278 546 1318 1536 762 2386 2194 285 1797 1221 2761 1260 807 2141 1315 42 2678 2116 922 1768 2263 2048 2261 661 1093 1697 2111 2374 2522 1898 669 1227 894 2476 2442 1013 1365 1726 2168 1502 592 1763 148 1336 644 2468 1251 2425 1525 2079 1603 2705 1632 1696 594 2160 647 2666 2554 2562 2831 2612 1364 1979 2720 1064 2153 844 1198 2171 650 171 270 861 1541 1108 2043 2203 1960 1183 1188 419 2810 2401 2591 510 104 2823 1880
000924.jpg,1576 210 704 1859 1792 2229 1716 57 793 1861 2461 2155 1348 1276 1580 516 421 2418 1930 1377 884 2581 280 1292 170 1392 499 2125 82 2703 438 1072 570 1034 1551 1665 2330 77 2327 242 2659 158 2234 2456 2198 2260 1030 1690 294 1575 1358 2206 1028 1193 934 1336 1538 632 746 1194 1838 1522 1758 1609 287 689 2174 1345 2838 185 2332 465 493 885 2360 470 228 857 895 1169 1013 2820 2321 130 2211 2004 1877 1724 2648 147 422 204 1197 1847 2296 2039 2662 2159 2672 2699
000925.jpg,1786 1257 1971 1559 1106 926 1451 1361 2129 1357 1353 1224 2000 1773 1818 1996 1693 564 2441 132 341 2381 2700 581 1091 1900 803 374 737 310 2190 230 1176 824 2437 1672 789 2656 695 2827 39 364 777 2149 1593 989 1683 215 1713 2540 832 436 328 1230 1714 1743 617 1990 1137 2040 1513 1836 646 2114 983 2542 1561 1116 251 1178 2745 1883 1300 2409 2504 2281 1334 766 483 1161 1476 2016 63 2759 2579 727 2202 954 1180 95 576 1685 2238 395 376 529 596 407 2644 1346
000926.jpg,574 2057 2809 494 1473 1692 1876 1721 2435 2291 682 1223 686 1874 2716 146 2625 274 2708 2438 444 994 721 523 1892 2500 2719 2552 2294 598 608 2037 1899 1555 2119 1961 1677 864 1018 2181 1771 313 447 2402 2499 633 1944 482 12 2507 2657 2683 2813 354 1187 2580 1972 2598 1339 2728 526 587 2406 2569 1055 1998 1010 2248 999 2814 152 997 1774 1904 804 726 1293 2526 2382 1141 1598 2440 27 491 2436 1912 329 120 1741 968 1918 2622 1097 458 1165 2742 508 1725 2639 1942
000927.jpg,2682 1579 639 1578 2252 1583 887 841 1179 1063 2647 945 2778 952 998 1354 9 919 1769 1920 1977 1531 2491 930 2328 118 1791 1651 1770 1470 1667 567 819 916 492 2792 748 2042 2459 1154 515 2723 227 928 1368 778 114 517 1585 2488 2575 382 1367 2729 2026 2711 1851 1854 1657 579 2349 982 2065 1970 2379 566 2097 1211 512 763 2225 2081 1209 1239 311 808 875 2310 1042 25 1528 1210 2550 923 1507 381 1625 513 2103 2304 809 1819 975 1187 2604 2067 7 107 1299 1168
000928.jpg,1863 223 1803 1811 2444 961 1509 1540 1516 2635 2338 1615 2340 2460 1652 1618 2138 1698 2208 41 1862 2835 912 2363 879 349 1112 1925 2212 2517 1571 2063 1619 1327 267 1267 551 1479 1060 2740 195 1264 472 2548 1238 2801 2783 157 557 1994 2771 1215 2473 2223 2616 892 1291 46 2709 1409 186 17 2168 1079 2581 1242 2372 127 1 2215 1630 2466 391 2543 2776 1129 2781 888 1069 642 2253 1059 709 1373 2246 2468 1794 2219 1421 2648 352 600 1095 2392 2187 573 1966 1324 2273 2158
